-- phpMyAdmin SQL Dump
-- version 4.8.4
-- https://www.phpmyadmin.net/
--
-- Host: 127.0.0.1:3306
-- Generation Time: Sep 12, 2019 at 05:25 AM
-- Server version: 5.7.24
-- PHP Version: 7.2.14

SET SQL_MODE = "NO_AUTO_VALUE_ON_ZERO";
SET AUTOCOMMIT = 0;
START TRANSACTION;
SET time_zone = "+00:00";


/*!40101 SET @OLD_CHARACTER_SET_CLIENT=@@CHARACTER_SET_CLIENT */;
/*!40101 SET @OLD_CHARACTER_SET_RESULTS=@@CHARACTER_SET_RESULTS */;
/*!40101 SET @OLD_COLLATION_CONNECTION=@@COLLATION_CONNECTION */;
/*!40101 SET NAMES utf8mb4 */;

--
-- Database: `westcen`
--

-- --------------------------------------------------------

--
-- Table structure for table `cipla`
--

DROP TABLE IF EXISTS `cipla`;
CREATE TABLE IF NOT EXISTS `cipla` (
  `cID` varchar(20) NOT NULL,
  `custName` varchar(50) NOT NULL,
  `town` varchar(20) NOT NULL,
  PRIMARY KEY (`cID`),
  UNIQUE KEY `hID` (`cID`)
) ENGINE=InnoDB DEFAULT CHARSET=latin1;

--
-- Dumping data for table `cipla`
--

INSERT INTO `cipla` (`cID`, `custName`, `town`) VALUES
('', '', ''),
('CD0002', 'Abeysinghe Dr.', 'Bopitiya'),
('CD0006', 'Amila Pharmacy', 'Ja-Ela'),
('CD0012', 'Asiri Pharmacy', 'Ja-Ela'),
('CD0013', 'Asiri Pharmacy', 'Raddolugama'),
('CD0016', 'Ave Maria Pharmacy', 'Negombo'),
('CD0018', 'Better Health Pharmacy', 'Negombo'),
('CD0020', 'Cash Customer - Colombo D', 'Negombo'),
('CD0023', 'City Medical', 'Negombo'),
('CD0024', 'City Pharmacy', 'Ja-Ela'),
('CD0025', 'City Pharmacy', 'Ragama'),
('CD0032', 'Digasiri Pharmacy', 'Ja-Ela'),
('CD0035', 'Ekala Pharmacy', 'Ja-Ela'),
('CD0036', 'Enderamulla Asiri Pharmacy', 'Wattala'),
('CD0040', 'Fernando Lakshman Dr.', 'Wattala'),
('CD0044', 'Gimshani Pharmacy', 'Kandana'),
('CD0045', 'Gold Crest Pharmacy', 'Seeduwa'),
('CD0046', 'Gunaratne Neville Dr.', 'Ja-Ela'),
('CD0052', 'Health  Glow Pharmacy', 'Wattala'),
('CD0053', 'Health Care Medicla', 'Negombo'),
('CD0055', 'Healthline Pharmacy', 'Kandana'),
('CD0057', 'Hendala Pharmacy', 'Wattala'),
('CD0062', 'Isuri Pharmacy', 'Wattala'),
('CD0063', 'J  J Pharmacy', 'Negombo'),
('CD0065', 'Javahir Dr.', 'Wattala'),
('CD0071', 'Kalidson Pharmacy', 'Negombo'),
('CD0072', 'Kandana Food  Drugs', 'Kandana'),
('CD0073', 'Kapuwatha Pharmacy', 'Ja-Ela'),
('CD0078', 'Krishmo Pharmacy', 'Wattala'),
('CD0080', 'Lanka Pharmacy', 'Negombo'),
('CD0081', 'Laxsri Pharmacy', 'Katunayake'),
('CD0083', 'Leesons Pharmacy', 'Ragama'),
('CD0087', 'M.P.C.S. (Osu Sala)', 'Negombo'),
('CD0088', 'Mahajana Osu Sala', 'Negombo'),
('CD0099', 'Milan Pharmacy', 'Wattala'),
('CD0104', 'Nawa Osusala', 'Ja-Ela'),
('CD0105', 'Negombo Food  Drugs', 'Negombo'),
('CD0107', 'New Central Pharmacy', 'Negombo'),
('CD0111', 'New Pharmacy', 'Wattala'),
('CD0121', 'Nishantha Herath Dr.', 'Kandana'),
('CD0123', 'Niwasi Pharmacy', 'Ja-Ela'),
('CD0124', 'Orient Pharmacy', 'Averiwatta'),
('CD0125', 'Orient Pharmacy', 'Kandana'),
('CD0126', 'Osu Sala', 'Kandana'),
('CD0128', 'Osu Sala Wattala', 'Wattala'),
('CD0130', 'Pamunugama Pharmacy', 'Bopitiya'),
('CD0132', 'Peoples Pharmacy', 'Raddolugama'),
('CD0133', 'Peoples Pharmacy  Grocery', 'Wattala'),
('CD0136', 'Pharma Chemi', 'Wattala'),
('CD0138', 'P.J. ENTERPRISES (PVT) Ltd.', 'Ja-Ela'),
('CD0140', 'Raddolugama Pharmacy', 'Raddolugama'),
('CD0141', 'Ragama Pharmacy', 'Ragama'),
('CD0145', 'Reliable Pharmacy', 'Ragama'),
('CD0146', 'Rio Pharmacy', 'Hendala'),
('CD0147', 'Robert Medical', 'Negombo'),
('CD0149', 'Roswila Pharmacy', 'Wattala'),
('CD0151', 'S  G Medicals', 'Negombo'),
('CD0154', 'Sampath Pharmacy', 'Ragama'),
('CD0155', 'Sarana Osusala', 'Badalgama'),
('CD0158', 'Sathya Pharmacy', 'Wattala'),
('CD0160', 'Seeduwa Medicals', 'Seeduwa'),
('CD0163', 'Sethma Pharmacy', 'Kandana'),
('CD0164', 'Shanthi Vidya Nivasa', 'Katana'),
('CD0167', 'Silveray Pharmacy', 'Negombo'),
('CD0168', 'Sriee Pharmacy', 'Negombo'),
('CD0173', 'St. Jude Pharmacy', 'Ja-Ela'),
('CD0174', 'St. Judes Pharmacy', 'Seeduwa'),
('CD0176', 'St. Marrys Pharmacy - KA', 'Katunayake'),
('CD0181', 'Super Medical', 'Negombo'),
('CD0182', 'Supreem Pharmacy', 'Negombo'),
('CD0183', 'Suranga Pharmacy', 'Katana'),
('CD0185', 'Suwasala Pharmacy', 'Wattala'),
('CD0189', 'Thalahena Pharmacy', 'Negombo'),
('CD0194', 'Unique Pharmacy', 'Negombo'),
('CD0205', 'Wijesinghe Laksman Dr.', 'Negombo'),
('CD0220', 'The Pharmacy', 'Negombo'),
('CD0228', 'Shanthi Pharmacy', 'Negombo'),
('CD0231', 'Mendis N. S. M. Dr.', 'Ragama'),
('CD0240', 'Hiru Pharmacy', 'Katana'),
('CD0242', 'K. S. A. Medical', 'Negombo'),
('CD0243', 'Suwa Setha Pharmacy', 'Badalgama'),
('CD0249', 'Roshini Pharmacy', 'Ja-Ela'),
('CD0250', 'New Pharmacy', 'Negombo'),
('CD0253', 'Chemi World', 'Enderamulla'),
('CD0254', 'Sahana Pharmacy', 'Ragama'),
('CD0256', 'X  Lab Pharmacy', 'Negombo'),
('CD0257', 'Nirodha Pharmacy', 'Badalgama'),
('CD0258', 'Rilaulla Pharmacy', 'Kandana'),
('CD0259', 'Crystal Pharmacy', 'Negombo'),
('CD0263', 'Dissanayaka N.M.Dr.', 'Wattala'),
('CD0264', 'Daya Fernando A.T.Dr.', 'Kandana'),
('CD0265', 'Anoma J.Wejesinghe dr.', 'Wattala'),
('CD0266', 'Mapitigama O.N.H.Dr.', 'Bopitiya'),
('CD0274', 'Nimali Tissera Dr.', 'Ragama'),
('CD0276', 'Manik De Mel Dr.', 'Ragama'),
('CD0284', 'D. M. D. Madawala Dr.', 'Wattala'),
('CD0285', 'Chinthaka Rathnayaka Dr.', 'Wattala'),
('CD0286', 'Jayakodi Super Market', 'Negombo'),
('CD0293', 'St. Joshep Pharmacy', 'Bopitiya'),
('CD0294', 'Bopitiya Pharmacy', 'Bopitiya'),
('CD0300', 'Senaka Herath Dr.', 'Wattala'),
('CD0306', 'Mohamed Ziyad M.S.Dr.', 'Negombo'),
('CD0316', 'KFD Distributors', 'Negombo'),
('CD0335', 'Calvary Medicals', 'Ja-Ela'),
('CD0336', 'Family Care Pharmacy  Groceries', 'Wattala'),
('CD0339', 'Lasantha Somaratne Dr.', 'Kandana'),
('CD0346', 'Laksi Pharmacy', 'Peliyagoda'),
('CD0348', 'Golden Chemist', 'Ragama'),
('CD0356', 'Rusal Pharmacy - (Aloka Dr.)', 'Katana'),
('CD0365', 'Seeduwa Osusala', 'Seeduwa'),
('CD0390', 'Lasith Pharmacy', 'Negombo'),
('CD0393', 'Kumar Senadeera Dr.', 'Negombo'),
('CD0396', 'Hansi Pharmacy', 'Ja-Ela'),
('CD0402', 'Pamunugama Osu Sala', 'Raddolugama'),
('CD0406', 'Browns Healthcare (Pvt) Ltd', 'Ragama'),
('CD0408', 'International Institute of Health of Science', 'Mahabage'),
('CD0410', 'Sey Medi Pharmacy', 'Ragama'),
('CD0412', 'New Kalani Pharmacy', 'Ja-Ela'),
('CD0422', 'Sujeewa Rodrigo Dr.', 'Ragama'),
('CD0426', 'Jayasri Pharmacy', 'Ragama'),
('CD0441', 'Isura Pharmacy', 'Ragama'),
('CD0444', 'Chandana Rajakaruna Dr.', 'Wattala'),
('CD0446', 'The Pharmacy APY (Pvt) Ltd', 'Ja-Ela'),
('CD0447', 'N.S. Medical', 'Seeduwa'),
('CD0449', 'Rashanthi Wijethunga Dr.', 'Raddolugama'),
('CD0450', 'Royal Pharmacy', 'Negombo'),
('CD0452', 'Welikala G. A. J. Dr.', 'Raddolugama'),
('CD0455', 'Suwasala Pharmacy', 'Negombo'),
('CD0460', 'Darshana Pharmacy', 'Ja-Ela'),
('CD0467', 'Laksiri Lokuliayana Dr.', 'Ja-Ela'),
('CD0468', 'Kandawala Pharmacy', 'Katana'),
('CD0469', 'Asiri Pharmacy  Grocery', 'Negombo'),
('CD0470', 'Best Way Pharmacy', 'Negombo'),
('CD0474', 'Pradipa Osusala  Grocery', 'Negombo'),
('CD0476', 'Dagonna Pharmacy  Mini Mart', 'Negombo'),
('CD0480', 'Thilana Pharmacy', 'Ja-Ela'),
('CD0481', 'Reliance Pharmacy', 'Negombo'),
('CD0486', 'Royal Pharmacy Lanka (Pvt) Ltd.', 'Negombo'),
('CD0487', 'Healthcare Pharmacy  Family Needs', 'Raddolugama'),
('CD0490', 'Moon Pharmacy', 'Negombo'),
('CD0494', 'Sudesh Pharmacy  Grocery', 'Wattala'),
('CD0496', 'Alliance Pharmacy', 'Ragama'),
('CD0497', 'Nimal Sovis Dr.', 'Ja-Ela'),
('CD0498', 'Isura Pharmacy  Grocery', 'Katana'),
('CD0499', 'Shris Lanka Pharmacy', 'Seeduwa'),
('CD0500', 'Dinura Pharmacy', 'Ragama'),
('CD0501', 'Jasmin Pharmacy  Grocery', 'Kandana'),
('CD0507', 'Sujith Pulukkuttiarachchui Dr.', 'Kandana'),
('CD0508', 'St. Joseph Pharmacy  Grocery', 'Ja-Ela'),
('CD0510', 'Sri Lak Pharmacy', 'Seeduwa'),
('CD0521', 'Keerthi Rathnayake Dr.', 'Katana'),
('CD0525', 'Health  Glow Pharmacy - 2', 'Wattala'),
('CD0528', 'Orient Pharmacy', 'Negombo'),
('CD0529', 'Darshana Mohotti Dr.', 'Kandana'),
('CD0538', 'Ranmina Osusala', 'Negombo'),
('CD0539', 'Thenuka Pharmacy', 'Negombo'),
('CD0541', 'Mabola Osusala', 'Wattala'),
('CD0547', 'New St. Joseph Pharmacy', 'Seeduwa'),
('CD0548', 'Sanath Galgamuwa Dr.', 'Negombo'),
('CD0549', 'Lakshan Chemist', 'Wattala'),
('CD0551', 'Lalith B. Halabarachchi Dr.', 'Elakanda'),
('CD0552', 'Wasantha Hearath Dr.', 'Ja-Ela'),
('CD0554', 'Janan R.M.Dr.', 'Wattala'),
('CD0555', 'Imedra Medicals(Pvt)Ltd', 'Ragama'),
('CD0561', 'Union Pharmacy', 'Negombo'),
('CD0568', 'Healing Pharmacy', 'Negombo'),
('COLD12316', 'Lakshman Fernando Dr.', 'Hunupitiya'),
('COLD13639', 'Suneth Wijewardana Dr.', 'Badalgama'),
('COLD13646', 'Nishaka perera Dr.', 'Ragama'),
('COLD13684', 'Lorita warnakulasuriya Dr.', 'Negombo'),
('COLD13750', 'Poojani Illangasinghe Dr.', 'Wattala'),
('COLD13777', 'Royal Pharmacy - Kanda', 'Kandana'),
('COLD13779', 'Prasanna Fernando Dr.', 'Ja-Ela'),
('COLD13809', 'Lakshi Pharmacy', 'Negombo'),
('COLD13901', 'Siyapatha Pharmacy', 'Ragama'),
('COLD13910', 'Sunimal Jayakody Dr.', 'Negombo'),
('COLD13951', 'Dammika Pathirana Dr.', 'Ragama'),
('COLD13957', 'Negombo Drugs', 'Negombo'),
('COLD13972', 'Upul Karunarathne Dr.', 'Katana'),
('COLD14005', 'Anuja Fernando Dr.', 'Seeduwa'),
('COLD14032', 'Himali Gunasena (Mrs).Dr.', 'Ragama'),
('COLD14123', 'Rathnayake R.C.Dr.', 'Badalgama'),
('COLD14133', 'Perera H.N.T.Dr.', 'Ja-Ela'),
('COLD14155', 'Glorious Medicare', 'Kandana'),
('COLD14165', 'Daniel U.P.Dr.', 'Wattala'),
('COLD14166', 'Thudella Pharmacy', 'Ja-Ela'),
('COLD14180', 'Soft Life Pharmacy', 'Seeduwa'),
('COLD14189', 'Thiline Rupasinghe (Mrs)Dr.', 'Ja-Ela'),
('COLD14197', 'Arogya Pharmacy and Grocery', 'Ja-Ela'),
('COLD14267', 'Iranthi Adikarama Dr.', 'Badalgama'),
('COLD14348', 'Ashoka Pharmacy', 'Negombo'),
('COLD14443', 'Sanjaya Wimalarathna Dr.', 'Wattala'),
('COLD14499', 'Jayalath A.Dr.', 'Wattala'),
('COLD14541', 'Sreetharan Dr.', 'Wattala'),
('COLD14555', 'Nawa Lanka Pharmacy', 'Negombo'),
('COLD14561', 'Nimali Karannagoda(Mrs).Dr.', 'Pamunugama'),
('COLD14591', 'V.M. Pharmacy', 'Katana'),
('COLD14611', 'Sasithma Pharmacy & Grocery', 'Ja-Ela'),
('COLD14764', 'Sisira Vidanagamage Dr.', 'Seeduwa'),
('COLD14793', 'Peoples Pharmacy-Magabage', 'Mahabage'),
('COLD14861', 'Jayanath A.A.K.Dr.', 'Katana'),
('COLD14893', 'Fernando K.A.N.J.Dr.', 'Ja-Ela'),
('COLD14921', 'Asanka De Silva Dr.', 'Ragama'),
('COLD15046', 'Lakmi Pharmacy & Grocery', 'Negombo'),
('COLD15059', 'Jayamaha Distributors', 'Pamunugama'),
('COLD15133', 'Well Care Pharmacy', 'Katana');

-- --------------------------------------------------------

--
-- Table structure for table `ciplaoutupload`
--

DROP TABLE IF EXISTS `ciplaoutupload`;
CREATE TABLE IF NOT EXISTS `ciplaoutupload` (
  `cID` varchar(20) NOT NULL,
  `cCustName` varchar(50) NOT NULL,
  `cTown` varchar(20) NOT NULL,
  `inv` varchar(20) NOT NULL,
  `date` date DEFAULT NULL,
  `age` int(11) DEFAULT NULL,
  `amount` float DEFAULT NULL,
  `balAmount` float DEFAULT NULL,
  PRIMARY KEY (`inv`),
  KEY `hID` (`cID`)
) ENGINE=InnoDB DEFAULT CHARSET=latin1;

--
-- Dumping data for table `ciplaoutupload`
--

INSERT INTO `ciplaoutupload` (`cID`, `cCustName`, `cTown`, `inv`, `date`, `age`, `amount`, `balAmount`) VALUES
('', '', '', '', NULL, 0, 0, 24),
('COLD13639', 'Suneth Wijewardana Dr.', 'Badalgama', 'CSO180100894', '2018-02-01', 578, 20400, 20400),
('CD0410', 'Sey Medi Pharmacy', 'Ragama', 'CSO180102254', '2018-04-23', 497, 6728, 6728),
('CD0521', 'Keerthi Rathnayake Dr.', 'Katana', 'CSO180102412', '2018-04-28', 492, 13500, 13500),
('CD0020', 'Cash Customer - Colombo D', 'Negombo', 'CSO180103040', '2018-06-08', 451, 3473, 3473),
('CD0220', 'The Pharmacy', 'Negombo', 'CSO180103234', '2018-06-19', 440, 8657, 8657),
('CD0020', 'Cash Customer - Colombo D', 'Negombo', 'CSO180103500', '2018-07-06', 423, 3600, 3600),
('CD0020', 'Cash Customer - Colombo D', 'Negombo', 'CSO180103570', '2018-07-10', 419, 19383, 996),
('COLD13809', 'Lakshi Pharmacy', 'Negombo', 'CSO180103735', '2018-07-18', 411, 10986, 1921),
('CD0020', 'Cash Customer - Colombo D', 'Negombo', 'CSO180103737', '2018-07-18', 411, 6074, 854),
('CD0393', 'Kumar Senadeera Dr.', 'Negombo', 'CSO180104004', '2018-08-15', 383, 36600, 16600),
('CD0220', 'The Pharmacy', 'Negombo', 'CSO180104008', '2018-08-18', 380, 27018, 27018),
('CD0393', 'Kumar Senadeera Dr.', 'Negombo', 'CSO180104265', '2018-09-10', 357, 44080, 11950),
('CD0107', 'New Central Pharmacy', 'Negombo', 'CSO180104496', '2018-10-01', 336, 6259, 6259),
('CD0561', 'Union Pharmacy', 'Negombo', 'CSO180104713', '2018-10-23', 314, 18869.1, 18869.1),
('CD0521', 'Keerthi Rathnayake Dr.', 'Katana', 'CSO180104786', '2018-10-30', 307, 11600, 11600),
('COLD14555', 'Nawa Lanka Pharmacy', 'Negombo', 'CSO180105070', '2018-11-27', 279, 46460.6, 46460.6),
('CD0286', 'Jayakodi Super Market', 'Negombo', 'CSO180105154', '2018-12-03', 273, 5107, 3297),
('CD0155', 'Sarana Osusala', 'Badalgama', 'CSO180105160', '2018-12-03', 273, 5107, 5107),
('CD0182', 'Supreem Pharmacy', 'Negombo', 'CSO180105383', '2018-12-27', 249, 24954, 24954),
('COLD14555', 'Nawa Lanka Pharmacy', 'Negombo', 'CSO180105543', '2019-01-08', 237, 14397, 14397),
('CD0168', 'Sriee Pharmacy', 'Negombo', 'CSO180105558', '2019-01-08', 237, 23136, 23136),
('CD0174', 'St. Judes Pharmacy', 'Seeduwa', 'CSO180105748', '2019-01-18', 227, 3620, 3620),
('CD0020', 'Cash Customer - Colombo D', 'Negombo', 'CSO180105831', '2019-01-24', 221, 3366, 3366),
('CD0036', 'Enderamulla Asiri Pharmacy', 'Wattala', 'CSO180105871', '2019-01-28', 217, 2880, 2880),
('CD0447', 'N.S. Medical', 'Seeduwa', 'CSO180105937', '2019-01-30', 215, 4130, 4130),
('CD0339', 'Lasantha Somaratne Dr.', 'Kandana', 'CSO180106043', '2019-02-06', 208, 3575, 3575),
('CD0063', 'J  J Pharmacy', 'Negombo', 'CSO180106113', '2019-02-08', 206, 2043, 2043),
('COLD13809', 'Lakshi Pharmacy', 'Negombo', 'CSO180106129', '2019-02-11', 203, 2457, 2457),
('CD0422', 'Sujeewa Rodrigo Dr.', 'Ragama', 'CSO180106218', '2019-02-16', 198, 11210, 11210),
('COLD14166', 'Thudella Pharmacy', 'Ja-Ela', 'CSO180106288', '2019-02-21', 193, 2880, 2880),
('COLD14133', 'Perera H.N.T.Dr.', 'Ja-Ela', 'CSO180106430', '2019-03-01', 185, 5150, 5150),
('CD0348', 'Golden Chemist', 'Ragama', 'CSO180106550', '2019-03-07', 179, 13589, 4136),
('CD0158', 'Sathya Pharmacy', 'Wattala', 'CSO180106593', '2019-03-11', 175, 5049, 5049),
('CD0025', 'City Pharmacy', 'Ragama', 'CSO180106666', '2019-03-14', 172, 1128.8, 956.8),
('COLD13646', 'Nishaka perera Dr.', 'Ragama', 'CSO180106683', '2019-03-18', 168, 18211, 18211),
('CD0083', 'Leesons Pharmacy', 'Ragama', 'CSO180106763', '2019-03-22', 164, 131627, 11085),
('COLD14155', 'Glorious Medicare', 'Kandana', 'CSO180106858', '2019-03-28', 158, 9702.01, 9702.01),
('CD0052', 'Health  Glow Pharmacy', 'Wattala', 'CSO180106871', '2019-03-28', 158, 3285.01, 3285.01),
('CD0486', 'Royal Pharmacy Lanka (Pvt) Ltd.', 'Negombo', 'CSO180106911', '2019-04-01', 154, 111200, 111200),
('CD0455', 'Suwasala Pharmacy', 'Negombo', 'CSO180107050', '2019-04-09', 146, 10966, 906),
('CD0446', 'The Pharmacy APY (Pvt) Ltd', 'Ja-Ela', 'CSO180107071', '2019-04-09', 146, 18480.9, 18480.9),
('CD0063', 'J  J Pharmacy', 'Negombo', 'CSO180107129', '2019-04-23', 132, 3258, 3258),
('CD0087', 'M.P.C.S. (Osu Sala)', 'Negombo', 'CSO180107250', '2019-04-29', 126, 42857, 1890),
('CD0080', 'Lanka Pharmacy', 'Negombo', 'CSO180107255', '2019-04-29', 126, 4294, 4294),
('COLD13957', 'Negombo Drugs', 'Negombo', 'CSO180107260', '2019-04-29', 126, 3285.01, 3285.01),
('CD0474', 'Pradipa Osusala  Grocery', 'Negombo', 'CSO180107329', '2019-05-06', 119, 6947, 1132),
('CD0220', 'The Pharmacy', 'Negombo', 'CSO180107342', '2019-05-06', 119, 28100, 870),
('CD0549', 'Lakshan Chemist', 'Wattala', 'CSO180107382', '2019-05-07', 118, 5399, 400),
('CD0132', 'Peoples Pharmacy', 'Raddolugama', 'CSO180107403', '2019-05-08', 117, 7430, 1201),
('CD0494', 'Sudesh Pharmacy  Grocery', 'Wattala', 'CSO180107501', '2019-05-15', 110, 1848, 1848),
('CD0194', 'Unique Pharmacy', 'Negombo', 'CSO180107574', '2019-05-21', 104, 135516, 1201),
('CD0539', 'Thenuka Pharmacy', 'Negombo', 'CSO180107636', '2019-05-27', 98, 22381, 4464),
('CD0259', 'Crystal Pharmacy', 'Negombo', 'CSO180107675', '2019-05-31', 94, 9668, 9668),
('CD0250', 'New Pharmacy', 'Negombo', 'CSO180107680', '2019-05-28', 97, 11464, 11464),
('CD0500', 'Dinura Pharmacy', 'Ragama', 'CSO180107727', '2019-05-31', 94, 49035, 49035),
('CD0500', 'Dinura Pharmacy', 'Ragama', 'CSO180107728', '2019-05-31', 94, 3414.03, 3414.03),
('CD0194', 'Unique Pharmacy', 'Negombo', 'CSO180107773', '2019-06-03', 91, 57191, 1681),
('CD0194', 'Unique Pharmacy', 'Negombo', 'CSO180107775', '2019-06-03', 91, 1293, 1293),
('CD0476', 'Dagonna Pharmacy  Mini Mart', 'Negombo', 'CSO180107811', '2019-06-07', 87, 1273, 1273),
('CD0486', 'Royal Pharmacy Lanka (Pvt) Ltd.', 'Negombo', 'CSO180107813', '2019-06-18', 76, 1273, 1273),
('CD0500', 'Dinura Pharmacy', 'Ragama', 'CSO180107822', '2019-06-06', 88, 9490, 9490),
('CD0316', 'KFD Distributors', 'Negombo', 'CSO180107837', '2019-06-18', 76, 1273, 1273),
('CD0500', 'Dinura Pharmacy', 'Ragama', 'CSO180107940', '2019-06-14', 80, 7974, 7974),
('CD0455', 'Suwasala Pharmacy', 'Negombo', 'CSO180107941', '2019-06-14', 80, 27099, 1052),
('COLD13809', 'Lakshi Pharmacy', 'Negombo', 'CSO180107961', '2019-06-14', 80, 3054, 3054),
('CD0500', 'Dinura Pharmacy', 'Ragama', 'CSO180107969', '2019-06-14', 80, 11850, 11850),
('CD0316', 'KFD Distributors', 'Negombo', 'CSO180108030', '2019-06-17', 77, 160500, 160500),
('CD0220', 'The Pharmacy', 'Negombo', 'CSO180108033', '2019-06-17', 77, 9804, 2632),
('CD0141', 'Ragama Pharmacy', 'Ragama', 'CSO180108057', '2019-06-18', 76, 1273, 1273),
('CD0469', 'Asiri Pharmacy  Grocery', 'Negombo', 'CSO180108078', '2019-06-19', 75, 8735, 7791),
('CD0549', 'Lakshan Chemist', 'Wattala', 'CSO180108096', '2019-06-20', 74, 2564, 2564),
('CD0455', 'Suwasala Pharmacy', 'Negombo', 'CSO180108105', '2019-06-20', 74, 16050, 16050),
('COLD14348', 'Ashoka Pharmacy', 'Negombo', 'CSO180108170', '2019-06-24', 70, 15862, 15862),
('CD0107', 'New Central Pharmacy', 'Negombo', 'CSO180108176', '2019-06-24', 70, 7329, 7329),
('CD0249', 'Roshini Pharmacy', 'Ja-Ela', 'CSO180108206', '2019-06-26', 68, 2715, 2715),
('CD0128', 'Osu Sala Wattala', 'Wattala', 'CSO180108215', '2019-07-01', 63, 14385, 14385),
('CD0316', 'KFD Distributors', 'Negombo', 'CSO180108224', '2019-06-27', 67, 720310, 216210),
('CD0316', 'KFD Distributors', 'Negombo', 'CSO180108225', '2019-06-29', 65, 1373600, 1373600),
('CD0083', 'Leesons Pharmacy', 'Ragama', 'CSO180108238', '2019-06-28', 66, 2990, 2990),
('CD0356', 'Rusal Pharmacy - (Aloka Dr.)', 'Katana', 'CSO180108246', '2019-06-29', 65, 4938, 4938),
('CD0194', 'Unique Pharmacy', 'Negombo', 'CSO180108252', '2019-06-28', 66, 12930, 12930),
('CD0194', 'Unique Pharmacy', 'Negombo', 'CSO180108262', '2019-06-29', 65, 42650, 42650),
('CD0107', 'New Central Pharmacy', 'Negombo', 'CSO180108269', '2019-06-29', 65, 17060, 17060),
('CD0402', 'Pamunugama Osu Sala', 'Raddolugama', 'CSO180108273', '2019-06-29', 65, 12795, 12795),
('CD0124', 'Orient Pharmacy', 'Averiwatta', 'CSO180108276', '2019-07-01', 63, 6824, 2559),
('CD0316', 'KFD Distributors', 'Negombo', 'CSO180108287', '2019-06-29', 65, 727790, 727790),
('CD0107', 'New Central Pharmacy', 'Negombo', 'CSO180108290', '2019-07-01', 63, 16160, 16160),
('CD0080', 'Lanka Pharmacy', 'Negombo', 'CSO180108299', '2019-07-01', 63, 32205, 32205),
('CD0455', 'Suwasala Pharmacy', 'Negombo', 'CSO180108317', '2019-07-01', 63, 16050, 16050),
('CD0508', 'St. Joseph Pharmacy  Grocery', 'Ja-Ela', 'CSO180108327', '2019-07-01', 63, 32205, 32205),
('CD0194', 'Unique Pharmacy', 'Negombo', 'CSO180108328', '2019-07-01', 63, 15080, 15080),
('CD0501', 'Jasmin Pharmacy  Grocery', 'Kandana', 'CSO180108341', '2019-07-02', 62, 21120, 21120),
('CD0194', 'Unique Pharmacy', 'Negombo', 'CSO180108349', '2019-07-03', 61, 11840, 11840),
('CD0249', 'Roshini Pharmacy', 'Ja-Ela', 'CSO180108358', '2019-07-03', 61, 1605, 1605),
('CD0164', 'Shanthi Vidya Nivasa', 'Katana', 'CSO180108367', '2019-07-04', 60, 2649, 2649),
('CD0426', 'Jayasri Pharmacy', 'Ragama', 'CSO180108368', '2019-07-04', 60, 12276, 7542),
('CD0164', 'Shanthi Vidya Nivasa', 'Katana', 'CSO180108380', '2019-07-05', 59, 8530, 8530),
('CD0194', 'Unique Pharmacy', 'Negombo', 'CSO180108392', '2019-07-08', 56, 4940, 4940),
('CD0476', 'Dagonna Pharmacy  Mini Mart', 'Negombo', 'CSO180108402', '2019-07-08', 56, 12312, 12312),
('CD0408', 'International Institute of Health of Science', 'Mahabage', 'CSO180108404', '2019-07-08', 56, 7123, 7123),
('CD0107', 'New Central Pharmacy', 'Negombo', 'CSO180108410', '2019-07-08', 56, 8014, 8014),
('CD0194', 'Unique Pharmacy', 'Negombo', 'CSO180108413', '2019-07-08', 56, 75837, 74222),
('CD0259', 'Crystal Pharmacy', 'Negombo', 'CSO180108414', '2019-07-10', 54, 2503, 2503),
('COLD14793', 'Peoples Pharmacy-Magabage', 'Mahabage', 'CSO180108426', '2019-07-08', 56, 6464, 6464),
('CD0107', 'New Central Pharmacy', 'Negombo', 'CSO180108427', '2019-07-08', 56, 16794, 16794),
('CD0194', 'Unique Pharmacy', 'Negombo', 'CSO180108428', '2019-07-08', 56, 7710, 7710),
('CD0455', 'Suwasala Pharmacy', 'Negombo', 'CSO180108435', '2019-07-09', 55, 11204, 11204),
('CD0455', 'Suwasala Pharmacy', 'Negombo', 'CSO180108436', '2019-07-11', 53, 3232, 3232),
('CD0402', 'Pamunugama Osu Sala', 'Raddolugama', 'CSO180108446', '2019-07-09', 55, 22671, 22671),
('COLD12316', 'Lakshman Fernando Dr.', 'Hunupitiya', 'CSO180108451', '2019-07-10', 54, 7317, 7317),
('CD0539', 'Thenuka Pharmacy', 'Negombo', 'CSO180108456', '2019-07-17', 47, 17930, 17930),
('CD0057', 'Hendala Pharmacy', 'Wattala', 'CSO180108465', '2019-07-10', 54, 2177, 884),
('COLD14793', 'Peoples Pharmacy-Magabage', 'Mahabage', 'CSO180108468', '2019-07-10', 54, 6464, 6464),
('CD0083', 'Leesons Pharmacy', 'Ragama', 'CSO180108478', '2019-07-11', 53, 6420, 6420),
('CD0496', 'Alliance Pharmacy', 'Ragama', 'CSO180108492', '2019-07-12', 52, 1616, 1616),
('CD0053', 'Health Care Medicla', 'Negombo', 'CSO180108500', '2019-07-12', 52, 4283, 4283),
('CD0155', 'Sarana Osusala', 'Badalgama', 'CSO180108501', '2019-07-12', 52, 5513, 5513),
('CD0124', 'Orient Pharmacy', 'Averiwatta', 'CSO180108504', '2019-07-17', 47, 22396, 22396),
('CD0071', 'Kalidson Pharmacy', 'Negombo', 'CSO180108508', '2019-07-12', 52, 838, 838),
('CD0194', 'Unique Pharmacy', 'Negombo', 'CSO180108515', '2019-07-13', 51, 3230, 3230),
('CD0498', 'Isura Pharmacy  Grocery', 'Katana', 'CSO180108537', '2019-07-15', 49, 6229, 6229),
('CD0242', 'K. S. A. Medical', 'Negombo', 'CSO180108543', '2019-07-15', 49, 4965, 4965),
('CD0470', 'Best Way Pharmacy', 'Negombo', 'CSO180108545', '2019-07-15', 49, 2825, 2825),
('CD0107', 'New Central Pharmacy', 'Negombo', 'CSO180108548', '2019-07-17', 47, 5076, 5076),
('CD0023', 'City Medical', 'Negombo', 'CSO180108549', '2019-07-17', 47, 2538, 2538),
('CD0194', 'Unique Pharmacy', 'Negombo', 'CSO180108561', '2019-07-17', 47, 16800, 16800),
('CD0469', 'Asiri Pharmacy  Grocery', 'Negombo', 'CSO180108566', '2019-07-20', 44, 9662, 9662),
('CD0469', 'Asiri Pharmacy  Grocery', 'Negombo', 'CSO180108567', '2019-07-20', 44, 6598, 6598),
('CD0164', 'Shanthi Vidya Nivasa', 'Katana', 'CSO180108569', '2019-07-18', 46, 915, 915),
('CD0132', 'Peoples Pharmacy', 'Raddolugama', 'CSO180108576', '2019-07-18', 46, 3079, 1396),
('CD0249', 'Roshini Pharmacy', 'Ja-Ela', 'CSO180108581', '2019-07-18', 46, 3210, 3210),
('CD0497', 'Nimal Sovis Dr.', 'Ja-Ela', 'CSO180108583', '2019-07-23', 41, 4060, 4060),
('CD0194', 'Unique Pharmacy', 'Negombo', 'CSO180108586', '2019-07-18', 46, 15340, 15340),
('CD0194', 'Unique Pharmacy', 'Negombo', 'CSO180108600', '2019-07-19', 45, 21470, 21470),
('CD0057', 'Hendala Pharmacy', 'Wattala', 'CSO180108601', '2019-07-19', 45, 3873, 1471),
('CD0541', 'Mabola Osusala', 'Wattala', 'CSO180108602', '2019-07-19', 45, 1695, 1695),
('CD0541', 'Mabola Osusala', 'Wattala', 'CSO180108603', '2019-07-19', 45, 1616, 1616),
('CD0496', 'Alliance Pharmacy', 'Ragama', 'CSO180108604', '2019-07-19', 45, 2845, 2845),
('CD0194', 'Unique Pharmacy', 'Negombo', 'CSO180108614', '2019-07-20', 44, 42300, 42300),
('CD0259', 'Crystal Pharmacy', 'Negombo', 'CSO180108618', '2019-07-19', 45, 6441, 6441),
('CD0121', 'Nishantha Herath Dr.', 'Kandana', 'CSO180108633', '2019-07-20', 44, 34810, 34810),
('CD0125', 'Orient Pharmacy', 'Kandana', 'CSO180108638', '2019-07-22', 42, 2978, 2978),
('CD0147', 'Robert Medical', 'Negombo', 'CSO180108642', '2019-07-22', 42, 9640, 9640),
('CD0071', 'Kalidson Pharmacy', 'Negombo', 'CSO180108647', '2019-07-22', 42, 18823.2, 18823.2),
('CD0474', 'Pradipa Osusala  Grocery', 'Negombo', 'CSO180108649', '2019-07-25', 39, 8525, 8525),
('CD0182', 'Supreem Pharmacy', 'Negombo', 'CSO180108650', '2019-07-22', 42, 4190.6, 4190.6),
('CD0164', 'Shanthi Vidya Nivasa', 'Katana', 'CSO180108651', '2019-07-22', 42, 6210, 6210),
('CD0257', 'Nirodha Pharmacy', 'Badalgama', 'CSO180108653', '2019-07-22', 42, 20433, 20433),
('CD0124', 'Orient Pharmacy', 'Averiwatta', 'CSO180108654', '2019-08-01', 32, 16947, 16947),
('CD0155', 'Sarana Osusala', 'Badalgama', 'CSO180108655', '2019-07-22', 42, 3696, 3696),
('CD0396', 'Hansi Pharmacy', 'Ja-Ela', 'CSO180108661', '2019-07-22', 42, 3843, 3843),
('COLD14166', 'Thudella Pharmacy', 'Ja-Ela', 'CSO180108669', '2019-07-22', 42, 3923, 3923),
('CD0182', 'Supreem Pharmacy', 'Negombo', 'CSO180108673', '2019-07-23', 41, 3050, 3050),
('CD0561', 'Union Pharmacy', 'Negombo', 'CSO180108678', '2019-07-23', 41, 10810, 10810),
('CD0194', 'Unique Pharmacy', 'Negombo', 'CSO180108683', '2019-07-24', 40, 74310, 74310),
('CD0023', 'City Medical', 'Negombo', 'CSO180108685', '2019-07-23', 41, 18700, 18700),
('CD0107', 'New Central Pharmacy', 'Negombo', 'CSO180108686', '2019-07-23', 41, 13215, 13215),
('CD0470', 'Best Way Pharmacy', 'Negombo', 'CSO180108689', '2019-07-24', 40, 1600, 1600),
('CD0339', 'Lasantha Somaratne Dr.', 'Kandana', 'CSO180108693', '2019-07-24', 40, 6010, 6010),
('CD0402', 'Pamunugama Osu Sala', 'Raddolugama', 'CSO180108695', '2019-07-24', 40, 21194, 21194),
('COLD14348', 'Ashoka Pharmacy', 'Negombo', 'CSO180108697', '2019-07-24', 40, 977, 977),
('CD0164', 'Shanthi Vidya Nivasa', 'Katana', 'CSO180108699', '2019-07-24', 40, 2845, 2845),
('COLD14267', 'Iranthi Adikarama Dr.', 'Badalgama', 'CSO180108702', '2019-07-24', 40, 1688, 1688),
('CD0240', 'Hiru Pharmacy', 'Katana', 'CSO180108705', '2019-07-24', 40, 7539, 7539),
('COLD14180', 'Soft Life Pharmacy', 'Seeduwa', 'CSO180108706', '2019-07-24', 40, 7545.9, 7545.9),
('COLD14555', 'Nawa Lanka Pharmacy', 'Negombo', 'CSO180108710', '2019-07-25', 39, 5042.2, 5042.2),
('CD0447', 'N.S. Medical', 'Seeduwa', 'CSO180108711', '2019-07-25', 39, 3146, 3146),
('CD0164', 'Shanthi Vidya Nivasa', 'Katana', 'CSO180108713', '2019-07-25', 39, 6465, 6465),
('CD0346', 'Laksi Pharmacy', 'Peliyagoda', 'CSO180108716', '2019-07-25', 39, 8813, 7520),
('CD0158', 'Sathya Pharmacy', 'Wattala', 'CSO180108718', '2019-08-01', 32, 17786, 17786),
('CD0253', 'Chemi World', 'Enderamulla', 'CSO180108720', '2019-07-25', 39, 12449, 12449),
('CD0149', 'Roswila Pharmacy', 'Wattala', 'CSO180108724', '2019-07-25', 39, 3984, 3984),
('CD0549', 'Lakshan Chemist', 'Wattala', 'CSO180108725', '2019-07-25', 39, 8757, 8757),
('CD0194', 'Unique Pharmacy', 'Negombo', 'CSO180108726', '2019-07-25', 39, 21470, 21470),
('CD0541', 'Mabola Osusala', 'Wattala', 'CSO180108727', '2019-07-25', 39, 2799, 2799),
('CD0128', 'Osu Sala Wattala', 'Wattala', 'CSO180108728', '2019-07-25', 39, 4666, 4666),
('CD0145', 'Reliable Pharmacy', 'Ragama', 'CSO180108730', '2019-07-25', 39, 8088, 8088),
('CD0083', 'Leesons Pharmacy', 'Ragama', 'CSO180108738', '2019-07-31', 33, 7040, 7040),
('CD0163', 'Sethma Pharmacy', 'Kandana', 'CSO180108741', '2019-07-27', 37, 53766, 53766),
('CD0496', 'Alliance Pharmacy', 'Ragama', 'CSO180108746', '2019-07-31', 33, 4330, 1928),
('CD0057', 'Hendala Pharmacy', 'Wattala', 'CSO180108747', '2019-07-27', 37, 853, 853),
('CD0140', 'Raddolugama Pharmacy', 'Raddolugama', 'CSO180108749', '2019-07-27', 37, 2559, 2559),
('COLD14267', 'Iranthi Adikarama Dr.', 'Badalgama', 'CSO180108751', '2019-07-31', 33, 2964, 2964),
('CD0071', 'Kalidson Pharmacy', 'Negombo', 'CSO180108752', '2019-07-29', 35, 4980, 4980),
('CD0257', 'Nirodha Pharmacy', 'Badalgama', 'CSO180108753', '2019-07-29', 35, 5883, 5883),
('CD0164', 'Shanthi Vidya Nivasa', 'Katana', 'CSO180108754', '2019-07-29', 35, 11652, 11652),
('CD0088', 'Mahajana Osu Sala', 'Negombo', 'CSO180108755', '2019-07-29', 35, 569, 569),
('CD0498', 'Isura Pharmacy  Grocery', 'Katana', 'CSO180108756', '2019-07-29', 35, 12056, 12056),
('COLD14555', 'Nawa Lanka Pharmacy', 'Negombo', 'CSO180108758', '2019-07-29', 35, 3879, 3879),
('CD0182', 'Supreem Pharmacy', 'Negombo', 'CSO180108759', '2019-07-29', 35, 5576, 5576),
('CD0147', 'Robert Medical', 'Negombo', 'CSO180108760', '2019-07-29', 35, 2821, 2821),
('CD0539', 'Thenuka Pharmacy', 'Negombo', 'CSO180108761', '2019-07-29', 35, 5635, 5635),
('CD0088', 'Mahajana Osu Sala', 'Negombo', 'CSO180108767', '2019-07-29', 35, 13742, 13742),
('COLD12316', 'Lakshman Fernando Dr.', 'Hunupitiya', 'CSO180108769', '2019-07-29', 35, 8035, 8035),
('CD0497', 'Nimal Sovis Dr.', 'Ja-Ela', 'CSO180108770', '2019-07-29', 35, 6687, 6687),
('CD0055', 'Healthline Pharmacy', 'Kandana', 'CSO180108773', '2019-07-29', 35, 8257, 8257),
('CD0107', 'New Central Pharmacy', 'Negombo', 'CSO180108774', '2019-07-29', 35, 4726, 1676),
('CD0253', 'Chemi World', 'Enderamulla', 'CSO180108775', '2019-08-01', 32, 997.5, 997.5),
('CD0507', 'Sujith Pulukkuttiarachchui Dr.', 'Kandana', 'CSO180108780', '2019-07-29', 35, 11350, 11350),
('CD0104', 'Nawa Osusala', 'Ja-Ela', 'CSO180108784', '2019-07-29', 35, 26266.5, 24973.5),
('CD0508', 'St. Joseph Pharmacy  Grocery', 'Ja-Ela', 'CSO180108788', '2019-07-30', 34, 2070, 2070),
('CD0035', 'Ekala Pharmacy', 'Ja-Ela', 'CSO180108790', '2019-07-30', 34, 4178.2, 4178.2),
('CD0128', 'Osu Sala Wattala', 'Wattala', 'CSO180108792', '2019-07-30', 34, 948, 948),
('CD0220', 'The Pharmacy', 'Negombo', 'CSO180108794', '2019-07-31', 33, 15668, 15668),
('CD0256', 'X  Lab Pharmacy', 'Negombo', 'CSO180108795', '2019-08-01', 32, 13431, 11336),
('CD0259', 'Crystal Pharmacy', 'Negombo', 'CSO180108796', '2019-08-01', 32, 18909, 18909),
('CD0470', 'Best Way Pharmacy', 'Negombo', 'CSO180108799', '2019-07-30', 34, 2458, 2458),
('CD0242', 'K. S. A. Medical', 'Negombo', 'CSO180108803', '2019-07-30', 34, 12500, 12500),
('COLD14348', 'Ashoka Pharmacy', 'Negombo', 'CSO180108804', '2019-07-30', 34, 16406, 16406),
('CD0151', 'S  G Medicals', 'Negombo', 'CSO180108806', '2019-07-30', 34, 18452, 16760),
('CD0194', 'Unique Pharmacy', 'Negombo', 'CSO180108807', '2019-07-30', 34, 100659, 92379),
('CD0107', 'New Central Pharmacy', 'Negombo', 'CSO180108808', '2019-07-30', 34, 21661, 21661),
('CD0154', 'Sampath Pharmacy', 'Ragama', 'CSO180108809', '2019-07-30', 34, 14596, 14596),
('CD0408', 'International Institute of Health of Science', 'Mahabage', 'CSO180108813', '2019-07-30', 34, 16681, 16681),
('CD0145', 'Reliable Pharmacy', 'Ragama', 'CSO180108814', '2019-07-30', 34, 6687, 6687),
('CD0496', 'Alliance Pharmacy', 'Ragama', 'CSO180108815', '2019-07-31', 33, 9989, 9989),
('CD0181', 'Super Medical', 'Negombo', 'CSO180108817', '2019-07-31', 33, 51022, 51022),
('CD0023', 'City Medical', 'Negombo', 'CSO180108818', '2019-07-31', 33, 6441, 6441),
('CD0045', 'Gold Crest Pharmacy', 'Seeduwa', 'CSO180108819', '2019-07-31', 33, 19429, 19429),
('CD0497', 'Nimal Sovis Dr.', 'Ja-Ela', 'CSO180108821', '2019-07-31', 33, 32145, 32145),
('CD0013', 'Asiri Pharmacy', 'Raddolugama', 'CSO180108822', '2019-07-31', 33, 3412, 3412),
('CD0133', 'Peoples Pharmacy  Grocery', 'Wattala', 'CSO180108823', '2019-07-31', 33, 57320, 57320),
('CD0476', 'Dagonna Pharmacy  Mini Mart', 'Negombo', 'CSO180108824', '2019-07-31', 33, 267040, 267040),
('CD0507', 'Sujith Pulukkuttiarachchui Dr.', 'Kandana', 'CSO180108825', '2019-07-31', 33, 8880, 8880),
('CD0140', 'Raddolugama Pharmacy', 'Raddolugama', 'CSO180108827', '2019-07-31', 33, 6543, 6543),
('CD0163', 'Sethma Pharmacy', 'Kandana', 'CSO180108830', '2019-07-31', 33, 34839, 34839),
('CD0486', 'Royal Pharmacy Lanka (Pvt) Ltd.', 'Negombo', 'CSO180108831', '2019-08-01', 32, 31264, 31264),
('CD0023', 'City Medical', 'Negombo', 'CSO180108832', '2019-07-31', 33, 2094, 2094),
('CD0228', 'Shanthi Pharmacy', 'Negombo', 'CSO180108833', '2019-07-31', 33, 6363, 6363),
('CD0561', 'Union Pharmacy', 'Negombo', 'CSO180108834', '2019-07-31', 33, 14116, 14116),
('COLD14555', 'Nawa Lanka Pharmacy', 'Negombo', 'CSO180108835', '2019-07-31', 33, 9944, 9944),
('CD0088', 'Mahajana Osu Sala', 'Negombo', 'CSO180108836', '2019-08-01', 32, 12320, 12320),
('CD0316', 'KFD Distributors', 'Negombo', 'CSO180108837', '2019-08-01', 32, 205810, 205810),
('CD0080', 'Lanka Pharmacy', 'Negombo', 'CSO180108842', '2019-08-01', 32, 10735, 10735),
('COLD14555', 'Nawa Lanka Pharmacy', 'Negombo', 'CSO180108845', '2019-08-01', 32, 2147, 2147),
('CD0194', 'Unique Pharmacy', 'Negombo', 'CSO180108851', '2019-08-01', 32, 760106, 760106),
('CD0057', 'Hendala Pharmacy', 'Wattala', 'CSO180108852', '2019-08-01', 32, 2538, 2538),
('CD0316', 'KFD Distributors', 'Negombo', 'CSO180108853', '2019-08-01', 32, 678800, 678800),
('CD0497', 'Nimal Sovis Dr.', 'Ja-Ela', 'CSO180108854', '2019-08-02', 31, 8460, 8460),
('CD0016', 'Ave Maria Pharmacy', 'Negombo', 'CSO180108855', '2019-08-03', 30, 1232, 1232),
('CD0052', 'Health  Glow Pharmacy', 'Wattala', 'CSO180108856', '2019-08-03', 30, 1294, 1294),
('CD0194', 'Unique Pharmacy', 'Negombo', 'CSO180108857', '2019-08-03', 30, 6460, 6460),
('CD0123', 'Niwasi Pharmacy', 'Ja-Ela', 'CSO180108858', '2019-08-05', 28, 6759, 846),
('CD0035', 'Ekala Pharmacy', 'Ja-Ela', 'CSO180108859', '2019-08-05', 28, 3500.7, 3057),
('CD0396', 'Hansi Pharmacy', 'Ja-Ela', 'CSO180108865', '2019-08-05', 28, 4499, 4499),
('CD0406', 'Browns Healthcare (Pvt) Ltd', 'Ragama', 'CSO180108866', '2019-08-05', 28, 3235, 3235),
('CD0081', 'Laxsri Pharmacy', 'Katunayake', 'CSO180108867', '2019-08-05', 28, 7955, 7955),
('CD0194', 'Unique Pharmacy', 'Negombo', 'CSO180108868', '2019-08-05', 28, 2240, 560),
('CD0182', 'Supreem Pharmacy', 'Negombo', 'CSO180108870', '2019-08-05', 28, 1746, 1746),
('CD0130', 'Pamunugama Pharmacy', 'Bopitiya', 'CSO180108871', '2019-08-05', 28, 3505, 3505),
('CD0151', 'S  G Medicals', 'Negombo', 'CSO180108874', '2019-08-07', 26, 11499, 10206),
('CD0470', 'Best Way Pharmacy', 'Negombo', 'CSO180108875', '2019-08-05', 28, 1232, 1232),
('COLD14348', 'Ashoka Pharmacy', 'Negombo', 'CSO180108877', '2019-08-05', 28, 11120.2, 11120.2),
('CD0194', 'Unique Pharmacy', 'Negombo', 'CSO180108879', '2019-08-06', 27, 13315, 13315),
('CD0194', 'Unique Pharmacy', 'Negombo', 'CSO180108880', '2019-08-05', 28, 33620, 33620),
('COLD14793', 'Peoples Pharmacy-Magabage', 'Mahabage', 'CSO180108882', '2019-08-05', 28, 3366, 3366),
('CD0194', 'Unique Pharmacy', 'Negombo', 'CSO180108884', '2019-08-06', 27, 20710, 20710),
('CD0194', 'Unique Pharmacy', 'Negombo', 'CSO180108885', '2019-08-06', 27, 8280, 8280),
('CD0140', 'Raddolugama Pharmacy', 'Raddolugama', 'CSO180108886', '2019-08-10', 23, 10673, 10673),
('CD0487', 'Healthcare Pharmacy  Family Needs', 'Raddolugama', 'CSO180108888', '2019-08-06', 27, 4866, 1691),
('CD0499', 'Shris Lanka Pharmacy', 'Seeduwa', 'CSO180108889', '2019-08-06', 27, 2683, 2683),
('COLD14180', 'Soft Life Pharmacy', 'Seeduwa', 'CSO180108890', '2019-08-06', 27, 4628, 4628),
('CD0510', 'Sri Lak Pharmacy', 'Seeduwa', 'CSO180108891', '2019-08-06', 27, 12762.8, 12762.8),
('CD0507', 'Sujith Pulukkuttiarachchui Dr.', 'Kandana', 'CSO180108892', '2019-08-06', 27, 11144, 11144),
('CD0183', 'Suranga Pharmacy', 'Katana', 'CSO180108893', '2019-08-06', 27, 3222, 3222),
('CD0481', 'Reliance Pharmacy', 'Negombo', 'CSO180108895', '2019-08-06', 27, 9045, 9045),
('CD0088', 'Mahajana Osu Sala', 'Negombo', 'CSO180108896', '2019-08-06', 27, 4516, 4516),
('CD0045', 'Gold Crest Pharmacy', 'Seeduwa', 'CSO180108897', '2019-08-13', 20, 3210, 3210),
('CD0164', 'Shanthi Vidya Nivasa', 'Katana', 'CSO180108898', '2019-08-07', 26, 2900, 2900),
('CD0346', 'Laksi Pharmacy', 'Peliyagoda', 'CSO180108901', '2019-08-08', 25, 16447, 16447),
('CD0078', 'Krishmo Pharmacy', 'Wattala', 'CSO180108902', '2019-08-07', 26, 4570, 4570),
('CD0336', 'Family Care Pharmacy  Groceries', 'Wattala', 'CSO180108907', '2019-08-07', 26, 3067, 3067),
('CD0149', 'Roswila Pharmacy', 'Wattala', 'CSO180108908', '2019-08-08', 25, 3508, 3508),
('CD0111', 'New Pharmacy', 'Wattala', 'CSO180108911', '2019-08-07', 26, 11615, 11615),
('CD0052', 'Health  Glow Pharmacy', 'Wattala', 'CSO180108912', '2019-08-07', 26, 17519, 17519),
('CD0057', 'Hendala Pharmacy', 'Wattala', 'CSO180108913', '2019-08-08', 25, 1692, 1692),
('CD0294', 'Bopitiya Pharmacy', 'Bopitiya', 'CSO180108914', '2019-08-08', 25, 1615, 1615),
('CD0111', 'New Pharmacy', 'Wattala', 'CSO180108917', '2019-08-07', 26, 4140, 4140),
('CD0549', 'Lakshan Chemist', 'Wattala', 'CSO180108918', '2019-08-08', 25, 8974.2, 8974.2),
('CD0541', 'Mabola Osusala', 'Wattala', 'CSO180108919', '2019-08-07', 26, 2462, 2462),
('CD0174', 'St. Judes Pharmacy', 'Seeduwa', 'CSO180108922', '2019-08-08', 25, 2964, 2964),
('CD0468', 'Kandawala Pharmacy', 'Katana', 'CSO180108923', '2019-08-08', 25, 1586, 1586),
('CD0083', 'Leesons Pharmacy', 'Ragama', 'CSO180108925', '2019-08-08', 25, 85725, 85725),
('CD0254', 'Sahana Pharmacy', 'Ragama', 'CSO180108926', '2019-08-08', 25, 9846, 9846),
('CD0025', 'City Pharmacy', 'Ragama', 'CSO180108927', '2019-08-08', 25, 5261.2, 3968.2),
('COLD13777', 'Royal Pharmacy - Kanda', 'Kandana', 'CSO180108930', '2019-08-12', 21, 5340, 2754),
('CD0194', 'Unique Pharmacy', 'Negombo', 'CSO180108931', '2019-08-08', 25, 16810, 16810),
('CD0044', 'Gimshani Pharmacy', 'Kandana', 'CSO180108932', '2019-08-08', 25, 8326, 7033),
('CD0145', 'Reliable Pharmacy', 'Ragama', 'CSO180108934', '2019-08-08', 25, 10182, 10182),
('COLD14793', 'Peoples Pharmacy-Magabage', 'Mahabage', 'CSO180108937', '2019-08-08', 25, 5118, 5118),
('CD0496', 'Alliance Pharmacy', 'Ragama', 'CSO180108939', '2019-08-08', 25, 5712, 5712),
('CD0406', 'Browns Healthcare (Pvt) Ltd', 'Ragama', 'CSO180108940', '2019-08-09', 24, 109761, 108054),
('CD0138', 'P.J. ENTERPRISES (PVT) Ltd.', 'Ja-Ela', 'CSO180108943', '2019-08-09', 24, 28680, 28680),
('CD0147', 'Robert Medical', 'Negombo', 'CSO180108944', '2019-08-09', 24, 3765, 3765),
('CD0476', 'Dagonna Pharmacy  Mini Mart', 'Negombo', 'CSO180108947', '2019-08-09', 24, 13256, 13256),
('CD0396', 'Hansi Pharmacy', 'Ja-Ela', 'CSO180108948', '2019-08-09', 24, 323, 323),
('CD0053', 'Health Care Medicla', 'Negombo', 'CSO180108949', '2019-08-09', 24, 9704, 9704),
('CD0240', 'Hiru Pharmacy', 'Katana', 'CSO180108950', '2019-08-09', 24, 5646, 5646),
('CD0356', 'Rusal Pharmacy - (Aloka Dr.)', 'Katana', 'CSO180108951', '2019-08-09', 24, 18059, 18059),
('CD0183', 'Suranga Pharmacy', 'Katana', 'CSO180108952', '2019-08-09', 24, 5334, 5334),
('COLD14591', 'V.M. Pharmacy', 'Katana', 'CSO180108953', '2019-08-09', 24, 9835, 9835),
('CD0498', 'Isura Pharmacy  Grocery', 'Katana', 'CSO180108954', '2019-08-10', 23, 6311, 6311),
('CD0468', 'Kandawala Pharmacy', 'Katana', 'CSO180108955', '2019-08-10', 23, 17843, 17843),
('CD0249', 'Roshini Pharmacy', 'Ja-Ela', 'CSO180108957', '2019-08-10', 23, 3210, 3210),
('CD0130', 'Pamunugama Pharmacy', 'Bopitiya', 'CSO180108958', '2019-08-10', 23, 8711, 8711),
('CD0406', 'Browns Healthcare (Pvt) Ltd', 'Ragama', 'CSO180108960', '2019-08-17', 16, 26212, 26212),
('CD0294', 'Bopitiya Pharmacy', 'Bopitiya', 'CSO180108961', '2019-08-12', 21, 17351, 17351),
('CD0104', 'Nawa Osusala', 'Ja-Ela', 'CSO180108964', '2019-08-12', 21, 14664, 14664),
('CD0508', 'St. Joseph Pharmacy  Grocery', 'Ja-Ela', 'CSO180108965', '2019-08-12', 21, 1740, 1740),
('CD0231', 'Mendis N. S. M. Dr.', 'Ragama', 'CSO180108966', '2019-08-12', 21, 9320, 9320),
('CD0035', 'Ekala Pharmacy', 'Ja-Ela', 'CSO180108967', '2019-08-12', 21, 3830.7, 3830.7),
('CD0259', 'Crystal Pharmacy', 'Negombo', 'CSO180108969', '2019-08-13', 20, 2373, 2373),
('CD0242', 'K. S. A. Medical', 'Negombo', 'CSO180108971', '2019-08-13', 20, 18257, 18257),
('COLD14348', 'Ashoka Pharmacy', 'Negombo', 'CSO180108976', '2019-08-13', 20, 8972.4, 8972.4),
('CD0194', 'Unique Pharmacy', 'Negombo', 'CSO180108977', '2019-08-12', 21, 61612, 61612),
('CD0023', 'City Medical', 'Negombo', 'CSO180108979', '2019-08-12', 21, 26076, 26076),
('CD0163', 'Sethma Pharmacy', 'Kandana', 'CSO180108980', '2019-08-12', 21, 72102, 72102),
('CD0040', 'Fernando Lakshman Dr.', 'Wattala', 'CSO180108981', '2019-08-13', 20, 4230, 4230),
('CD0228', 'Shanthi Pharmacy', 'Negombo', 'CSO180108982', '2019-08-13', 20, 17899, 17899),
('CD0286', 'Jayakodi Super Market', 'Negombo', 'CSO180108983', '2019-08-15', 18, 6217, 6217),
('CD0138', 'P.J. ENTERPRISES (PVT) Ltd.', 'Ja-Ela', 'CSO180108984', '2019-08-13', 20, 43630, 43630),
('CD0408', 'International Institute of Health of Science', 'Mahabage', 'CSO180108985', '2019-08-13', 20, 883, 883),
('CD0081', 'Laxsri Pharmacy', 'Katunayake', 'CSO180108986', '2019-08-13', 20, 7342, 7342),
('CD0548', 'Sanath Galgamuwa Dr.', 'Negombo', 'CSO180108987', '2019-08-13', 20, 11980, 11980),
('COLD14555', 'Nawa Lanka Pharmacy', 'Negombo', 'CSO180108988', '2019-08-13', 20, 22448.7, 22448.7),
('CD0481', 'Reliance Pharmacy', 'Negombo', 'CSO180108989', '2019-08-13', 20, 1707, 1707),
('CD0013', 'Asiri Pharmacy', 'Raddolugama', 'CSO180108991', '2019-08-13', 20, 4160, 4160),
('CD0487', 'Healthcare Pharmacy  Family Needs', 'Raddolugama', 'CSO180108992', '2019-08-13', 20, 6392, 4130),
('CD0499', 'Shris Lanka Pharmacy', 'Seeduwa', 'CSO180108993', '2019-08-13', 20, 9379, 9379),
('CD0510', 'Sri Lak Pharmacy', 'Seeduwa', 'CSO180108994', '2019-08-13', 20, 10349, 10349),
('CD0182', 'Supreem Pharmacy', 'Negombo', 'CSO180108996', '2019-08-15', 18, 1542, 1542),
('CD0254', 'Sahana Pharmacy', 'Ragama', 'CSO180108997', '2019-08-15', 18, 19821, 19821),
('CD0083', 'Leesons Pharmacy', 'Ragama', 'CSO180108998', '2019-08-15', 18, 20169, 20169),
('CD0083', 'Leesons Pharmacy', 'Ragama', 'CSO180108999', '2019-08-19', 14, 9480, 9480),
('CD0025', 'City Pharmacy', 'Ragama', 'CSO180109000', '2019-08-15', 18, 6537, 6537),
('CD0426', 'Jayasri Pharmacy', 'Ragama', 'CSO180109002', '2019-08-15', 18, 5690, 5690),
('CD0138', 'P.J. ENTERPRISES (PVT) Ltd.', 'Ja-Ela', 'CSO180109004', '2019-08-15', 18, 37180, 37180),
('COLD13777', 'Royal Pharmacy - Kanda', 'Kandana', 'CSO180109006', '2019-08-15', 18, 5673, 5673),
('CD0044', 'Gimshani Pharmacy', 'Kandana', 'CSO180109007', '2019-08-15', 18, 2320, 2320),
('CD0145', 'Reliable Pharmacy', 'Ragama', 'CSO180109008', '2019-08-15', 18, 9028, 9028),
('COLD14793', 'Peoples Pharmacy-Magabage', 'Mahabage', 'CSO180109010', '2019-08-15', 18, 35935, 30020),
('COLD14793', 'Peoples Pharmacy-Magabage', 'Mahabage', 'CSO180109011', '2019-08-15', 18, 29567, 25297),
('CD0408', 'International Institute of Health of Science', 'Mahabage', 'CSO180109012', '2019-08-15', 18, 11759, 11759),
('CD0154', 'Sampath Pharmacy', 'Ragama', 'CSO180109014', '2019-08-16', 17, 6076, 6076),
('CD0182', 'Supreem Pharmacy', 'Negombo', 'CSO180109015', '2019-08-17', 16, 28450, 28450),
('CD0174', 'St. Judes Pharmacy', 'Seeduwa', 'CSO180109016', '2019-08-16', 17, 11654, 11654),
('CD0071', 'Kalidson Pharmacy', 'Negombo', 'CSO180109017', '2019-08-16', 17, 24031, 24031),
('CD0243', 'Suwa Setha Pharmacy', 'Badalgama', 'CSO180109019', '2019-08-16', 17, 16025, 16025),
('CD0155', 'Sarana Osusala', 'Badalgama', 'CSO180109020', '2019-08-16', 17, 10537, 10537),
('CD0257', 'Nirodha Pharmacy', 'Badalgama', 'CSO180109021', '2019-08-16', 17, 5822, 5822),
('CD0183', 'Suranga Pharmacy', 'Katana', 'CSO180109022', '2019-08-16', 17, 9514, 9514),
('CD0468', 'Kandawala Pharmacy', 'Katana', 'CSO180109023', '2019-08-16', 17, 3602, 3602),
('CD0181', 'Super Medical', 'Negombo', 'CSO180109025', '2019-08-17', 16, 32676, 32676),
('CD0023', 'City Medical', 'Negombo', 'CSO180109026', '2019-08-16', 17, 6441, 6441),
('CD0182', 'Supreem Pharmacy', 'Negombo', 'CSO180109027', '2019-08-16', 17, 3835, 3835),
('CD0107', 'New Central Pharmacy', 'Negombo', 'CSO180109028', '2019-08-16', 17, 1398, 1398),
('CD0182', 'Supreem Pharmacy', 'Negombo', 'CSO180109029', '2019-08-16', 17, 12279.6, 12279.6),
('CD0240', 'Hiru Pharmacy', 'Katana', 'CSO180109030', '2019-08-16', 17, 14679, 13386),
('CD0147', 'Robert Medical', 'Negombo', 'CSO180109034', '2019-08-16', 17, 6337, 6337),
('CD0111', 'New Pharmacy', 'Wattala', 'CSO180109035', '2019-08-17', 16, 4917, 4917),
('CD0194', 'Unique Pharmacy', 'Negombo', 'CSO180109036', '2019-08-17', 16, 11840, 11840),
('COLD14197', 'Arogya Pharmacy and Grocery', 'Ja-Ela', 'CSO180109037', '2019-08-17', 16, 1706, 1706),
('CD0335', 'Calvary Medicals', 'Ja-Ela', 'CSO180109038', '2019-08-19', 14, 4659, 4659),
('CD0396', 'Hansi Pharmacy', 'Ja-Ela', 'CSO180109039', '2019-08-19', 14, 2453.3, 2453.3),
('CD0055', 'Healthline Pharmacy', 'Kandana', 'CSO180109041', '2019-08-19', 14, 7894, 7161),
('CD0294', 'Bopitiya Pharmacy', 'Bopitiya', 'CSO180109043', '2019-08-19', 14, 5873, 5873),
('CD0138', 'P.J. ENTERPRISES (PVT) Ltd.', 'Ja-Ela', 'CSO180109046', '2019-08-19', 14, 99102, 99102),
('CD0104', 'Nawa Osusala', 'Ja-Ela', 'CSO180109047', '2019-08-19', 14, 4389, 4389),
('CD0125', 'Orient Pharmacy', 'Kandana', 'CSO180109048', '2019-08-19', 14, 6238, 6238),
('CD0035', 'Ekala Pharmacy', 'Ja-Ela', 'CSO180109049', '2019-08-19', 14, 3262, 3262),
('CD0138', 'P.J. ENTERPRISES (PVT) Ltd.', 'Ja-Ela', 'CSO180109051', '2019-08-19', 14, 94446, 94446),
('CD0160', 'Seeduwa Medicals', 'Seeduwa', 'CSO180109053', '2019-08-19', 14, 1941, 1941),
('CD0402', 'Pamunugama Osu Sala', 'Raddolugama', 'CSO180109054', '2019-08-19', 14, 1398, 1398),
('CD0081', 'Laxsri Pharmacy', 'Katunayake', 'CSO180109055', '2019-08-19', 14, 12546, 12546),
('COLD13777', 'Royal Pharmacy - Kanda', 'Kandana', 'CSO180109056', '2019-08-19', 14, 948, 948),
('CD0474', 'Pradipa Osusala  Grocery', 'Negombo', 'CSO180109058', '2019-08-19', 14, 10053, 8437),
('CD0174', 'St. Judes Pharmacy', 'Seeduwa', 'CSO180109059', '2019-08-19', 14, 5792, 5792),
('CD0088', 'Mahajana Osu Sala', 'Negombo', 'CSO180109060', '2019-08-20', 13, 50642, 50642),
('CD0140', 'Raddolugama Pharmacy', 'Raddolugama', 'CSO180109061', '2019-08-20', 13, 18244, 17329),
('CD0256', 'X  Lab Pharmacy', 'Negombo', 'CSO180109062', '2019-08-24', 9, 2800, 2800),
('CD0220', 'The Pharmacy', 'Negombo', 'CSO180109063', '2019-08-21', 12, 23650, 23650),
('CD0450', 'Royal Pharmacy', 'Negombo', 'CSO180109066', '2019-08-20', 13, 22750.7, 22750.7),
('CD0242', 'K. S. A. Medical', 'Negombo', 'CSO180109067', '2019-08-22', 11, 4996, 4996),
('COLD14348', 'Ashoka Pharmacy', 'Negombo', 'CSO180109068', '2019-08-24', 9, 7827.3, 7827.3),
('CD0470', 'Best Way Pharmacy', 'Negombo', 'CSO180109069', '2019-08-20', 13, 7953, 7953),
('CD0194', 'Unique Pharmacy', 'Negombo', 'CSO180109070', '2019-08-21', 12, 29401, 29401),
('CD0259', 'Crystal Pharmacy', 'Negombo', 'CSO180109071', '2019-08-20', 13, 16202.3, 16202.3),
('CD0080', 'Lanka Pharmacy', 'Negombo', 'CSO180109072', '2019-08-20', 13, 47741, 43906),
('CD0018', 'Better Health Pharmacy', 'Negombo', 'CSO180109073', '2019-08-20', 13, 19105.3, 18190.3),
('CD0189', 'Thalahena Pharmacy', 'Negombo', 'CSO180109074', '2019-08-20', 13, 22606, 22606),
('COLD15046', 'Lakmi Pharmacy & Grocery', 'Negombo', 'CSO180109075', '2019-08-20', 13, 13204, 11738),
('CD0167', 'Silveray Pharmacy', 'Negombo', 'CSO180109076', '2019-08-20', 13, 11798, 11798),
('CD0228', 'Shanthi Pharmacy', 'Negombo', 'CSO180109077', '2019-08-20', 13, 14733, 14733),
('CD0181', 'Super Medical', 'Negombo', 'CSO180109078', '2019-08-20', 13, 8920, 8920),
('CD0561', 'Union Pharmacy', 'Negombo', 'CSO180109079', '2019-08-20', 13, 2604, 2604),
('COLD13957', 'Negombo Drugs', 'Negombo', 'CSO180109080', '2019-08-20', 13, 4634, 4634),
('CD0023', 'City Medical', 'Negombo', 'CSO180109081', '2019-08-20', 13, 7166, 7166),
('CD0107', 'New Central Pharmacy', 'Negombo', 'CSO180109082', '2019-08-21', 12, 11026, 11026),
('CD0496', 'Alliance Pharmacy', 'Ragama', 'CSO180109083', '2019-08-21', 12, 6332, 6332),
('CD0346', 'Laksi Pharmacy', 'Peliyagoda', 'CSO180109085', '2019-08-21', 12, 5834, 5834),
('CD0078', 'Krishmo Pharmacy', 'Wattala', 'CSO180109086', '2019-08-21', 12, 2057, 2057),
('CD0133', 'Peoples Pharmacy  Grocery', 'Wattala', 'CSO180109087', '2019-08-21', 12, 22036, 22036),
('CD0158', 'Sathya Pharmacy', 'Wattala', 'CSO180109088', '2019-08-22', 11, 3717, 3717),
('CD0146', 'Rio Pharmacy', 'Hendala', 'CSO180109089', '2019-08-22', 11, 2594, 2594),
('CD0099', 'Milan Pharmacy', 'Wattala', 'CSO180109090', '2019-08-21', 12, 12889, 12889),
('CD0062', 'Isuri Pharmacy', 'Wattala', 'CSO180109094', '2019-08-21', 12, 7855, 7855),
('CD0111', 'New Pharmacy', 'Wattala', 'CSO180109095', '2019-08-21', 12, 4871, 4871),
('CD0104', 'Nawa Osusala', 'Ja-Ela', 'CSO180109096', '2019-08-22', 11, 5433, 5433),
('CD0052', 'Health  Glow Pharmacy', 'Wattala', 'CSO180109097', '2019-08-21', 12, 17838, 17838),
('CD0549', 'Lakshan Chemist', 'Wattala', 'CSO180109098', '2019-08-22', 11, 8449, 5985),
('CD0541', 'Mabola Osusala', 'Wattala', 'CSO180109099', '2019-08-22', 11, 3220, 3220),
('CD0136', 'Pharma Chemi', 'Wattala', 'CSO180109100', '2019-08-22', 11, 12684, 12684),
('CD0525', 'Health  Glow Pharmacy - 2', 'Wattala', 'CSO180109101', '2019-08-22', 11, 3166, 3166),
('CD0510', 'Sri Lak Pharmacy', 'Seeduwa', 'CSO180109102', '2019-08-22', 11, 16675, 16675),
('CD0555', 'Imedra Medicals(Pvt)Ltd', 'Ragama', 'CSO180109103', '2019-08-22', 11, 9696.1, 9696.1),
('CD0426', 'Jayasri Pharmacy', 'Ragama', 'CSO180109104', '2019-08-22', 11, 5690, 5690),
('CD0441', 'Isura Pharmacy', 'Ragama', 'CSO180109105', '2019-08-24', 9, 32930.1, 32930.1),
('CD0254', 'Sahana Pharmacy', 'Ragama', 'CSO180109106', '2019-08-22', 11, 13747.1, 13747.1),
('CD0025', 'City Pharmacy', 'Ragama', 'CSO180109107', '2019-08-22', 11, 6263, 6263),
('CD0194', 'Unique Pharmacy', 'Negombo', 'CSO180109108', '2019-08-22', 11, 9150, 9150),
('CD0083', 'Leesons Pharmacy', 'Ragama', 'CSO180109109', '2019-08-24', 9, 83592, 83592),
('CD0044', 'Gimshani Pharmacy', 'Kandana', 'CSO180109110', '2019-08-22', 11, 5958.3, 5958.3),
('CD0016', 'Ave Maria Pharmacy', 'Negombo', 'CSO180109111', '2019-08-22', 11, 2729, 2729),
('CD0163', 'Sethma Pharmacy', 'Kandana', 'CSO180109112', '2019-08-23', 10, 60887, 53129),
('COLD13777', 'Royal Pharmacy - Kanda', 'Kandana', 'CSO180109114', '2019-08-24', 9, 10494.3, 10494.3),
('CD0173', 'St. Jude Pharmacy', 'Ja-Ela', 'CSO180109115', '2019-08-22', 11, 15664, 15664),
('CD0496', 'Alliance Pharmacy', 'Ragama', 'CSO180109116', '2019-08-23', 10, 3324.1, 3324.1),
('CD0408', 'International Institute of Health of Science', 'Mahabage', 'CSO180109117', '2019-08-22', 11, 2089, 2089),
('CD0408', 'International Institute of Health of Science', 'Mahabage', 'CSO180109118', '2019-08-23', 10, 6985, 6985),
('CD0154', 'Sampath Pharmacy', 'Ragama', 'CSO180109119', '2019-08-23', 10, 4748.1, 4748.1),
('CD0099', 'Milan Pharmacy', 'Wattala', 'CSO180109121', '2019-08-23', 10, 5690, 5690),
('CD0071', 'Kalidson Pharmacy', 'Negombo', 'CSO180109123', '2019-08-23', 10, 8407.5, 8407.5),
('CD0286', 'Jayakodi Super Market', 'Negombo', 'CSO180109124', '2019-08-23', 10, 14137.1, 14137.1),
('CD0147', 'Robert Medical', 'Negombo', 'CSO180109125', '2019-08-23', 10, 6639.1, 6639.1),
('CD0538', 'Ranmina Osusala', 'Negombo', 'CSO180109127', '2019-08-23', 10, 4432, 4432),
('CD0356', 'Rusal Pharmacy - (Aloka Dr.)', 'Katana', 'CSO180109128', '2019-08-24', 9, 9668, 9668),
('COLD14591', 'V.M. Pharmacy', 'Katana', 'CSO180109129', '2019-08-23', 10, 7750, 7750),
('CD0183', 'Suranga Pharmacy', 'Katana', 'CSO180109130', '2019-08-23', 10, 13987, 13682),
('CD0468', 'Kandawala Pharmacy', 'Katana', 'CSO180109131', '2019-08-23', 10, 10404.1, 7818.1),
('CD0182', 'Supreem Pharmacy', 'Negombo', 'CSO180109132', '2019-08-23', 10, 2586, 2586),
('CD0182', 'Supreem Pharmacy', 'Negombo', 'CSO180109133', '2019-08-23', 10, 5563, 5563),
('CD0147', 'Robert Medical', 'Negombo', 'CSO180109134', '2019-08-24', 9, 1720, 1720),
('CD0508', 'St. Joseph Pharmacy  Grocery', 'Ja-Ela', 'CSO180109135', '2019-08-24', 9, 4162, 4162),
('CD0240', 'Hiru Pharmacy', 'Katana', 'CSO180109136', '2019-08-24', 9, 3103.1, 3103.1),
('CD0476', 'Dagonna Pharmacy  Mini Mart', 'Negombo', 'CSO180109137', '2019-08-24', 9, 24731.1, 24426.1),
('CD0487', 'Healthcare Pharmacy  Family Needs', 'Raddolugama', 'CSO180109138', '2019-08-24', 9, 4063, 4063),
('CD0468', 'Kandawala Pharmacy', 'Katana', 'CSO180109139', '2019-08-24', 9, 598, 598),
('CD0480', 'Thilana Pharmacy', 'Ja-Ela', 'CSO180109140', '2019-08-24', 9, 10082, 10082),
('CD0080', 'Lanka Pharmacy', 'Negombo', 'CSO180109142', '2019-08-24', 9, 28450, 28450),
('CD0182', 'Supreem Pharmacy', 'Negombo', 'CSO180109144', '2019-08-28', 5, 3050, 3050),
('CD0335', 'Calvary Medicals', 'Ja-Ela', 'CSO180109145', '2019-08-26', 7, 9425.1, 9425.1),
('CD0024', 'City Pharmacy', 'Ja-Ela', 'CSO180109146', '2019-08-26', 7, 18317, 18317),
('CD0073', 'Kapuwatha Pharmacy', 'Ja-Ela', 'CSO180109147', '2019-08-26', 7, 17465.3, 17465.3),
('CD0396', 'Hansi Pharmacy', 'Ja-Ela', 'CSO180109148', '2019-08-26', 7, 6507.1, 6184.1),
('CD0055', 'Healthline Pharmacy', 'Kandana', 'CSO180109149', '2019-08-26', 7, 6455, 6455),
('COLD14611', 'Sasithma Pharmacy & Grocery', 'Ja-Ela', 'CSO180109150', '2019-08-26', 7, 16253.1, 16253.1),
('CD0294', 'Bopitiya Pharmacy', 'Bopitiya', 'CSO180109151', '2019-08-26', 7, 10008.1, 10008.1),
('CD0130', 'Pamunugama Pharmacy', 'Bopitiya', 'CSO180109152', '2019-08-26', 7, 22699.1, 22699.1),
('CD0293', 'St. Joshep Pharmacy', 'Bopitiya', 'CSO180109153', '2019-08-26', 7, 2413, 2413),
('CD0138', 'P.J. ENTERPRISES (PVT) Ltd.', 'Ja-Ela', 'CSO180109154', '2019-08-26', 7, 10351, 10351),
('CD0104', 'Nawa Osusala', 'Ja-Ela', 'CSO180109156', '2019-08-26', 7, 3361.2, 3361.2),
('CD0078', 'Krishmo Pharmacy', 'Wattala', 'CSO180109157', '2019-08-26', 7, 969, 969),
('CD0508', 'St. Joseph Pharmacy  Grocery', 'Ja-Ela', 'CSO180109158', '2019-08-26', 7, 10162, 5053),
('CD0035', 'Ekala Pharmacy', 'Ja-Ela', 'CSO180109159', '2019-08-26', 7, 5184, 5184),
('CD0508', 'St. Joseph Pharmacy  Grocery', 'Ja-Ela', 'CSO180109160', '2019-08-26', 7, 6364.1, 1792.1),
('CD0508', 'St. Joseph Pharmacy  Grocery', 'Ja-Ela', 'CSO180109162', '2019-08-26', 7, 5640, 5640),
('COLD14166', 'Thudella Pharmacy', 'Ja-Ela', 'CSO180109163', '2019-08-26', 7, 6059.1, 6059.1),
('CD0006', 'Amila Pharmacy', 'Ja-Ela', 'CSO180109164', '2019-08-26', 7, 1805, 1805),
('CD0259', 'Crystal Pharmacy', 'Negombo', 'CSO180109165', '2019-08-28', 5, 10457, 10457),
('CD0250', 'New Pharmacy', 'Negombo', 'CSO180109166', '2019-08-26', 7, 7337, 7337),
('CD0568', 'Healing Pharmacy', 'Negombo', 'CSO180109167', '2019-08-26', 7, 2733, 2733),
('CD0194', 'Unique Pharmacy', 'Negombo', 'CSO180109170', '2019-08-26', 7, 75865, 70175),
('COLD13957', 'Negombo Drugs', 'Negombo', 'CSO180109172', '2019-08-26', 7, 7005.5, 7005.5),
('CD0018', 'Better Health Pharmacy', 'Negombo', 'CSO180109173', '2019-08-26', 7, 11820, 11820),
('CD0228', 'Shanthi Pharmacy', 'Negombo', 'CSO180109174', '2019-08-26', 7, 3291, 3291),
('CD0167', 'Silveray Pharmacy', 'Negombo', 'CSO180109175', '2019-08-27', 6, 18288, 18288),
('CD0163', 'Sethma Pharmacy', 'Kandana', 'CSO180109176', '2019-08-27', 6, 48395, 48395),
('CD0561', 'Union Pharmacy', 'Negombo', 'CSO180109178', '2019-08-31', 2, 5690, 5690),
('CD0555', 'Imedra Medicals(Pvt)Ltd', 'Ragama', 'CSO180109179', '2019-09-02', 0, 1938, 1938),
('COLD12316', 'Lakshman Fernando Dr.', 'Hunupitiya', 'CSO180109180', '2019-08-27', 6, 3366, 1683),
('CD0548', 'Sanath Galgamuwa Dr.', 'Negombo', 'CSO180109184', '2019-08-27', 6, 25829, 25829),
('CD0140', 'Raddolugama Pharmacy', 'Raddolugama', 'CSO180109185', '2019-08-27', 6, 3879, 3879),
('CD0013', 'Asiri Pharmacy', 'Raddolugama', 'CSO180109186', '2019-08-27', 6, 13047, 13047),
('CD0402', 'Pamunugama Osu Sala', 'Raddolugama', 'CSO180109187', '2019-08-28', 5, 55924.6, 55924.6),
('CD0140', 'Raddolugama Pharmacy', 'Raddolugama', 'CSO180109188', '2019-08-27', 6, 5552.1, 5552.1),
('CD0487', 'Healthcare Pharmacy  Family Needs', 'Raddolugama', 'CSO180109189', '2019-08-27', 6, 6925, 4183),
('CD0132', 'Peoples Pharmacy', 'Raddolugama', 'CSO180109190', '2019-08-27', 6, 4656, 4656),
('CD0499', 'Shris Lanka Pharmacy', 'Seeduwa', 'CSO180109191', '2019-08-27', 6, 6854, 6854),
('CD0081', 'Laxsri Pharmacy', 'Katunayake', 'CSO180109192', '2019-08-27', 6, 3419, 3419),
('CD0547', 'New St. Joseph Pharmacy', 'Seeduwa', 'CSO180109193', '2019-08-27', 6, 9693, 9693),
('CD0510', 'Sri Lak Pharmacy', 'Seeduwa', 'CSO180109195', '2019-08-27', 6, 8483.3, 8483.3),
('CD0365', 'Seeduwa Osusala', 'Seeduwa', 'CSO180109196', '2019-08-27', 6, 27477, 27477),
('CD0176', 'St. Marrys Pharmacy - KA', 'Katunayake', 'CSO180109197', '2019-08-28', 5, 8453, 7160),
('COLD14555', 'Nawa Lanka Pharmacy', 'Negombo', 'CSO180109198', '2019-08-28', 5, 24303, 24303),
('CD0107', 'New Central Pharmacy', 'Negombo', 'CSO180109199', '2019-08-27', 6, 8530, 8530),
('CD0088', 'Mahajana Osu Sala', 'Negombo', 'CSO180109200', '2019-08-28', 5, 16773, 16773),
('CD0481', 'Reliance Pharmacy', 'Negombo', 'CSO180109202', '2019-08-28', 5, 8913, 8913),
('CD0316', 'KFD Distributors', 'Negombo', 'CSO180109203', '2019-08-28', 5, 2071, 2071),
('CD0078', 'Krishmo Pharmacy', 'Wattala', 'CSO180109204', '2019-08-28', 5, 2170, 2170),
('CD0133', 'Peoples Pharmacy  Grocery', 'Wattala', 'CSO180109205', '2019-08-28', 5, 66448, 66448),
('CD0128', 'Osu Sala Wattala', 'Wattala', 'CSO180109206', '2019-08-28', 5, 77179, 77179),
('CD0099', 'Milan Pharmacy', 'Wattala', 'CSO180109207', '2019-08-28', 5, 5632, 5632),
('CD0253', 'Chemi World', 'Enderamulla', 'CSO180109208', '2019-08-28', 5, 18957, 18957),
('CD0062', 'Isuri Pharmacy', 'Wattala', 'CSO180109210', '2019-08-31', 2, 7681, 7681),
('CD0071', 'Kalidson Pharmacy', 'Negombo', 'CSO180109211', '2019-08-28', 5, 1680, 1680),
('CD0549', 'Lakshan Chemist', 'Wattala', 'CSO180109212', '2019-08-28', 5, 2909, 2909),
('CD0541', 'Mabola Osusala', 'Wattala', 'CSO180109213', '2019-08-28', 5, 2026, 2026),
('CD0525', 'Health  Glow Pharmacy - 2', 'Wattala', 'CSO180109214', '2019-08-29', 4, 853, 853),
('CD0080', 'Lanka Pharmacy', 'Negombo', 'CSO180109215', '2019-08-29', 4, 42626, 42626),
('CD0083', 'Leesons Pharmacy', 'Ragama', 'CSO180109216', '2019-08-29', 4, 79105, 79105),
('CD0220', 'The Pharmacy', 'Negombo', 'CSO180109217', '2019-08-31', 2, 7334, 7334),
('CD0259', 'Crystal Pharmacy', 'Negombo', 'CSO180109218', '2019-08-29', 4, 5581, 5581),
('CD0254', 'Sahana Pharmacy', 'Ragama', 'CSO180109219', '2019-08-29', 4, 31966, 31966),
('CD0025', 'City Pharmacy', 'Ragama', 'CSO180109220', '2019-08-29', 4, 2499, 2499),
('COLD13777', 'Royal Pharmacy - Kanda', 'Kandana', 'CSO180109222', '2019-08-29', 4, 6240, 6240),
('CD0242', 'K. S. A. Medical', 'Negombo', 'CSO180109223', '2019-08-29', 4, 5209, 5209),
('CD0107', 'New Central Pharmacy', 'Negombo', 'CSO180109224', '2019-08-29', 4, 915, 915),
('CD0044', 'Gimshani Pharmacy', 'Kandana', 'CSO180109225', '2019-08-29', 4, 5076, 5076),
('CD0145', 'Reliable Pharmacy', 'Ragama', 'CSO180109226', '2019-08-30', 3, 11134, 11134),
('CD0508', 'St. Joseph Pharmacy  Grocery', 'Ja-Ela', 'CSO180109228', '2019-08-30', 3, 4265, 4265),
('CD0147', 'Robert Medical', 'Negombo', 'CSO180109229', '2019-08-30', 3, 7680, 7680),
('CD0539', 'Thenuka Pharmacy', 'Negombo', 'CSO180109230', '2019-08-30', 3, 60883, 60883),
('CD0539', 'Thenuka Pharmacy', 'Negombo', 'CSO180109231', '2019-08-30', 3, 6005, 6005),
('CD0568', 'Healing Pharmacy', 'Negombo', 'CSO180109232', '2019-08-30', 3, 414.2, 414.2),
('CD0390', 'Lasith Pharmacy', 'Negombo', 'CSO180109233', '2019-08-30', 3, 2370, 2370),
('CD0080', 'Lanka Pharmacy', 'Negombo', 'CSO180109234', '2019-08-30', 3, 14871, 14871),
('CD0257', 'Nirodha Pharmacy', 'Badalgama', 'CSO180109236', '2019-09-02', 0, 1482, 1482),
('CD0176', 'St. Marrys Pharmacy - KA', 'Katunayake', 'CSO180109237', '2019-08-31', 2, 2402, 2402),
('CD0130', 'Pamunugama Pharmacy', 'Bopitiya', 'CSO180109238', '2019-08-31', 2, 1479, 1479),
('CD0228', 'Shanthi Pharmacy', 'Negombo', 'CSO180109239', '2019-08-31', 2, 10243, 10243),
('CD0151', 'S  G Medicals', 'Negombo', 'CSO180109240', '2019-08-31', 2, 20295.5, 20295.5),
('COLD14611', 'Sasithma Pharmacy & Grocery', 'Ja-Ela', 'CSO180109241', '2019-09-02', 0, 860, 860),
('CD0396', 'Hansi Pharmacy', 'Ja-Ela', 'CSO180109242', '2019-09-02', 0, 1707, 1707),
('CD0258', 'Rilaulla Pharmacy', 'Kandana', 'CSO180109243', '2019-09-02', 0, 9669, 9669),
('CD0508', 'St. Joseph Pharmacy  Grocery', 'Ja-Ela', 'CSO180109244', '2019-09-02', 0, 28450, 28450),
('CD0294', 'Bopitiya Pharmacy', 'Bopitiya', 'CSO180109245', '2019-09-02', 0, 12553, 12553),
('CD0111', 'New Pharmacy', 'Wattala', 'CSO180109246', '2019-09-02', 0, 14608, 14608),
('CD0035', 'Ekala Pharmacy', 'Ja-Ela', 'CSO180109247', '2019-09-02', 0, 2806, 2806),
('CD0293', 'St. Joshep Pharmacy', 'Bopitiya', 'CSO180109249', '2019-09-02', 0, 6598, 6598),
('CD0104', 'Nawa Osusala', 'Ja-Ela', 'CSO180109250', '2019-09-02', 0, 1293, 1293),
('CD0163', 'Sethma Pharmacy', 'Kandana', 'CSO180109251', '2019-09-02', 0, 46441, 46441),
('CD0181', 'Super Medical', 'Negombo', 'CSO180109254', '2019-09-02', 0, 51003, 51003),
('COLD15059', 'Jayamaha Distributors', 'Pamunugama', 'CSO180109255', '2019-09-02', 0, 13165, 13165),
('CD0476', 'Dagonna Pharmacy  Mini Mart', 'Negombo', 'CSO180109257', '2019-09-02', 0, 22160, 22160),
('CD0441', 'Isura Pharmacy', 'Ragama', 'CSO180109258', '2019-09-02', 0, 5965, 5965),
('CD0194', 'Unique Pharmacy', 'Negombo', 'CSO180109259', '2019-09-02', 0, 41105, 41105),
('CD0136', 'Pharma Chemi', 'Wattala', 'CSO180109260', '2019-09-02', 0, 2925.2, 2925.2),
('CD0099', 'Milan Pharmacy', 'Wattala', 'CSO180109261', '2019-09-02', 0, 4056.2, 4056.2),
('CD0128', 'Osu Sala Wattala', 'Wattala', 'CSO180109262', '2019-09-02', 0, 1462.5, 1462.5),
('CD0146', 'Rio Pharmacy', 'Hendala', 'CSO180109263', '2019-09-02', 0, 4903.1, 4903.1),
('CD0525', 'Health  Glow Pharmacy - 2', 'Wattala', 'CSO180109264', '2019-09-02', 0, 6034.1, 6034.1),
('CD0176', 'St. Marrys Pharmacy - KA', 'Katunayake', 'CSO180109266', '2019-09-02', 0, 5827, 5827);
INSERT INTO `ciplaoutupload` (`cID`, `cCustName`, `cTown`, `inv`, `date`, `age`, `amount`, `balAmount`) VALUES
('CD0045', 'Gold Crest Pharmacy', 'Seeduwa', 'CSO180109267', '2019-09-02', 0, 5400, 5400),
('COLD14348', 'Ashoka Pharmacy', 'Negombo', 'CSO180109268', '2019-09-02', 0, 427, 427),
('CD0228', 'Shanthi Pharmacy', 'Negombo', 'CSO180109271', '2019-09-02', 0, 3492.3, 3492.3),
('CD0018', 'Better Health Pharmacy', 'Negombo', 'CSO180109273', '2019-09-02', 0, 2938, 2938),
('CD0032', 'Digasiri Pharmacy', 'Ja-Ela', 'CSO180109275', '2019-09-02', 0, 5400, 5400),
('CD0173', 'St. Jude Pharmacy', 'Ja-Ela', 'CSO180109276', '2019-09-02', 0, 1532, 1532),
('CD0104', 'Nawa Osusala', 'Ja-Ela', 'CSO180109277', '2019-09-02', 0, 5400, 5400),
('CD0258', 'Rilaulla Pharmacy', 'Kandana', 'CSO180109278', '2019-09-02', 0, 5400, 5400),
('COLD14555', 'Nawa Lanka Pharmacy', 'Negombo', 'CSO180109279', '2019-09-02', 0, 1273, 1273),
('CD0107', 'New Central Pharmacy', 'Negombo', 'CSO180109285', '2019-09-02', 0, 4572, 4572),
('CD0080', 'Lanka Pharmacy', 'Negombo', 'CSO180109286', '2019-09-02', 0, 19854, 19854),
('CD0390', 'Lasith Pharmacy', 'Negombo', 'CSO180109301', '2019-09-02', 0, 704, 704),
('CD0549', 'Lakshan Chemist', 'Wattala', 'CSO180109302', '2019-09-02', 0, 5690, 5690),
('CD0240', 'Hiru Pharmacy', 'Katana', 'CSO183001947', '2018-04-02', 518, 8600, 8600),
('CD0410', 'Sey Medi Pharmacy', 'Ragama', 'CSO183002240', '2018-04-23', 497, 2141, 2141),
('COLD14005', 'Anuja Fernando Dr.', 'Seeduwa', 'CSO183002298', '2018-04-24', 496, 10300, 10300),
('CD0020', 'Cash Customer - Colombo D', 'Negombo', 'CSO183002799', '2018-05-28', 462, 3474, 3474),
('CD0020', 'Cash Customer - Colombo D', 'Negombo', 'CSO183002879', '2018-06-02', 457, 1707, 1707),
('CD0020', 'Cash Customer - Colombo D', 'Negombo', 'CSO183002974', '2018-06-08', 451, 840, 840),
('CD0020', 'Cash Customer - Colombo D', 'Negombo', 'CSO183003437', '2018-07-06', 423, 2646, 2646),
('CD0529', 'Darshana Mohotti Dr.', 'Kandana', 'CSO183003787', '2018-08-02', 396, 10370, 10370),
('CD0020', 'Cash Customer - Colombo D', 'Negombo', 'CSO183004252', '2018-09-14', 353, 3414, 3414),
('CD0412', 'New Kalani Pharmacy', 'Ja-Ela', 'CSO183004456', '2018-10-02', 335, 3915, 3915),
('CD0020', 'Cash Customer - Colombo D', 'Negombo', 'CSO183004464', '2018-10-03', 334, 4708, 4708),
('COLD13750', 'Poojani Illangasinghe Dr.', 'Wattala', 'CSO183004806', '2018-11-01', 305, 6900, 2850),
('CD0552', 'Wasantha Hearath Dr.', 'Ja-Ela', 'CSO183005084', '2018-11-23', 283, 1380, 1380),
('CD0339', 'Lasantha Somaratne Dr.', 'Kandana', 'CSO183005122', '2018-11-27', 279, 35765, 17870),
('COLD13901', 'Siyapatha Pharmacy', 'Ragama', 'CSO183005146', '2018-11-28', 278, 18729, 18729),
('COLD12316', 'Lakshman Fernando Dr.', 'Hunupitiya', 'CSO183005211', '2018-12-03', 273, 8530, 8530),
('CD0264', 'Daya Fernando A.T.Dr.', 'Kandana', 'CSO183005326', '2018-12-13', 263, 4525, 4525),
('CD0012', 'Asiri Pharmacy', 'Ja-Ela', 'CSO183005342', '2018-12-28', 248, 38300, 15457),
('CD0104', 'Nawa Osusala', 'Ja-Ela', 'CSO183005471', '2018-12-27', 249, 28346, 603),
('CD0020', 'Cash Customer - Colombo D', 'Negombo', 'CSO183005626', '2019-01-05', 240, 4850, 4850),
('CD0293', 'St. Joshep Pharmacy', 'Bopitiya', 'CSO183005890', '2019-01-21', 224, 17305, 17305),
('CD0107', 'New Central Pharmacy', 'Negombo', 'CSO183005928', '2019-01-22', 223, 2559, 2559),
('CD0138', 'P.J. ENTERPRISES (PVT) Ltd.', 'Ja-Ela', 'CSO183006109', '2019-02-01', 213, 4225, 4225),
('CD0052', 'Health  Glow Pharmacy', 'Wattala', 'CSO183006115', '2019-02-01', 213, 8450, 8450),
('CD0469', 'Asiri Pharmacy  Grocery', 'Negombo', 'CSO183006144', '2019-02-02', 212, 2262, 1810),
('CD0265', 'Anoma J.Wejesinghe dr.', 'Wattala', 'CSO183006248', '2019-02-15', 199, 13500, 13500),
('CD0063', 'J  J Pharmacy', 'Negombo', 'CSO183006268', '2019-02-08', 206, 948, 948),
('COLD13809', 'Lakshi Pharmacy', 'Negombo', 'CSO183006282', '2019-02-11', 203, 14869, 14869),
('CD0220', 'The Pharmacy', 'Negombo', 'CSO183006298', '2019-02-11', 203, 1293, 1293),
('COLD14764', 'Sisira Vidanagamage Dr.', 'Seeduwa', 'CSO183006364', '2019-02-15', 199, 8325, 8325),
('CD0441', 'Isura Pharmacy', 'Ragama', 'CSO183006366', '2019-02-15', 199, 2526, 1681),
('CD0276', 'Manik De Mel Dr.', 'Ragama', 'CSO183006527', '2019-03-01', 185, 28810, 25185),
('CD0002', 'Abeysinghe Dr.', 'Bopitiya', 'CSO183006554', '2019-02-27', 187, 19160, 19160),
('CD0194', 'Unique Pharmacy', 'Negombo', 'CSO183006636', '2019-03-01', 185, 32205, 32205),
('COLD14155', 'Glorious Medicare', 'Kandana', 'CSO183007047', '2019-03-28', 158, 8024, 6000),
('CD0147', 'Robert Medical', 'Negombo', 'CSO183007051', '2019-03-27', 159, 27480, 2176),
('CD0539', 'Thenuka Pharmacy', 'Negombo', 'CSO183007164', '2019-04-01', 154, 108600, 108600),
('CD0476', 'Dagonna Pharmacy  Mini Mart', 'Negombo', 'CSO183007166', '2019-04-01', 154, 141000, 141000),
('CD0164', 'Shanthi Vidya Nivasa', 'Katana', 'CSO183007167', '2019-04-01', 154, 141000, 141000),
('CD0052', 'Health  Glow Pharmacy', 'Wattala', 'CSO183007213', '2019-04-05', 150, 1681, 1681),
('CD0497', 'Nimal Sovis Dr.', 'Ja-Ela', 'CSO183007281', '2019-04-11', 144, 18176, 494),
('CD0249', 'Roshini Pharmacy', 'Ja-Ela', 'CSO183007338', '2019-04-20', 135, 494, 494),
('CD0490', 'Moon Pharmacy', 'Negombo', 'CSO183007371', '2019-04-23', 132, 3563, 3563),
('COLD13646', 'Nishaka perera Dr.', 'Ragama', 'CSO183007397', '2019-04-25', 130, 5094, 5094),
('CD0083', 'Leesons Pharmacy', 'Ragama', 'CSO183007452', '2019-04-29', 126, 1293, 1293),
('CD0231', 'Mendis N. S. M. Dr.', 'Ragama', 'CSO183007494', '2019-05-03', 122, 20690, 20690),
('COLD14561', 'Nimali Karannagoda(Mrs).Dr.', 'Pamunugama', 'CSO183007517', '2019-05-04', 121, 4050, 4050),
('CD0284', 'D. M. D. Madawala Dr.', 'Wattala', 'CSO183007666', '2019-05-15', 110, 13500, 13500),
('CD0194', 'Unique Pharmacy', 'Negombo', 'CSO183007684', '2019-05-15', 110, 1293, 1293),
('CD0258', 'Rilaulla Pharmacy', 'Kandana', 'CSO183007798', '2019-05-24', 101, 9234, 9234),
('CD0176', 'St. Marrys Pharmacy - KA', 'Katunayake', 'CSO183007843', '2019-05-27', 98, 32205, 32205),
('COLD14921', 'Asanka De Silva Dr.', 'Ragama', 'CSO183007846', '2019-05-27', 98, 17600, 17600),
('CD0133', 'Peoples Pharmacy  Grocery', 'Wattala', 'CSO183007856', '2019-05-27', 98, 32205, 32205),
('CD0220', 'The Pharmacy', 'Negombo', 'CSO183007895', '2019-05-29', 96, 24672, 1437),
('CD0256', 'X  Lab Pharmacy', 'Negombo', 'CSO183007945', '2019-06-01', 93, 5811.01, 5811.01),
('CD0231', 'Mendis N. S. M. Dr.', 'Ragama', 'CSO183007960', '2019-06-03', 91, 8480, 8480),
('COLD14165', 'Daniel U.P.Dr.', 'Wattala', 'CSO183007969', '2019-06-03', 91, 15500, 15500),
('CD0500', 'Dinura Pharmacy', 'Ragama', 'CSO183007975', '2019-06-03', 91, 2069, 2069),
('CD0294', 'Bopitiya Pharmacy', 'Bopitiya', 'CSO183008005', '2019-06-07', 87, 1821, 1821),
('CD0476', 'Dagonna Pharmacy  Mini Mart', 'Negombo', 'CSO183008006', '2019-06-07', 87, 1821, 1821),
('CD0071', 'Kalidson Pharmacy', 'Negombo', 'CSO183008007', '2019-06-07', 87, 1066, 1066),
('CD0072', 'Kandana Food  Drugs', 'Kandana', 'CSO183008008', '2019-06-07', 87, 755, 755),
('CD0390', 'Lasith Pharmacy', 'Negombo', 'CSO183008009', '2019-06-07', 87, 1066, 1066),
('CD0130', 'Pamunugama Pharmacy', 'Bopitiya', 'CSO183008011', '2019-06-07', 87, 755, 755),
('CD0141', 'Ragama Pharmacy', 'Ragama', 'CSO183008012', '2019-06-18', 76, 1821, 1821),
('CD0258', 'Rilaulla Pharmacy', 'Kandana', 'CSO183008013', '2019-06-18', 76, 755, 755),
('CD0486', 'Royal Pharmacy Lanka (Pvt) Ltd.', 'Negombo', 'CSO183008015', '2019-06-18', 76, 755, 755),
('CD0356', 'Rusal Pharmacy - (Aloka Dr.)', 'Katana', 'CSO183008016', '2019-06-07', 87, 755, 755),
('CD0151', 'S  G Medicals', 'Negombo', 'CSO183008017', '2019-06-07', 87, 1066, 1066),
('CD0293', 'St. Joshep Pharmacy', 'Bopitiya', 'CSO183008018', '2019-06-18', 76, 755, 755),
('CD0455', 'Suwasala Pharmacy', 'Negombo', 'CSO183008019', '2019-06-18', 76, 755, 755),
('CD0539', 'Thenuka Pharmacy', 'Negombo', 'CSO183008020', '2019-06-07', 87, 1066, 1066),
('CD0167', 'Silveray Pharmacy', 'Negombo', 'CSO183008025', '2019-06-06', 88, 3726, 3726),
('CD0316', 'KFD Distributors', 'Negombo', 'CSO183008030', '2019-06-07', 87, 1821, 1821),
('COLD14861', 'Jayanath A.A.K.Dr.', 'Katana', 'CSO183008045', '2019-06-08', 86, 10360, 10360),
('CD0396', 'Hansi Pharmacy', 'Ja-Ela', 'CSO183008066', '2019-06-10', 84, 1659, 1659),
('CD0500', 'Dinura Pharmacy', 'Ragama', 'CSO183008079', '2019-06-10', 84, 3832, 3832),
('CD0500', 'Dinura Pharmacy', 'Ragama', 'CSO183008080', '2019-06-10', 84, 26650, 26650),
('CD0259', 'Crystal Pharmacy', 'Negombo', 'CSO183008140', '2019-06-13', 81, 6974, 6974),
('CD0259', 'Crystal Pharmacy', 'Negombo', 'CSO183008141', '2019-06-14', 80, 6983, 6983),
('COLD13951', 'Dammika Pathirana Dr.', 'Ragama', 'CSO183008160', '2019-06-14', 80, 8450, 8450),
('CD0151', 'S  G Medicals', 'Negombo', 'CSO183008163', '2019-06-14', 80, 2526, 2526),
('CD0356', 'Rusal Pharmacy - (Aloka Dr.)', 'Katana', 'CSO183008183', '2019-06-15', 79, 7883, 7883),
('CD0469', 'Asiri Pharmacy  Grocery', 'Negombo', 'CSO183008234', '2019-06-19', 75, 13915, 13915),
('CD0294', 'Bopitiya Pharmacy', 'Bopitiya', 'CSO183008238', '2019-06-19', 75, 1681, 1681),
('CD0455', 'Suwasala Pharmacy', 'Negombo', 'CSO183008252', '2019-06-20', 74, 27800, 27800),
('CD0107', 'New Central Pharmacy', 'Negombo', 'CSO183008279', '2019-06-20', 74, 27330, 27330),
('CD0452', 'Welikala G. A. J. Dr.', 'Raddolugama', 'CSO183008290', '2019-06-21', 73, 845, 845),
('CD0189', 'Thalahena Pharmacy', 'Negombo', 'CSO183008299', '2019-06-21', 73, 1293, 1293),
('CD0455', 'Suwasala Pharmacy', 'Negombo', 'CSO183008307', '2019-06-21', 73, 10638, 10638),
('CD0316', 'KFD Distributors', 'Negombo', 'CSO183008338', '2019-06-24', 70, 165000, 165000),
('CD0455', 'Suwasala Pharmacy', 'Negombo', 'CSO183008341', '2019-06-25', 69, 45780, 45780),
('CD0452', 'Welikala G. A. J. Dr.', 'Raddolugama', 'CSO183008345', '2019-06-24', 70, 6660, 6660),
('CD0455', 'Suwasala Pharmacy', 'Negombo', 'CSO183008354', '2019-06-25', 69, 9038, 8190),
('CD0083', 'Leesons Pharmacy', 'Ragama', 'CSO183008359', '2019-06-25', 69, 850, 850),
('CD0013', 'Asiri Pharmacy', 'Raddolugama', 'CSO183008365', '2019-06-25', 69, 845, 845),
('CD0083', 'Leesons Pharmacy', 'Ragama', 'CSO183008368', '2019-06-25', 69, 1690, 1690),
('CD0455', 'Suwasala Pharmacy', 'Negombo', 'CSO183008369', '2019-06-25', 69, 23312, 14098),
('CD0467', 'Laksiri Lokuliayana Dr.', 'Ja-Ela', 'CSO183008375', '2019-06-25', 69, 18600, 18600),
('CD0293', 'St. Joshep Pharmacy', 'Bopitiya', 'CSO183008398', '2019-06-27', 67, 19654, 17244),
('CD0316', 'KFD Distributors', 'Negombo', 'CSO183008404', '2019-06-27', 67, 115000, 115000),
('CD0316', 'KFD Distributors', 'Negombo', 'CSO183008405', '2019-06-29', 65, 621000, 621000),
('CD0402', 'Pamunugama Osu Sala', 'Raddolugama', 'CSO183008406', '2019-06-27', 67, 4225, 4225),
('CD0231', 'Mendis N. S. M. Dr.', 'Ragama', 'CSO183008409', '2019-06-27', 67, 16500, 16500),
('CD0259', 'Crystal Pharmacy', 'Negombo', 'CSO183008410', '2019-06-27', 67, 17291, 17291),
('CD0194', 'Unique Pharmacy', 'Negombo', 'CSO183008411', '2019-06-27', 67, 26880, 26880),
('COLD14165', 'Daniel U.P.Dr.', 'Wattala', 'CSO183008430', '2019-06-29', 65, 8450, 8450),
('CD0274', 'Nimali Tissera Dr.', 'Ragama', 'CSO183008432', '2019-06-28', 66, 31080, 31080),
('CD0231', 'Mendis N. S. M. Dr.', 'Ragama', 'CSO183008433', '2019-06-28', 66, 3300, 3300),
('CD0231', 'Mendis N. S. M. Dr.', 'Ragama', 'CSO183008434', '2019-06-29', 65, 19400, 19400),
('CD0231', 'Mendis N. S. M. Dr.', 'Ragama', 'CSO183008435', '2019-06-28', 66, 18600, 18600),
('CD0231', 'Mendis N. S. M. Dr.', 'Ragama', 'CSO183008436', '2019-06-29', 65, 12680, 12680),
('CD0231', 'Mendis N. S. M. Dr.', 'Ragama', 'CSO183008439', '2019-06-29', 65, 27800, 27800),
('COLD13972', 'Upul Karunarathne Dr.', 'Katana', 'CSO183008440', '2019-06-28', 66, 44400, 44400),
('CD0220', 'The Pharmacy', 'Negombo', 'CSO183008468', '2019-06-29', 65, 16538, 16538),
('CD0316', 'KFD Distributors', 'Negombo', 'CSO183008477', '2019-06-29', 65, 554600, 471200),
('CD0316', 'KFD Distributors', 'Negombo', 'CSO183008480', '2019-06-29', 65, 150100, 150100),
('CD0455', 'Suwasala Pharmacy', 'Negombo', 'CSO183008487', '2019-07-01', 63, 11750, 11750),
('CD0249', 'Roshini Pharmacy', 'Ja-Ela', 'CSO183008489', '2019-07-01', 63, 10660, 10660),
('COLD14443', 'Sanjaya Wimalarathna Dr.', 'Wattala', 'CSO183008493', '2019-07-01', 63, 31100, 31100),
('CD0194', 'Unique Pharmacy', 'Negombo', 'CSO183008497', '2019-07-01', 63, 5690.05, 5690.05),
('CD0128', 'Osu Sala Wattala', 'Wattala', 'CSO183008510', '2019-07-01', 63, 12600, 12600),
('CD0285', 'Chinthaka Rathnayaka Dr.', 'Wattala', 'CSO183008517', '2019-07-01', 63, 21550, 21550),
('COLD13951', 'Dammika Pathirana Dr.', 'Ragama', 'CSO183008519', '2019-07-01', 63, 49700, 49700),
('CD0455', 'Suwasala Pharmacy', 'Negombo', 'CSO183008520', '2019-07-01', 63, 55880, 55880),
('COLD14348', 'Ashoka Pharmacy', 'Negombo', 'CSO183008525', '2019-07-01', 63, 10769, 6163),
('CD0083', 'Leesons Pharmacy', 'Ragama', 'CSO183008545', '2019-07-01', 63, 12420, 12420),
('CD0176', 'St. Marrys Pharmacy - KA', 'Katunayake', 'CSO183008570', '2019-07-01', 63, 53300, 53300),
('CD0228', 'Shanthi Pharmacy', 'Negombo', 'CSO183008572', '2019-07-01', 63, 31980, 31980),
('COLD14561', 'Nimali Karannagoda(Mrs).Dr.', 'Pamunugama', 'CSO183008574', '2019-07-02', 62, 7750, 7750),
('CD0507', 'Sujith Pulukkuttiarachchui Dr.', 'Kandana', 'CSO183008575', '2019-07-02', 62, 31370, 31370),
('CD0194', 'Unique Pharmacy', 'Negombo', 'CSO183008578', '2019-07-02', 62, 7750, 7750),
('CD0147', 'Robert Medical', 'Negombo', 'CSO183008585', '2019-07-02', 62, 4403, 4403),
('CD0455', 'Suwasala Pharmacy', 'Negombo', 'CSO183008588', '2019-07-02', 62, 2552, 2552),
('CD0390', 'Lasith Pharmacy', 'Negombo', 'CSO183008590', '2019-07-02', 62, 15423, 15423),
('CD0455', 'Suwasala Pharmacy', 'Negombo', 'CSO183008636', '2019-07-05', 59, 15500, 15500),
('CD0455', 'Suwasala Pharmacy', 'Negombo', 'CSO183008643', '2019-07-06', 58, 19530, 19530),
('COLD14166', 'Thudella Pharmacy', 'Ja-Ela', 'CSO183008659', '2019-07-08', 56, 8860, 8860),
('CD0107', 'New Central Pharmacy', 'Negombo', 'CSO183008661', '2019-07-08', 56, 21708, 21708),
('CD0194', 'Unique Pharmacy', 'Negombo', 'CSO183008662', '2019-07-08', 56, 3880, 3880),
('CD0259', 'Crystal Pharmacy', 'Negombo', 'CSO183008670', '2019-07-10', 54, 2580, 2580),
('CD0474', 'Pradipa Osusala  Grocery', 'Negombo', 'CSO183008686', '2019-07-09', 55, 20952, 20952),
('CD0455', 'Suwasala Pharmacy', 'Negombo', 'CSO183008691', '2019-07-09', 55, 13708, 13708),
('COLD12316', 'Lakshman Fernando Dr.', 'Hunupitiya', 'CSO183008695', '2019-07-09', 55, 13290.1, 13290.1),
('COLD14499', 'Jayalath A.Dr.', 'Wattala', 'CSO183008700', '2019-07-10', 54, 26590, 26590),
('CD0073', 'Kapuwatha Pharmacy', 'Ja-Ela', 'CSO183008701', '2019-07-10', 54, 16374, 16374),
('CD0053', 'Health Care Medicla', 'Negombo', 'CSO183008708', '2019-07-11', 53, 845, 845),
('CD0496', 'Alliance Pharmacy', 'Ragama', 'CSO183008709', '2019-07-11', 53, 1242, 1242),
('CD0220', 'The Pharmacy', 'Negombo', 'CSO183008713', '2019-07-11', 53, 14152.5, 14152.5),
('CD0259', 'Crystal Pharmacy', 'Negombo', 'CSO183008714', '2019-07-11', 53, 8044, 6179),
('CD0470', 'Best Way Pharmacy', 'Negombo', 'CSO183008716', '2019-07-11', 53, 7389, 7389),
('COLD13809', 'Lakshi Pharmacy', 'Negombo', 'CSO183008718', '2019-07-11', 53, 10086, 5804),
('CD0018', 'Better Health Pharmacy', 'Negombo', 'CSO183008720', '2019-07-11', 53, 14383, 14383),
('CD0107', 'New Central Pharmacy', 'Negombo', 'CSO183008721', '2019-07-11', 53, 22640, 22640),
('CD0023', 'City Medical', 'Negombo', 'CSO183008722', '2019-07-11', 53, 21000, 21000),
('COLD13957', 'Negombo Drugs', 'Negombo', 'CSO183008724', '2019-07-11', 53, 13498, 13498),
('CD0147', 'Robert Medical', 'Negombo', 'CSO183008730', '2019-07-12', 52, 2328, 2328),
('CD0124', 'Orient Pharmacy', 'Averiwatta', 'CSO183008736', '2019-07-17', 47, 19844, 19844),
('CD0194', 'Unique Pharmacy', 'Negombo', 'CSO183008750', '2019-07-13', 51, 8800, 8800),
('CD0444', 'Chandana Rajakaruna Dr.', 'Wattala', 'CSO183008765', '2019-07-15', 49, 10360, 10360),
('CD0498', 'Isura Pharmacy  Grocery', 'Katana', 'CSO183008767', '2019-07-15', 49, 3105, 3105),
('CD0125', 'Orient Pharmacy', 'Kandana', 'CSO183008783', '2019-07-15', 49, 2200, 2200),
('CD0444', 'Chandana Rajakaruna Dr.', 'Wattala', 'CSO183008786', '2019-07-18', 46, 11780, 11780),
('CD0071', 'Kalidson Pharmacy', 'Negombo', 'CSO183008787', '2019-07-18', 46, 11781, 10687),
('CD0194', 'Unique Pharmacy', 'Negombo', 'CSO183008788', '2019-07-17', 47, 18630, 18630),
('CD0164', 'Shanthi Vidya Nivasa', 'Katana', 'CSO183008791', '2019-07-18', 46, 1430, 1430),
('CD0155', 'Sarana Osusala', 'Badalgama', 'CSO183008793', '2019-07-18', 46, 3781.02, 3781.02),
('CD0243', 'Suwa Setha Pharmacy', 'Badalgama', 'CSO183008794', '2019-07-23', 41, 32836, 32836),
('CD0257', 'Nirodha Pharmacy', 'Badalgama', 'CSO183008796', '2019-07-18', 46, 3000, 3000),
('CD0356', 'Rusal Pharmacy - (Aloka Dr.)', 'Katana', 'CSO183008802', '2019-07-29', 35, 39431, 39431),
('CD0455', 'Suwasala Pharmacy', 'Negombo', 'CSO183008806', '2019-07-18', 46, 9990, 9990),
('CD0470', 'Best Way Pharmacy', 'Negombo', 'CSO183008808', '2019-07-18', 46, 3110, 3110),
('CD0088', 'Mahajana Osu Sala', 'Negombo', 'CSO183008813', '2019-07-18', 46, 12930, 12930),
('COLD12316', 'Lakshman Fernando Dr.', 'Hunupitiya', 'CSO183008825', '2019-07-19', 45, 3100, 3100),
('CD0024', 'City Pharmacy', 'Ja-Ela', 'CSO183008836', '2019-07-19', 45, 28234, 28234),
('CD0469', 'Asiri Pharmacy  Grocery', 'Negombo', 'CSO183008837', '2019-07-20', 44, 14597, 14597),
('CD0194', 'Unique Pharmacy', 'Negombo', 'CSO183008839', '2019-07-20', 44, 41570.1, 41570.1),
('CD0259', 'Crystal Pharmacy', 'Negombo', 'CSO183008840', '2019-07-19', 45, 3506, 3506),
('CD0194', 'Unique Pharmacy', 'Negombo', 'CSO183008845', '2019-07-20', 44, 12420, 12420),
('CD0107', 'New Central Pharmacy', 'Negombo', 'CSO183008848', '2019-07-20', 44, 44734, 44734),
('CD0107', 'New Central Pharmacy', 'Negombo', 'CSO183008855', '2019-07-20', 44, 1660, 1660),
('CD0164', 'Shanthi Vidya Nivasa', 'Katana', 'CSO183008857', '2019-07-20', 44, 6210, 6210),
('COLD14555', 'Nawa Lanka Pharmacy', 'Negombo', 'CSO183008864', '2019-07-22', 42, 8219, 8219),
('CD0124', 'Orient Pharmacy', 'Averiwatta', 'CSO183008869', '2019-08-01', 32, 7932.5, 7932.5),
('CD0149', 'Roswila Pharmacy', 'Wattala', 'CSO183008877', '2019-07-22', 42, 5325, 5325),
('CD0346', 'Laksi Pharmacy', 'Peliyagoda', 'CSO183008881', '2019-07-22', 42, 4479.5, 4479.5),
('CD0549', 'Lakshan Chemist', 'Wattala', 'CSO183008884', '2019-07-22', 42, 10088, 10088),
('CD0316', 'KFD Distributors', 'Negombo', 'CSO183008885', '2019-07-24', 40, 591130, 555380),
('COLD13639', 'Suneth Wijewardana Dr.', 'Badalgama', 'CSO183008886', '2019-07-23', 41, 15500, 15500),
('CD0194', 'Unique Pharmacy', 'Negombo', 'CSO183008896', '2019-07-24', 40, 15520, 15520),
('CD0496', 'Alliance Pharmacy', 'Ragama', 'CSO183008897', '2019-08-01', 32, 3618, 3618),
('CD0145', 'Reliable Pharmacy', 'Ragama', 'CSO183008899', '2019-07-23', 41, 6832, 6832),
('CD0194', 'Unique Pharmacy', 'Negombo', 'CSO183008905', '2019-07-24', 40, 11190, 11190),
('CD0541', 'Mabola Osusala', 'Wattala', 'CSO183008906', '2019-07-24', 40, 18590, 18590),
('CD0339', 'Lasantha Somaratne Dr.', 'Kandana', 'CSO183008908', '2019-07-24', 40, 32660, 32660),
('CD0071', 'Kalidson Pharmacy', 'Negombo', 'CSO183008910', '2019-07-24', 40, 18464, 18464),
('CD0164', 'Shanthi Vidya Nivasa', 'Katana', 'CSO183008914', '2019-07-24', 40, 19541.1, 19541.1),
('COLD14348', 'Ashoka Pharmacy', 'Negombo', 'CSO183008915', '2019-07-24', 40, 3513, 3513),
('CD0497', 'Nimal Sovis Dr.', 'Ja-Ela', 'CSO183008917', '2019-07-24', 40, 8800, 8800),
('COLD14267', 'Iranthi Adikarama Dr.', 'Badalgama', 'CSO183008919', '2019-07-24', 40, 1550, 1550),
('CD0240', 'Hiru Pharmacy', 'Katana', 'CSO183008922', '2019-07-24', 40, 32483, 32483),
('CD0406', 'Browns Healthcare (Pvt) Ltd', 'Ragama', 'CSO183008924', '2019-07-24', 40, 3480, 3480),
('COLD12316', 'Lakshman Fernando Dr.', 'Hunupitiya', 'CSO183008926', '2019-07-24', 40, 1160, 1160),
('COLD14165', 'Daniel U.P.Dr.', 'Wattala', 'CSO183008928', '2019-07-25', 39, 15500, 15500),
('CD0335', 'Calvary Medicals', 'Ja-Ela', 'CSO183008931', '2019-07-25', 39, 4043, 4043),
('CD0346', 'Laksi Pharmacy', 'Peliyagoda', 'CSO183008936', '2019-07-25', 39, 600, 600),
('CD0158', 'Sathya Pharmacy', 'Wattala', 'CSO183008939', '2019-08-01', 32, 23051, 23051),
('CD0396', 'Hansi Pharmacy', 'Ja-Ela', 'CSO183008940', '2019-07-25', 39, 563.01, 563.01),
('COLD13646', 'Nishaka perera Dr.', 'Ragama', 'CSO183008942', '2019-07-26', 38, 18795, 18795),
('COLD13646', 'Nishaka perera Dr.', 'Ragama', 'CSO183008951', '2019-07-26', 38, 13990, 13990),
('CD0194', 'Unique Pharmacy', 'Negombo', 'CSO183008952', '2019-07-26', 38, 12930, 12930),
('CD0259', 'Crystal Pharmacy', 'Negombo', 'CSO183008955', '2019-07-26', 38, 16225, 16225),
('CD0194', 'Unique Pharmacy', 'Negombo', 'CSO183008956', '2019-07-26', 38, 28450, 28450),
('CD0083', 'Leesons Pharmacy', 'Ragama', 'CSO183008958', '2019-07-26', 38, 6220, 6220),
('COLD14348', 'Ashoka Pharmacy', 'Negombo', 'CSO183008959', '2019-07-26', 38, 11134, 11134),
('CD0242', 'K. S. A. Medical', 'Negombo', 'CSO183008961', '2019-07-26', 38, 15271, 15271),
('CD0151', 'S  G Medicals', 'Negombo', 'CSO183008962', '2019-07-27', 37, 8874.01, 8874.01),
('COLD15059', 'Jayamaha Distributors', 'Pamunugama', 'CSO183008963', '2019-07-27', 37, 19530, 19530),
('CD0107', 'New Central Pharmacy', 'Negombo', 'CSO183008966', '2019-07-27', 37, 6210, 6210),
('CD0498', 'Isura Pharmacy  Grocery', 'Katana', 'CSO183008967', '2019-07-27', 37, 1293, 1293),
('CD0140', 'Raddolugama Pharmacy', 'Raddolugama', 'CSO183008970', '2019-07-27', 37, 27500, 27500),
('CD0088', 'Mahajana Osu Sala', 'Negombo', 'CSO183008971', '2019-07-29', 35, 651, 651),
('COLD14555', 'Nawa Lanka Pharmacy', 'Negombo', 'CSO183008972', '2019-07-29', 35, 11929, 11929),
('CD0071', 'Kalidson Pharmacy', 'Negombo', 'CSO183008974', '2019-07-29', 35, 4985, 4985),
('CD0045', 'Gold Crest Pharmacy', 'Seeduwa', 'CSO183008976', '2019-07-29', 35, 6969, 2569),
('CD0147', 'Robert Medical', 'Negombo', 'CSO183008978', '2019-07-29', 35, 2456, 2456),
('CD0194', 'Unique Pharmacy', 'Negombo', 'CSO183008981', '2019-07-29', 35, 3015, 3015),
('CD0055', 'Healthline Pharmacy', 'Kandana', 'CSO183008984', '2019-07-29', 35, 8600, 8600),
('CD0253', 'Chemi World', 'Enderamulla', 'CSO183008985', '2019-08-01', 32, 27589, 27589),
('CD0396', 'Hansi Pharmacy', 'Ja-Ela', 'CSO183008988', '2019-07-29', 35, 1380, 1380),
('CD0128', 'Osu Sala Wattala', 'Wattala', 'CSO183008990', '2019-07-29', 35, 6210, 6210),
('CD0507', 'Sujith Pulukkuttiarachchui Dr.', 'Kandana', 'CSO183008994', '2019-07-30', 34, 28629, 28629),
('CD0164', 'Shanthi Vidya Nivasa', 'Katana', 'CSO183008997', '2019-07-30', 34, 79930, 79930),
('CD0104', 'Nawa Osusala', 'Ja-Ela', 'CSO183008998', '2019-07-30', 34, 31142, 31142),
('CD0046', 'Gunaratne Neville Dr.', 'Ja-Ela', 'CSO183009003', '2019-07-30', 34, 31100, 31100),
('CD0132', 'Peoples Pharmacy', 'Raddolugama', 'CSO183009005', '2019-07-30', 34, 1164, 1164),
('CD0220', 'The Pharmacy', 'Negombo', 'CSO183009006', '2019-07-31', 33, 11719, 11719),
('CD0256', 'X  Lab Pharmacy', 'Negombo', 'CSO183009008', '2019-08-01', 32, 5461, 5461),
('CD0083', 'Leesons Pharmacy', 'Ragama', 'CSO183009009', '2019-07-30', 34, 86355, 86355),
('CD0259', 'Crystal Pharmacy', 'Negombo', 'CSO183009010', '2019-07-31', 33, 6082, 6082),
('CD0154', 'Sampath Pharmacy', 'Ragama', 'CSO183009014', '2019-07-30', 34, 3333, 3333),
('CD0242', 'K. S. A. Medical', 'Negombo', 'CSO183009015', '2019-07-30', 34, 3264, 3264),
('CD0145', 'Reliable Pharmacy', 'Ragama', 'CSO183009017', '2019-07-30', 34, 425, 425),
('CD0408', 'International Institute of Health of Science', 'Mahabage', 'CSO183009018', '2019-07-30', 34, 14380, 14380),
('CD0163', 'Sethma Pharmacy', 'Kandana', 'CSO183009021', '2019-07-31', 33, 91382, 91382),
('CD0181', 'Super Medical', 'Negombo', 'CSO183009026', '2019-07-31', 33, 51400.1, 51400.1),
('COLD13639', 'Suneth Wijewardana Dr.', 'Badalgama', 'CSO183009028', '2019-07-31', 33, 18350, 18350),
('CD0023', 'City Medical', 'Negombo', 'CSO183009030', '2019-07-31', 33, 8600, 8600),
('CD0455', 'Suwasala Pharmacy', 'Negombo', 'CSO183009031', '2019-07-31', 33, 7874, 7874),
('CD0539', 'Thenuka Pharmacy', 'Negombo', 'CSO183009032', '2019-07-31', 33, 2586, 2586),
('CD0045', 'Gold Crest Pharmacy', 'Seeduwa', 'CSO183009034', '2019-07-31', 33, 651, 651),
('CD0140', 'Raddolugama Pharmacy', 'Raddolugama', 'CSO183009035', '2019-07-31', 33, 1810, 1810),
('CD0507', 'Sujith Pulukkuttiarachchui Dr.', 'Kandana', 'CSO183009038', '2019-07-31', 33, 4225, 4225),
('CD0160', 'Seeduwa Medicals', 'Seeduwa', 'CSO183009039', '2019-07-31', 33, 4225, 4225),
('CD0501', 'Jasmin Pharmacy  Grocery', 'Kandana', 'CSO183009041', '2019-08-01', 32, 8450, 8450),
('CD0467', 'Laksiri Lokuliayana Dr.', 'Ja-Ela', 'CSO183009042', '2019-07-31', 33, 7750, 7750),
('CD0046', 'Gunaratne Neville Dr.', 'Ja-Ela', 'CSO183009043', '2019-07-31', 33, 32760, 32760),
('CD0194', 'Unique Pharmacy', 'Negombo', 'CSO183009044', '2019-07-31', 33, 4225, 4225),
('CD0539', 'Thenuka Pharmacy', 'Negombo', 'CSO183009048', '2019-07-31', 33, 4225, 4225),
('CD0497', 'Nimal Sovis Dr.', 'Ja-Ela', 'CSO183009052', '2019-08-01', 32, 6465, 6465),
('CD0258', 'Rilaulla Pharmacy', 'Kandana', 'CSO183009054', '2019-08-01', 32, 67201, 64201),
('CD0107', 'New Central Pharmacy', 'Negombo', 'CSO183009060', '2019-08-01', 32, 1164, 1164),
('COLD14555', 'Nawa Lanka Pharmacy', 'Negombo', 'CSO183009061', '2019-08-01', 32, 776, 776),
('CD0231', 'Mendis N. S. M. Dr.', 'Ragama', 'CSO183009063', '2019-08-01', 32, 23274, 23274),
('CD0194', 'Unique Pharmacy', 'Negombo', 'CSO183009065', '2019-08-01', 32, 100908, 81108),
('CD0083', 'Leesons Pharmacy', 'Ragama', 'CSO183009066', '2019-08-01', 32, 683968, 667468),
('CD0316', 'KFD Distributors', 'Negombo', 'CSO183009068', '2019-08-01', 32, 687880, 687880),
('COLD13910', 'Sunimal Jayakody Dr.', 'Negombo', 'CSO183009069', '2019-08-03', 30, 14280, 14280),
('CD0052', 'Health  Glow Pharmacy', 'Wattala', 'CSO183009070', '2019-08-03', 30, 15167, 15167),
('CD0525', 'Health  Glow Pharmacy - 2', 'Wattala', 'CSO183009073', '2019-08-05', 28, 7260, 7260),
('CD0549', 'Lakshan Chemist', 'Wattala', 'CSO183009076', '2019-08-05', 28, 7746.02, 7746.02),
('CD0081', 'Laxsri Pharmacy', 'Katunayake', 'CSO183009077', '2019-08-05', 28, 3300, 3300),
('CD0130', 'Pamunugama Pharmacy', 'Bopitiya', 'CSO183009079', '2019-08-05', 28, 15624, 15624),
('COLD13779', 'Prasanna Fernando Dr.', 'Ja-Ela', 'CSO183009080', '2019-08-05', 28, 16500, 16500),
('CD0163', 'Sethma Pharmacy', 'Kandana', 'CSO183009081', '2019-08-09', 24, 16540, 16540),
('CD0044', 'Gimshani Pharmacy', 'Kandana', 'CSO183009083', '2019-08-05', 28, 2584, 2584),
('CD0408', 'International Institute of Health of Science', 'Mahabage', 'CSO183009084', '2019-08-05', 28, 7482, 7482),
('CD0130', 'Pamunugama Pharmacy', 'Bopitiya', 'CSO183009085', '2019-08-05', 28, 3880, 3880),
('CD0496', 'Alliance Pharmacy', 'Ragama', 'CSO183009086', '2019-08-08', 25, 5845, 5845),
('CD0154', 'Sampath Pharmacy', 'Ragama', 'CSO183009087', '2019-08-05', 28, 15180, 15180),
('COLD14793', 'Peoples Pharmacy-Magabage', 'Mahabage', 'CSO183009088', '2019-08-05', 28, 7658, 7658),
('CD0254', 'Sahana Pharmacy', 'Ragama', 'CSO183009089', '2019-08-05', 28, 3541, 3541),
('CD0449', 'Rashanthi Wijethunga Dr.', 'Raddolugama', 'CSO183009092', '2019-08-06', 27, 42890, 42890),
('CD0164', 'Shanthi Vidya Nivasa', 'Katana', 'CSO183009093', '2019-08-06', 27, 3000, 3000),
('CD0147', 'Robert Medical', 'Negombo', 'CSO183009094', '2019-08-06', 27, 14166, 14166),
('CD0539', 'Thenuka Pharmacy', 'Negombo', 'CSO183009095', '2019-08-07', 26, 17179, 15129),
('CD0240', 'Hiru Pharmacy', 'Katana', 'CSO183009098', '2019-08-07', 26, 5800, 5800),
('CD0183', 'Suranga Pharmacy', 'Katana', 'CSO183009101', '2019-08-06', 27, 22810, 22810),
('CD0194', 'Unique Pharmacy', 'Negombo', 'CSO183009102', '2019-08-06', 27, 31050, 31050),
('COLD15059', 'Jayamaha Distributors', 'Pamunugama', 'CSO183009103', '2019-08-06', 27, 17200, 17200),
('CD0468', 'Kandawala Pharmacy', 'Katana', 'CSO183009104', '2019-08-06', 27, 10850, 10850),
('CD0474', 'Pradipa Osusala  Grocery', 'Negombo', 'CSO183009105', '2019-08-06', 27, 24584.5, 24584.5),
('CD0510', 'Sri Lak Pharmacy', 'Seeduwa', 'CSO183009109', '2019-08-06', 27, 3000, 3000),
('CD0508', 'St. Joseph Pharmacy  Grocery', 'Ja-Ela', 'CSO183009113', '2019-08-07', 26, 6880, 4290),
('CD0035', 'Ekala Pharmacy', 'Ja-Ela', 'CSO183009115', '2019-08-07', 26, 3753, 3753),
('CD0173', 'St. Jude Pharmacy', 'Ja-Ela', 'CSO183009116', '2019-08-07', 26, 6214, 6214),
('CD0335', 'Calvary Medicals', 'Ja-Ela', 'CSO183009117', '2019-08-07', 26, 1349, 1349),
('CD0294', 'Bopitiya Pharmacy', 'Bopitiya', 'CSO183009119', '2019-08-08', 25, 22097, 22097),
('CD0336', 'Family Care Pharmacy  Groceries', 'Wattala', 'CSO183009121', '2019-08-07', 26, 3104, 3104),
('CD0508', 'St. Joseph Pharmacy  Grocery', 'Ja-Ela', 'CSO183009124', '2019-08-08', 25, 17720, 17720),
('CD0259', 'Crystal Pharmacy', 'Negombo', 'CSO183009126', '2019-08-09', 24, 8044, 8044),
('CD0194', 'Unique Pharmacy', 'Negombo', 'CSO183009127', '2019-08-08', 25, 36424, 36424),
('CD0107', 'New Central Pharmacy', 'Negombo', 'CSO183009128', '2019-08-08', 25, 2586.5, 2586.5),
('CD0163', 'Sethma Pharmacy', 'Kandana', 'CSO183009129', '2019-08-09', 24, 7758, 7758),
('CD0065', 'Javahir Dr.', 'Wattala', 'CSO183009131', '2019-08-08', 25, 26110, 26110),
('CD0018', 'Better Health Pharmacy', 'Negombo', 'CSO183009132', '2019-08-08', 25, 6733, 6733),
('COLD13957', 'Negombo Drugs', 'Negombo', 'CSO183009133', '2019-08-08', 25, 9051.5, 9051.5),
('CD0151', 'S  G Medicals', 'Negombo', 'CSO183009135', '2019-08-08', 25, 9207, 9207),
('CD0470', 'Best Way Pharmacy', 'Negombo', 'CSO183009136', '2019-08-09', 24, 6804, 6804),
('COLD14348', 'Ashoka Pharmacy', 'Negombo', 'CSO183009137', '2019-08-08', 25, 10112, 10112),
('CD0242', 'K. S. A. Medical', 'Negombo', 'CSO183009140', '2019-08-08', 25, 26920, 25270),
('CD0561', 'Union Pharmacy', 'Negombo', 'CSO183009141', '2019-08-08', 25, 4350, 4118),
('CD0228', 'Shanthi Pharmacy', 'Negombo', 'CSO183009142', '2019-08-08', 25, 23638, 23638),
('CD0140', 'Raddolugama Pharmacy', 'Raddolugama', 'CSO183009145', '2019-08-10', 23, 15570, 15570),
('CD0406', 'Browns Healthcare (Pvt) Ltd', 'Ragama', 'CSO183009147', '2019-08-09', 24, 288010, 288010),
('CD0174', 'St. Judes Pharmacy', 'Seeduwa', 'CSO183009148', '2019-08-09', 24, 3105, 3105),
('CD0138', 'P.J. ENTERPRISES (PVT) Ltd.', 'Ja-Ela', 'CSO183009149', '2019-08-09', 24, 4100, 4100),
('COLD14555', 'Nawa Lanka Pharmacy', 'Negombo', 'CSO183009150', '2019-08-09', 24, 27848.5, 27848.5),
('CD0053', 'Health Care Medicla', 'Negombo', 'CSO183009151', '2019-08-09', 24, 3105, 3105),
('CD0549', 'Lakshan Chemist', 'Wattala', 'CSO183009152', '2019-08-09', 24, 8600, 8600),
('CD0476', 'Dagonna Pharmacy  Mini Mart', 'Negombo', 'CSO183009153', '2019-08-09', 24, 10463, 10463),
('CD0365', 'Seeduwa Osusala', 'Seeduwa', 'CSO183009155', '2019-08-10', 23, 67918, 67918),
('CD0140', 'Raddolugama Pharmacy', 'Raddolugama', 'CSO183009156', '2019-08-10', 23, 2135, 2135),
('CD0145', 'Reliable Pharmacy', 'Ragama', 'CSO183009157', '2019-08-10', 23, 9810, 9810),
('CD0498', 'Isura Pharmacy  Grocery', 'Katana', 'CSO183009158', '2019-08-10', 23, 2586, 2586),
('CD0130', 'Pamunugama Pharmacy', 'Bopitiya', 'CSO183009159', '2019-08-12', 21, 15498, 15498),
('CD0104', 'Nawa Osusala', 'Ja-Ela', 'CSO183009160', '2019-08-12', 21, 22710, 16500),
('CD0276', 'Manik De Mel Dr.', 'Ragama', 'CSO183009162', '2019-08-12', 21, 18870, 18870),
('CD0555', 'Imedra Medicals(Pvt)Ltd', 'Ragama', 'CSO183009164', '2019-08-13', 20, 3873, 3873),
('CD0083', 'Leesons Pharmacy', 'Ragama', 'CSO183009166', '2019-08-13', 20, 70802, 70802),
('CD0254', 'Sahana Pharmacy', 'Ragama', 'CSO183009167', '2019-08-12', 21, 5838, 5838),
('CD0154', 'Sampath Pharmacy', 'Ragama', 'CSO183009168', '2019-08-12', 21, 19593, 19593),
('CD0496', 'Alliance Pharmacy', 'Ragama', 'CSO183009170', '2019-08-16', 17, 4032, 4032),
('CD0145', 'Reliable Pharmacy', 'Ragama', 'CSO183009171', '2019-08-12', 21, 9075, 9075),
('COLD14793', 'Peoples Pharmacy-Magabage', 'Mahabage', 'CSO183009172', '2019-08-12', 21, 6447, 6447),
('CD0044', 'Gimshani Pharmacy', 'Kandana', 'CSO183009173', '2019-08-12', 21, 17393, 17393),
('CD0045', 'Gold Crest Pharmacy', 'Seeduwa', 'CSO183009174', '2019-08-13', 20, 26650, 26650),
('COLD13777', 'Royal Pharmacy - Kanda', 'Kandana', 'CSO183009176', '2019-08-12', 21, 3496, 3496),
('CD0163', 'Sethma Pharmacy', 'Kandana', 'CSO183009177', '2019-08-12', 21, 74520, 74520),
('CD0023', 'City Medical', 'Negombo', 'CSO183009178', '2019-08-12', 21, 8860, 8860),
('CD0408', 'International Institute of Health of Science', 'Mahabage', 'CSO183009179', '2019-08-13', 20, 3102, 3102),
('CD0396', 'Hansi Pharmacy', 'Ja-Ela', 'CSO183009180', '2019-08-13', 20, 3300, 3300),
('CD0081', 'Laxsri Pharmacy', 'Katunayake', 'CSO183009181', '2019-08-13', 20, 8600, 8600),
('CD0147', 'Robert Medical', 'Negombo', 'CSO183009182', '2019-08-13', 20, 25188, 25188),
('CD0539', 'Thenuka Pharmacy', 'Negombo', 'CSO183009183', '2019-08-15', 18, 5840, 5840),
('CD0240', 'Hiru Pharmacy', 'Katana', 'CSO183009185', '2019-08-13', 20, 21556, 21556),
('CD0183', 'Suranga Pharmacy', 'Katana', 'CSO183009186', '2019-08-13', 20, 1164, 1164),
('CD0182', 'Supreem Pharmacy', 'Negombo', 'CSO183009187', '2019-08-13', 20, 1332, 1332),
('CD0510', 'Sri Lak Pharmacy', 'Seeduwa', 'CSO183009188', '2019-08-13', 20, 3105, 3105),
('COLD14861', 'Jayanath A.A.K.Dr.', 'Katana', 'CSO183009189', '2019-08-15', 18, 10360, 10360),
('CD0182', 'Supreem Pharmacy', 'Negombo', 'CSO183009190', '2019-08-15', 18, 3300, 3300),
('CD0194', 'Unique Pharmacy', 'Negombo', 'CSO183009192', '2019-08-15', 18, 3880, 3880),
('CD0460', 'Darshana Pharmacy', 'Ja-Ela', 'CSO183009196', '2019-08-15', 18, 3356, 2511),
('CD0055', 'Healthline Pharmacy', 'Kandana', 'CSO183009197', '2019-08-15', 18, 9894, 9894),
('CD0396', 'Hansi Pharmacy', 'Ja-Ela', 'CSO183009198', '2019-08-15', 18, 4193.01, 4193.01),
('CD0138', 'P.J. ENTERPRISES (PVT) Ltd.', 'Ja-Ela', 'CSO183009199', '2019-08-15', 18, 98620, 98620),
('CD0294', 'Bopitiya Pharmacy', 'Bopitiya', 'CSO183009200', '2019-08-15', 18, 20407, 20407),
('CD0130', 'Pamunugama Pharmacy', 'Bopitiya', 'CSO183009201', '2019-08-15', 18, 8314.1, 8314.1),
('CD0104', 'Nawa Osusala', 'Ja-Ela', 'CSO183009204', '2019-08-15', 18, 16053.5, 16053.5),
('CD0508', 'St. Joseph Pharmacy  Grocery', 'Ja-Ela', 'CSO183009205', '2019-08-15', 18, 2218, 666),
('CD0173', 'St. Jude Pharmacy', 'Ja-Ela', 'CSO183009206', '2019-08-15', 18, 15268, 15268),
('CD0396', 'Hansi Pharmacy', 'Ja-Ela', 'CSO183009208', '2019-08-16', 17, 7310, 7310),
('CD0264', 'Daya Fernando A.T.Dr.', 'Kandana', 'CSO183009209', '2019-08-16', 17, 1550, 1550),
('CD0258', 'Rilaulla Pharmacy', 'Kandana', 'CSO183009210', '2019-08-16', 17, 10300, 10300),
('COLD15059', 'Jayamaha Distributors', 'Pamunugama', 'CSO183009211', '2019-08-16', 17, 16500, 16500),
('CD0256', 'X  Lab Pharmacy', 'Negombo', 'CSO183009212', '2019-08-16', 17, 6401, 6401),
('CD0220', 'The Pharmacy', 'Negombo', 'CSO183009213', '2019-08-21', 12, 14015, 8835),
('CD0259', 'Crystal Pharmacy', 'Negombo', 'CSO183009214', '2019-08-16', 17, 6876.02, 6876.02),
('CD0107', 'New Central Pharmacy', 'Negombo', 'CSO183009215', '2019-08-16', 17, 56136, 56136),
('COLD14499', 'Jayalath A.Dr.', 'Wattala', 'CSO183009217', '2019-08-19', 14, 5800, 5800),
('CD0080', 'Lanka Pharmacy', 'Negombo', 'CSO183009218', '2019-08-16', 17, 28150, 28150),
('CD0018', 'Better Health Pharmacy', 'Negombo', 'CSO183009219', '2019-08-16', 17, 21077, 21077),
('CD0023', 'City Medical', 'Negombo', 'CSO183009220', '2019-08-16', 17, 15642, 15642),
('CD0194', 'Unique Pharmacy', 'Negombo', 'CSO183009221', '2019-08-16', 17, 149440, 149440),
('CD0181', 'Super Medical', 'Negombo', 'CSO183009222', '2019-08-16', 17, 5250, 5250),
('CD0183', 'Suranga Pharmacy', 'Katana', 'CSO183009223', '2019-08-16', 17, 3255, 3255),
('CD0228', 'Shanthi Pharmacy', 'Negombo', 'CSO183009224', '2019-08-16', 17, 13563, 13563),
('CD0167', 'Silveray Pharmacy', 'Negombo', 'CSO183009225', '2019-08-16', 17, 6376, 6376),
('COLD14348', 'Ashoka Pharmacy', 'Negombo', 'CSO183009227', '2019-08-16', 17, 17111, 17111),
('CD0164', 'Shanthi Vidya Nivasa', 'Katana', 'CSO183009229', '2019-08-17', 16, 7760, 7760),
('CD0163', 'Sethma Pharmacy', 'Kandana', 'CSO183009231', '2019-08-19', 14, 1138.01, 1138.01),
('CD0138', 'P.J. ENTERPRISES (PVT) Ltd.', 'Ja-Ela', 'CSO183009232', '2019-08-19', 14, 54080, 54080),
('CD0480', 'Thilana Pharmacy', 'Ja-Ela', 'CSO183009233', '2019-08-19', 14, 3000, 3000),
('CD0510', 'Sri Lak Pharmacy', 'Seeduwa', 'CSO183009234', '2019-08-19', 14, 1164, 1164),
('CD0402', 'Pamunugama Osu Sala', 'Raddolugama', 'CSO183009235', '2019-08-19', 14, 6210, 6210),
('CD0081', 'Laxsri Pharmacy', 'Katunayake', 'CSO183009236', '2019-08-19', 14, 19215.5, 4515.5),
('CD0111', 'New Pharmacy', 'Wattala', 'CSO183009237', '2019-08-19', 14, 22683, 22683),
('CD0183', 'Suranga Pharmacy', 'Katana', 'CSO183009239', '2019-08-19', 14, 7674, 7674),
('CD0071', 'Kalidson Pharmacy', 'Negombo', 'CSO183009240', '2019-08-19', 14, 1676, 1676),
('CD0063', 'J  J Pharmacy', 'Negombo', 'CSO183009241', '2019-08-20', 13, 3153, 3153),
('CD0541', 'Mabola Osusala', 'Wattala', 'CSO183009242', '2019-08-19', 14, 18582.5, 18582.5),
('CD0081', 'Laxsri Pharmacy', 'Katunayake', 'CSO183009243', '2019-08-19', 14, 10660, 10660),
('CD0468', 'Kandawala Pharmacy', 'Katana', 'CSO183009244', '2019-08-19', 14, 2414, 2414),
('CD0257', 'Nirodha Pharmacy', 'Badalgama', 'CSO183009245', '2019-08-20', 13, 10255, 10255),
('CD0081', 'Laxsri Pharmacy', 'Katunayake', 'CSO183009246', '2019-08-20', 13, 1470, 1470),
('CD0088', 'Mahajana Osu Sala', 'Negombo', 'CSO183009247', '2019-08-20', 13, 5325, 5325),
('CD0140', 'Raddolugama Pharmacy', 'Raddolugama', 'CSO183009248', '2019-08-20', 13, 3319, 3319),
('CD0194', 'Unique Pharmacy', 'Negombo', 'CSO183009249', '2019-08-20', 13, 106600, 106600),
('CD0083', 'Leesons Pharmacy', 'Ragama', 'CSO183009250', '2019-08-20', 13, 100147, 70667),
('CD0242', 'K. S. A. Medical', 'Negombo', 'CSO183009251', '2019-08-22', 11, 3110, 3110),
('CD0025', 'City Pharmacy', 'Ragama', 'CSO183009252', '2019-08-21', 12, 2923, 2923),
('CD0254', 'Sahana Pharmacy', 'Ragama', 'CSO183009253', '2019-08-20', 13, 18171, 18171),
('COLD14793', 'Peoples Pharmacy-Magabage', 'Mahabage', 'CSO183009254', '2019-08-20', 13, 18010, 18010),
('CD0496', 'Alliance Pharmacy', 'Ragama', 'CSO183009256', '2019-08-21', 12, 5715.05, 5715.05),
('CD0408', 'International Institute of Health of Science', 'Mahabage', 'CSO183009257', '2019-08-20', 13, 17090, 17090),
('CD0145', 'Reliable Pharmacy', 'Ragama', 'CSO183009258', '2019-08-20', 13, 8412, 8412),
('CD0016', 'Ave Maria Pharmacy', 'Negombo', 'CSO183009259', '2019-08-20', 13, 1940, 1940),
('CD0044', 'Gimshani Pharmacy', 'Kandana', 'CSO183009260', '2019-08-20', 13, 5439, 5439),
('CD0163', 'Sethma Pharmacy', 'Kandana', 'CSO183009261', '2019-08-20', 13, 34076, 34076),
('CD0163', 'Sethma Pharmacy', 'Kandana', 'CSO183009262', '2019-08-21', 12, 9900, 9900),
('CD0145', 'Reliable Pharmacy', 'Ragama', 'CSO183009263', '2019-08-21', 12, 3300, 3300),
('CD0083', 'Leesons Pharmacy', 'Ragama', 'CSO183009264', '2019-08-21', 12, 3300, 3300),
('CD0266', 'Mapitigama O.N.H.Dr.', 'Bopitiya', 'CSO183009265', '2019-08-20', 13, 5560, 5560),
('CD0044', 'Gimshani Pharmacy', 'Kandana', 'CSO183009266', '2019-08-21', 12, 3300, 3300),
('COLD13777', 'Royal Pharmacy - Kanda', 'Kandana', 'CSO183009267', '2019-08-20', 13, 3482, 3482),
('CD0062', 'Isuri Pharmacy', 'Wattala', 'CSO183009268', '2019-08-21', 12, 17200, 17200),
('COLD13684', 'Lorita warnakulasuriya Dr.', 'Negombo', 'CSO183009270', '2019-08-22', 11, 3300, 3300),
('COLD14197', 'Arogya Pharmacy and Grocery', 'Ja-Ela', 'CSO183009271', '2019-08-22', 11, 4274, 3238),
('CD0080', 'Lanka Pharmacy', 'Negombo', 'CSO183009272', '2019-08-21', 12, 10300, 10300),
('CD0123', 'Niwasi Pharmacy', 'Ja-Ela', 'CSO183009273', '2019-08-21', 12, 3799, 3799),
('CD0073', 'Kapuwatha Pharmacy', 'Ja-Ela', 'CSO183009276', '2019-08-22', 11, 2153.01, 2153.01),
('CD0294', 'Bopitiya Pharmacy', 'Bopitiya', 'CSO183009277', '2019-08-22', 11, 6501.01, 6501.01),
('CD0099', 'Milan Pharmacy', 'Wattala', 'CSO183009278', '2019-08-21', 12, 12220.5, 12220.5),
('CD0130', 'Pamunugama Pharmacy', 'Bopitiya', 'CSO183009279', '2019-08-21', 12, 6220, 6220),
('CD0293', 'St. Joshep Pharmacy', 'Bopitiya', 'CSO183009280', '2019-08-21', 12, 19349, 15734),
('COLD14166', 'Thudella Pharmacy', 'Ja-Ela', 'CSO183009281', '2019-08-21', 12, 2681, 2681),
('CD0104', 'Nawa Osusala', 'Ja-Ela', 'CSO183009282', '2019-08-21', 12, 5240, 5240),
('CD0441', 'Isura Pharmacy', 'Ragama', 'CSO183009284', '2019-08-22', 11, 27270.1, 27270.1),
('CD0510', 'Sri Lak Pharmacy', 'Seeduwa', 'CSO183009285', '2019-08-22', 11, 19789, 19789),
('CD0194', 'Unique Pharmacy', 'Negombo', 'CSO183009287', '2019-08-23', 10, 43980, 43980),
('CD0080', 'Lanka Pharmacy', 'Negombo', 'CSO183009288', '2019-08-22', 11, 10000, 10000),
('CD0023', 'City Medical', 'Negombo', 'CSO183009289', '2019-08-24', 9, 13385, 9659.05),
('CD0018', 'Better Health Pharmacy', 'Negombo', 'CSO183009290', '2019-08-22', 11, 12380.1, 6522.06),
('CD0561', 'Union Pharmacy', 'Negombo', 'CSO183009291', '2019-08-22', 11, 15150, 15150),
('COLD13957', 'Negombo Drugs', 'Negombo', 'CSO183009292', '2019-08-22', 11, 8290, 8290),
('CD0470', 'Best Way Pharmacy', 'Negombo', 'CSO183009293', '2019-08-23', 10, 3554, 3554),
('COLD15046', 'Lakmi Pharmacy & Grocery', 'Negombo', 'CSO183009296', '2019-08-23', 10, 5650.05, 5650.05),
('COLD14541', 'Sreetharan Dr.', 'Wattala', 'CSO183009297', '2019-08-23', 10, 27640, 27640),
('COLD14591', 'V.M. Pharmacy', 'Katana', 'CSO183009298', '2019-08-23', 10, 9485, 9485),
('CD0146', 'Rio Pharmacy', 'Hendala', 'CSO183009300', '2019-08-23', 10, 17200, 17200),
('CD0088', 'Mahajana Osu Sala', 'Negombo', 'CSO183009301', '2019-08-23', 10, 19700, 19700),
('CD0402', 'Pamunugama Osu Sala', 'Raddolugama', 'CSO183009302', '2019-08-23', 10, 13960, 13960),
('CD0045', 'Gold Crest Pharmacy', 'Seeduwa', 'CSO183009304', '2019-08-23', 10, 1295, 1295),
('CD0174', 'St. Judes Pharmacy', 'Seeduwa', 'CSO183009305', '2019-08-23', 10, 1614, 1011),
('CD0286', 'Jayakodi Super Market', 'Negombo', 'CSO183009307', '2019-08-23', 10, 3300, 3300),
('CD0547', 'New St. Joseph Pharmacy', 'Seeduwa', 'CSO183009308', '2019-08-24', 9, 18065, 18065),
('CD0081', 'Laxsri Pharmacy', 'Katunayake', 'CSO183009310', '2019-08-23', 10, 26945, 25135),
('CD0499', 'Shris Lanka Pharmacy', 'Seeduwa', 'CSO183009311', '2019-08-23', 10, 13750, 13750),
('CD0013', 'Asiri Pharmacy', 'Raddolugama', 'CSO183009312', '2019-08-24', 9, 14800, 14800),
('CD0487', 'Healthcare Pharmacy  Family Needs', 'Raddolugama', 'CSO183009313', '2019-08-23', 10, 8499, 5295.99),
('CD0402', 'Pamunugama Osu Sala', 'Raddolugama', 'CSO183009314', '2019-08-23', 10, 20208.1, 20208.1),
('CD0481', 'Reliance Pharmacy', 'Negombo', 'CSO183009316', '2019-08-23', 10, 15208, 9518),
('CD0194', 'Unique Pharmacy', 'Negombo', 'CSO183009317', '2019-08-23', 10, 13320, 13320),
('CD0130', 'Pamunugama Pharmacy', 'Bopitiya', 'CSO183009318', '2019-08-23', 10, 6660, 6660),
('CD0163', 'Sethma Pharmacy', 'Kandana', 'CSO183009319', '2019-08-23', 10, 22200, 22200),
('CD0023', 'City Medical', 'Negombo', 'CSO183009320', '2019-08-23', 10, 11100, 11100),
('CD0476', 'Dagonna Pharmacy  Mini Mart', 'Negombo', 'CSO183009321', '2019-08-24', 9, 5896, 5896),
('CD0294', 'Bopitiya Pharmacy', 'Bopitiya', 'CSO183009322', '2019-08-24', 9, 3000, 3000),
('CD0258', 'Rilaulla Pharmacy', 'Kandana', 'CSO183009323', '2019-08-24', 9, 3000, 3000),
('CD0073', 'Kapuwatha Pharmacy', 'Ja-Ela', 'CSO183009324', '2019-08-24', 9, 3000, 3000),
('CD0259', 'Crystal Pharmacy', 'Negombo', 'CSO183009325', '2019-08-24', 9, 2328, 2328),
('CD0460', 'Darshana Pharmacy', 'Ja-Ela', 'CSO183009326', '2019-08-24', 9, 845, 845),
('CD0194', 'Unique Pharmacy', 'Negombo', 'CSO183009327', '2019-08-24', 9, 3730, 3730),
('CD0128', 'Osu Sala Wattala', 'Wattala', 'CSO183009328', '2019-08-26', 7, 100121, 100121),
('CD0149', 'Roswila Pharmacy', 'Wattala', 'CSO183009329', '2019-08-26', 7, 4892.5, 3135.5),
('CD0099', 'Milan Pharmacy', 'Wattala', 'CSO183009330', '2019-08-26', 7, 1260, 1260),
('CD0136', 'Pharma Chemi', 'Wattala', 'CSO183009332', '2019-08-26', 7, 7277.01, 7277.01),
('CD0346', 'Laksi Pharmacy', 'Peliyagoda', 'CSO183009333', '2019-08-26', 7, 15226, 15226),
('CD0480', 'Thilana Pharmacy', 'Ja-Ela', 'CSO183009334', '2019-08-26', 7, 5560, 5560),
('CD0111', 'New Pharmacy', 'Wattala', 'CSO183009335', '2019-08-26', 7, 12620, 12620),
('CD0052', 'Health  Glow Pharmacy', 'Wattala', 'CSO183009336', '2019-08-26', 7, 11375, 11375),
('CD0078', 'Krishmo Pharmacy', 'Wattala', 'CSO183009337', '2019-08-26', 7, 900, 900),
('CD0549', 'Lakshan Chemist', 'Wattala', 'CSO183009338', '2019-08-26', 7, 3300, 3300),
('CD0498', 'Isura Pharmacy  Grocery', 'Katana', 'CSO183009341', '2019-08-26', 7, 6465, 6465),
('CD0083', 'Leesons Pharmacy', 'Ragama', 'CSO183009342', '2019-08-26', 7, 113775, 113775),
('CD0254', 'Sahana Pharmacy', 'Ragama', 'CSO183009343', '2019-08-26', 7, 13523.5, 13523.5),
('CD0182', 'Supreem Pharmacy', 'Negombo', 'CSO183009344', '2019-08-26', 7, 2526, 2526),
('CD0228', 'Shanthi Pharmacy', 'Negombo', 'CSO183009345', '2019-08-26', 7, 7750, 7750),
('CD0548', 'Sanath Galgamuwa Dr.', 'Negombo', 'CSO183009346', '2019-08-26', 7, 16900, 16900),
('CD0025', 'City Pharmacy', 'Ragama', 'CSO183009347', '2019-08-26', 7, 1949.02, 1949.02),
('CD0154', 'Sampath Pharmacy', 'Ragama', 'CSO183009348', '2019-08-26', 7, 14160.5, 14160.5),
('CD0138', 'P.J. ENTERPRISES (PVT) Ltd.', 'Ja-Ela', 'CSO183009349', '2019-08-26', 7, 6710, 6710),
('COLD14793', 'Peoples Pharmacy-Magabage', 'Mahabage', 'CSO183009350', '2019-08-27', 6, 11050, 11050),
('CD0145', 'Reliable Pharmacy', 'Ragama', 'CSO183009351', '2019-08-26', 7, 5150, 5150),
('CD0555', 'Imedra Medicals(Pvt)Ltd', 'Ragama', 'CSO183009352', '2019-08-26', 7, 2780, 2780),
('CD0044', 'Gimshani Pharmacy', 'Kandana', 'CSO183009353', '2019-08-26', 7, 7340, 7340),
('CD0501', 'Jasmin Pharmacy  Grocery', 'Kandana', 'CSO183009354', '2019-08-27', 6, 3015, 3015),
('COLD13777', 'Royal Pharmacy - Kanda', 'Kandana', 'CSO183009355', '2019-08-27', 6, 4216, 4216),
('CD0138', 'P.J. ENTERPRISES (PVT) Ltd.', 'Ja-Ela', 'CSO183009357', '2019-08-26', 7, 6710, 6710),
('CD0140', 'Raddolugama Pharmacy', 'Raddolugama', 'CSO183009358', '2019-08-27', 6, 4453, 4453),
('CD0121', 'Nishantha Herath Dr.', 'Kandana', 'CSO183009360', '2019-08-27', 6, 1550, 1550),
('COLD14555', 'Nawa Lanka Pharmacy', 'Negombo', 'CSO183009361', '2019-08-27', 6, 11770, 11770),
('CD0476', 'Dagonna Pharmacy  Mini Mart', 'Negombo', 'CSO183009362', '2019-08-28', 5, 41071, 41071),
('CD0390', 'Lasith Pharmacy', 'Negombo', 'CSO183009363', '2019-08-27', 6, 1860, 1860),
('CD0539', 'Thenuka Pharmacy', 'Negombo', 'CSO183009364', '2019-08-28', 5, 1445, 1445),
('CD0147', 'Robert Medical', 'Negombo', 'CSO183009365', '2019-08-27', 6, 16790, 16790),
('CD0286', 'Jayakodi Super Market', 'Negombo', 'CSO183009366', '2019-08-27', 6, 16330, 16330),
('CD0071', 'Kalidson Pharmacy', 'Negombo', 'CSO183009367', '2019-08-27', 6, 3685, 3685),
('CD0105', 'Negombo Food  Drugs', 'Negombo', 'CSO183009368', '2019-08-27', 6, 17897.5, 17897.5),
('CD0182', 'Supreem Pharmacy', 'Negombo', 'CSO183009370', '2019-08-28', 5, 17028.5, 17028.5),
('CD0468', 'Kandawala Pharmacy', 'Katana', 'CSO183009371', '2019-08-27', 6, 3784.05, 3784.05),
('CD0088', 'Mahajana Osu Sala', 'Negombo', 'CSO183009372', '2019-08-27', 6, 17200, 17200),
('CD0183', 'Suranga Pharmacy', 'Katana', 'CSO183009373', '2019-08-27', 6, 7016, 7016),
('CD0257', 'Nirodha Pharmacy', 'Badalgama', 'CSO183009374', '2019-08-27', 6, 2750, 2750),
('CD0155', 'Sarana Osusala', 'Badalgama', 'CSO183009375', '2019-08-27', 6, 2066, 2066),
('CD0243', 'Suwa Setha Pharmacy', 'Badalgama', 'CSO183009376', '2019-08-27', 6, 2578, 2578),
('CD0046', 'Gunaratne Neville Dr.', 'Ja-Ela', 'CSO183009378', '2019-08-30', 3, 31100, 31100),
('CD0046', 'Gunaratne Neville Dr.', 'Ja-Ela', 'CSO183009379', '2019-09-02', 0, 24900, 24900),
('CD0480', 'Thilana Pharmacy', 'Ja-Ela', 'CSO183009380', '2019-08-28', 5, 3300, 3300),
('CD0508', 'St. Joseph Pharmacy  Grocery', 'Ja-Ela', 'CSO183009381', '2019-08-28', 5, 5845, 5845),
('CD0065', 'Javahir Dr.', 'Wattala', 'CSO183009382', '2019-08-28', 5, 13360, 13360),
('CD0176', 'St. Marrys Pharmacy - KA', 'Katunayake', 'CSO183009383', '2019-08-28', 5, 5150, 5150),
('CD0335', 'Calvary Medicals', 'Ja-Ela', 'CSO183009384', '2019-08-28', 5, 1720, 1720),
('COLD14611', 'Sasithma Pharmacy & Grocery', 'Ja-Ela', 'CSO183009386', '2019-08-28', 5, 5180, 5180),
('CD0316', 'KFD Distributors', 'Negombo', 'CSO183009387', '2019-08-28', 5, 155, 155),
('CD0396', 'Hansi Pharmacy', 'Ja-Ela', 'CSO183009388', '2019-08-28', 5, 6140, 6140),
('CD0258', 'Rilaulla Pharmacy', 'Kandana', 'CSO183009389', '2019-08-28', 5, 5338.5, 5338.5),
('CD0133', 'Peoples Pharmacy  Grocery', 'Wattala', 'CSO183009390', '2019-08-28', 5, 56900, 56900),
('CD0265', 'Anoma J.Wejesinghe dr.', 'Wattala', 'CSO183009391', '2019-09-02', 0, 15010, 15010),
('CD0055', 'Healthline Pharmacy', 'Kandana', 'CSO183009392', '2019-08-28', 5, 5150, 5150),
('CD0293', 'St. Joshep Pharmacy', 'Bopitiya', 'CSO183009393', '2019-08-28', 5, 25561.1, 25561.1),
('CD0138', 'P.J. ENTERPRISES (PVT) Ltd.', 'Ja-Ela', 'CSO183009394', '2019-08-28', 5, 25860, 25860),
('CD0508', 'St. Joseph Pharmacy  Grocery', 'Ja-Ela', 'CSO183009395', '2019-08-28', 5, 1663.05, 1663.05),
('CD0035', 'Ekala Pharmacy', 'Ja-Ela', 'CSO183009396', '2019-08-28', 5, 6331, 6331),
('CD0510', 'Sri Lak Pharmacy', 'Seeduwa', 'CSO183009397', '2019-08-29', 4, 5560, 5560),
('CD0140', 'Raddolugama Pharmacy', 'Raddolugama', 'CSO183009398', '2019-08-29', 4, 3100, 3100),
('CD0402', 'Pamunugama Osu Sala', 'Raddolugama', 'CSO183009399', '2019-08-29', 4, 10910, 10910),
('CD0220', 'The Pharmacy', 'Negombo', 'CSO183009400', '2019-08-31', 2, 2320, 2320),
('CD0390', 'Lasith Pharmacy', 'Negombo', 'CSO183009401', '2019-08-29', 4, 14170, 14170),
('CD0256', 'X  Lab Pharmacy', 'Negombo', 'CSO183009402', '2019-08-29', 4, 10915, 10915),
('CD0259', 'Crystal Pharmacy', 'Negombo', 'CSO183009403', '2019-08-29', 4, 5203.02, 5203.02),
('CD0151', 'S  G Medicals', 'Negombo', 'CSO183009405', '2019-08-31', 2, 10585.5, 10585.5),
('CD0083', 'Leesons Pharmacy', 'Ragama', 'CSO183009406', '2019-08-29', 4, 1660, 1660),
('COLD14348', 'Ashoka Pharmacy', 'Negombo', 'CSO183009407', '2019-08-30', 3, 7216, 7216),
('CD0254', 'Sahana Pharmacy', 'Ragama', 'CSO183009408', '2019-08-29', 4, 9990, 9990),
('CD0025', 'City Pharmacy', 'Ragama', 'CSO183009409', '2019-08-29', 4, 3255, 3255),
('CD0242', 'K. S. A. Medical', 'Negombo', 'CSO183009411', '2019-08-29', 4, 10048, 10048);
INSERT INTO `ciplaoutupload` (`cID`, `cCustName`, `cTown`, `inv`, `date`, `age`, `amount`, `balAmount`) VALUES
('CD0194', 'Unique Pharmacy', 'Negombo', 'CSO183009412', '2019-09-02', 0, 3315, 3315),
('CD0136', 'Pharma Chemi', 'Wattala', 'CSO183009413', '2019-08-29', 4, 1800, 1800),
('CD0107', 'New Central Pharmacy', 'Negombo', 'CSO183009414', '2019-08-29', 4, 7374, 7374),
('COLD13777', 'Royal Pharmacy - Kanda', 'Kandana', 'CSO183009415', '2019-08-29', 4, 4299.05, 4299.05),
('CD0018', 'Better Health Pharmacy', 'Negombo', 'CSO183009416', '2019-08-31', 2, 9181, 9181),
('COLD13639', 'Suneth Wijewardana Dr.', 'Badalgama', 'CSO183009417', '2019-08-30', 3, 31100, 31100),
('COLD14123', 'Rathnayake R.C.Dr.', 'Badalgama', 'CSO183009418', '2019-08-30', 3, 15438, 15438),
('CD0266', 'Mapitigama O.N.H.Dr.', 'Bopitiya', 'CSO183009419', '2019-08-30', 3, 15500, 15500),
('CD0528', 'Orient Pharmacy', 'Negombo', 'CSO183009420', '2019-08-31', 2, 2884, 2884),
('CD0147', 'Robert Medical', 'Negombo', 'CSO183009421', '2019-08-30', 3, 10660, 10660),
('CD0568', 'Healing Pharmacy', 'Negombo', 'CSO183009422', '2019-08-30', 3, 2232, 2232),
('CD0450', 'Royal Pharmacy', 'Negombo', 'CSO183009423', '2019-08-30', 3, 14923.5, 14923.5),
('COLD13957', 'Negombo Drugs', 'Negombo', 'CSO183009424', '2019-08-31', 2, 3300, 3300),
('CD0080', 'Lanka Pharmacy', 'Negombo', 'CSO183009425', '2019-08-30', 3, 3015, 3015),
('CD0228', 'Shanthi Pharmacy', 'Negombo', 'CSO183009427', '2019-08-30', 3, 31415, 31415),
('CD0044', 'Gimshani Pharmacy', 'Kandana', 'CSO183009428', '2019-08-30', 3, 5150, 5150),
('CD0044', 'Gimshani Pharmacy', 'Kandana', 'CSO183009429', '2019-08-30', 3, 3526.02, 3526.02),
('CD0080', 'Lanka Pharmacy', 'Negombo', 'CSO183009430', '2019-08-30', 3, 16380, 16380),
('CD0390', 'Lasith Pharmacy', 'Negombo', 'CSO183009431', '2019-08-30', 3, 4242, 4242),
('CD0551', 'Lalith B. Halabarachchi Dr.', 'Elakanda', 'CSO183009432', '2019-08-30', 3, 15500, 15500),
('COLD12316', 'Lakshman Fernando Dr.', 'Hunupitiya', 'CSO183009433', '2019-09-02', 0, 20720, 20720),
('CD0088', 'Mahajana Osu Sala', 'Negombo', 'CSO183009434', '2019-08-30', 3, 60073, 60073),
('CD0176', 'St. Marrys Pharmacy - KA', 'Katunayake', 'CSO183009435', '2019-08-30', 3, 12926, 12926),
('CD0088', 'Mahajana Osu Sala', 'Negombo', 'CSO183009436', '2019-08-30', 3, 6510, 6510),
('CD0130', 'Pamunugama Pharmacy', 'Bopitiya', 'CSO183009437', '2019-08-30', 3, 19021, 19021),
('CD0306', 'Mohamed Ziyad M.S.Dr.', 'Negombo', 'CSO183009439', '2019-08-31', 2, 20130, 20130),
('CD0126', 'Osu Sala', 'Kandana', 'CSO183009440', '2019-08-31', 2, 5110, 5110),
('COLD14861', 'Jayanath A.A.K.Dr.', 'Katana', 'CSO183009441', '2019-08-31', 2, 8480, 8480),
('CD0444', 'Chandana Rajakaruna Dr.', 'Wattala', 'CSO183009443', '2019-08-31', 2, 29040, 29040),
('CD0501', 'Jasmin Pharmacy  Grocery', 'Kandana', 'CSO183009444', '2019-08-31', 2, 147680, 147680),
('CD0501', 'Jasmin Pharmacy  Grocery', 'Kandana', 'CSO183009445', '2019-08-31', 2, 220810, 220810),
('CD0501', 'Jasmin Pharmacy  Grocery', 'Kandana', 'CSO183009446', '2019-08-31', 2, 132900, 132900),
('CD0194', 'Unique Pharmacy', 'Negombo', 'CSO183009447', '2019-09-02', 0, 201030, 201030),
('CD0365', 'Seeduwa Osusala', 'Seeduwa', 'CSO183009448', '2019-09-02', 0, 23046, 23046),
('CD0294', 'Bopitiya Pharmacy', 'Bopitiya', 'CSO183009449', '2019-09-02', 0, 11389, 11389),
('COLD14499', 'Jayalath A.Dr.', 'Wattala', 'CSO183009451', '2019-09-02', 0, 24710, 24710),
('CD0099', 'Milan Pharmacy', 'Wattala', 'CSO183009452', '2019-09-02', 0, 4535, 4535),
('CD0182', 'Supreem Pharmacy', 'Negombo', 'CSO183009453', '2019-09-02', 0, 7150, 7150),
('CD0136', 'Pharma Chemi', 'Wattala', 'CSO183009454', '2019-09-02', 0, 4617, 4617),
('CD0136', 'Pharma Chemi', 'Wattala', 'CSO183009455', '2019-09-02', 0, 10660, 10660),
('CD0111', 'New Pharmacy', 'Wattala', 'CSO183009456', '2019-09-02', 0, 14069, 14069),
('CD0128', 'Osu Sala Wattala', 'Wattala', 'CSO183009457', '2019-09-02', 0, 8850, 8850),
('COLD14499', 'Jayalath A.Dr.', 'Wattala', 'CSO183009458', '2019-09-02', 0, 24710, 24710),
('CD0062', 'Isuri Pharmacy', 'Wattala', 'CSO183009459', '2019-09-02', 0, 17427, 17427),
('CD0549', 'Lakshan Chemist', 'Wattala', 'CSO183009460', '2019-09-02', 0, 5180, 5180),
('CD0104', 'Nawa Osusala', 'Ja-Ela', 'CSO183009461', '2019-09-02', 0, 22686, 22686),
('CD0449', 'Rashanthi Wijethunga Dr.', 'Raddolugama', 'CSO183009462', '2019-09-02', 0, 31100, 31100),
('CD0163', 'Sethma Pharmacy', 'Kandana', 'CSO183009463', '2019-09-02', 0, 76829.1, 76829.1),
('CD0499', 'Shris Lanka Pharmacy', 'Seeduwa', 'CSO183009465', '2019-09-02', 0, 15550, 15550),
('COLD14032', 'Himali Gunasena (Mrs).Dr.', 'Ragama', 'CSO183009466', '2019-09-02', 0, 23490, 23490),
('CD0181', 'Super Medical', 'Negombo', 'CSO183009470', '2019-09-02', 0, 65154, 65154),
('CD0441', 'Isura Pharmacy', 'Ragama', 'CSO183009471', '2019-09-02', 0, 15825, 15825),
('CD0316', 'KFD Distributors', 'Negombo', 'CSO183009473', '2019-09-02', 0, 852800, 852800),
('CD0020', 'Cash Customer - Colombo D', 'Negombo', 'IN1783000043', '2017-12-22', 619, 3001, 3001),
('CD0020', 'Cash Customer - Colombo D', 'Negombo', 'IN1783000044', '2017-12-22', 619, 3377, 2511),
('CD0020', 'Cash Customer - Colombo D', 'Negombo', 'IN1783000114', '2018-02-19', 560, 9310, 9310),
('CD0020', 'Cash Customer - Colombo D', 'Negombo', 'IN1783000242', '2018-06-22', 437, 21091, 10067),
('CD0020', 'Cash Customer - Colombo D', 'Negombo', 'IN1783000296', '2018-11-29', 277, 5430, 5430),
('CD0020', 'Cash Customer - Colombo D', 'Negombo', 'IN1783000302', '2018-12-31', 245, 41109, 39000),
('CD0481', 'Reliance Pharmacy', 'Negombo', 'IN1783000308', '2019-02-09', 205, 9050, 9050);

-- --------------------------------------------------------

--
-- Table structure for table `customer`
--

DROP TABLE IF EXISTS `customer`;
CREATE TABLE IF NOT EXISTS `customer` (
  `Custid` int(11) NOT NULL AUTO_INCREMENT,
  `custName` varchar(50) NOT NULL,
  `town` varchar(20) NOT NULL,
  `type` varchar(1) NOT NULL DEFAULT 'p',
  `hID` varchar(20) DEFAULT NULL,
  `gsID` varchar(20) DEFAULT NULL,
  `cpID` varchar(20) DEFAULT NULL,
  `jID` varchar(20) DEFAULT NULL,
  `sID` varchar(50) DEFAULT NULL,
  `hID2` varchar(20) DEFAULT NULL,
  `gsID2` varchar(20) DEFAULT NULL,
  `cpID2` varchar(20) DEFAULT NULL,
  `jID2` varchar(20) DEFAULT NULL,
  `sID2` varchar(50) DEFAULT NULL,
  PRIMARY KEY (`Custid`),
  KEY `customer_ibfk_1` (`cpID`),
  KEY `customer_ibfk_2` (`hID`),
  KEY `customer_ibfk_4` (`jID`),
  KEY `hID2` (`hID2`),
  KEY `cpID2` (`cpID2`),
  KEY `gsID` (`gsID`),
  KEY `gsID2` (`gsID2`),
  KEY `jID2` (`jID2`),
  KEY `sID` (`sID`),
  KEY `sID2` (`sID2`)
) ENGINE=InnoDB AUTO_INCREMENT=105 DEFAULT CHARSET=latin1;

--
-- Dumping data for table `customer`
--

INSERT INTO `customer` (`Custid`, `custName`, `town`, `type`, `hID`, `gsID`, `cpID`, `jID`, `sID`, `hID2`, `gsID2`, `cpID2`, `jID2`, `sID2`) VALUES
(1, 'Asiri Pharmacy Grocery', 'Negombo', 'p', 'CD0469', 'GAM00280', 'CD0469', '7406', NULL, NULL, NULL, NULL, NULL, NULL),
(2, 'Asiri Pharmacy', 'Raddolugama', 'p', 'CD0013', 'GAM00196', 'CD0013', '7128', NULL, NULL, NULL, NULL, NULL, NULL),
(3, 'Ave Maria Pharmacy', 'Negombo', 'p', 'CD0016', 'GAM00297', 'CD0016', '16043', 'Ave Mariya Pharmacy-Negombo city', NULL, NULL, NULL, NULL, NULL),
(4, 'Best Way Pharmacy', 'Negombo', 'p', 'CD0470', 'GAM00301', 'CD0470', '16166', 'Best Way Pharmacy-Negombo city', NULL, NULL, NULL, NULL, NULL),
(5, 'Better Health Pharmacy', 'Negombo', 'p', 'CD0018', 'GAM00271', 'CD0018', '16140', 'Better Health Pharmacy-Negombo city', NULL, NULL, NULL, NULL, NULL),
(6, 'Bopitiya Pharmacy', 'Bopitiya', 'p', 'CD0294', 'GAM00181', 'CD0294', '7250', 'Bopitiya Pharmacy-Bopitiya', NULL, NULL, NULL, NULL, NULL),
(7, 'City Medical', 'Negombo', 'p', 'CD0023', 'GAM00263', 'CD0023', '16044', NULL, NULL, NULL, NULL, NULL, NULL),
(8, 'Crystal Pharmacy', 'Negombo', 'p', 'CD0259', 'GAM00254', 'CD0259', '16045', NULL, NULL, NULL, NULL, NULL, NULL),
(9, 'Dagonna Pharmacy Mini Mart', 'Negombo', 'p', 'CD0476', 'GAM00220', 'CD0476', '0058394', NULL, NULL, NULL, NULL, NULL, NULL),
(10, 'Darshana Pharmacy', 'Ja-Ela', 'p', 'CD0460', 'GAM00164', 'CD0460', '7375', NULL, NULL, NULL, NULL, NULL, NULL),
(11, 'Gimshani Pharmacy', 'Kandana', 'p', 'CD0044', 'GAM00148', 'CD0044', '7162', NULL, NULL, NULL, NULL, NULL, NULL),
(12, 'Health Care Medicla', 'Negombo', 'p', 'CD0053', 'GAM00276', 'CD0053', '0056674', NULL, NULL, NULL, NULL, NULL, NULL),
(13, 'Healthcare Pharmacy Family Needs', 'Raddolugama', 'p', 'CD0487', 'GAM00198', 'CD0487', '7418', NULL, NULL, NULL, NULL, NULL, NULL),
(14, 'Healthline Pharmacy', 'Kandana', 'p', 'CD0055', 'GAM00151', 'CD0055', '7054', NULL, NULL, NULL, NULL, NULL, NULL),
(15, 'Jayakodi Super Market', 'Negombo', 'p', 'CD0286', 'GAM00277', 'CD0286', '16107', NULL, NULL, NULL, NULL, NULL, NULL),
(16, 'J J Pharmacy', 'Negombo', 'p', 'CD0063', 'GAM00255', 'CD0063', '16047', NULL, NULL, NULL, NULL, NULL, NULL),
(17, 'Kalidson Pharmacy', 'Negombo', 'p', 'CD0071', 'GAM00281', 'CD0071', '16091', NULL, NULL, NULL, NULL, NULL, NULL),
(18, 'K. S. A. Medical', 'Negombo', 'p', 'CD0242', 'GAM00299', 'CD0242', '0038540', NULL, NULL, NULL, NULL, NULL, NULL),
(19, 'Lakshi Pharmacy', 'Negombo', 'p', 'COLD13809', 'GAM00300', 'COLD13809', '0056635', NULL, NULL, NULL, NULL, NULL, NULL),
(20, 'Laxsri Pharmacy', 'Katunayake', 'p', 'CD0081', 'GAM00204', 'CD0081', '7324', NULL, NULL, NULL, NULL, NULL, NULL),
(21, 'Mahajana Osu Sala', 'Negombo', 'p', 'CD0088', 'GAM00279', 'CD0088', '7176', NULL, NULL, NULL, NULL, NULL, NULL),
(22, 'N.S. Medical', 'Seeduwa', 'p', 'CD0447', 'GAM00192', 'CD0447', '7399', NULL, NULL, NULL, NULL, NULL, NULL),
(23, 'Nawa Lanka Pharmacy', 'Negombo', 'p', 'COLD14555', 'GAMP004451', 'COLD14555', '0062090', NULL, NULL, NULL, NULL, NULL, NULL),
(24, 'Nawa Osusala', 'Ja-Ela', 'p', 'CD0104', 'GAM00171', 'CD0104', '7044', NULL, NULL, NULL, NULL, NULL, NULL),
(25, 'Negombo Drugs', 'Negombo', 'p', 'COLD13957', 'GAM03518', 'COLD13957', '0059393', NULL, NULL, NULL, NULL, NULL, NULL),
(26, 'Ekala Pharmacy', 'Ja-Ela', 'p', 'CD0035', 'GAM00178', 'CD0035', '7400', NULL, NULL, NULL, NULL, NULL, NULL),
(27, 'New St. Joseph Pharmacy', 'Seeduwa', 'p', 'CD0547', 'GAM00202', 'CD0547', '0052750', NULL, NULL, NULL, NULL, NULL, NULL),
(28, 'Orient Pharmacy', 'Negombo', 'p', 'CD0528', 'GAM00266', 'CD0528', '0031365', NULL, NULL, NULL, NULL, NULL, NULL),
(29, 'Orient Pharmacy', 'Averiwatta', 'p', 'CD0124', 'GAM00203', 'CD0124', '7160', NULL, NULL, NULL, NULL, NULL, NULL),
(30, 'Orient Pharmacy', 'Kandana', 'p', 'CD0125', 'GAM00141', 'CD0125', '7052', NULL, NULL, NULL, NULL, NULL, NULL),
(31, 'Pamunugama Osu Sala', 'Raddolugama', 'p', 'CD0402', 'GAM00200', 'CD0402', '7296', NULL, NULL, NULL, NULL, NULL, NULL),
(32, 'Pamunugama Pharmacy', 'Bopitiya', 'p', 'CD0130', 'GAM00180', 'CD0130', '7178', NULL, NULL, NULL, NULL, NULL, NULL),
(33, 'P.J. ENTERPRISES (PVT) Ltd.', 'Ja-Ela', 'p', 'CD0138', 'GAM00170', 'CD0138', '7046', NULL, NULL, NULL, NULL, NULL, NULL),
(34, 'Raddolugama Pharmacy', 'Raddolugama', 'p', 'CD0140', 'GAM00199', 'CD0140', '7130', NULL, NULL, NULL, NULL, NULL, NULL),
(35, 'Reliance Pharmacy', 'Negombo', 'p', 'CD0481', 'GAM00253', 'CD0481', 'CPRL109000001', NULL, NULL, NULL, NULL, NULL, NULL),
(36, 'Rilaulla Pharmacy', 'Kandana', 'p', 'CD0258', 'GAM00139', 'CD0258', '7235', NULL, NULL, NULL, NULL, NULL, NULL),
(37, 'Robert Medical', 'Negombo', 'p', 'CD0147', 'GAM00256', 'CD0147', '16088', NULL, NULL, NULL, NULL, NULL, NULL),
(38, 'Royal Pharmacy - Kanda', 'Kandana', 'p', 'COLD13777', 'GAMP005278', 'COLD13777', '0062140', NULL, NULL, NULL, NULL, NULL, NULL),
(39, 'Sasithma Pharmacy & Grocery', 'Ja-Ela', 'p', 'COLD14611', 'GAMP004874', 'COLD14611', '0061975', NULL, NULL, NULL, NULL, NULL, NULL),
(40, 'Seeduwa Medicals', 'Seeduwa', 'p', 'CD0160', 'GAM00195', 'CD0160', '7140', NULL, NULL, NULL, NULL, NULL, NULL),
(41, 'Seeduwa Osusala', 'Seeduwa', 'p', 'CD0365', 'GAM00194', 'CD0365', '7283', NULL, NULL, NULL, NULL, NULL, NULL),
(42, 'Sethma Pharmacy', 'Kandana', 'p', 'CD0163', 'GAM00140', 'CD0163', '7053', NULL, NULL, NULL, NULL, NULL, NULL),
(43, 'Sri Lak Pharmacy', 'Seeduwa', 'p', 'CD0510', 'GAM00201', 'CD0510', '0052748', NULL, NULL, NULL, NULL, NULL, NULL),
(44, 'St. Marrys Pharmacy - KA', 'Katunayake', 'p', 'CD0176', 'GAM00206', 'CD0176', '7207', NULL, NULL, NULL, NULL, NULL, NULL),
(45, 'St. Judes Pharmacy', 'Seeduwa', 'p', 'CD0174', 'GAM00193', 'CD0174', '7177', NULL, NULL, NULL, NULL, NULL, NULL),
(46, 'Thalahena Pharmacy', 'Negombo', 'p', 'CD0189', 'GAM00290', 'CD0189', '16131', NULL, NULL, NULL, NULL, NULL, NULL),
(47, 'The Pharmacy', 'Negombo', 'p', 'CD0220', 'GAM00270', 'CD0220', '16057', NULL, NULL, NULL, NULL, NULL, NULL),
(48, 'Thenuka Pharmacy', 'Negombo', 'p', 'CD0539', 'GAM00278', 'CD0539', '0052046', NULL, NULL, NULL, NULL, NULL, NULL),
(49, 'Thilana Pharmacy', 'Ja-Ela', 'p', 'CD0480', 'GAM00175', 'CD0480', '7411', NULL, NULL, NULL, NULL, NULL, NULL),
(50, 'Union Pharmacy', 'Negombo', 'p', 'CD0561', 'GAM00287', 'CD0561', '0062198', NULL, NULL, NULL, NULL, NULL, NULL),
(51, 'Unique Pharmacy', 'Negombo', 'p', 'CD0194', 'GAM00259', 'CD0194', '16146', NULL, NULL, NULL, NULL, NULL, NULL),
(52, 'X Lab Pharmacy', 'Negombo', 'p', 'CD0256', 'GAM00261', 'CD0256', '16149', NULL, NULL, NULL, NULL, NULL, NULL),
(53, 'Healing Pharmacy', 'Negombo', 'p', 'CD0568', 'GAM00267', 'CD0568', '0056685', NULL, NULL, NULL, NULL, NULL, NULL),
(54, 'New Central Pharmacy', 'Negombo', 'p', 'CD0107', 'GAM00262', 'CD0107', '16141', NULL, NULL, NULL, NULL, NULL, NULL),
(55, 'Silveray Pharmacy', 'Negombo', 'p', 'CD0167', 'GAM00289', 'CD0167', '16055', NULL, NULL, NULL, NULL, NULL, NULL),
(56, 'Lanka Pharmacy', 'Negombo', 'p', 'CD0080', 'GAM00272', 'CD0080', '16142', NULL, NULL, NULL, NULL, NULL, NULL),
(57, 'Cash Customer - Colombo D', 'Negombo', 'p', 'CD0020', 'GAM03245', 'CD0020', NULL, NULL, NULL, NULL, NULL, NULL, NULL),
(58, 'Browns Healthcare (Pvt) Ltd', 'Ragama', 'p', 'CD0406', NULL, 'CD0406', '7420', NULL, NULL, NULL, NULL, NULL, NULL),
(59, 'International Institute of Health of Science', 'Mahabage', 'p', 'CD0408', NULL, 'CD0408', '0057394', NULL, NULL, NULL, NULL, NULL, NULL),
(60, 'C & D Pharmacy', 'Ja-Ela', 'p', 'CD0216', 'GAM00168', NULL, '7387', NULL, NULL, NULL, NULL, NULL, NULL),
(61, 'Nawaloka Hospital (Pvt) Ltd.', 'Negombo', 'p', 'CD0532', 'GAM03240', NULL, '0051966', NULL, NULL, NULL, NULL, NULL, NULL),
(62, 'Calvary Medicals', 'Ja-Ela', 'p', 'CD0335', 'GAM00162', 'CD0335', NULL, 'Calvery Medical-Ja - Ela City', NULL, NULL, NULL, NULL, NULL),
(63, 'Imedra Medicals(Pvt)Ltd', 'Ragama', 'p', 'CD0555', NULL, 'CD0555', '0055703', NULL, NULL, NULL, NULL, NULL, NULL),
(64, 'Hansi Pharmacy', 'Ja-Ela', 'p', 'CD0396', 'GAM00145', 'CD0396', NULL, NULL, NULL, NULL, NULL, NULL, NULL),
(65, 'Digasiri Pharmacy', 'Ja-Ela', 'p', 'CD0032', 'GAM00176', 'CD0032', NULL, NULL, NULL, NULL, NULL, NULL, NULL),
(66, 'Reliable Pharmacy', 'Mahabage', 'p', 'CD0145', NULL, 'CD0145', '7075', NULL, NULL, NULL, NULL, NULL, NULL),
(67, 'Kandawala Pharmacy', 'Katana', 'p', 'CD0468', 'GAM00284', 'CD0468', NULL, NULL, NULL, NULL, NULL, NULL, NULL),
(68, 'Isura Pharmacy  Grocery', 'Katana', 'p', 'CD0498', 'GAM03333', 'CD0498', NULL, NULL, NULL, NULL, NULL, NULL, NULL),
(69, 'Hiru Pharmacy', 'Katana', 'p', 'CD0240', 'GAM00246', 'CD0240', NULL, NULL, NULL, NULL, NULL, NULL, NULL),
(70, 'Super Medical', 'Negombo', 'p', 'CD0181', 'GAM00292', 'CD0181', '16145', NULL, NULL, NULL, NULL, NULL, NULL),
(71, 'Supreem Pharmacy', 'Negombo', 'p', 'CD0182', 'GAM00283', 'CD0182', NULL, NULL, NULL, NULL, NULL, NULL, NULL),
(72, 'Shara Chemist', 'Ragama', 'p', 'CD0424', NULL, NULL, '7327', NULL, NULL, NULL, NULL, NULL, NULL),
(73, 'Jasmin Pharmacy  Grocery', 'Kandana', 'p', 'CD0501', 'GAM00155', 'CD0501', NULL, NULL, NULL, NULL, NULL, NULL, NULL),
(74, 'Family Care Pharmacy  Groceries', 'Wattala', 'p', 'CD0336', NULL, 'CD0336', '7354', NULL, NULL, NULL, NULL, NULL, NULL),
(75, 'Glorious Medicare', 'Kandana', 'p', 'COLD14155', NULL, 'COLD14155', NULL, NULL, NULL, NULL, NULL, NULL, NULL),
(76, 'Hendala Pharmacy', 'Hendala', 'p', 'CD0057', NULL, 'CD0057', '7210', NULL, NULL, NULL, NULL, NULL, NULL),
(77, 'Kapuwatha Pharmacy', 'Ja-Ela', 'p', 'CD0073', 'GAM00144', 'CD0073', NULL, NULL, NULL, NULL, NULL, NULL, NULL),
(78, 'Milan Pharmacy', 'Wattala', 'p', 'CD0099', NULL, 'CD0099', '7289', NULL, NULL, NULL, NULL, NULL, NULL),
(79, 'Roshini Pharmacy', 'Ja-Ela', 'p', 'CD0249', 'GAM00160', 'CD0249', NULL, NULL, NULL, NULL, NULL, NULL, NULL),
(80, 'Thudella Pharmacy', 'Ja-Ela', 'p', 'COLD14166', 'GAMP005375', 'COLD14166', NULL, NULL, NULL, NULL, NULL, NULL, NULL),
(81, 'Rosevilla Pharmacy (Enderamulla)', 'Enderamulla', 'p', 'CD0149', NULL, 'CD0149', '7198', NULL, NULL, NULL, NULL, NULL, NULL),
(82, 'Health & Glow Pharmacy', 'Hunupitiya', 'p', 'CD0525', NULL, 'CD0525', '0057720', NULL, NULL, NULL, NULL, NULL, NULL),
(83, 'Health & Glow Pharmacy', 'Wattala', 'p', 'CD0052', NULL, 'CD0052', '7175', NULL, NULL, NULL, NULL, NULL, NULL),
(84, 'St. Jude Pharmacy', 'Ja-Ela', 'p', 'CD0173', 'GAM00172', 'CD0173', '7050', NULL, NULL, NULL, NULL, NULL, NULL),
(85, 'Alliance Pharmacy', 'Ragama', 'p', 'CD0496', NULL, 'CD0496', '0058442', NULL, NULL, NULL, NULL, NULL, NULL),
(86, 'Amila Pharmacy', 'Ja-Ela', 'p', 'CD0006', NULL, 'CD0006', NULL, NULL, NULL, NULL, NULL, NULL, NULL),
(87, 'City Pharmacy', 'Ja-Ela', 'p', 'CD0024', 'GAM00165', 'CD0024', NULL, NULL, NULL, NULL, NULL, NULL, NULL),
(88, 'Danya Pharmacy', 'Negombo', 'p', 'CD0459', NULL, NULL, NULL, NULL, NULL, NULL, NULL, NULL, NULL),
(89, 'Chemi World', 'Enderamulla', 'p', 'CD0253', NULL, 'CD0253', NULL, NULL, NULL, NULL, NULL, NULL, NULL),
(90, 'Dewa Pharmacy', 'Ragama', 'p', 'CD0524', NULL, NULL, '0042976', NULL, NULL, NULL, NULL, NULL, NULL),
(91, 'City Pharmacy', 'Ragama', 'p', 'CD0025', NULL, 'CD0025', '7134', NULL, NULL, NULL, NULL, NULL, NULL),
(92, 'Isura Pharmacy', 'Ragama', 'p', 'CD0441', NULL, 'CD0441', '7304', NULL, NULL, NULL, NULL, NULL, NULL),
(93, 'Ishara Pharmacy', 'Ja-Ela', 'p', 'CD0061', 'GAM00167', NULL, NULL, NULL, NULL, NULL, NULL, NULL, NULL),
(94, 'Jayalanka Pharmacy', 'Negombo', 'p', 'COLD13822', 'GAM00264', NULL, NULL, NULL, NULL, NULL, NULL, NULL, NULL),
(95, 'Isuri Pharmacy', 'Wattala', 'p', 'CD0062', NULL, 'CD0062', '7148', NULL, NULL, NULL, NULL, '7330', NULL),
(97, 'Moon Pharmacy', 'Negombo', 'p', NULL, 'GAM00258', 'CD0490', '0042156', NULL, NULL, NULL, NULL, NULL, NULL),
(98, 'Jayasri Pharmacy', 'Ragama', 'p', 'CD0426', NULL, 'CD0426', NULL, NULL, NULL, NULL, NULL, NULL, NULL),
(99, 'S  G Medicals', 'Negombo', 'p', 'CD0151', 'GAM00268', 'CD0151', '16053', NULL, NULL, NULL, NULL, NULL, NULL),
(100, 'Sea Street Osusala', 'Negombo', 'p', 'CD0159', 'GAM00293', NULL, NULL, NULL, NULL, NULL, NULL, NULL, NULL),
(101, 'Nilmini Pharmacy', 'Ja-Ela', 'p', 'CD0115', 'GAM00174', NULL, NULL, NULL, NULL, NULL, NULL, NULL, NULL),
(102, 'Niwasi Pharmacy', 'Ja-Ela', 'p', 'CD0123', 'GAM00179', 'CD0123', NULL, NULL, NULL, NULL, NULL, NULL, NULL),
(103, 'Sahana Pharmacy', 'Ragama', 'p', 'CD0254', NULL, 'CD0254', '7233', NULL, NULL, NULL, NULL, NULL, NULL),
(104, 'Peoples Pharmacy', 'Raddolugama', 'p', 'CD0132', 'GAM00197', 'CD0132', NULL, NULL, NULL, NULL, NULL, NULL, NULL);

-- --------------------------------------------------------

--
-- Table structure for table `gs`
--

DROP TABLE IF EXISTS `gs`;
CREATE TABLE IF NOT EXISTS `gs` (
  `gID` varchar(20) NOT NULL,
  `custName` varchar(50) NOT NULL,
  `town` varchar(20) NOT NULL,
  PRIMARY KEY (`gID`),
  UNIQUE KEY `hID` (`gID`)
) ENGINE=InnoDB DEFAULT CHARSET=latin1;

--
-- Dumping data for table `gs`
--

INSERT INTO `gs` (`gID`, `custName`, `town`) VALUES
('', '', ''),
('GAM00139', 'RILLAULLA PHARMACY', 'Kandana'),
('GAM00140', 'SETHMA PHARMACY', 'Kandana'),
('GAM00141', 'ORIENT PHARMACY', 'Kandana'),
('GAM00142', 'KANDANA FOOD AND DRUGS', 'Kandana'),
('GAM00143', 'KANDANA OSUSALA', 'Kandana'),
('GAM00144', 'KAPUWATTE PHARMACY', 'Kandana'),
('GAM00145', 'HANSI PHARMACY', 'Kandana'),
('GAM00146', 'CHEMA PHARMACY', 'Kandana'),
('GAM00147', 'CITY PHARMACY', 'Kandana'),
('GAM00148', 'GIMSHANI PHARMACY', 'Kandana'),
('GAM00149', 'GOLDEN CREST', 'Kandana'),
('GAM00151', 'HEALTH LINE PHARMACY', 'Kandana'),
('GAM00153', 'ST ANNES PHARMACY', 'Kandana'),
('GAM00154', 'SETHSIRI PHARMACY', 'Kandana'),
('GAM00155', 'JASMINE PHARMACY', 'Kandana'),
('GAM00156', 'DR RIZVI HASAN', 'Kandana'),
('GAM00157', 'DR RANJITH', 'Kandana'),
('GAM00158', 'DR DAYA FERNANDO', 'Kandana'),
('GAM00159', 'DR N S M MENDIS', 'Kandana'),
('GAM00160', 'ROSHINI PHARMACY', 'JA-ELA'),
('GAM00162', 'CALVERY MEDICALS', 'JA-ELA'),
('GAM00163', 'THE PHARMACY A P Y', 'JA-ELA'),
('GAM00164', 'DARSHANA PHARMACY', 'JA-ELA'),
('GAM00165', 'CITY PHARMACY', 'JA-ELA'),
('GAM00167', 'ISHARA PHARMACY', 'JA-ELA'),
('GAM00168', 'C  D PHARMACY', 'JA-ELA'),
('GAM00169', 'ASIRI PHARMACY', 'JA-ELA'),
('GAM00170', 'PJ ENTERPRISES', 'JA-ELA'),
('GAM00171', 'NAWA OSUSALA', 'JA-ELA'),
('GAM00172', 'ST. JUDE PHARMACY', 'JA-ELA'),
('GAM00173', 'ST. JOSHEP PHARMACY', 'JA-ELA'),
('GAM00174', 'NILMINI PHARMACY', 'JA-ELA'),
('GAM00175', 'THILINA PHARMACY', 'JA-ELA'),
('GAM00176', 'DIGASIRI PHARMACY', 'JA-ELA'),
('GAM00178', 'NEW EKALA PHARMACY', 'JA-ELA'),
('GAM00179', 'NIVASI PHARMACY', 'JA-ELA'),
('GAM00180', 'PAMUNUGAMA PHARMACY', 'JA-ELA'),
('GAM00181', 'BOPITIYA PHARMACY', 'JA-ELA'),
('GAM00182', 'ST JOSHEPS PHARMACY', 'JA-ELA'),
('GAM00183', 'DR NIRANKA ILLUKPITIYA', 'JA-ELA'),
('GAM00185', 'DR LAKSIRI LOKULIYANAGE', 'JA-ELA'),
('GAM00187', 'DR A  SELLAMUTHTHU', 'JA-ELA'),
('GAM00188', 'DR J P MAYADUNNA', 'JA-ELA'),
('GAM00189', 'DR D D ABESINGHE', 'JA-ELA'),
('GAM00191', 'GOLD CREST PHARMACY', 'SEEDUWA'),
('GAM00192', 'N S MEIDCAL', 'SEEDUWA'),
('GAM00193', 'ST. JUDE PHARMACY', 'SEEDUWA'),
('GAM00194', 'SEEDUWA OSUSALA', 'SEEDUWA'),
('GAM00195', 'SEEDUWA MEDICAL', 'SEEDUWA'),
('GAM00196', 'ASIRI PHARMACY', 'SEEDUWA'),
('GAM00197', 'PEOPLES PHARMACY', 'SEEDUWA'),
('GAM00198', 'HEALTHCARE PHARMACY', 'SEEDUWA'),
('GAM00199', 'THE RADDOLUGAMA PHARMACY', 'SEEDUWA'),
('GAM00200', 'PAMUNUGAMA OSUSALA', 'SEEDUWA'),
('GAM00201', 'SRILAK PHARMACY', 'SEEDUWA'),
('GAM00202', 'NEW ST. JOSHEP PHARMACY', 'SEEDUWA'),
('GAM00203', 'ORIENT PHARMACY', 'SEEDUWA'),
('GAM00204', 'LAXSIRI PHARMACY', 'SEEDUWA'),
('GAM00206', 'ST. MARYS PHARMACY', 'SEEDUWA'),
('GAM00208', 'DR ANUJA FERNANDO', 'SEEDUWA'),
('GAM00209', 'DR WELIKALA', 'SEEDUWA'),
('GAM00210', 'DR RASANTHI', 'SEEDUWA'),
('GAM00211', 'DR GAYAN JAYAKODY', 'SEEDUWA'),
('GAM00212', 'DR SILVA', 'SEEDUWA'),
('GAM00215', 'SUWASALA PHARMACY', 'MINUWANGODA'),
('GAM00216', 'LASITH PHARMACY', 'MINUWANGODA'),
('GAM00217', 'RANMINI PHARMACY', 'MINUWANGODA'),
('GAM00218', 'INDRA PHARMACY', 'MINUWANGODA'),
('GAM00219', 'CHALANI PHARMACY', 'MINUWANGODA'),
('GAM00220', 'DAGONNA PHARMACY', 'MINUWANGODA'),
('GAM00221', 'SAHANA OSOSALA', 'MINUWANGODA'),
('GAM00222', 'CENTRAL DIVINE', 'MINUWANGODA'),
('GAM00223', 'NANDANA PHARMACY', 'MINUWANGODA'),
('GAM00225', 'NEW CHALANI PHARMACY', 'MINUWANGODA'),
('GAM00226', 'OSILKA PHARMACY', 'MINUWANGODA'),
('GAM00227', 'ORIENT PHARMACY', 'MINUWANGODA'),
('GAM00228', 'PEOPLES PHARMACY', 'MINUWANGODA'),
('GAM00229', 'KALASI PHARMACY', 'MINUWANGODA'),
('GAM00230', 'K  K PHARMACY', 'MINUWANGODA'),
('GAM00232', 'DR CHAMINDA SOORIYARACHCHI', 'MINUWANGODA'),
('GAM00233', 'DR SALIYA BOMBUWALA', 'MINUWANGODA'),
('GAM00234', 'DR SUJITH NONIS', 'MINUWANGODA'),
('GAM00235', 'DR K R G UPASHANTHA', 'MINUWANGODA'),
('GAM00236', 'RAZUL PHARMACY', 'DIVULAPITIYA'),
('GAM00237', 'OSADA PHARMACY', 'DIVULAPITIYA'),
('GAM00238', 'COOP OSUSALA', 'DIVULAPITIYA'),
('GAM00239', 'THE NEW PHARMACY', 'DIVULAPITIYA'),
('GAM00240', 'WIJAYAMINI PHARMACY', 'DIVULAPITIYA'),
('GAM00241', 'M.P.C.S  OSUSALA', 'DIVULAPITIYA'),
('GAM00242', 'LAKRUWAN PHARMACY', 'DIVULAPITIYA'),
('GAM00243', 'SUWASETHA PHARMACY', 'DIVULAPITIYA'),
('GAM00244', 'SITHMINA PHARMACY', 'DIVULAPITIYA'),
('GAM00245', 'DUNAGAHA OSUSALA', 'DIVULAPITIYA'),
('GAM00246', 'HIRU PHARMACY', 'DIVULAPITIYA'),
('GAM00247', 'NAWA OSUSALA', 'DIVULAPITIYA'),
('GAM00248', 'VIDURA PHARMACY', 'DIVULAPITIYA'),
('GAM00250', 'MADURI PHARMACY', 'DIVULAPITIYA'),
('GAM00251', 'DR GAMINI GUNAWARDENA', 'DIVULAPITIYA'),
('GAM00253', 'RELIANCE PHARMACY', 'Negombo'),
('GAM00254', 'NEW CRYSTAL PHARMACY', 'Negombo'),
('GAM00255', 'J  J PHARMACY', 'Negombo'),
('GAM00256', 'ROBERT  MEDICALS', 'Negombo'),
('GAM00257', 'NEGOMBO FOOD  DRUGS', 'Negombo'),
('GAM00258', 'MOON PHARMACY', 'Negombo'),
('GAM00259', 'UNIQUE PHARMACY', 'Negombo'),
('GAM00260', 'NEW LEO PHARMACY', 'Negombo'),
('GAM00261', 'X LAB PHARMACY', 'Negombo'),
('GAM00262', 'NEW CENTRAL PHARMACY', 'Negombo'),
('GAM00263', 'CITY MEDICALS', 'Negombo'),
('GAM00264', 'JAYALANKA PHARMACY', 'Negombo'),
('GAM00265', 'ROYAL PHARMACY', 'Negombo'),
('GAM00266', 'ORIENT PHARMACY', 'Negombo'),
('GAM00267', 'HEALING PHARMACY', 'Negombo'),
('GAM00268', 'S  G MEDICALS', 'Negombo'),
('GAM00269', 'SUWASARANA OSUSALA', 'Negombo'),
('GAM00270', 'THE PHARMACY', 'Negombo'),
('GAM00271', 'BETTERHEALTH PHARMACY', 'Negombo'),
('GAM00272', 'THE LANKA PHARMACY', 'Negombo'),
('GAM00275', 'DR KEERTHI RATHNAYAKA', 'Negombo'),
('GAM00276', 'HEALTHCARE PHARMACY', 'Negombo'),
('GAM00277', 'JAYAKODY PHARMACY', 'Negombo'),
('GAM00278', 'THENUKA PHARMACY', 'Negombo'),
('GAM00279', 'MAHAJANA OSUSALA', 'Negombo'),
('GAM00280', 'ASIRI PHARMACY', 'Negombo'),
('GAM00281', 'KALIDSON PHARMACY', 'Negombo'),
('GAM00282', 'PRADEEPA PHARMACY', 'Negombo'),
('GAM00283', 'SUPREME PHARMACY', 'Negombo'),
('GAM00284', 'KANDAWALA PHARMACY', 'Negombo'),
('GAM00285', 'SHANTHI PHARMACY', 'Negombo'),
('GAM00286', 'SURANGA PHARMACY', 'Negombo'),
('GAM00287', 'UNION PHARMACY', 'Negombo'),
('GAM00288', 'SHANTHI PHARMACY', 'Negombo'),
('GAM00289', 'SILVER RAY PHARMACY', 'Negombo'),
('GAM00290', 'THALAHENA PHARMACY', 'Negombo'),
('GAM00291', 'SRIEE    PHARMACY', 'Negombo'),
('GAM00292', 'SUPER MEDICALS', 'Negombo'),
('GAM00293', 'SEA STREET OSUSALA', 'Negombo'),
('GAM00294', 'K F D (PVT) LTD.', 'Negombo'),
('GAM00295', 'ROYAL PHARMACY LANKA', 'Negombo'),
('GAM00296', 'S  S MEDICAL', 'Negombo'),
('GAM00297', 'AVE MARIA PHARMACY', 'Negombo'),
('GAM00298', 'DR PRASANJAYA PRAMODITH', 'Negombo'),
('GAM00299', 'K S A MEDICAL', 'KOCHCHIKADE'),
('GAM00300', 'LAKSHI PHARMACY', 'KOCHCHIKADE'),
('GAM00301', 'BESTWAY PHARMACY', 'KOCHCHIKADE'),
('GAM00304', 'TRUST CHEMIST', 'KOCHCHIKADE'),
('GAM00306', 'CHAMPIKA MEDICAL', 'KOCHCHIKADE'),
('GAM00307', 'AJANTHA OSUSALA', 'KOCHCHIKADE'),
('GAM00308', 'ANRITA PHARMACY', 'KOCHCHIKADE'),
('GAM00310', 'THE BRITISH PHARMACY', 'KOCHCHIKADE'),
('GAM00312', 'DANKOTUWA MEDICAL', 'KOCHCHIKADE'),
('GAM00313', 'OSHIDI MEDICALS', 'KOCHCHIKADE'),
('GAM00314', 'NEEROGA PHARMACY', 'KOCHCHIKADE'),
('GAM00315', 'NIMESHA PHARMACY', 'KOCHCHIKADE'),
('GAM00316', 'ROYAL PHARMACY', 'KOCHCHIKADE'),
('GAM00317', 'SUWANA PHARMACY', 'KOCHCHIKADE'),
('GAM00318', 'DR MAHENDRA DAVID', 'KOCHCHIKADE'),
('GAM00319', 'DR IRESHA DASANAYAKE', 'KOCHCHIKADE'),
('GAM03221', 'Asoka Pharmacy', 'Negombo'),
('GAM03238', 'Asiri Pharmaceuticals', 'Kandana'),
('GAM03240', 'Nawaloka Hospital', 'Negombo'),
('GAM03243', 'Jeewanthi Pharmacy', 'DIVULAPITIYA'),
('GAM03245', 'Cash Payment', 'Negombo'),
('GAM03246', 'New Pharmacy', 'Negombo'),
('GAM03250', 'Osumina pharmacy', 'MINUWANGODA'),
('GAM03253', 'Jeewanthi Osusala', 'DIVULAPITIYA'),
('GAM03264', 'Niroga Pharmacy', 'Negombo'),
('GAM03276', 'New Medicare Pharmacy', 'JA-ELA'),
('GAM03277', 'Soft Life Pharmacy', 'JA-ELA'),
('GAM03302', 'New Lanka Pharmacy', 'Negombo'),
('GAM03306', 'Dr. NISHANTHA WIKRAMASINHA', 'JA-ELA'),
('GAM03307', 'Dr.Jayantha Rajapaksha', 'JA-ELA'),
('GAM03308', 'Dr Sujith Nonis', 'JA-ELA'),
('GAM03311', 'Dr Subodha Manoj', 'MINUWANGODA'),
('GAM03329', 'Lak osusala', 'SEEDUWA'),
('GAM03333', 'Isuru Pharmacy', 'Negombo'),
('GAM03339', 'Dr Samankula', 'Kandana'),
('GAM03354', 'Suwasaviya Hospital', 'DIVULAPITIYA'),
('GAM03361', 'Amila Pharmacy', 'JA-ELA'),
('GAM03370', 'Dr.Lalith Sisila Kumara', 'Kandana'),
('GAM03391', 'Dr Isuru Wijerathna', 'DIVULAPITIYA'),
('GAM03415', 'Dinara Pharmacy', 'Kandana'),
('GAM03417', 'Dr Nisal Fernando', 'Kandana'),
('GAM03418', 'Dr Saroja Wijeweera', 'DIVULAPITIYA'),
('GAM03493', 'Dr.Viraj Peramuna', 'JA-ELA'),
('GAM03518', 'Negombo Drugs', 'Negombo'),
('GAM03574', 'Dr Haritha Thennakoon', 'MINUWANGODA'),
('GAM03595', 'Dr Prasad Fernando', 'SEEDUWA'),
('GAM03604', 'Dr Ruwinda Abeyrathne', 'DIVULAPITIYA'),
('GAM03609', 'Dr Kumara Senadeera', 'Negombo'),
('GAMP003612', 'Dr Chamimda Salgadu', 'SEEDUWA'),
('GAMP004154', 'Dr Sisira Vidanagamage', 'SEEDUWA'),
('GAMP004177', 'Dr J. K. N. Jayamaha dental care.', 'Negombo'),
('GAMP004219', 'Arogya pharmacy', 'JA-ELA'),
('GAMP004261', 'Dr Saman Perera', 'SEEDUWA'),
('GAMP004337', 'Dr Sajee  Jayalingam', 'Negombo'),
('GAMP004349', 'Dr Lasantha Somarathne', 'Kandana'),
('GAMP004368', 'Shris lanka', 'Negombo'),
('GAMP004444', 'V. M pharmacy', 'DIVULAPITIYA'),
('GAMP004451', 'Nawa Lanka pharmacy', 'Negombo'),
('GAMP004827', 'Vision pharmacy', 'Kandana'),
('GAMP004874', 'Sasithma pharmacy', 'JA-ELA'),
('GAMP004879', 'Medicare Pharmacy', 'Kandana'),
('GAMP004969', 'Lanka Pharmacy Ganemulla', 'Kandana'),
('GAMP005041', 'Rooth pharmacy', 'DIVULAPITIYA'),
('GAMP005080', 'Dr Mohammed Ziyadh', 'Negombo'),
('GAMP005104', 'Dr Rinzeena', 'Negombo'),
('GAMP005187', 'Dr Aloka Jayamanna', 'SEEDUWA'),
('GAMP005250', 'Ravi Medical Center', 'KOCHCHIKADE'),
('GAMP005278', 'Royal Pharmacy-Kandana', 'Kandana'),
('GAMP005318', 'Dr Niroshan prasanga', 'Negombo'),
('GAMP005365', 'Nithya pharmacy', 'MINUWANGODA'),
('GAMP005375', 'Thudella Pharmacy', 'JA-ELA'),
('GAMP005393', 'Dr Dilantha Rajapaksha', 'MINUWANGODA'),
('GAMP005394', 'Dr Randeni R P J W', 'MINUWANGODA'),
('GAMP005399', 'Dr Dinesh Abesinghe', 'JA-ELA'),
('GAMP005413', 'BANDULA PHARMACY', 'MINUWANGODA'),
('GAMP005499', 'DIVYA PHARMACY', 'DIVULAPITIYA'),
('GAMP005522', 'Sagarika pharmacy', 'JA-ELA'),
('GAMP005587', 'Anjel pharmacy', 'KOCHCHIKADE'),
('GAMP005605', 'Shris Lanka pharmacy', 'SEEDUWA'),
('GAMP005606', 'S s pharmacy', 'SEEDUWA'),
('GAMP005609', 'Wellcare pharmace', 'DIVULAPITIYA'),
('GAMP005639', 'Sun pharmacy', 'Gampaha'),
('GAMP005657', 'Dr sisil fonseka', 'KOCHCHIKADE'),
('GAMP005658', 'Dr s r fernando', 'Negombo'),
('PUT00321', 'GAYASHA PHARMACY', 'WENNAPPUWA'),
('PUT00322', 'DARANI PHARMACY', 'WENNAPPUWA'),
('PUT00323', 'ISIRA PHARMACY', 'WENNAPPUWA'),
('PUT00324', 'ROYAL PHARMACY', 'WENNAPPUWA'),
('PUT00325', 'SUASI PHARMACY', 'WENNAPPUWA'),
('PUT00326', 'W.MENDIS CHEMIST', 'WENNAPPUWA'),
('PUT00328', 'WIJAYA PHARMACY', 'WENNAPPUWA'),
('PUT00329', 'CICILIYA PHARMACY', 'WENNAPPUWA'),
('PUT00330', 'IRESHA  PHARMACY', 'WENNAPPUWA'),
('PUT00331', 'RANMINA PHARMACY', 'WENNAPPUWA'),
('PUT00332', 'PRADEEP PHARMACY', 'WENNAPPUWA'),
('PUT00333', 'NEW ST JOSHEP PHARMACY', 'WENNAPPUWA'),
('PUT00334', 'SADUNI PHARMACY', 'WENNAPPUWA'),
('PUT00335', 'APEKSHA PHARMACY', 'WENNAPPUWA'),
('PUT00336', 'SARANI PHARMACY', 'WENNAPPUWA'),
('PUT00338', 'HOME NEEDS PHARMACY', 'WENNAPPUWA'),
('PUT00339', 'SITHARA PHARMACY', 'WENNAPPUWA'),
('PUT00340', 'NEW WESTRAN PHARMACY', 'WENNAPPUWA'),
('PUT00341', 'PRASANNA PHARMACY', 'WENNAPPUWA'),
('PUT00342', 'NEW HEELING PHARMACY', 'WENNAPPUWA'),
('PUT00343', 'DR SANATH FERNANDO', 'WENNAPPUWA'),
('PUT00344', 'DR THILAK N RANASINGHE', 'WENNAPPUWA'),
('PUT00346', 'DR I P SISIRA KUMARA', 'WENNAPPUWA'),
('PUT00348', 'JAYASOORIYA PHARMACY', 'MARAWILA'),
('PUT00349', 'SITHUMINA PHARMACY', 'MARAWILA'),
('PUT00350', 'SELANI MEDIKAL', 'MARAWILA'),
('PUT00351', 'RAJAPAKSHA PHARMACY', 'MARAWILA'),
('PUT00353', 'AMAN PHARMACY', 'MARAWILA'),
('PUT00354', 'PAVITHRA PHARMACY', 'MARAWILA'),
('PUT00355', 'ST JUDE PHARMACY', 'MARAWILA'),
('PUT00356', 'SAHANAYA PHARMACY', 'MARAWILA'),
('PUT00357', 'CURE PHARMACY', 'MARAWILA'),
('PUT00358', 'SISILA MULTY SHOP', 'MARAWILA'),
('PUT00360', 'NEW MEDICALSTORS', 'MARAWILA'),
('PUT00361', 'ARALIYA PHARMACY', 'MARAWILA'),
('PUT00362', 'NALAKA PHARMACY', 'MARAWILA'),
('PUT00364', 'SANTHANA PHARMACY', 'MARAWILA'),
('PUT00366', 'THE BRITISH  STORES', 'MARAWILA'),
('PUT00367', 'JAYASIRI PHARMACY', 'MARAWILA'),
('PUT00369', 'DR CHANNA DE SILVA', 'MARAWILA'),
('PUT00372', 'HEALTHY CARE PHARMACY', 'CHILAW'),
('PUT00373', 'SUWANA HOSPITAL', 'CHILAW'),
('PUT00374', 'J.S PHARMACY', 'CHILAW'),
('PUT00375', 'SUVINI PHARMACY', 'CHILAW'),
('PUT00377', 'SETHSIRI PHARMACY', 'CHILAW'),
('PUT00378', 'SETHMA PHARMACY', 'CHILAW'),
('PUT00379', 'THINUSHI PHARMACY', 'CHILAW'),
('PUT00380', 'NEW PHARMACY', 'CHILAW'),
('PUT00381', 'AROMA PHARMACY', 'CHILAW'),
('PUT00382', 'CITY PHARMACY', 'CHILAW'),
('PUT00386', 'ROYAL PHARMACY 2', 'CHILAW'),
('PUT00388', 'SUHADA PHARMACY', 'CHILAW'),
('PUT00390', 'DR ARUNA PATHIRANA', 'CHILAW'),
('PUT00391', 'DR BOPAGE', 'CHILAW'),
('PUT00393', 'DR ERANGA INDRAJITH', 'CHILAW'),
('PUT00394', 'DR PRASANNA DISSANAYAKE', 'CHILAW'),
('PUT00396', 'DR ROHAN AMARAJEEWA', 'CHILAW'),
('PUT00397', 'DR UPALI AMARASINGHE', 'CHILAW'),
('PUT00398', 'DR SALINGA  WEERASENA', 'CHILAW'),
('PUT00400', 'OSETH PHARMACY', 'KULIYAPITIYA'),
('PUT00401', 'DEEGAYU PHARMACY', 'KULIYAPITIYA'),
('PUT00403', 'MADHARA PHARMACY', 'KULIYAPITIYA'),
('PUT00404', 'SUWANETH PHARMACY', 'KULIYAPITIYA'),
('PUT00406', 'ISURU PHARMACY', 'KULIYAPITIYA'),
('PUT00407', 'SAMADHI PHARMACY', 'KULIYAPITIYA'),
('PUT00408', 'K.M.G HOSPITAL', 'KULIYAPITIYA'),
('PUT00409', 'SUWANI PHARMACY', 'KULIYAPITIYA'),
('PUT00410', 'ASHEN PHARMACY', 'KULIYAPITIYA'),
('PUT00412', 'SETHSUWA PHARMACY', 'KULIYAPITIYA'),
('PUT00414', 'WESTERN PHARMACY', 'KULIYAPITIYA'),
('PUT00415', 'DR D.M.S DISSANAYKE', 'KULIYAPITIYA'),
('PUT00416', 'DR PALITHA GUNARATHNE', 'KULIYAPITIYA'),
('PUT00418', 'DR ROHAN KERAGALA', 'KULIYAPITIYA'),
('PUT00422', 'COLOMBO MEDICALS', 'Puttalam'),
('PUT00424', 'BALASOORIYA PHARMACY', 'Puttalam'),
('PUT00425', 'HANYU PHARMACY', 'Puttalam'),
('PUT00426', 'LANKAN PHARMACY', 'Puttalam'),
('PUT00433', 'J  C MEDICAL', 'Puttalam'),
('PUT00434', 'NEW J  C PHARMACY', 'Puttalam'),
('PUT00435', 'BIO PLUS PHARMACY', 'Puttalam'),
('PUT00437', 'DR THIMASHA RASOOL', 'Puttalam'),
('PUT00438', 'DR THASLEEM', 'Puttalam'),
('PUT00441', 'DR M S PRIYANKARA', 'Puttalam'),
('PUT03229', 'Westline Pharmaceuticals', 'MARAWILA'),
('PUT03241', 'Chandrika Medical', 'WENNAPPUWA'),
('PUT03242', 'Dr.M.R.M Sadeek', 'Puttalam'),
('PUT03251', 'New Seth Pharmacy', 'CHILAW'),
('PUT03254', 'Wijaya Lanka Pharmacy', 'CHILAW'),
('PUT03278', 'Dr Namal Priyankara', 'KULIYAPITIYA'),
('PUT03290', 'Hiran Pharmacy', 'MARAWILA'),
('PUT03293', 'New Shifa pharmacy', 'Puttalam'),
('PUT03299', 'Nahadi Pharmacy', 'Puttalam'),
('PUT03304', 'Life care hospital', 'WENNAPPUWA'),
('PUT03325', 'New Lak Medical', 'Puttalam'),
('PUT03331', 'Dr V N R Weerakkody', 'Puttalam'),
('PUT03356', 'Dr Megasuriya', 'CHILAW'),
('PUT03357', 'Dr Rohan Ekanayake', 'CHILAW'),
('PUT03367', 'Dr. Lal Perera', 'WENNAPPUWA'),
('PUT03397', 'K.M.G Suwasewa Pharmacy 2', 'KULIYAPITIYA'),
('PUT03419', 'Nuha Pharmacy', 'Puttalam'),
('PUT03433', 'Dr M.kalam', 'Puttalam'),
('PUT03470', 'Dallas Pharmacy', 'Puttalam'),
('PUT03567', 'Dr S Thenuwara', 'CHILAW'),
('PUTT003255', 'Dr Namal Priyankara', 'KULIYAPITIYA'),
('PUTT003610', 'Dr W A W Weerasinghe', 'KULIYAPITIYA'),
('PUTT004005', 'Dr nalaka chandasekara', 'Puttalam'),
('PUTT004569', 'Dr. Neel Jayasundara', 'Puttalam'),
('PUTT005047', 'W.R.N.A.AMRASEKARA', 'KULIYAPITIYA'),
('PUTT005082', 'TIANA PHARMACY', 'MARAWILA'),
('PUTT005189', 'Dr N S Siramanna', 'KULIYAPITIYA'),
('PUTT005198', 'Ranmina Pharmacy2', 'MARAWILA'),
('PUTT005557', 'Dr wasantha k herath', 'KULIYAPITIYA');

-- --------------------------------------------------------

--
-- Table structure for table `gsoutupload`
--

DROP TABLE IF EXISTS `gsoutupload`;
CREATE TABLE IF NOT EXISTS `gsoutupload` (
  `gID` varchar(20) NOT NULL,
  `gCustName` varchar(50) NOT NULL,
  `gTown` varchar(20) NOT NULL,
  `inv` varchar(20) NOT NULL,
  `date` date DEFAULT NULL,
  `age` int(11) DEFAULT NULL,
  `amount` float DEFAULT NULL,
  `balAmount` float DEFAULT NULL,
  PRIMARY KEY (`inv`),
  KEY `hID` (`gID`)
) ENGINE=InnoDB DEFAULT CHARSET=latin1;

--
-- Dumping data for table `gsoutupload`
--

INSERT INTO `gsoutupload` (`gID`, `gCustName`, `gTown`, `inv`, `date`, `age`, `amount`, `balAmount`) VALUES
('', '', '', '', NULL, 0, 0, 26),
('GAM00253', 'RELIANCE PHARMACY', 'Negombo', 'CSO007901104', '2018-09-27', 340, 10522.8, 7410.48),
('GAM00271', 'BETTERHEALTH PHARMACY', 'Negombo', 'CSO007901708', '2018-11-13', 293, 18280.3, 15438.2),
('GAM00254', 'NEW CRYSTAL PHARMACY', 'Negombo', 'CSO007901713', '2018-11-13', 293, 14840.2, 11248.2),
('GAM00316', 'ROYAL PHARMACY', 'KOCHCHIKADE', 'CSO007901872', '2018-11-27', 279, 17106.3, 15764.3),
('GAM00149', 'GOLDEN CREST', 'Kandana', 'CSO007901984', '2018-12-07', 269, 4473.8, 4473.8),
('GAM00243', 'SUWASETHA PHARMACY', 'DIVULAPITIYA', 'CSO007902031', '2018-12-06', 270, 6016.6, 6016.6),
('GAM00290', 'THALAHENA PHARMACY', 'Negombo', 'CSO007902139', '2018-12-13', 263, 3977.3, 3977.3),
('PUT03293', 'New Shifa pharmacy', 'Puttalam', 'CSO007902244', '2018-12-20', 256, 12524.9, 12524.9),
('GAM00253', 'RELIANCE PHARMACY', 'Negombo', 'CSO007902300', '2018-12-27', 249, 2579, 2579),
('GAM00254', 'NEW CRYSTAL PHARMACY', 'Negombo', 'CSO007902355', '2018-12-31', 245, 18151.7, 18151.7),
('PUT00407', 'SAMADHI PHARMACY', 'KULIYAPITIYA', 'CSO007902442', '2019-01-04', 241, 2475, 1189),
('GAM00147', 'CITY PHARMACY', 'Kandana', 'CSO007902457', '2019-01-07', 238, 3070.1, 3070.1),
('GAM00174', 'NILMINI PHARMACY', 'JA-ELA', 'CSO007902501', '2019-01-08', 237, 11952.2, 11952.2),
('GAM00263', 'CITY MEDICALS', 'Negombo', 'CSO007902583', '2019-01-14', 231, 21435.2, 21435.2),
('PUT03293', 'New Shifa pharmacy', 'Puttalam', 'CSO007902633', '2019-01-17', 228, 14658.8, 7094),
('GAM00146', 'CHEMA PHARMACY', 'Kandana', 'CSO007902681', '2019-01-21', 224, 882.7, 882.7),
('GAM00147', 'CITY PHARMACY', 'Kandana', 'CSO007902683', '2019-01-21', 224, 5348.8, 5348.8),
('GAM00182', 'ST JOSHEPS PHARMACY', 'JA-ELA', 'CSO007902744', '2019-01-23', 222, 3996.05, 3996.05),
('GAM00202', 'NEW ST. JOSHEP PHARMACY', 'SEEDUWA', 'CSO007902750', '2019-01-29', 216, 7719.2, 7719.2),
('GAM00256', 'ROBERT  MEDICALS', 'Negombo', 'CSO007902776', '2019-01-26', 219, 11860.9, 11860.9),
('GAM00281', 'KALIDSON PHARMACY', 'Negombo', 'CSO007902795', '2019-01-28', 217, 1013.25, 1013.25),
('GAM00268', 'S  G MEDICALS', 'Negombo', 'CSO007902796', '2019-01-28', 217, 4016.9, 4016.9),
('GAM00283', 'SUPREME PHARMACY', 'Negombo', 'CSO007902798', '2019-01-28', 217, 2026.5, 2026.5),
('GAM00284', 'KANDAWALA PHARMACY', 'Negombo', 'CSO007902799', '2019-01-28', 217, 1987.7, 1987.7),
('GAM00285', 'SHANTHI PHARMACY', 'Negombo', 'CSO007902800', '2019-01-28', 217, 13358.1, 13358.1),
('PUT00339', 'SITHARA PHARMACY', 'WENNAPPUWA', 'CSO007902820', '2019-01-29', 216, 561.4, 561.4),
('PUT03304', 'Life care hospital', 'WENNAPPUWA', 'CSO007902827', '2019-01-29', 216, 6276.6, 6276.6),
('GAM03415', 'Dinara Pharmacy', 'Kandana', 'CSO007902870', '2019-02-05', 209, 3302.8, 3302.8),
('GAM00270', 'THE PHARMACY', 'Negombo', 'CSO007902995', '2019-02-13', 201, 17272.3, 6128),
('GAM00174', 'NILMINI PHARMACY', 'JA-ELA', 'CSO007903143', '2019-02-25', 189, 3870, 3870),
('GAM00180', 'PAMUNUGAMA PHARMACY', 'JA-ELA', 'CSO007903151', '2019-02-28', 186, 46440, 46440),
('GAM03276', 'New Medicare Pharmacy', 'JA-ELA', 'CSO007903160', '2019-02-25', 189, 2632, 2632),
('PUT00434', 'NEW J  C PHARMACY', 'Puttalam', 'CSO007903264', '2019-03-05', 181, 15240.2, 7740),
('GAM00265', 'ROYAL PHARMACY', 'Negombo', 'CSO007903388', '2019-03-15', 171, 2836.8, 2836.8),
('PUT00354', 'PAVITHRA PHARMACY', 'MARAWILA', 'CSO007903459', '2019-03-19', 167, 8601, 1532),
('PUT00386', 'ROYAL PHARMACY 2', 'CHILAW', 'CSO007903483', '2019-03-21', 165, 29354.4, 0.4),
('GAM00259', 'UNIQUE PHARMACY', 'Negombo', 'CSO007903588', '2019-03-29', 157, 92620, 10961),
('GAM00297', 'AVE MARIA PHARMACY', 'Negombo', 'CSO007903618', '2019-03-29', 157, 3947.4, 3947.4),
('PUT00407', 'SAMADHI PHARMACY', 'KULIYAPITIYA', 'CSO007903661', '2019-04-05', 150, 2632, 2632),
('PUT03251', 'New Seth Pharmacy', 'CHILAW', 'CSO007903683', '2019-04-08', 147, 12343.5, 12343.5),
('GAM00277', 'JAYAKODY PHARMACY', 'Negombo', 'CSO007903717', '2019-04-08', 147, 27981.8, 8395),
('GAM00174', 'NILMINI PHARMACY', 'JA-ELA', 'CSO007903755', '2019-04-10', 145, 1816, 1816),
('GAM00255', 'J  J PHARMACY', 'Negombo', 'CSO007903774', '2019-04-11', 144, 14045.3, 14045.3),
('GAM00241', 'M.P.C.S  OSUSALA', 'DIVULAPITIYA', 'CSO007903779', '2019-04-11', 144, 9726.25, 9726.25),
('GAM00270', 'THE PHARMACY', 'Negombo', 'CSO007903801', '2019-04-18', 137, 10119.1, 3152),
('GAM00254', 'NEW CRYSTAL PHARMACY', 'Negombo', 'CSO007903803', '2019-04-18', 137, 13592.8, 4453),
('GAM00316', 'ROYAL PHARMACY', 'KOCHCHIKADE', 'CSO007903832', '2019-04-23', 132, 19018.4, 1545),
('GAM00315', 'NIMESHA PHARMACY', 'KOCHCHIKADE', 'CSO007903833', '2019-04-23', 132, 1982.4, 1243.8),
('GAM00317', 'SUWANA PHARMACY', 'KOCHCHIKADE', 'CSO007903834', '2019-04-23', 132, 570.2, 570.2),
('GAM00308', 'ANRITA PHARMACY', 'KOCHCHIKADE', 'CSO007903840', '2019-04-23', 132, 1684, 894.4),
('PUT00331', 'RANMINA PHARMACY', 'WENNAPPUWA', 'CSO007903897', '2019-04-29', 126, 42084.6, 1667.55),
('GAM00272', 'THE LANKA PHARMACY', 'Negombo', 'CSO007903964', '2019-05-02', 123, 19678.4, 19678.4),
('PUT00434', 'NEW J  C PHARMACY', 'Puttalam', 'CSO007904012', '2019-05-06', 119, 25598.8, 25598.8),
('PUT00425', 'HANYU PHARMACY', 'Puttalam', 'CSO007904062', '2019-05-09', 116, 28808, 1176),
('PUT03299', 'Nahadi Pharmacy', 'Puttalam', 'CSO007904063', '2019-05-09', 116, 41669.6, 7631.6),
('GAM00259', 'UNIQUE PHARMACY', 'Negombo', 'CSO007904078', '2019-05-11', 114, 46248.3, 0.4),
('GAM00143', 'KANDANA OSUSALA', 'Kandana', 'CSO007904163', '2019-05-17', 108, 2875.5, 2875.5),
('PUT00372', 'HEALTHY CARE PHARMACY', 'CHILAW', 'CSO007904185', '2019-05-21', 104, 31972.9, 30081.7),
('PUT00375', 'SUVINI PHARMACY', 'CHILAW', 'CSO007904191', '2019-05-21', 104, 1684, 1684),
('PUT00379', 'THINUSHI PHARMACY', 'CHILAW', 'CSO007904193', '2019-05-21', 104, 27210.8, 27210.8),
('GAM00262', 'NEW CENTRAL PHARMACY', 'Negombo', 'CSO007904248', '2019-05-28', 97, 2632, 2632),
('GAM00301', 'BESTWAY PHARMACY', 'KOCHCHIKADE', 'CSO007904250', '2019-05-27', 98, 2470.4, 9.9),
('GAM00296', 'S  S MEDICAL', 'Negombo', 'CSO007904292', '2019-05-31', 94, 39480, 39480),
('GAM00180', 'PAMUNUGAMA PHARMACY', 'JA-ELA', 'CSO007904325', '2019-05-31', 94, 33772, 15620),
('PUT03299', 'Nahadi Pharmacy', 'Puttalam', 'CSO007904329', '2019-05-31', 94, 25078.3, 25078.3),
('GAM00220', 'DAGONNA PHARMACY', 'MINUWANGODA', 'CSO007904336', '2019-05-31', 94, 427020, 51238),
('PUT03470', 'Dallas Pharmacy', 'Puttalam', 'CSO007904337', '2019-05-31', 94, 8033.4, 8033.4),
('GAM00259', 'UNIQUE PHARMACY', 'Negombo', 'CSO007904338', '2019-05-31', 94, 8395, 8395),
('PUT00390', 'DR ARUNA PATHIRANA', 'CHILAW', 'CSO007904339', '2019-05-31', 94, 18160, 18160),
('GAM00180', 'PAMUNUGAMA PHARMACY', 'JA-ELA', 'CSO007904340', '2019-05-31', 94, 3152.4, 3152.4),
('PUT00386', 'ROYAL PHARMACY 2', 'CHILAW', 'CSO007904342', '2019-05-31', 94, 15486.8, 338),
('PUT00379', 'THINUSHI PHARMACY', 'CHILAW', 'CSO007904369', '2019-06-05', 89, 4570, 4570),
('PUT00375', 'SUVINI PHARMACY', 'CHILAW', 'CSO007904371', '2019-06-05', 89, 5405.6, 5405.6),
('PUT00416', 'DR PALITHA GUNARATHNE', 'KULIYAPITIYA', 'CSO007904380', '2019-06-15', 79, 18160, 18160),
('PUT00353', 'AMAN PHARMACY', 'MARAWILA', 'CSO007904392', '2019-06-06', 88, 18258.9, 10000),
('PUT03254', 'Wijaya Lanka Pharmacy', 'CHILAW', 'CSO007904395', '2019-06-06', 88, 12804.2, 0.2),
('GAM00301', 'BESTWAY PHARMACY', 'KOCHCHIKADE', 'CSO007904407', '2019-06-10', 84, 5159.6, 389),
('GAM00299', 'K S A MEDICAL', 'KOCHCHIKADE', 'CSO007904409', '2019-06-10', 84, 4015.9, 3252.75),
('PUT00321', 'GAYASHA PHARMACY', 'WENNAPPUWA', 'CSO007904418', '2019-06-10', 84, 505.2, 505.2),
('GAM00317', 'SUWANA PHARMACY', 'KOCHCHIKADE', 'CSO007904424', '2019-06-10', 84, 288.4, 288.4),
('PUT00434', 'NEW J  C PHARMACY', 'Puttalam', 'CSO007904436', '2019-06-11', 83, 10710.6, 10710.6),
('PUT00433', 'J  C MEDICAL', 'Puttalam', 'CSO007904444', '2019-06-11', 83, 3792.1, 3792.1),
('GAM00245', 'DUNAGAHA OSUSALA', 'DIVULAPITIYA', 'CSO007904445', '2019-06-12', 82, 2851, 2851),
('GAM00219', 'CHALANI PHARMACY', 'MINUWANGODA', 'CSO007904458', '2019-07-01', 63, 10426.2, 10426.2),
('PUT00408', 'K.M.G HOSPITAL', 'KULIYAPITIYA', 'CSO007904478', '2019-06-14', 80, 5526, 5526),
('PUT00358', 'SISILA MULTY SHOP', 'MARAWILA', 'CSO007904485', '2019-06-14', 80, 26320, 1884),
('GAM00281', 'KALIDSON PHARMACY', 'Negombo', 'CSO007904492', '2019-07-01', 63, 12707.2, 12707.2),
('GAM03277', 'Soft Life Pharmacy', 'JA-ELA', 'CSO007904500', '2019-06-17', 77, 6100.6, 0.33),
('GAM00182', 'ST JOSHEPS PHARMACY', 'JA-ELA', 'CSO007904522', '2019-06-18', 76, 11185.6, 11185.6),
('GAM00147', 'CITY PHARMACY', 'Kandana', 'CSO007904526', '2019-06-18', 76, 10417.9, 10417.9),
('GAM00154', 'SETHSIRI PHARMACY', 'Kandana', 'CSO007904531', '2019-06-18', 76, 4645.4, 3803.4),
('PUT00408', 'K.M.G HOSPITAL', 'KULIYAPITIYA', 'CSO007904557', '2019-06-20', 74, 5264, 3597),
('PUT00373', 'SUWANA HOSPITAL', 'CHILAW', 'CSO007904561', '2019-06-20', 74, 21216.6, 8122),
('PUT00382', 'CITY PHARMACY', 'CHILAW', 'CSO007904570', '2019-06-20', 74, 17536.5, 15869.5),
('PUT00349', 'SITHUMINA PHARMACY', 'MARAWILA', 'CSO007904581', '2019-06-21', 73, 32657.7, 32657.7),
('PUT03290', 'Hiran Pharmacy', 'MARAWILA', 'CSO007904584', '2019-06-21', 73, 11485.8, 2788.2),
('PUT00358', 'SISILA MULTY SHOP', 'MARAWILA', 'CSO007904586', '2019-06-21', 73, 19975.6, 14657.2),
('PUTT005198', 'Ranmina Pharmacy2', 'MARAWILA', 'CSO007904593', '2019-06-22', 72, 9793.85, 9793.85),
('PUT00342', 'NEW HEELING PHARMACY', 'WENNAPPUWA', 'CSO007904594', '2019-06-22', 72, 2947.4, 0.4),
('PUT03241', 'Chandrika Medical', 'WENNAPPUWA', 'CSO007904600', '2019-06-24', 70, 6703.9, 6094.3),
('PUT00336', 'SARANI PHARMACY', 'WENNAPPUWA', 'CSO007904606', '2019-06-24', 70, 839.5, 181.61),
('PUT00393', 'DR ERANGA INDRAJITH', 'CHILAW', 'CSO007904608', '2019-06-29', 65, 71210, 71210),
('GAM00218', 'INDRA PHARMACY', 'MINUWANGODA', 'CSO007904615', '2019-06-27', 67, 13160, 13160),
('PUT00434', 'NEW J  C PHARMACY', 'Puttalam', 'CSO007904616', '2019-06-24', 70, 20898.7, 20898.7),
('GAM03246', 'New Pharmacy', 'Negombo', 'CSO007904620', '2019-06-25', 69, 8777.8, 7716.8),
('GAM00299', 'K S A MEDICAL', 'KOCHCHIKADE', 'CSO007904621', '2019-06-25', 69, 2730.9, 2730.9),
('GAM00308', 'ANRITA PHARMACY', 'KOCHCHIKADE', 'CSO007904627', '2019-06-25', 69, 2851, 2851),
('GAM00312', 'DANKOTUWA MEDICAL', 'KOCHCHIKADE', 'CSO007904628', '2019-06-25', 69, 5933.2, 5933.2),
('PUT00366', 'THE BRITISH  STORES', 'MARAWILA', 'CSO007904632', '2019-06-26', 68, 839.5, 839.5),
('GAM00254', 'NEW CRYSTAL PHARMACY', 'Negombo', 'CSO007904638', '2019-07-01', 63, 9903.8, 9903.8),
('GAM00262', 'NEW CENTRAL PHARMACY', 'Negombo', 'CSO007904643', '2019-06-27', 67, 19780.8, 13026.4),
('PUT00393', 'DR ERANGA INDRAJITH', 'CHILAW', 'CSO007904651', '2019-06-29', 65, 13158, 13158),
('PUT03433', 'Dr M.kalam', 'Puttalam', 'CSO007904659', '2019-06-27', 67, 20702, 20702),
('PUTT004005', 'Dr nalaka chandasekara', 'Puttalam', 'CSO007904660', '2019-06-27', 67, 16658, 16658),
('PUT00408', 'K.M.G HOSPITAL', 'KULIYAPITIYA', 'CSO007904665', '2019-06-28', 66, 10583.4, 10583.4),
('GAM00203', 'ORIENT PHARMACY', 'SEEDUWA', 'CSO007904677', '2019-06-28', 66, 18986.9, 15714),
('PUT03433', 'Dr M.kalam', 'Puttalam', 'CSO007904692', '2019-06-29', 65, 27829.5, 27829.5),
('PUT00434', 'NEW J  C PHARMACY', 'Puttalam', 'CSO007904694', '2019-06-29', 65, 14184, 14184),
('PUT00438', 'DR THASLEEM', 'Puttalam', 'CSO007904696', '2019-07-01', 63, 14404, 14404),
('GAM00294', 'K F D (PVT) LTD.', 'Negombo', 'CSO007904698', '2019-07-01', 63, 98809, 98809),
('GAM03302', 'New Lanka Pharmacy', 'Negombo', 'CSO007904709', '2019-07-01', 63, 39474, 17166),
('PUT00373', 'SUWANA HOSPITAL', 'CHILAW', 'CSO007904721', '2019-07-02', 62, 35449, 30000),
('PUT00393', 'DR ERANGA INDRAJITH', 'CHILAW', 'CSO007904740', '2019-07-04', 60, 26320, 26320),
('PUT00409', 'SUWANI PHARMACY', 'KULIYAPITIYA', 'CSO007904752', '2019-07-03', 61, 17319.3, 16661.4),
('PUT03397', 'K.M.G Suwasewa Pharmacy 2', 'KULIYAPITIYA', 'CSO007904753', '2019-07-03', 61, 7795.5, 7795.5),
('PUT00373', 'SUWANA HOSPITAL', 'CHILAW', 'CSO007904806', '2019-07-09', 55, 25830, 25830),
('GAM03240', 'Nawaloka Hospital', 'Negombo', 'CSO007904807', '2019-07-10', 54, 29404.6, 29404.6),
('GAM00227', 'ORIENT PHARMACY', 'MINUWANGODA', 'CSO007904812', '2019-07-10', 54, 7105.5, 7105.5),
('GAM00228', 'PEOPLES PHARMACY', 'MINUWANGODA', 'CSO007904816', '2019-07-10', 54, 3682.8, 3682.8),
('GAM00225', 'NEW CHALANI PHARMACY', 'MINUWANGODA', 'CSO007904817', '2019-07-10', 54, 13234, 13234),
('GAM00226', 'OSILKA PHARMACY', 'MINUWANGODA', 'CSO007904818', '2019-07-10', 54, 405.3, 405.3),
('GAM00245', 'DUNAGAHA OSUSALA', 'DIVULAPITIYA', 'CSO007904822', '2019-07-10', 54, 4075.2, 3618.2),
('GAM00244', 'SITHMINA PHARMACY', 'DIVULAPITIYA', 'CSO007904823', '2019-07-10', 54, 21920, 21920),
('GAM00215', 'SUWASALA PHARMACY', 'MINUWANGODA', 'CSO007904824', '2019-07-10', 54, 10576.2, 10576.2),
('GAM00218', 'INDRA PHARMACY', 'MINUWANGODA', 'CSO007904827', '2019-07-10', 54, 18293.4, 18293.4),
('GAM00229', 'KALASI PHARMACY', 'MINUWANGODA', 'CSO007904828', '2019-07-10', 54, 2260.8, 2260.8),
('PUT00321', 'GAYASHA PHARMACY', 'WENNAPPUWA', 'CSO007904837', '2019-07-11', 53, 14015, 14015),
('PUT00335', 'APEKSHA PHARMACY', 'WENNAPPUWA', 'CSO007904838', '2019-07-11', 53, 6181.85, 6181.85),
('PUT00332', 'PRADEEP PHARMACY', 'WENNAPPUWA', 'CSO007904839', '2019-07-11', 53, 1679, 1679),
('PUT00333', 'NEW ST JOSHEP PHARMACY', 'WENNAPPUWA', 'CSO007904840', '2019-07-11', 53, 754.4, 754.4),
('PUT00336', 'SARANI PHARMACY', 'WENNAPPUWA', 'CSO007904841', '2019-07-11', 53, 13179, 8908.8),
('PUT00331', 'RANMINA PHARMACY', 'WENNAPPUWA', 'CSO007904843', '2019-07-12', 52, 26274.4, 26274.4),
('PUT00340', 'NEW WESTRAN PHARMACY', 'WENNAPPUWA', 'CSO007904846', '2019-07-17', 47, 80981.1, 74994.1),
('GAM03246', 'New Pharmacy', 'Negombo', 'CSO007904851', '2019-07-12', 52, 7325.5, 7325.5),
('GAM00301', 'BESTWAY PHARMACY', 'KOCHCHIKADE', 'CSO007904852', '2019-07-12', 52, 1860.6, 1860.6),
('GAM00306', 'CHAMPIKA MEDICAL', 'KOCHCHIKADE', 'CSO007904853', '2019-07-12', 52, 16223.4, 15552.4),
('GAM00313', 'OSHIDI MEDICALS', 'KOCHCHIKADE', 'CSO007904858', '2019-07-12', 52, 4632, 4632),
('GAM00259', 'UNIQUE PHARMACY', 'Negombo', 'CSO007904864', '2019-07-13', 51, 25944, 25944),
('GAM00280', 'ASIRI PHARMACY', 'Negombo', 'CSO007904871', '2019-07-15', 49, 1315.8, 1315.8),
('GAM00173', 'ST. JOSHEP PHARMACY', 'JA-ELA', 'CSO007904872', '2019-07-15', 49, 14087.6, 14087.6),
('GAM00254', 'NEW CRYSTAL PHARMACY', 'Negombo', 'CSO007904875', '2019-07-15', 49, 17345.4, 17345.4),
('GAM00259', 'UNIQUE PHARMACY', 'Negombo', 'CSO007904876', '2019-07-15', 49, 30166.4, 30166.4),
('GAM03240', 'Nawaloka Hospital', 'Negombo', 'CSO007904882', '2019-07-15', 49, 61695, 61133.6),
('GAM00263', 'CITY MEDICALS', 'Negombo', 'CSO007904883', '2019-07-17', 47, 11758, 5605.4),
('GAM03264', 'Niroga Pharmacy', 'Negombo', 'CSO007904887', '2019-07-17', 47, 13213.7, 13213.7),
('GAM00281', 'KALIDSON PHARMACY', 'Negombo', 'CSO007904892', '2019-07-17', 47, 8091.2, 8091.2),
('GAM00278', 'THENUKA PHARMACY', 'Negombo', 'CSO007904893', '2019-07-17', 47, 8337.1, 8337.1),
('GAM00292', 'SUPER MEDICALS', 'Negombo', 'CSO007904897', '2019-07-17', 47, 7667.7, 7667.7),
('GAM00140', 'SETHMA PHARMACY', 'Kandana', 'CSO007904903', '2019-07-18', 46, 53289.5, 49789.5),
('PUT00373', 'SUWANA HOSPITAL', 'CHILAW', 'CSO007904904', '2019-07-19', 45, 52943.9, 3521),
('GAM00191', 'GOLD CREST PHARMACY', 'SEEDUWA', 'CSO007904906', '2019-07-18', 46, 4579.8, 4579.8),
('GAM00209', 'DR WELIKALA', 'SEEDUWA', 'CSO007904917', '2019-07-19', 45, 2518.5, 2518.5),
('GAM00189', 'DR D D ABESINGHE', 'JA-ELA', 'CSO007904920', '2019-07-20', 44, 4872.8, 4872.8),
('GAM00173', 'ST. JOSHEP PHARMACY', 'JA-ELA', 'CSO007904926', '2019-07-19', 45, 9621.65, 9095.15),
('GAM00170', 'PJ ENTERPRISES', 'JA-ELA', 'CSO007904930', '2019-07-19', 45, 137907, 116784),
('GAM00260', 'NEW LEO PHARMACY', 'Negombo', 'CSO007904936', '2019-07-24', 40, 29748.7, 29748.7),
('GAM00260', 'NEW LEO PHARMACY', 'Negombo', 'CSO007904937', '2019-07-24', 40, 46842, 46842),
('GAM00144', 'KAPUWATTE PHARMACY', 'Kandana', 'CSO007904938', '2019-07-22', 42, 6322.9, 6322.9),
('GAM00145', 'HANSI PHARMACY', 'Kandana', 'CSO007904940', '2019-07-22', 42, 707, 707),
('GAM00151', 'HEALTH LINE PHARMACY', 'Kandana', 'CSO007904943', '2019-07-22', 42, 8166.6, 8166.6),
('GAM00259', 'UNIQUE PHARMACY', 'Negombo', 'CSO007904946', '2019-07-20', 44, 8652, 8652),
('GAM00141', 'ORIENT PHARMACY', 'Kandana', 'CSO007904948', '2019-07-22', 42, 914, 914),
('GAM00143', 'KANDANA OSUSALA', 'Kandana', 'CSO007904950', '2019-07-22', 42, 739, 739),
('GAM00218', 'INDRA PHARMACY', 'MINUWANGODA', 'CSO007904952', '2019-07-22', 42, 1690, 1690),
('GAM00222', 'CENTRAL DIVINE', 'MINUWANGODA', 'CSO007904954', '2019-07-22', 42, 14736, 14736),
('GAM00218', 'INDRA PHARMACY', 'MINUWANGODA', 'CSO007904955', '2019-07-22', 42, 10776.5, 10776.5),
('GAM00262', 'NEW CENTRAL PHARMACY', 'Negombo', 'CSO007904956', '2019-07-22', 42, 6579, 6579),
('PUT00400', 'OSETH PHARMACY', 'KULIYAPITIYA', 'CSO007904957', '2019-07-22', 42, 27312, 27312),
('PUT00400', 'OSETH PHARMACY', 'KULIYAPITIYA', 'CSO007904958', '2019-07-22', 42, 2631.6, 2631.6),
('PUT00401', 'DEEGAYU PHARMACY', 'KULIYAPITIYA', 'CSO007904960', '2019-07-22', 42, 2095.3, 2095.3),
('PUT00404', 'SUWANETH PHARMACY', 'KULIYAPITIYA', 'CSO007904963', '2019-07-22', 42, 12547.6, 3449.6),
('PUT00412', 'SETHSUWA PHARMACY', 'KULIYAPITIYA', 'CSO007904965', '2019-07-23', 41, 4448, 4448),
('PUT00414', 'WESTERN PHARMACY', 'KULIYAPITIYA', 'CSO007904966', '2019-07-23', 41, 20567, 20567),
('PUT00400', 'OSETH PHARMACY', 'KULIYAPITIYA', 'CSO007904968', '2019-07-23', 41, 926.4, 926.4),
('PUT00409', 'SUWANI PHARMACY', 'KULIYAPITIYA', 'CSO007904969', '2019-07-23', 41, 9138.8, 5764.8),
('PUT03397', 'K.M.G Suwasewa Pharmacy 2', 'KULIYAPITIYA', 'CSO007904970', '2019-07-23', 41, 5568.5, 559.5),
('GAM00237', 'OSADA PHARMACY', 'DIVULAPITIYA', 'CSO007904972', '2019-07-23', 41, 10653.3, 10653.3),
('PUT00373', 'SUWANA HOSPITAL', 'CHILAW', 'CSO007904973', '2019-07-23', 41, 61424.8, 61424.8),
('PUT00373', 'SUWANA HOSPITAL', 'CHILAW', 'CSO007904974', '2019-07-23', 41, 3990, 3990),
('PUT00382', 'CITY PHARMACY', 'CHILAW', 'CSO007904975', '2019-07-23', 41, 18848.6, 15968.6),
('PUT00398', 'DR SALINGA  WEERASENA', 'CHILAW', 'CSO007904979', '2019-07-23', 41, 30263.5, 30263.5),
('GAM03240', 'Nawaloka Hospital', 'Negombo', 'CSO007904980', '2019-07-23', 41, 35797.1, 28407.1),
('PUT00388', 'SUHADA PHARMACY', 'CHILAW', 'CSO007904981', '2019-07-23', 41, 111066, 106796),
('PUT00380', 'NEW PHARMACY', 'CHILAW', 'CSO007904984', '2019-07-23', 41, 7451.3, 7451.3),
('PUT00377', 'SETHSIRI PHARMACY', 'CHILAW', 'CSO007904985', '2019-07-24', 40, 20061.6, 20061.6),
('PUT00393', 'DR ERANGA INDRAJITH', 'CHILAW', 'CSO007904986', '2019-07-24', 40, 13158, 13158),
('PUTT005082', 'TIANA PHARMACY', 'MARAWILA', 'CSO007904990', '2019-07-24', 40, 8648, 8648),
('PUT00349', 'SITHUMINA PHARMACY', 'MARAWILA', 'CSO007904991', '2019-07-24', 40, 75098.4, 51545.3),
('PUT00354', 'PAVITHRA PHARMACY', 'MARAWILA', 'CSO007904994', '2019-07-24', 40, 8119, 8119),
('PUT00366', 'THE BRITISH  STORES', 'MARAWILA', 'CSO007904996', '2019-07-24', 40, 16967.8, 13593.8),
('PUT00364', 'SANTHANA PHARMACY', 'MARAWILA', 'CSO007905002', '2019-07-25', 39, 12585, 12585),
('PUT00364', 'SANTHANA PHARMACY', 'MARAWILA', 'CSO007905003', '2019-07-25', 39, 5263.2, 5263.2),
('PUT00388', 'SUHADA PHARMACY', 'CHILAW', 'CSO007905005', '2019-07-26', 38, 1526.3, 1526.3),
('PUT00321', 'GAYASHA PHARMACY', 'WENNAPPUWA', 'CSO007905006', '2019-07-25', 39, 9055.6, 9055.6),
('PUT00333', 'NEW ST JOSHEP PHARMACY', 'WENNAPPUWA', 'CSO007905007', '2019-07-25', 39, 4791.1, 2654.35),
('GAM00278', 'THENUKA PHARMACY', 'Negombo', 'CSO007905008', '2019-07-25', 39, 6347.7, 6347.7),
('GAM00219', 'CHALANI PHARMACY', 'MINUWANGODA', 'CSO007905011', '2019-07-31', 33, 6529.6, 6529.6),
('PUT00336', 'SARANI PHARMACY', 'WENNAPPUWA', 'CSO007905012', '2019-07-25', 39, 3859.6, 3859.6),
('PUT00323', 'ISIRA PHARMACY', 'WENNAPPUWA', 'CSO007905013', '2019-07-25', 39, 4946.8, 4946.8),
('PUT00326', 'W.MENDIS CHEMIST', 'WENNAPPUWA', 'CSO007905015', '2019-07-25', 39, 11656.6, 11656.6),
('PUT00328', 'WIJAYA PHARMACY', 'WENNAPPUWA', 'CSO007905017', '2019-07-25', 39, 14351.8, 13036.8),
('GAM00263', 'CITY MEDICALS', 'Negombo', 'CSO007905018', '2019-07-25', 39, 7202, 7202),
('PUT00331', 'RANMINA PHARMACY', 'WENNAPPUWA', 'CSO007905020', '2019-07-25', 39, 11953, 11953),
('PUTT005198', 'Ranmina Pharmacy2', 'MARAWILA', 'CSO007905021', '2019-07-25', 39, 12338.2, 10671.2),
('GAM00316', 'ROYAL PHARMACY', 'KOCHCHIKADE', 'CSO007905023', '2019-07-29', 35, 8273.4, 8273.4),
('PUT00388', 'SUHADA PHARMACY', 'CHILAW', 'CSO007905025', '2019-07-26', 38, 16780, 16780),
('GAM00299', 'K S A MEDICAL', 'KOCHCHIKADE', 'CSO007905026', '2019-07-26', 38, 1594.4, 1594.4),
('GAM00318', 'DR MAHENDRA DAVID', 'KOCHCHIKADE', 'CSO007905027', '2019-07-26', 38, 10810, 10810),
('GAM00256', 'ROBERT  MEDICALS', 'Negombo', 'CSO007905033', '2019-07-29', 35, 3647.3, 3647.3),
('GAM00259', 'UNIQUE PHARMACY', 'Negombo', 'CSO007905034', '2019-07-29', 35, 27000.2, 27000.2),
('GAM00269', 'SUWASARANA OSUSALA', 'Negombo', 'CSO007905036', '2019-07-29', 35, 5447.1, 4885.7),
('GAM00254', 'NEW CRYSTAL PHARMACY', 'Negombo', 'CSO007905037', '2019-07-29', 35, 20509, 20509),
('GAM00270', 'THE PHARMACY', 'Negombo', 'CSO007905038', '2019-07-29', 35, 26952.7, 23058.1),
('GAM00268', 'S  G MEDICALS', 'Negombo', 'CSO007905043', '2019-07-29', 35, 9848.9, 4106.7),
('GAM00285', 'SHANTHI PHARMACY', 'Negombo', 'CSO007905044', '2019-07-29', 35, 17240.8, 17240.8),
('GAM00266', 'ORIENT PHARMACY', 'Negombo', 'CSO007905046', '2019-07-29', 35, 20763, 20763),
('PUT00331', 'RANMINA PHARMACY', 'WENNAPPUWA', 'CSO007905048', '2019-07-29', 35, 2431.5, 2431.5),
('GAM00297', 'AVE MARIA PHARMACY', 'Negombo', 'CSO007905049', '2019-07-29', 35, 10509.8, 4522.8),
('GAM00287', 'UNION PHARMACY', 'Negombo', 'CSO007905051', '2019-07-29', 35, 4420.25, 4420.25),
('GAM00292', 'SUPER MEDICALS', 'Negombo', 'CSO007905052', '2019-07-29', 35, 4992.5, 4992.5),
('GAM00279', 'MAHAJANA OSUSALA', 'Negombo', 'CSO007905053', '2019-07-29', 35, 12105.2, 12105.2),
('GAM00276', 'HEALTHCARE PHARMACY', 'Negombo', 'CSO007905054', '2019-07-29', 35, 576.8, 576.8),
('GAM00281', 'KALIDSON PHARMACY', 'Negombo', 'CSO007905056', '2019-07-29', 35, 6703.6, 6703.6),
('GAM00282', 'PRADEEPA PHARMACY', 'Negombo', 'CSO007905057', '2019-07-30', 34, 1147, 1147),
('GAM03329', 'Lak osusala', 'SEEDUWA', 'CSO007905062', '2019-07-30', 34, 5533.1, 5533.1),
('GAM00285', 'SHANTHI PHARMACY', 'Negombo', 'CSO007905074', '2019-07-31', 33, 3380, 3380),
('GAM00259', 'UNIQUE PHARMACY', 'Negombo', 'CSO007905075', '2019-07-31', 33, 9080, 9080),
('GAM00167', 'ISHARA PHARMACY', 'JA-ELA', 'CSO007905076', '2019-07-31', 33, 13434.8, 13434.8),
('GAM00168', 'C  D PHARMACY', 'JA-ELA', 'CSO007905077', '2019-07-31', 33, 15238.8, 11861.8),
('GAM00171', 'NAWA OSUSALA', 'JA-ELA', 'CSO007905078', '2019-07-31', 33, 4329.8, 2662.8),
('GAM00212', 'DR SILVA', 'SEEDUWA', 'CSO007905079', '2019-07-31', 33, 91569.4, 91569.4),
('GAM00173', 'ST. JOSHEP PHARMACY', 'JA-ELA', 'CSO007905080', '2019-07-31', 33, 4872.8, 4872.8),
('GAM00294', 'K F D (PVT) LTD.', 'Negombo', 'CSO007905083', '2019-07-31', 33, 469794, 344091),
('GAM00295', 'ROYAL PHARMACY LANKA', 'Negombo', 'CSO007905084', '2019-07-31', 33, 210354, 170454),
('PUT00373', 'SUWANA HOSPITAL', 'CHILAW', 'CSO007905085', '2019-07-31', 33, 47280, 47280),
('PUT00424', 'BALASOORIYA PHARMACY', 'Puttalam', 'CSO007905086', '2019-07-31', 33, 14404, 14404),
('GAM00259', 'UNIQUE PHARMACY', 'Negombo', 'CSO007905088', '2019-07-31', 33, 8390, 8390),
('GAM00281', 'KALIDSON PHARMACY', 'Negombo', 'CSO007905089', '2019-07-31', 33, 4474, 4474),
('GAM00269', 'SUWASARANA OSUSALA', 'Negombo', 'CSO007905091', '2019-07-31', 33, 4474, 4474),
('GAM00279', 'MAHAJANA OSUSALA', 'Negombo', 'CSO007905093', '2019-07-31', 33, 4474, 4474),
('GAM00295', 'ROYAL PHARMACY LANKA', 'Negombo', 'CSO007905094', '2019-07-31', 33, 186558, 186558),
('GAM00295', 'ROYAL PHARMACY LANKA', 'Negombo', 'CSO007905096', '2019-07-31', 33, 39474, 39474),
('GAM00316', 'ROYAL PHARMACY', 'KOCHCHIKADE', 'CSO007905097', '2019-07-31', 33, 55834, 55834),
('GAM03302', 'New Lanka Pharmacy', 'Negombo', 'CSO007905100', '2019-07-31', 33, 151865, 131600),
('GAM00259', 'UNIQUE PHARMACY', 'Negombo', 'CSO007905101', '2019-07-31', 33, 31986.5, 31986.5),
('PUT00331', 'RANMINA PHARMACY', 'WENNAPPUWA', 'CSO007905102', '2019-07-31', 33, 2080, 2080),
('GAM03302', 'New Lanka Pharmacy', 'Negombo', 'CSO007905103', '2019-07-31', 33, 29474, 29474),
('GAM00159', 'DR N S M MENDIS', 'Kandana', 'CSO007905105', '2019-07-31', 33, 6480, 6480),
('GAM00192', 'N S MEIDCAL', 'SEEDUWA', 'CSO007905106', '2019-07-31', 33, 6888, 6888),
('PUT00373', 'SUWANA HOSPITAL', 'CHILAW', 'CSO007905112', '2019-07-31', 33, 31625, 31625),
('GAM00170', 'PJ ENTERPRISES', 'JA-ELA', 'CSO007905113', '2019-07-31', 33, 33740, 33740),
('GAM00270', 'THE PHARMACY', 'Negombo', 'CSO007905115', '2019-08-03', 30, 1678, 1678),
('GAM00259', 'UNIQUE PHARMACY', 'Negombo', 'CSO007905116', '2019-08-02', 31, 6820, 6820),
('GAM03264', 'Niroga Pharmacy', 'Negombo', 'CSO007905117', '2019-08-05', 28, 4570, 4570),
('GAM00268', 'S  G MEDICALS', 'Negombo', 'CSO007905118', '2019-08-03', 30, 1816, 1816),
('GAM00253', 'RELIANCE PHARMACY', 'Negombo', 'CSO007905120', '2019-08-03', 30, 589.5, 589.5),
('GAM00285', 'SHANTHI PHARMACY', 'Negombo', 'CSO007905121', '2019-08-05', 28, 11710.5, 11710.5),
('GAM00285', 'SHANTHI PHARMACY', 'Negombo', 'CSO007905123', '2019-08-05', 28, 16026, 11304.4),
('GAM00283', 'SUPREME PHARMACY', 'Negombo', 'CSO007905124', '2019-08-05', 28, 11770.5, 11770.5),
('GAM00189', 'DR D D ABESINGHE', 'JA-ELA', 'CSO007905125', '2019-08-05', 28, 2591, 2591),
('GAM00257', 'NEGOMBO FOOD  DRUGS', 'Negombo', 'CSO007905127', '2019-08-05', 28, 12353.2, 8450),
('GAM00256', 'ROBERT  MEDICALS', 'Negombo', 'CSO007905129', '2019-08-05', 28, 4150, 4150),
('GAM00259', 'UNIQUE PHARMACY', 'Negombo', 'CSO007905130', '2019-08-05', 28, 15368, 15368),
('GAM00288', 'SHANTHI PHARMACY', 'Negombo', 'CSO007905132', '2019-08-05', 28, 4788, 4788),
('GAM00278', 'THENUKA PHARMACY', 'Negombo', 'CSO007905137', '2019-08-05', 28, 635.5, 635.5),
('GAMP005587', 'Anjel pharmacy', 'KOCHCHIKADE', 'CSO007905139', '2019-08-06', 27, 10928, 10928),
('GAM00259', 'UNIQUE PHARMACY', 'Negombo', 'CSO007905140', '2019-08-06', 27, 3460, 3460),
('GAM03240', 'Nawaloka Hospital', 'Negombo', 'CSO007905141', '2019-08-06', 27, 73595.3, 73595.3),
('GAM00266', 'ORIENT PHARMACY', 'Negombo', 'CSO007905145', '2019-08-06', 27, 2911.5, 2911.5),
('GAM00299', 'K S A MEDICAL', 'KOCHCHIKADE', 'CSO007905146', '2019-08-06', 27, 12522.5, 12027.5),
('GAM00300', 'LAKSHI PHARMACY', 'KOCHCHIKADE', 'CSO007905147', '2019-08-06', 27, 10525.2, 10525.2),
('GAM03221', 'Asoka Pharmacy', 'Negombo', 'CSO007905148', '2019-08-06', 27, 2860, 2860),
('GAM00304', 'TRUST CHEMIST', 'KOCHCHIKADE', 'CSO007905150', '2019-08-06', 27, 4462.9, 4462.9),
('GAM00307', 'AJANTHA OSUSALA', 'KOCHCHIKADE', 'CSO007905151', '2019-08-07', 26, 38002.1, 12087.7),
('GAM00308', 'ANRITA PHARMACY', 'KOCHCHIKADE', 'CSO007905152', '2019-08-07', 26, 1315.8, 1315.8),
('GAM03221', 'Asoka Pharmacy', 'Negombo', 'CSO007905153', '2019-08-07', 26, 9129.75, 8175.15),
('GAM00269', 'SUWASARANA OSUSALA', 'Negombo', 'CSO007905154', '2019-08-08', 25, 6214.55, 6214.55),
('GAM00192', 'N S MEIDCAL', 'SEEDUWA', 'CSO007905155', '2019-08-08', 25, 10700.2, 10700.2),
('GAM03329', 'Lak osusala', 'SEEDUWA', 'CSO007905156', '2019-08-07', 26, 18545.7, 18545.7),
('GAM00201', 'SRILAK PHARMACY', 'SEEDUWA', 'CSO007905157', '2019-08-08', 25, 7663.8, 6672.4),
('GAM03329', 'Lak osusala', 'SEEDUWA', 'CSO007905158', '2019-08-08', 25, 10525, 10525),
('GAM00278', 'THENUKA PHARMACY', 'Negombo', 'CSO007905159', '2019-08-07', 26, 5614, 5614),
('GAM00198', 'HEALTHCARE PHARMACY', 'SEEDUWA', 'CSO007905162', '2019-08-07', 26, 3030.5, 3030.5),
('GAM00199', 'THE RADDOLUGAMA PHARMACY', 'SEEDUWA', 'CSO007905164', '2019-08-07', 26, 3541.75, 2824.36),
('GAM00204', 'LAXSIRI PHARMACY', 'SEEDUWA', 'CSO007905165', '2019-08-07', 26, 5576.7, 5576.7),
('GAM00193', 'ST. JUDE PHARMACY', 'SEEDUWA', 'CSO007905166', '2019-08-08', 25, 8085.5, 8085.5),
('GAMP005605', 'Shris Lanka pharmacy', 'SEEDUWA', 'CSO007905167', '2019-08-08', 25, 3543.9, 3543.9),
('GAM00236', 'RAZUL PHARMACY', 'DIVULAPITIYA', 'CSO007905170', '2019-08-08', 25, 6862.8, 6862.8),
('GAM00246', 'HIRU PHARMACY', 'DIVULAPITIYA', 'CSO007905171', '2019-08-08', 25, 10164.1, 10164.1),
('GAM00244', 'SITHMINA PHARMACY', 'DIVULAPITIYA', 'CSO007905176', '2019-08-08', 25, 3361, 3361),
('GAM00242', 'LAKRUWAN PHARMACY', 'DIVULAPITIYA', 'CSO007905178', '2019-08-08', 25, 6539.4, 4259.4),
('GAM00237', 'OSADA PHARMACY', 'DIVULAPITIYA', 'CSO007905180', '2019-08-08', 25, 15922.2, 13439.7),
('GAM00241', 'M.P.C.S  OSUSALA', 'DIVULAPITIYA', 'CSO007905181', '2019-08-08', 25, 14333, 11151.5),
('GAMP004337', 'Dr Sajee  Jayalingam', 'Negombo', 'CSO007905183', '2019-08-09', 24, 5211, 5211),
('GAM03243', 'Jeewanthi Pharmacy', 'DIVULAPITIYA', 'CSO007905185', '2019-08-09', 24, 73815, 73815),
('GAM03243', 'Jeewanthi Pharmacy', 'DIVULAPITIYA', 'CSO007905186', '2019-08-09', 24, 38784.7, 38784.7),
('GAM00239', 'THE NEW PHARMACY', 'DIVULAPITIYA', 'CSO007905189', '2019-08-09', 24, 12421.6, 12421.6),
('GAM00233', 'DR SALIYA BOMBUWALA', 'MINUWANGODA', 'CSO007905192', '2019-08-09', 24, 17837, 172),
('GAM00173', 'ST. JOSHEP PHARMACY', 'JA-ELA', 'CSO007905193', '2019-08-09', 24, 3947.4, 3947.4),
('GAM00222', 'CENTRAL DIVINE', 'MINUWANGODA', 'CSO007905195', '2019-08-09', 24, 76015.1, 76015.1),
('GAM00193', 'ST. JUDE PHARMACY', 'SEEDUWA', 'CSO007905196', '2019-08-09', 24, 3947.4, 3947.4),
('GAM00221', 'SAHANA OSOSALA', 'MINUWANGODA', 'CSO007905197', '2019-08-09', 24, 7877, 7877),
('GAM00233', 'DR SALIYA BOMBUWALA', 'MINUWANGODA', 'CSO007905198', '2019-08-09', 24, 17665, 17665),
('GAM00228', 'PEOPLES PHARMACY', 'MINUWANGODA', 'CSO007905199', '2019-08-10', 23, 5516.95, 5516.95),
('GAM00215', 'SUWASALA PHARMACY', 'MINUWANGODA', 'CSO007905200', '2019-08-10', 23, 3578.25, 3578.25),
('GAM00219', 'CHALANI PHARMACY', 'MINUWANGODA', 'CSO007905204', '2019-08-10', 23, 14115, 14115),
('GAM00218', 'INDRA PHARMACY', 'MINUWANGODA', 'CSO007905205', '2019-08-10', 23, 24605.6, 23360.9),
('GAM00220', 'DAGONNA PHARMACY', 'MINUWANGODA', 'CSO007905206', '2019-08-10', 23, 54248.2, 54248.2),
('GAM00225', 'NEW CHALANI PHARMACY', 'MINUWANGODA', 'CSO007905207', '2019-08-10', 23, 4478.7, 3005),
('GAM00168', 'C  D PHARMACY', 'JA-ELA', 'CSO007905208', '2019-08-12', 21, 14291.2, 14291.2),
('GAM00176', 'DIGASIRI PHARMACY', 'JA-ELA', 'CSO007905210', '2019-08-12', 21, 45750, 45750),
('GAM00181', 'BOPITIYA PHARMACY', 'JA-ELA', 'CSO007905212', '2019-08-12', 21, 3281.8, 3281.8),
('GAM00181', 'BOPITIYA PHARMACY', 'JA-ELA', 'CSO007905213', '2019-08-12', 21, 296, 41.6),
('GAM00180', 'PAMUNUGAMA PHARMACY', 'JA-ELA', 'CSO007905214', '2019-08-12', 21, 11387.5, 11387.5),
('GAM00209', 'DR WELIKALA', 'SEEDUWA', 'CSO007905217', '2019-08-12', 21, 1732.5, 1732.5),
('GAM00170', 'PJ ENTERPRISES', 'JA-ELA', 'CSO007905218', '2019-08-12', 21, 13158, 13158),
('GAM00171', 'NAWA OSUSALA', 'JA-ELA', 'CSO007905219', '2019-08-12', 21, 4359.6, 3013.12),
('GAM00173', 'ST. JOSHEP PHARMACY', 'JA-ELA', 'CSO007905221', '2019-08-12', 21, 20590.9, 14911),
('GAM00179', 'NIVASI PHARMACY', 'JA-ELA', 'CSO007905223', '2019-08-12', 21, 849.8, 849.8),
('GAM00178', 'NEW EKALA PHARMACY', 'JA-ELA', 'CSO007905225', '2019-08-12', 21, 2824.05, 2824.05),
('GAM00170', 'PJ ENTERPRISES', 'JA-ELA', 'CSO007905228', '2019-08-12', 21, 147442, 134971),
('GAM03240', 'Nawaloka Hospital', 'Negombo', 'CSO007905229', '2019-08-13', 20, 90521.6, 90521.6),
('GAM00268', 'S  G MEDICALS', 'Negombo', 'CSO007905230', '2019-08-13', 20, 325, 325),
('GAM00155', 'JASMINE PHARMACY', 'Kandana', 'CSO007905231', '2019-08-13', 20, 4433.85, 4433.85),
('GAM00140', 'SETHMA PHARMACY', 'Kandana', 'CSO007905233', '2019-08-13', 20, 77352.1, 72739.4),
('GAMP005278', 'Royal Pharmacy-Kandana', 'Kandana', 'CSO007905234', '2019-08-13', 20, 4419.7, 4419.7),
('GAM00143', 'KANDANA OSUSALA', 'Kandana', 'CSO007905235', '2019-08-13', 20, 1189.65, 1189.65),
('GAM00307', 'AJANTHA OSUSALA', 'KOCHCHIKADE', 'CSO007905236', '2019-08-13', 20, 3030, 3030),
('GAM00148', 'GIMSHANI PHARMACY', 'Kandana', 'CSO007905237', '2019-08-13', 20, 11528.5, 11528.5),
('GAM00151', 'HEALTH LINE PHARMACY', 'Kandana', 'CSO007905238', '2019-08-15', 18, 5200.75, 5200.75),
('GAM00297', 'AVE MARIA PHARMACY', 'Negombo', 'CSO007905240', '2019-08-15', 18, 6082.5, 6082.5),
('GAM03238', 'Asiri Pharmaceuticals', 'Kandana', 'CSO007905242', '2019-08-15', 18, 76000, 76000),
('GAM00218', 'INDRA PHARMACY', 'MINUWANGODA', 'CSO007905243', '2019-08-15', 18, 866.25, 866.25),
('GAM00225', 'NEW CHALANI PHARMACY', 'MINUWANGODA', 'CSO007905246', '2019-08-15', 18, 6082.5, 6082.5),
('GAM00233', 'DR SALIYA BOMBUWALA', 'MINUWANGODA', 'CSO007905247', '2019-08-16', 17, 8662.5, 8662.5),
('GAM00297', 'AVE MARIA PHARMACY', 'Negombo', 'CSO007905249', '2019-08-15', 18, 37932, 37932),
('GAM00144', 'KAPUWATTE PHARMACY', 'Kandana', 'CSO007905250', '2019-08-15', 18, 914, 914),
('GAM00145', 'HANSI PHARMACY', 'Kandana', 'CSO007905251', '2019-08-15', 18, 2038.6, 2038.6),
('GAM00297', 'AVE MARIA PHARMACY', 'Negombo', 'CSO007905252', '2019-08-15', 18, 27050, 27050),
('GAM03238', 'Asiri Pharmaceuticals', 'Kandana', 'CSO007905256', '2019-08-15', 18, 1219.35, 1219.35),
('GAM00153', 'ST ANNES PHARMACY', 'Kandana', 'CSO007905257', '2019-08-15', 18, 14147.1, 14147.1),
('GAM00154', 'SETHSIRI PHARMACY', 'Kandana', 'CSO007905259', '2019-08-16', 17, 15248.5, 15248.5),
('GAM00254', 'NEW CRYSTAL PHARMACY', 'Negombo', 'CSO007905260', '2019-08-16', 17, 1690, 1690),
('GAM00259', 'UNIQUE PHARMACY', 'Negombo', 'CSO007905264', '2019-08-19', 14, 141579, 141579),
('GAM00254', 'NEW CRYSTAL PHARMACY', 'Negombo', 'CSO007905265', '2019-08-19', 14, 15428.8, 15428.8),
('GAM00201', 'SRILAK PHARMACY', 'SEEDUWA', 'CSO007905268', '2019-08-19', 14, 760.5, 760.5),
('GAM00268', 'S  G MEDICALS', 'Negombo', 'CSO007905269', '2019-08-19', 14, 12266.2, 10552.9),
('GAM00261', 'X LAB PHARMACY', 'Negombo', 'CSO007905270', '2019-08-19', 14, 14022.8, 14022.8),
('GAM00270', 'THE PHARMACY', 'Negombo', 'CSO007905271', '2019-08-19', 14, 17253.1, 16266.1),
('GAM00269', 'SUWASARANA OSUSALA', 'Negombo', 'CSO007905272', '2019-08-19', 14, 3857.75, 1279.75),
('GAM00255', 'J  J PHARMACY', 'Negombo', 'CSO007905274', '2019-08-19', 14, 10715.1, 10715.1),
('GAM00282', 'PRADEEPA PHARMACY', 'Negombo', 'CSO007905275', '2019-08-19', 14, 6256.85, 6256.85),
('GAM00283', 'SUPREME PHARMACY', 'Negombo', 'CSO007905277', '2019-08-20', 13, 10987.5, 3085.7),
('GAM00286', 'SURANGA PHARMACY', 'Negombo', 'CSO007905278', '2019-08-20', 13, 2911.5, 2911.5),
('GAM00281', 'KALIDSON PHARMACY', 'Negombo', 'CSO007905279', '2019-08-20', 13, 20159.3, 20159.3),
('GAM03240', 'Nawaloka Hospital', 'Negombo', 'CSO007905280', '2019-08-19', 14, 4038.6, 4038.6),
('GAM00256', 'ROBERT  MEDICALS', 'Negombo', 'CSO007905283', '2019-08-20', 13, 6048, 6048),
('GAM00279', 'MAHAJANA OSUSALA', 'Negombo', 'CSO007905284', '2019-08-20', 13, 8114.2, 0.2),
('GAM00297', 'AVE MARIA PHARMACY', 'Negombo', 'CSO007905288', '2019-08-20', 13, 4038.6, 4038.6),
('GAM00268', 'S  G MEDICALS', 'Negombo', 'CSO007905289', '2019-08-20', 13, 2436, 2436),
('GAM00253', 'RELIANCE PHARMACY', 'Negombo', 'CSO007905290', '2019-08-20', 13, 8844.5, 5943),
('GAM00259', 'UNIQUE PHARMACY', 'Negombo', 'CSO007905291', '2019-08-20', 13, 13670, 13670),
('GAM00292', 'SUPER MEDICALS', 'Negombo', 'CSO007905292', '2019-08-20', 13, 1315, 1315),
('GAM00272', 'THE LANKA PHARMACY', 'Negombo', 'CSO007905293', '2019-08-20', 13, 81260.4, 81260.4),
('GAM03240', 'Nawaloka Hospital', 'Negombo', 'CSO007905294', '2019-08-20', 13, 31334.7, 31334.7),
('GAM00271', 'BETTERHEALTH PHARMACY', 'Negombo', 'CSO007905295', '2019-08-20', 13, 10989, 9975.85),
('GAM00262', 'NEW CENTRAL PHARMACY', 'Negombo', 'CSO007905297', '2019-08-20', 13, 14110.3, 14110.3),
('GAM00263', 'CITY MEDICALS', 'Negombo', 'CSO007905298', '2019-08-20', 13, 21021.6, 14942.6),
('GAM00288', 'SHANTHI PHARMACY', 'Negombo', 'CSO007905299', '2019-08-20', 13, 14217.7, 14217.7),
('GAM00289', 'SILVER RAY PHARMACY', 'Negombo', 'CSO007905300', '2019-08-20', 13, 8649.5, 8649.5),
('GAM00290', 'THALAHENA PHARMACY', 'Negombo', 'CSO007905301', '2019-08-20', 13, 7041, 7041),
('GAM03518', 'Negombo Drugs', 'Negombo', 'CSO007905302', '2019-08-21', 12, 4324, 4324),
('GAM00288', 'SHANTHI PHARMACY', 'Negombo', 'CSO007905303', '2019-08-21', 12, 1215.9, 1215.9),
('GAM00297', 'AVE MARIA PHARMACY', 'Negombo', 'CSO007905305', '2019-08-21', 12, 22885.4, 22885.4),
('GAM03240', 'Nawaloka Hospital', 'Negombo', 'CSO007905306', '2019-08-21', 12, 13462, 13462),
('GAM00272', 'THE LANKA PHARMACY', 'Negombo', 'CSO007905308', '2019-08-21', 12, 13150, 13150),
('GAM00281', 'KALIDSON PHARMACY', 'Negombo', 'CSO007905310', '2019-08-21', 12, 5211, 5211),
('GAM03306', 'Dr. NISHANTHA WIKRAMASINHA', 'JA-ELA', 'CSO007905311', '2019-08-27', 6, 2605.5, 2605.5),
('GAM00299', 'K S A MEDICAL', 'KOCHCHIKADE', 'CSO007905312', '2019-08-21', 12, 12432, 11805.7),
('GAM00259', 'UNIQUE PHARMACY', 'Negombo', 'CSO007905314', '2019-08-21', 12, 13462, 13462),
('GAM00307', 'AJANTHA OSUSALA', 'KOCHCHIKADE', 'CSO007905317', '2019-08-21', 12, 41799.1, 41483.2),
('GAM00306', 'CHAMPIKA MEDICAL', 'KOCHCHIKADE', 'CSO007905318', '2019-08-21', 12, 21559.7, 21559.7),
('GAM00304', 'TRUST CHEMIST', 'KOCHCHIKADE', 'CSO007905319', '2019-08-21', 12, 1720, 1720),
('GAMP005587', 'Anjel pharmacy', 'KOCHCHIKADE', 'CSO007905320', '2019-08-22', 11, 1668.6, 789.6),
('GAM00193', 'ST. JUDE PHARMACY', 'SEEDUWA', 'CSO007905322', '2019-08-22', 11, 2162, 2162),
('GAM00297', 'AVE MARIA PHARMACY', 'Negombo', 'CSO007905323', '2019-08-22', 11, 3945, 3945),
('GAM00201', 'SRILAK PHARMACY', 'SEEDUWA', 'CSO007905324', '2019-08-22', 11, 15832.2, 15832.2),
('GAM00198', 'HEALTHCARE PHARMACY', 'SEEDUWA', 'CSO007905325', '2019-08-22', 11, 7719.2, 7719.2),
('GAM00199', 'THE RADDOLUGAMA PHARMACY', 'SEEDUWA', 'CSO007905326', '2019-08-22', 11, 9561.8, 4689),
('GAM00196', 'ASIRI PHARMACY', 'SEEDUWA', 'CSO007905327', '2019-08-22', 11, 10367, 10367),
('GAM00200', 'PAMUNUGAMA OSUSALA', 'SEEDUWA', 'CSO007905328', '2019-08-22', 11, 19337.8, 19337.8),
('GAM00272', 'THE LANKA PHARMACY', 'Negombo', 'CSO007905330', '2019-08-22', 11, 9570, 9570),
('GAM00200', 'PAMUNUGAMA OSUSALA', 'SEEDUWA', 'CSO007905331', '2019-08-22', 11, 6380, 6380),
('GAM00281', 'KALIDSON PHARMACY', 'Negombo', 'CSO007905332', '2019-08-22', 11, 15950, 15950),
('GAM00204', 'LAXSIRI PHARMACY', 'SEEDUWA', 'CSO007905333', '2019-08-22', 11, 7762.2, 7762.2),
('GAM00202', 'NEW ST. JOSHEP PHARMACY', 'SEEDUWA', 'CSO007905336', '2019-08-22', 11, 16119.2, 16119.2),
('GAM00193', 'ST. JUDE PHARMACY', 'SEEDUWA', 'CSO007905337', '2019-08-23', 10, 12551.8, 12551.8),
('GAM00236', 'RAZUL PHARMACY', 'DIVULAPITIYA', 'CSO007905340', '2019-08-23', 10, 236.4, 236.4),
('GAMP005609', 'Wellcare pharmace', 'DIVULAPITIYA', 'CSO007905341', '2019-08-23', 10, 1177.6, 1177.6),
('GAM00245', 'DUNAGAHA OSUSALA', 'DIVULAPITIYA', 'CSO007905343', '2019-08-23', 10, 35959.1, 35959.1),
('GAM00237', 'OSADA PHARMACY', 'DIVULAPITIYA', 'CSO007905344', '2019-08-23', 10, 24496.9, 24229.8),
('GAM00244', 'SITHMINA PHARMACY', 'DIVULAPITIYA', 'CSO007905345', '2019-08-23', 10, 5094.4, 5094.4),
('GAM00240', 'WIJAYAMINI PHARMACY', 'DIVULAPITIYA', 'CSO007905347', '2019-08-23', 10, 4474, 3462),
('GAM03243', 'Jeewanthi Pharmacy', 'DIVULAPITIYA', 'CSO007905348', '2019-08-24', 9, 12261, 12261),
('GAM00221', 'SAHANA OSOSALA', 'MINUWANGODA', 'CSO007905351', '2019-08-26', 7, 6515.95, 6515.95),
('GAM00216', 'LASITH PHARMACY', 'MINUWANGODA', 'CSO007905355', '2019-08-26', 7, 2765.1, 2765.1),
('GAM00215', 'SUWASALA PHARMACY', 'MINUWANGODA', 'CSO007905356', '2019-08-26', 7, 7793.15, 7793.15),
('GAM00229', 'KALASI PHARMACY', 'MINUWANGODA', 'CSO007905357', '2019-08-26', 7, 3821.25, 3821.25),
('GAM00228', 'PEOPLES PHARMACY', 'MINUWANGODA', 'CSO007905358', '2019-08-26', 7, 2569.95, 2569.95),
('GAM00226', 'OSILKA PHARMACY', 'MINUWANGODA', 'CSO007905359', '2019-08-26', 7, 2233.4, 2233.4),
('GAM00170', 'PJ ENTERPRISES', 'JA-ELA', 'CSO007905360', '2019-08-26', 7, 50346.1, 49667.6),
('GAMP005522', 'Sagarika pharmacy', 'JA-ELA', 'CSO007905362', '2019-08-26', 7, 1732.5, 1732.5),
('GAM00162', 'CALVERY MEDICALS', 'JA-ELA', 'CSO007905363', '2019-08-26', 7, 760, 760),
('GAM00164', 'DARSHANA PHARMACY', 'JA-ELA', 'CSO007905365', '2019-08-26', 7, 6266, 6266),
('GAM00165', 'CITY PHARMACY', 'JA-ELA', 'CSO007905366', '2019-08-26', 7, 25946.5, 25946.5),
('GAM00168', 'C  D PHARMACY', 'JA-ELA', 'CSO007905367', '2019-08-26', 7, 1920, 1920),
('GAM00160', 'ROSHINI PHARMACY', 'JA-ELA', 'CSO007905369', '2019-08-26', 7, 1252.2, 626.1),
('GAM00181', 'BOPITIYA PHARMACY', 'JA-ELA', 'CSO007905370', '2019-08-26', 7, 19054.9, 19054.9),
('GAM00223', 'NANDANA PHARMACY', 'MINUWANGODA', 'CSO007905371', '2019-08-26', 7, 19889.3, 19889.3),
('GAM00180', 'PAMUNUGAMA PHARMACY', 'JA-ELA', 'CSO007905372', '2019-08-26', 7, 17394.3, 16058.8),
('GAM00149', 'GOLDEN CREST', 'Kandana', 'CSO007905373', '2019-08-26', 7, 5436.7, 5436.7),
('GAM00182', 'ST JOSHEPS PHARMACY', 'JA-ELA', 'CSO007905374', '2019-08-27', 6, 6416.2, 5091.65),
('GAM00218', 'INDRA PHARMACY', 'MINUWANGODA', 'CSO007905376', '2019-08-27', 6, 3945, 3945),
('GAM00287', 'UNION PHARMACY', 'Negombo', 'CSO007905377', '2019-08-28', 5, 2342.1, 2342.1),
('GAM00279', 'MAHAJANA OSUSALA', 'Negombo', 'CSO007905378', '2019-08-28', 5, 3945, 3945),
('GAM00222', 'CENTRAL DIVINE', 'MINUWANGODA', 'CSO007905379', '2019-08-27', 6, 2772, 2772),
('GAM00173', 'ST. JOSHEP PHARMACY', 'JA-ELA', 'CSO007905382', '2019-08-28', 5, 14211.2, 4474),
('GAM00173', 'ST. JOSHEP PHARMACY', 'JA-ELA', 'CSO007905383', '2019-08-28', 5, 4018, 4018),
('GAM00297', 'AVE MARIA PHARMACY', 'Negombo', 'CSO007905384', '2019-08-28', 5, 8377, 6416.5),
('GAM00140', 'SETHMA PHARMACY', 'Kandana', 'CSO007905385', '2019-08-28', 5, 51163, 51163),
('GAM00209', 'DR WELIKALA', 'SEEDUWA', 'CSO007905386', '2019-08-30', 3, 23504, 23504),
('GAM00149', 'GOLDEN CREST', 'Kandana', 'CSO007905387', '2019-08-28', 5, 4312.8, 4312.8),
('GAM00148', 'GIMSHANI PHARMACY', 'Kandana', 'CSO007905388', '2019-08-28', 5, 10498, 10498),
('GAMP005278', 'Royal Pharmacy-Kandana', 'Kandana', 'CSO007905389', '2019-08-28', 5, 5923.45, 5923.45),
('GAM00151', 'HEALTH LINE PHARMACY', 'Kandana', 'CSO007905390', '2019-08-28', 5, 2314.4, 2314.4),
('GAM03391', 'Dr Isuru Wijerathna', 'DIVULAPITIYA', 'CSO007905391', '2019-08-28', 5, 17500, 17500),
('GAM00171', 'NAWA OSUSALA', 'JA-ELA', 'CSO007905392', '2019-08-29', 4, 11255.1, 11255.1),
('GAMP004874', 'Sasithma pharmacy', 'JA-ELA', 'CSO007905393', '2019-08-29', 4, 3049.5, 3049.5),
('GAM00279', 'MAHAJANA OSUSALA', 'Negombo', 'CSO007905394', '2019-08-29', 4, 1536.32, 1536.32),
('GAM00259', 'UNIQUE PHARMACY', 'Negombo', 'CSO007905395', '2019-08-29', 4, 46991, 46991),
('GAM00272', 'THE LANKA PHARMACY', 'Negombo', 'CSO007905396', '2019-08-30', 3, 14557.5, 14557.5),
('GAM03370', 'Dr.Lalith Sisila Kumara', 'Kandana', 'CSO007905397', '2019-08-30', 3, 6616.9, 6616.9),
('GAM00146', 'CHEMA PHARMACY', 'Kandana', 'CSO007905398', '2019-08-29', 4, 3014.15, 3014.15),
('GAM00154', 'SETHSIRI PHARMACY', 'Kandana', 'CSO007905399', '2019-08-30', 3, 6191.65, 6191.65),
('GAM00147', 'CITY PHARMACY', 'Kandana', 'CSO007905400', '2019-08-30', 3, 13936.5, 13936.5),
('GAMP005639', 'Sun pharmacy', 'Gampaha', 'CSO007905401', '2019-08-29', 4, 16478.4, 16478.4),
('GAM00285', 'SHANTHI PHARMACY', 'Negombo', 'CSO007905403', '2019-08-29', 4, 7120, 7120),
('GAM03238', 'Asiri Pharmaceuticals', 'Kandana', 'CSO007905404', '2019-08-29', 4, 9802.7, 9802.7),
('GAM00318', 'DR MAHENDRA DAVID', 'KOCHCHIKADE', 'CSO007905405', '2019-08-30', 3, 31655, 31655),
('GAM00220', 'DAGONNA PHARMACY', 'MINUWANGODA', 'CSO007905406', '2019-08-30', 3, 274975, 274975),
('GAM00220', 'DAGONNA PHARMACY', 'MINUWANGODA', 'CSO007905407', '2019-08-30', 3, 68693, 68693),
('GAM00145', 'HANSI PHARMACY', 'Kandana', 'CSO007905408', '2019-08-30', 3, 2101.2, 2101.2),
('GAM00294', 'K F D (PVT) LTD.', 'Negombo', 'CSO007905410', '2019-08-30', 3, 194222, 194222),
('GAM03329', 'Lak osusala', 'SEEDUWA', 'CSO007905411', '2019-08-30', 3, 16695, 16695),
('GAM00222', 'CENTRAL DIVINE', 'MINUWANGODA', 'CSO007905412', '2019-08-30', 3, 8558.95, 8558.95),
('GAM00253', 'RELIANCE PHARMACY', 'Negombo', 'CSO007905413', '2019-08-30', 3, 9173.2, 9173.2),
('GAMP005587', 'Anjel pharmacy', 'KOCHCHIKADE', 'CSO007905414', '2019-08-30', 3, 879, 879),
('GAM00216', 'LASITH PHARMACY', 'MINUWANGODA', 'CSO007905415', '2019-08-30', 3, 9282.65, 9282.65),
('GAM00170', 'PJ ENTERPRISES', 'JA-ELA', 'CSO007905416', '2019-08-30', 3, 10510, 10510),
('GAM00230', 'K  K PHARMACY', 'MINUWANGODA', 'CSO007905417', '2019-08-30', 3, 8403.05, 8403.05),
('GAM00295', 'ROYAL PHARMACY LANKA', 'Negombo', 'CSO007905418', '2019-08-30', 3, 27720, 27720),
('GAM00295', 'ROYAL PHARMACY LANKA', 'Negombo', 'CSO007905419', '2019-08-30', 3, 124130, 124130),
('GAM03311', 'Dr Subodha Manoj', 'MINUWANGODA', 'CSO007905420', '2019-08-30', 3, 2837, 2837),
('GAM03493', 'Dr.Viraj Peramuna', 'JA-ELA', 'CSO007905421', '2019-08-30', 3, 2823.6, 2823.6),
('GAM00233', 'DR SALIYA BOMBUWALA', 'MINUWANGODA', 'CSO007905422', '2019-08-30', 3, 12600, 12600),
('GAM00251', 'DR GAMINI GUNAWARDENA', 'DIVULAPITIYA', 'CSO007905423', '2019-08-30', 3, 3142.5, 3142.5),
('GAM00272', 'THE LANKA PHARMACY', 'Negombo', 'CSO007905425', '2019-08-30', 3, 24894, 24894),
('GAM00295', 'ROYAL PHARMACY LANKA', 'Negombo', 'CSO007905426', '2019-08-30', 3, 162254, 162254),
('GAM00261', 'X LAB PHARMACY', 'Negombo', 'CSO007905427', '2019-08-30', 3, 9770.6, 9770.6),
('GAM00269', 'SUWASARANA OSUSALA', 'Negombo', 'CSO007905428', '2019-08-30', 3, 5263.2, 5263.2),
('GAM00295', 'ROYAL PHARMACY LANKA', 'Negombo', 'CSO007905429', '2019-08-30', 3, 14559.7, 14559.7),
('GAM00254', 'NEW CRYSTAL PHARMACY', 'Negombo', 'CSO007905430', '2019-08-30', 3, 13915.7, 13915.7),
('GAM00216', 'LASITH PHARMACY', 'MINUWANGODA', 'CSO007905432', '2019-08-31', 2, 1124, 1124),
('GAM00222', 'CENTRAL DIVINE', 'MINUWANGODA', 'CSO007905433', '2019-08-31', 2, 3868.5, 3868.5),
('GAM00272', 'THE LANKA PHARMACY', 'Negombo', 'CSO007905434', '2019-08-31', 2, 14300, 14300),
('GAM00212', 'DR SILVA', 'SEEDUWA', 'CSO007905435', '2019-09-02', 0, 18368, 18368),
('GAM03391', 'Dr Isuru Wijerathna', 'DIVULAPITIYA', 'CSO007905436', '2019-08-31', 2, 32880, 32880),
('GAM00295', 'ROYAL PHARMACY LANKA', 'Negombo', 'CSO007905437', '2019-08-31', 2, 39450, 39450),
('GAM00279', 'MAHAJANA OSUSALA', 'Negombo', 'CSO007905438', '2019-08-31', 2, 7735.8, 7735.8),
('GAM00259', 'UNIQUE PHARMACY', 'Negombo', 'CSO007905439', '2019-08-31', 2, 43950, 43950),
('GAM00297', 'AVE MARIA PHARMACY', 'Negombo', 'CSO007905440', '2019-08-31', 2, 5987, 5987),
('GAM00259', 'UNIQUE PHARMACY', 'Negombo', 'CSO007905441', '2019-08-31', 2, 22370, 22370),
('GAM00318', 'DR MAHENDRA DAVID', 'KOCHCHIKADE', 'CSO007905442', '2019-08-31', 2, 6380, 6380),
('GAM00260', 'NEW LEO PHARMACY', 'Negombo', 'CSO007905443', '2019-09-02', 0, 14404, 14404),
('GAM03391', 'Dr Isuru Wijerathna', 'DIVULAPITIYA', 'CSO007905444', '2019-09-02', 0, 26300, 26300),
('GAM00260', 'NEW LEO PHARMACY', 'Negombo', 'CSO007905445', '2019-09-02', 0, 15127.6, 15127.6),
('GAM00187', 'DR A  SELLAMUTHTHU', 'JA-ELA', 'CSO007905446', '2019-09-02', 0, 11720, 11720),
('GAM00257', 'NEGOMBO FOOD  DRUGS', 'Negombo', 'CSO008000617', '2018-08-27', 371, 12171, 12171),
('GAM00155', 'JASMINE PHARMACY', 'Kandana', 'CSO008000930', '2018-09-18', 349, 6085.5, 6085.5),
('GAM00160', 'ROSHINI PHARMACY', 'JA-ELA', 'CSO008001549', '2018-11-08', 298, 701.8, 701.8),
('GAM00271', 'BETTERHEALTH PHARMACY', 'Negombo', 'CSO008001619', '2018-11-13', 293, 14632, 14226.5),
('GAM03221', 'Asoka Pharmacy', 'Negombo', 'CSO008001676', '2018-11-14', 292, 3419, 2851.3),
('GAM00148', 'GIMSHANI PHARMACY', 'Kandana', 'CSO008001745', '2018-11-23', 283, 2319, 2319),
('GAM03415', 'Dinara Pharmacy', 'Kandana', 'CSO008001800', '2018-11-26', 280, 4007.7, 1030),
('GAM00306', 'CHAMPIKA MEDICAL', 'KOCHCHIKADE', 'CSO008001855', '2018-11-28', 278, 1740, 1740),
('GAM00290', 'THALAHENA PHARMACY', 'Negombo', 'CSO008001872', '2018-11-29', 277, 2610, 2610),
('GAM00292', 'SUPER MEDICALS', 'Negombo', 'CSO008001892', '2018-11-29', 277, 14249.7, 14249.7),
('GAMP004261', 'Dr Saman Perera', 'SEEDUWA', 'CSO008001955', '2018-11-30', 276, 60855, 60855),
('GAM03354', 'Suwasaviya Hospital', 'DIVULAPITIYA', 'CSO008001963', '2018-11-30', 276, 32421, 30799.9),
('GAM00222', 'CENTRAL DIVINE', 'MINUWANGODA', 'CSO008001977', '2018-11-30', 276, 17544, 3.2),
('GAM00170', 'PJ ENTERPRISES', 'JA-ELA', 'CSO008001996', '2018-12-04', 272, 2895, 2895),
('PUT03293', 'New Shifa pharmacy', 'Puttalam', 'CSO008002012', '2018-12-04', 272, 1410.5, 1410.5),
('GAM00243', 'SUWASETHA PHARMACY', 'DIVULAPITIYA', 'CSO008002060', '2018-12-06', 270, 8164.3, 8164.3),
('GAM00243', 'SUWASETHA PHARMACY', 'DIVULAPITIYA', 'CSO008002061', '2018-12-06', 270, 1449, 1449),
('GAM00173', 'ST. JOSHEP PHARMACY', 'JA-ELA', 'CSO008002116', '2018-12-10', 266, 1449, 1449),
('GAM00269', 'SUWASARANA OSUSALA', 'Negombo', 'CSO008002163', '2018-12-12', 264, 1449, 1449),
('GAM00266', 'ORIENT PHARMACY', 'Negombo', 'CSO008002168', '2018-12-12', 264, 1449, 1449),
('GAM00280', 'ASIRI PHARMACY', 'Negombo', 'CSO008002188', '2018-12-13', 263, 1449, 1449),
('GAMP004177', 'Dr J. K. N. Jayamaha dental care.', 'Negombo', 'CSO008002370', '2018-12-28', 248, 15658, 15658),
('GAM00147', 'CITY PHARMACY', 'Kandana', 'CSO008002523', '2019-01-07', 238, 3805.4, 3805.4),
('GAM00272', 'THE LANKA PHARMACY', 'Negombo', 'CSO008002602', '2019-01-10', 235, 15528, 15528),
('GAM00246', 'HIRU PHARMACY', 'DIVULAPITIYA', 'CSO008002615', '2019-01-10', 235, 11993.1, 8494.9),
('GAM00147', 'CITY PHARMACY', 'Kandana', 'CSO008002748', '2019-01-21', 224, 14673.3, 14673.3),
('GAM00146', 'CHEMA PHARMACY', 'Kandana', 'CSO008002751', '2019-01-21', 224, 3393.1, 3393.1),
('GAM00182', 'ST JOSHEPS PHARMACY', 'JA-ELA', 'CSO008002818', '2019-01-23', 222, 15999.1, 15999.1),
('GAM00253', 'RELIANCE PHARMACY', 'Negombo', 'CSO008002833', '2019-01-25', 220, 2865.9, 2865.9),
('GAM00285', 'SHANTHI PHARMACY', 'Negombo', 'CSO008002867', '2019-01-28', 217, 723.7, 723.7),
('GAM00286', 'SURANGA PHARMACY', 'Negombo', 'CSO008002868', '2019-01-28', 217, 1140.4, 1140.4),
('GAM00277', 'JAYAKODY PHARMACY', 'Negombo', 'CSO008002869', '2019-01-28', 217, 3571.05, 3571.05),
('GAMP004177', 'Dr J. K. N. Jayamaha dental care.', 'Negombo', 'CSO008002912', '2019-01-31', 214, 17228, 17228),
('GAM00193', 'ST. JUDE PHARMACY', 'SEEDUWA', 'CSO008002915', '2019-01-30', 215, 15790, 15790);
INSERT INTO `gsoutupload` (`gID`, `gCustName`, `gTown`, `inv`, `date`, `age`, `amount`, `balAmount`) VALUES
('GAM03415', 'Dinara Pharmacy', 'Kandana', 'CSO008002984', '2019-02-05', 209, 636.8, 636.8),
('PUT00422', 'COLOMBO MEDICALS', 'Puttalam', 'CSO008002993', '2019-02-05', 209, 2527.3, 2527.3),
('GAM00295', 'ROYAL PHARMACY LANKA', 'Negombo', 'CSO008003007', '2019-02-06', 208, 198424, 26790),
('GAM03240', 'Nawaloka Hospital', 'Negombo', 'CSO008003022', '2019-02-06', 208, 5790, 5790),
('GAM03415', 'Dinara Pharmacy', 'Kandana', 'CSO008003046', '2019-02-08', 206, 636.8, 636.8),
('GAM00230', 'K  K PHARMACY', 'MINUWANGODA', 'CSO008003067', '2019-02-11', 203, 27663.2, 27663.2),
('GAM00278', 'THENUKA PHARMACY', 'Negombo', 'CSO008003107', '2019-02-12', 202, 1910.4, 1910.4),
('GAM00295', 'ROYAL PHARMACY LANKA', 'Negombo', 'CSO008003116', '2019-02-28', 186, 84121.7, 20443),
('GAM00202', 'NEW ST. JOSHEP PHARMACY', 'SEEDUWA', 'CSO008003160', '2019-02-15', 199, 3821.2, 3821.2),
('PUTT005047', 'W.R.N.A.AMRASEKARA', 'KULIYAPITIYA', 'CSO008003259', '2019-02-22', 192, 12065, 12065),
('GAM00174', 'NILMINI PHARMACY', 'JA-ELA', 'CSO008003282', '2019-02-25', 189, 2570, 2570),
('GAM00295', 'ROYAL PHARMACY LANKA', 'Negombo', 'CSO008003353', '2019-02-28', 186, 107405, 74470.5),
('PUT00403', 'MADHARA PHARMACY', 'KULIYAPITIYA', 'CSO008003409', '2019-03-06', 180, 30410.3, 1330),
('GAMP005041', 'Rooth pharmacy', 'DIVULAPITIYA', 'CSO008003447', '2019-03-09', 177, 3915.05, 975),
('GAM00218', 'INDRA PHARMACY', 'MINUWANGODA', 'CSO008003463', '2019-03-12', 174, 28706.6, 28706.6),
('GAM00149', 'GOLDEN CREST', 'Kandana', 'CSO008003477', '2019-03-11', 175, 17023.8, 1503.2),
('GAM00206', 'ST. MARYS PHARMACY', 'SEEDUWA', 'CSO008003520', '2019-03-13', 173, 32423.6, 17990.6),
('PUT00338', 'HOME NEEDS PHARMACY', 'WENNAPPUWA', 'CSO008003542', '2019-03-14', 172, 1660.65, 1660.65),
('GAM00310', 'THE BRITISH PHARMACY', 'KOCHCHIKADE', 'CSO008003585', '2019-03-18', 168, 13037.2, 13037.2),
('PUT00367', 'JAYASIRI PHARMACY', 'MARAWILA', 'CSO008003625', '2019-03-21', 165, 3600.4, 1416),
('GAM03276', 'New Medicare Pharmacy', 'JA-ELA', 'CSO008003726', '2019-03-28', 158, 6760, 6760),
('GAM00295', 'ROYAL PHARMACY LANKA', 'Negombo', 'CSO008003752', '2019-03-30', 156, 109450, 1167),
('GAM03243', 'Jeewanthi Pharmacy', 'DIVULAPITIYA', 'CSO008003772', '2019-03-30', 156, 18172, 7764),
('GAM00295', 'ROYAL PHARMACY LANKA', 'Negombo', 'CSO008003778', '2019-03-30', 156, 174675, 27862),
('GAM00295', 'ROYAL PHARMACY LANKA', 'Negombo', 'CSO008003782', '2019-04-01', 154, 4439, 4439),
('GAM00206', 'ST. MARYS PHARMACY', 'SEEDUWA', 'CSO008003829', '2019-04-06', 149, 3000, 3000),
('GAM00277', 'JAYAKODY PHARMACY', 'Negombo', 'CSO008003835', '2019-04-06', 149, 1500, 1500),
('PUT00388', 'SUHADA PHARMACY', 'CHILAW', 'CSO008003877', '2019-04-05', 150, 3000, 3000),
('GAM00307', 'AJANTHA OSUSALA', 'KOCHCHIKADE', 'CSO008003885', '2019-04-05', 150, 3000, 3000),
('GAM00306', 'CHAMPIKA MEDICAL', 'KOCHCHIKADE', 'CSO008003886', '2019-04-06', 149, 1500, 1500),
('GAM00316', 'ROYAL PHARMACY', 'KOCHCHIKADE', 'CSO008003889', '2019-04-06', 149, 3000, 2840),
('GAM00239', 'THE NEW PHARMACY', 'DIVULAPITIYA', 'CSO008003894', '2019-04-06', 149, 1500, 1500),
('GAM00199', 'THE RADDOLUGAMA PHARMACY', 'SEEDUWA', 'CSO008003909', '2019-04-06', 149, 1500, 1500),
('GAM00193', 'ST. JUDE PHARMACY', 'SEEDUWA', 'CSO008003912', '2019-04-06', 149, 1500, 1500),
('PUT03367', 'Dr. Lal Perera', 'WENNAPPUWA', 'CSO008003917', '2019-05-02', 123, 8114, 8114),
('PUT00435', 'BIO PLUS PHARMACY', 'Puttalam', 'CSO008003944', '2019-04-08', 147, 1500, 1500),
('GAM00142', 'KANDANA FOOD AND DRUGS', 'Kandana', 'CSO008003972', '2019-04-11', 144, 1500, 1500),
('GAM00174', 'NILMINI PHARMACY', 'JA-ELA', 'CSO008003982', '2019-04-10', 145, 3000, 3000),
('GAM00255', 'J  J PHARMACY', 'Negombo', 'CSO008004003', '2019-04-11', 144, 3539.7, 3539.7),
('GAM00139', 'RILLAULLA PHARMACY', 'Kandana', 'CSO008004024', '2019-04-12', 143, 12171, 12171),
('GAM00308', 'ANRITA PHARMACY', 'KOCHCHIKADE', 'CSO008004062', '2019-04-23', 132, 2171.1, 2171.1),
('PUT00322', 'DARANI PHARMACY', 'WENNAPPUWA', 'CSO008004147', '2019-05-02', 123, 2865.9, 2865.9),
('GAM03354', 'Suwasaviya Hospital', 'DIVULAPITIYA', 'CSO008004156', '2019-04-27', 128, 11664, 6690),
('PUT00418', 'DR ROHAN KERAGALA', 'KULIYAPITIYA', 'CSO008004187', '2019-05-02', 123, 12171, 12171),
('GAM00185', 'DR LAKSIRI LOKULIYANAGE', 'JA-ELA', 'CSO008004209', '2019-05-07', 118, 41080, 41080),
('GAM03604', 'Dr Ruwinda Abeyrathne', 'DIVULAPITIYA', 'CSO008004237', '2019-05-06', 119, 12171, 12171),
('GAM03302', 'New Lanka Pharmacy', 'Negombo', 'CSO008004257', '2019-05-14', 111, 547695, 304275),
('PUT00329', 'CICILIYA PHARMACY', 'WENNAPPUWA', 'CSO008004280', '2019-05-08', 117, 12171, 12171),
('GAM00270', 'THE PHARMACY', 'Negombo', 'CSO008004319', '2019-05-10', 115, 14160.6, 3178),
('GAM00280', 'ASIRI PHARMACY', 'Negombo', 'CSO008004340', '2019-05-13', 112, 9498.65, 2042),
('GAM00236', 'RAZUL PHARMACY', 'DIVULAPITIYA', 'CSO008004345', '2019-05-13', 112, 1542, 1542),
('GAM03302', 'New Lanka Pharmacy', 'Negombo', 'CSO008004380', '2019-05-21', 104, 427212, 4255.6),
('PUT00372', 'HEALTHY CARE PHARMACY', 'CHILAW', 'CSO008004398', '2019-05-17', 108, 1897.4, 1897.4),
('GAM00318', 'DR MAHENDRA DAVID', 'KOCHCHIKADE', 'CSO008004399', '2019-05-17', 108, 24035, 24035),
('GAM03302', 'New Lanka Pharmacy', 'Negombo', 'CSO008004414', '2019-05-20', 105, 48038, 12394),
('GAM00183', 'DR NIRANKA ILLUKPITIYA', 'JA-ELA', 'CSO008004415', '2019-05-20', 105, 24130, 24130),
('GAM00222', 'CENTRAL DIVINE', 'MINUWANGODA', 'CSO008004429', '2019-05-20', 105, 19298, 19298),
('PUT00375', 'SUVINI PHARMACY', 'CHILAW', 'CSO008004445', '2019-05-21', 104, 5647.4, 5647.4),
('PUT00379', 'THINUSHI PHARMACY', 'CHILAW', 'CSO008004448', '2019-05-21', 104, 4396.6, 4396.6),
('GAMP005318', 'Dr Niroshan prasanga', 'Negombo', 'CSO008004467', '2019-05-24', 101, 16325, 16325),
('PUTT003255', 'Dr Namal Priyankara', 'KULIYAPITIYA', 'CSO008004472', '2019-05-25', 100, 21840, 21840),
('GAM00296', 'S  S MEDICAL', 'Negombo', 'CSO008004487', '2019-05-31', 94, 23160, 23160),
('GAM03302', 'New Lanka Pharmacy', 'Negombo', 'CSO008004492', '2019-05-27', 98, 243420, 243420),
('GAM00278', 'THENUKA PHARMACY', 'Negombo', 'CSO008004543', '2019-05-29', 96, 12171, 12171),
('GAM00200', 'PAMUNUGAMA OSUSALA', 'SEEDUWA', 'CSO008004564', '2019-05-30', 95, 33148.5, 33148.5),
('GAM00193', 'ST. JUDE PHARMACY', 'SEEDUWA', 'CSO008004575', '2019-05-30', 95, 30104, 30104),
('PUT00433', 'J  C MEDICAL', 'Puttalam', 'CSO008004577', '2019-05-31', 94, 22370, 22370),
('GAMP005250', 'Ravi Medical Center', 'KOCHCHIKADE', 'CSO008004605', '2019-06-06', 88, 25700, 25700),
('PUT00375', 'SUVINI PHARMACY', 'CHILAW', 'CSO008004622', '2019-06-04', 90, 27842.2, 27842.2),
('PUT00416', 'DR PALITHA GUNARATHNE', 'KULIYAPITIYA', 'CSO008004640', '2019-06-15', 79, 20700, 20700),
('PUT00409', 'SUWANI PHARMACY', 'KULIYAPITIYA', 'CSO008004647', '2019-06-05', 89, 21785.8, 21785.8),
('PUT00375', 'SUVINI PHARMACY', 'CHILAW', 'CSO008004653', '2019-06-06', 88, 3765.2, 3765.2),
('GAM00317', 'SUWANA PHARMACY', 'KOCHCHIKADE', 'CSO008004676', '2019-06-10', 84, 771, 771),
('PUT00329', 'CICILIYA PHARMACY', 'WENNAPPUWA', 'CSO008004682', '2019-06-10', 84, 6564, 999),
('PUT00331', 'RANMINA PHARMACY', 'WENNAPPUWA', 'CSO008004684', '2019-06-10', 84, 8169.8, 2663),
('PUT00321', 'GAYASHA PHARMACY', 'WENNAPPUWA', 'CSO008004687', '2019-06-10', 84, 10265.1, 10265.1),
('PUT00397', 'DR UPALI AMARASINGHE', 'CHILAW', 'CSO008004707', '2019-06-14', 80, 14940.5, 14940.5),
('GAM00245', 'DUNAGAHA OSUSALA', 'DIVULAPITIYA', 'CSO008004713', '2019-06-11', 83, 3691.3, 3691.3),
('PUT00321', 'GAYASHA PHARMACY', 'WENNAPPUWA', 'CSO008004724', '2019-06-12', 82, 2237, 2237),
('GAMP004337', 'Dr Sajee  Jayalingam', 'Negombo', 'CSO008004735', '2019-06-17', 77, 5140, 5140),
('PUT00408', 'K.M.G HOSPITAL', 'KULIYAPITIYA', 'CSO008004765', '2019-06-14', 80, 14571.1, 14571.1),
('PUT00397', 'DR UPALI AMARASINGHE', 'CHILAW', 'CSO008004788', '2019-06-15', 79, 12850, 12850),
('PUT00340', 'NEW WESTRAN PHARMACY', 'WENNAPPUWA', 'CSO008004808', '2019-06-20', 74, 41691.1, 22587.1),
('GAM00154', 'SETHSIRI PHARMACY', 'Kandana', 'CSO008004809', '2019-06-18', 76, 6079.1, 6079.1),
('GAM00147', 'CITY PHARMACY', 'Kandana', 'CSO008004812', '2019-06-18', 76, 28209.1, 28209.1),
('PUT00348', 'JAYASOORIYA PHARMACY', 'MARAWILA', 'CSO008004820', '2019-06-20', 74, 5926.3, 1135.4),
('GAM00232', 'DR CHAMINDA SOORIYARACHCHI', 'MINUWANGODA', 'CSO008004827', '2019-06-19', 75, 68250, 5750),
('PUT00408', 'K.M.G HOSPITAL', 'KULIYAPITIYA', 'CSO008004837', '2019-06-20', 74, 17317, 17317),
('PUT00382', 'CITY PHARMACY', 'CHILAW', 'CSO008004850', '2019-06-20', 74, 8904.7, 8904.7),
('PUTT005198', 'Ranmina Pharmacy2', 'MARAWILA', 'CSO008004868', '2019-06-22', 72, 8789.4, 8789.4),
('GAM00262', 'NEW CENTRAL PHARMACY', 'Negombo', 'CSO008004869', '2019-06-22', 72, 5647.8, 5647.8),
('PUT03241', 'Chandrika Medical', 'WENNAPPUWA', 'CSO008004875', '2019-06-24', 70, 18787.7, 18787.7),
('PUT00434', 'NEW J  C PHARMACY', 'Puttalam', 'CSO008004886', '2019-06-24', 70, 9025.5, 4025.5),
('PUT00433', 'J  C MEDICAL', 'Puttalam', 'CSO008004896', '2019-06-25', 69, 25700, 25700),
('GAM00312', 'DANKOTUWA MEDICAL', 'KOCHCHIKADE', 'CSO008004905', '2019-06-25', 69, 2472.2, 2472.2),
('PUT00324', 'ROYAL PHARMACY', 'WENNAPPUWA', 'CSO008004906', '2019-06-25', 69, 14818.1, 14818.1),
('GAM00254', 'NEW CRYSTAL PHARMACY', 'Negombo', 'CSO008004913', '2019-07-01', 63, 9323.9, 9323.9),
('GAM00263', 'CITY MEDICALS', 'Negombo', 'CSO008004918', '2019-07-01', 63, 12171, 12171),
('GAM00262', 'NEW CENTRAL PHARMACY', 'Negombo', 'CSO008004919', '2019-06-27', 67, 16669.2, 16669.2),
('GAM00259', 'UNIQUE PHARMACY', 'Negombo', 'CSO008004929', '2019-06-28', 66, 61960.5, 61960.5),
('GAM00200', 'PAMUNUGAMA OSUSALA', 'SEEDUWA', 'CSO008004947', '2019-06-28', 66, 29307.6, 29307.6),
('GAMP005187', 'Dr Aloka Jayamanna', 'SEEDUWA', 'CSO008004952', '2019-06-29', 65, 21840, 21840),
('GAM00210', 'DR RASANTHI', 'SEEDUWA', 'CSO008004960', '2019-06-29', 65, 5316, 5316),
('PUT00393', 'DR ERANGA INDRAJITH', 'CHILAW', 'CSO008004962', '2019-06-29', 65, 18826, 18826),
('GAM00315', 'NIMESHA PHARMACY', 'KOCHCHIKADE', 'CSO008004963', '2019-06-29', 65, 2447, 2447),
('GAMP003612', 'Dr Chamimda Salgadu', 'SEEDUWA', 'CSO008004964', '2019-06-29', 65, 14912, 14912),
('GAM03302', 'New Lanka Pharmacy', 'Negombo', 'CSO008004966', '2019-06-29', 65, 386787, 386787),
('GAM03302', 'New Lanka Pharmacy', 'Negombo', 'CSO008004967', '2019-06-29', 65, 83025, 35584),
('GAM03302', 'New Lanka Pharmacy', 'Negombo', 'CSO008004968', '2019-06-29', 65, 225282, 158238),
('GAM00259', 'UNIQUE PHARMACY', 'Negombo', 'CSO008004969', '2019-06-29', 65, 40731, 40731),
('GAM00259', 'UNIQUE PHARMACY', 'Negombo', 'CSO008004970', '2019-06-29', 65, 10387.5, 10387.5),
('PUT00418', 'DR ROHAN KERAGALA', 'KULIYAPITIYA', 'CSO008004975', '2019-06-29', 65, 2237, 2237),
('GAM00163', 'THE PHARMACY A P Y', 'JA-ELA', 'CSO008004995', '2019-07-02', 62, 436.8, 436.8),
('GAM00173', 'ST. JOSHEP PHARMACY', 'JA-ELA', 'CSO008004998', '2019-07-02', 62, 22706.1, 17327.6),
('GAM03302', 'New Lanka Pharmacy', 'Negombo', 'CSO008005003', '2019-07-03', 61, 48285, 48285),
('PUT00409', 'SUWANI PHARMACY', 'KULIYAPITIYA', 'CSO008005015', '2019-07-03', 61, 4080.9, 4080.9),
('PUT03397', 'K.M.G Suwasewa Pharmacy 2', 'KULIYAPITIYA', 'CSO008005016', '2019-07-03', 61, 5485.1, 5485.1),
('GAM03302', 'New Lanka Pharmacy', 'Negombo', 'CSO008005018', '2019-07-03', 61, 67044, 67044),
('PUT00366', 'THE BRITISH  STORES', 'MARAWILA', 'CSO008005041', '2019-07-05', 59, 776.4, 776.4),
('PUT00433', 'J  C MEDICAL', 'Puttalam', 'CSO008005064', '2019-07-09', 55, 22370, 22370),
('GAM03240', 'Nawaloka Hospital', 'Negombo', 'CSO008005065', '2019-07-10', 54, 52211.3, 52211.3),
('GAM00215', 'SUWASALA PHARMACY', 'MINUWANGODA', 'CSO008005074', '2019-07-10', 54, 1375.5, 1375.5),
('GAM00218', 'INDRA PHARMACY', 'MINUWANGODA', 'CSO008005078', '2019-07-10', 54, 18900.6, 18900.6),
('GAM00245', 'DUNAGAHA OSUSALA', 'DIVULAPITIYA', 'CSO008005079', '2019-07-10', 54, 6079.15, 6079.15),
('GAM00244', 'SITHMINA PHARMACY', 'DIVULAPITIYA', 'CSO008005081', '2019-07-10', 54, 6742.6, 6742.6),
('GAM00227', 'ORIENT PHARMACY', 'MINUWANGODA', 'CSO008005082', '2019-07-10', 54, 10246.5, 10246.5),
('GAM00225', 'NEW CHALANI PHARMACY', 'MINUWANGODA', 'CSO008005084', '2019-07-10', 54, 22346.1, 22346.1),
('GAM00226', 'OSILKA PHARMACY', 'MINUWANGODA', 'CSO008005085', '2019-07-10', 54, 9643.8, 9643.8),
('GAM00229', 'KALASI PHARMACY', 'MINUWANGODA', 'CSO008005090', '2019-07-10', 54, 3801.8, 3801.8),
('GAM00228', 'PEOPLES PHARMACY', 'MINUWANGODA', 'CSO008005091', '2019-07-10', 54, 2760.9, 2760.9),
('GAM03391', 'Dr Isuru Wijerathna', 'DIVULAPITIYA', 'CSO008005093', '2019-07-11', 53, 72465, 72465),
('PUT00321', 'GAYASHA PHARMACY', 'WENNAPPUWA', 'CSO008005095', '2019-07-11', 53, 17206.5, 17206.5),
('PUT00335', 'APEKSHA PHARMACY', 'WENNAPPUWA', 'CSO008005096', '2019-07-11', 53, 12790.7, 12790.7),
('GAMP004219', 'Arogya pharmacy', 'JA-ELA', 'CSO008005100', '2019-07-11', 53, 13295.2, 13295.2),
('PUT00332', 'PRADEEP PHARMACY', 'WENNAPPUWA', 'CSO008005103', '2019-07-11', 53, 671.1, 671.1),
('PUT00333', 'NEW ST JOSHEP PHARMACY', 'WENNAPPUWA', 'CSO008005104', '2019-07-11', 53, 7753.2, 7753.2),
('PUT00339', 'SITHARA PHARMACY', 'WENNAPPUWA', 'CSO008005107', '2019-07-11', 53, 18161.3, 18161.3),
('PUT00331', 'RANMINA PHARMACY', 'WENNAPPUWA', 'CSO008005109', '2019-07-11', 53, 11688.3, 9030.35),
('PUT00340', 'NEW WESTRAN PHARMACY', 'WENNAPPUWA', 'CSO008005112', '2019-07-17', 47, 41562, 41562),
('PUT00340', 'NEW WESTRAN PHARMACY', 'WENNAPPUWA', 'CSO008005113', '2019-07-17', 47, 3957.6, 3343.6),
('GAM00306', 'CHAMPIKA MEDICAL', 'KOCHCHIKADE', 'CSO008005115', '2019-07-12', 52, 9553, 9553),
('GAM00259', 'UNIQUE PHARMACY', 'Negombo', 'CSO008005118', '2019-07-12', 52, 22370, 22370),
('PUT03567', 'Dr S Thenuwara', 'CHILAW', 'CSO008005119', '2019-07-12', 52, 12850, 12850),
('GAM00299', 'K S A MEDICAL', 'KOCHCHIKADE', 'CSO008005124', '2019-07-12', 52, 14139.5, 14139.5),
('GAM00306', 'CHAMPIKA MEDICAL', 'KOCHCHIKADE', 'CSO008005125', '2019-07-12', 52, 9574.6, 9208.85),
('GAM00301', 'BESTWAY PHARMACY', 'KOCHCHIKADE', 'CSO008005127', '2019-07-12', 52, 2782.4, 2782.4),
('GAM00308', 'ANRITA PHARMACY', 'KOCHCHIKADE', 'CSO008005129', '2019-07-12', 52, 1352, 1352),
('GAM00312', 'DANKOTUWA MEDICAL', 'KOCHCHIKADE', 'CSO008005133', '2019-07-13', 51, 6478.15, 824),
('GAM03329', 'Lak osusala', 'SEEDUWA', 'CSO008005135', '2019-07-13', 51, 21967.4, 14853.4),
('PUT00331', 'RANMINA PHARMACY', 'WENNAPPUWA', 'CSO008005138', '2019-07-13', 51, 21711, 21711),
('PUTT005198', 'Ranmina Pharmacy2', 'MARAWILA', 'CSO008005143', '2019-07-15', 49, 4868.4, 4868.4),
('PUT00336', 'SARANI PHARMACY', 'WENNAPPUWA', 'CSO008005144', '2019-07-15', 49, 9736.8, 9736.8),
('GAM00170', 'PJ ENTERPRISES', 'JA-ELA', 'CSO008005148', '2019-07-15', 49, 16228, 16228),
('GAM00230', 'K  K PHARMACY', 'MINUWANGODA', 'CSO008005149', '2019-07-20', 44, 8114, 8114),
('GAM00228', 'PEOPLES PHARMACY', 'MINUWANGODA', 'CSO008005150', '2019-07-15', 49, 4868.4, 4868.4),
('GAM00218', 'INDRA PHARMACY', 'MINUWANGODA', 'CSO008005151', '2019-07-17', 47, 16228, 16228),
('GAM00227', 'ORIENT PHARMACY', 'MINUWANGODA', 'CSO008005152', '2019-07-15', 49, 3245.6, 3245.6),
('GAM00259', 'UNIQUE PHARMACY', 'Negombo', 'CSO008005162', '2019-07-15', 49, 28019.8, 28019.8),
('GAM00254', 'NEW CRYSTAL PHARMACY', 'Negombo', 'CSO008005164', '2019-07-15', 49, 3029.8, 3029.8),
('GAM00259', 'UNIQUE PHARMACY', 'Negombo', 'CSO008005165', '2019-07-15', 49, 47765, 47765),
('GAM03240', 'Nawaloka Hospital', 'Negombo', 'CSO008005171', '2019-07-17', 47, 31979.2, 31979.2),
('GAM00263', 'CITY MEDICALS', 'Negombo', 'CSO008005172', '2019-07-17', 47, 13580.6, 12080.6),
('PUT00340', 'NEW WESTRAN PHARMACY', 'WENNAPPUWA', 'CSO008005175', '2019-07-17', 47, 5702, 5702),
('GAM03264', 'Niroga Pharmacy', 'Negombo', 'CSO008005177', '2019-07-17', 47, 7898.1, 7898.1),
('GAM03264', 'Niroga Pharmacy', 'Negombo', 'CSO008005178', '2019-07-17', 47, 18400, 18400),
('GAM03333', 'Isuru Pharmacy', 'Negombo', 'CSO008005183', '2019-07-19', 45, 9642.6, 9642.6),
('GAM00281', 'KALIDSON PHARMACY', 'Negombo', 'CSO008005184', '2019-07-17', 47, 18259.5, 18259.5),
('GAM00185', 'DR LAKSIRI LOKULIYANAGE', 'JA-ELA', 'CSO008005188', '2019-07-18', 46, 46572, 46572),
('GAM00287', 'UNION PHARMACY', 'Negombo', 'CSO008005191', '2019-07-18', 46, 8565, 8380.8),
('GAM00292', 'SUPER MEDICALS', 'Negombo', 'CSO008005193', '2019-07-18', 46, 33865, 31584.2),
('GAM00288', 'SHANTHI PHARMACY', 'Negombo', 'CSO008005194', '2019-07-18', 46, 6786.7, 5532.2),
('PUT00358', 'SISILA MULTY SHOP', 'MARAWILA', 'CSO008005199', '2019-07-18', 46, 2435, 2435),
('GAM00140', 'SETHMA PHARMACY', 'Kandana', 'CSO008005200', '2019-07-18', 46, 18816, 18816),
('GAM00192', 'N S MEIDCAL', 'SEEDUWA', 'CSO008005214', '2019-07-19', 45, 2570, 2570),
('GAM00160', 'ROSHINI PHARMACY', 'JA-ELA', 'CSO008005216', '2019-07-19', 45, 978.8, 978.8),
('GAMP005375', 'Thudella Pharmacy', 'JA-ELA', 'CSO008005218', '2019-07-19', 45, 6368.4, 2547.2),
('GAM00165', 'CITY PHARMACY', 'JA-ELA', 'CSO008005221', '2019-07-19', 45, 8121, 8121),
('GAM00173', 'ST. JOSHEP PHARMACY', 'JA-ELA', 'CSO008005227', '2019-07-20', 44, 7515.4, 7515.4),
('GAM00170', 'PJ ENTERPRISES', 'JA-ELA', 'CSO008005233', '2019-07-20', 44, 153787, 153787),
('PUT00328', 'WIJAYA PHARMACY', 'WENNAPPUWA', 'CSO008005234', '2019-07-20', 44, 4776.3, 4776.3),
('GAM00145', 'HANSI PHARMACY', 'Kandana', 'CSO008005236', '2019-07-22', 42, 6155.9, 6155.9),
('GAM00144', 'KAPUWATTE PHARMACY', 'Kandana', 'CSO008005239', '2019-07-22', 42, 3622.9, 3622.9),
('GAM00141', 'ORIENT PHARMACY', 'Kandana', 'CSO008005246', '2019-07-22', 42, 3971.3, 3971.3),
('GAM00143', 'KANDANA OSUSALA', 'Kandana', 'CSO008005248', '2019-07-22', 42, 2895.2, 2895.2),
('GAM00222', 'CENTRAL DIVINE', 'MINUWANGODA', 'CSO008005250', '2019-07-22', 42, 19564, 19564),
('PUT00355', 'ST JUDE PHARMACY', 'MARAWILA', 'CSO008005253', '2019-07-23', 41, 11040, 11040),
('GAM00218', 'INDRA PHARMACY', 'MINUWANGODA', 'CSO008005254', '2019-07-22', 42, 6991.3, 6991.3),
('GAM00220', 'DAGONNA PHARMACY', 'MINUWANGODA', 'CSO008005257', '2019-07-22', 42, 10526, 10526),
('GAM00297', 'AVE MARIA PHARMACY', 'Negombo', 'CSO008005258', '2019-07-22', 42, 1098.4, 1098.4),
('GAM00262', 'NEW CENTRAL PHARMACY', 'Negombo', 'CSO008005259', '2019-07-22', 42, 6990, 6990),
('PUT00400', 'OSETH PHARMACY', 'KULIYAPITIYA', 'CSO008005260', '2019-07-22', 42, 9772.6, 9772.6),
('PUT00401', 'DEEGAYU PHARMACY', 'KULIYAPITIYA', 'CSO008005262', '2019-07-22', 42, 4187.3, 3216.8),
('PUT00404', 'SUWANETH PHARMACY', 'KULIYAPITIYA', 'CSO008005270', '2019-07-22', 42, 12665.3, 6007.8),
('PUT00412', 'SETHSUWA PHARMACY', 'KULIYAPITIYA', 'CSO008005272', '2019-07-23', 41, 5192.2, 5192.2),
('PUT00412', 'SETHSUWA PHARMACY', 'KULIYAPITIYA', 'CSO008005273', '2019-07-23', 41, 3000, 3000),
('GAM00237', 'OSADA PHARMACY', 'DIVULAPITIYA', 'CSO008005277', '2019-07-23', 41, 27865.2, 27865.2),
('PUT00373', 'SUWANA HOSPITAL', 'CHILAW', 'CSO008005279', '2019-07-23', 41, 23971.8, 23971.8),
('PUT00382', 'CITY PHARMACY', 'CHILAW', 'CSO008005280', '2019-07-23', 41, 11365.3, 11365.3),
('GAM00260', 'NEW LEO PHARMACY', 'Negombo', 'CSO008005282', '2019-07-24', 40, 18964, 18964),
('GAM03240', 'Nawaloka Hospital', 'Negombo', 'CSO008005285', '2019-07-23', 41, 23693.6, 23693.6),
('PUT00388', 'SUHADA PHARMACY', 'CHILAW', 'CSO008005287', '2019-07-23', 41, 54159.2, 54159.2),
('PUT00346', 'DR I P SISIRA KUMARA', 'WENNAPPUWA', 'CSO008005288', '2019-07-24', 40, 10920, 10920),
('PUT00388', 'SUHADA PHARMACY', 'CHILAW', 'CSO008005289', '2019-07-23', 41, 3184, 3184),
('PUT00380', 'NEW PHARMACY', 'CHILAW', 'CSO008005296', '2019-07-23', 41, 18400, 18400),
('PUT00377', 'SETHSIRI PHARMACY', 'CHILAW', 'CSO008005297', '2019-07-24', 40, 14376.3, 14376.3),
('PUT00393', 'DR ERANGA INDRAJITH', 'CHILAW', 'CSO008005298', '2019-07-24', 40, 8930, 8930),
('PUT03251', 'New Seth Pharmacy', 'CHILAW', 'CSO008005299', '2019-07-24', 40, 9345, 9345),
('PUT00354', 'PAVITHRA PHARMACY', 'MARAWILA', 'CSO008005301', '2019-07-24', 40, 6042.4, 6042.4),
('PUT00349', 'SITHUMINA PHARMACY', 'MARAWILA', 'CSO008005302', '2019-07-24', 40, 33392.5, 33392.5),
('PUT00357', 'CURE PHARMACY', 'MARAWILA', 'CSO008005306', '2019-07-24', 40, 4868.4, 4868.4),
('PUT00366', 'THE BRITISH  STORES', 'MARAWILA', 'CSO008005308', '2019-07-24', 40, 42409.2, 42409.2),
('PUT00364', 'SANTHANA PHARMACY', 'MARAWILA', 'CSO008005309', '2019-07-24', 40, 19953.9, 19182.9),
('PUT00362', 'NALAKA PHARMACY', 'MARAWILA', 'CSO008005312', '2019-07-25', 39, 3875.6, 965.6),
('PUT00364', 'SANTHANA PHARMACY', 'MARAWILA', 'CSO008005315', '2019-07-25', 39, 7896, 7896),
('PUT00366', 'THE BRITISH  STORES', 'MARAWILA', 'CSO008005316', '2019-07-25', 39, 500, 500),
('PUT00333', 'NEW ST JOSHEP PHARMACY', 'WENNAPPUWA', 'CSO008005319', '2019-07-25', 39, 3183.4, 3183.4),
('PUT00336', 'SARANI PHARMACY', 'WENNAPPUWA', 'CSO008005320', '2019-07-25', 39, 3184.2, 3184.2),
('PUT00334', 'SADUNI PHARMACY', 'WENNAPPUWA', 'CSO008005321', '2019-07-25', 39, 1180, 1180),
('PUT00334', 'SADUNI PHARMACY', 'WENNAPPUWA', 'CSO008005322', '2019-07-25', 39, 1180, 1180),
('PUT00323', 'ISIRA PHARMACY', 'WENNAPPUWA', 'CSO008005324', '2019-07-25', 39, 3508.5, 3508.5),
('PUT00326', 'W.MENDIS CHEMIST', 'WENNAPPUWA', 'CSO008005326', '2019-07-25', 39, 11875.5, 9175.5),
('PUT00328', 'WIJAYA PHARMACY', 'WENNAPPUWA', 'CSO008005331', '2019-07-25', 39, 9200, 9200),
('PUT00339', 'SITHARA PHARMACY', 'WENNAPPUWA', 'CSO008005334', '2019-07-25', 39, 1552.8, 1552.8),
('PUT00331', 'RANMINA PHARMACY', 'WENNAPPUWA', 'CSO008005335', '2019-07-25', 39, 6698.8, 5078.8),
('PUTT005198', 'Ranmina Pharmacy2', 'MARAWILA', 'CSO008005336', '2019-07-25', 39, 7389.2, 4689.2),
('GAM03240', 'Nawaloka Hospital', 'Negombo', 'CSO008005339', '2019-07-26', 38, 27492.4, 27492.4),
('GAM00306', 'CHAMPIKA MEDICAL', 'KOCHCHIKADE', 'CSO008005342', '2019-07-26', 38, 6368, 6368),
('PUT00326', 'W.MENDIS CHEMIST', 'WENNAPPUWA', 'CSO008005346', '2019-07-26', 38, 3680, 3680),
('PUT00326', 'W.MENDIS CHEMIST', 'WENNAPPUWA', 'CSO008005347', '2019-07-26', 38, 5140, 5140),
('GAM00316', 'ROYAL PHARMACY', 'KOCHCHIKADE', 'CSO008005349', '2019-07-29', 35, 21060.8, 21060.8),
('PUT00321', 'GAYASHA PHARMACY', 'WENNAPPUWA', 'CSO008005351', '2019-07-26', 38, 13302.6, 13302.6),
('GAM00285', 'SHANTHI PHARMACY', 'Negombo', 'CSO008005352', '2019-07-26', 38, 8092.2, 8092.2),
('GAM00285', 'SHANTHI PHARMACY', 'Negombo', 'CSO008005353', '2019-07-26', 38, 3218.2, 3218.2),
('GAM00220', 'DAGONNA PHARMACY', 'MINUWANGODA', 'CSO008005354', '2019-07-31', 33, 73585, 73585),
('PUTT005557', 'Dr wasantha k herath', 'KULIYAPITIYA', 'CSO008005355', '2019-07-26', 38, 28439.2, 28439.2),
('PUTT005557', 'Dr wasantha k herath', 'KULIYAPITIYA', 'CSO008005356', '2019-07-26', 38, 9200, 9200),
('GAM00279', 'MAHAJANA OSUSALA', 'Negombo', 'CSO008005357', '2019-07-27', 37, 10676.5, 10676.5),
('GAM00278', 'THENUKA PHARMACY', 'Negombo', 'CSO008005358', '2019-07-29', 35, 2762.9, 2762.9),
('GAM00270', 'THE PHARMACY', 'Negombo', 'CSO008005361', '2019-07-29', 35, 18452.3, 16005.3),
('GAM00269', 'SUWASARANA OSUSALA', 'Negombo', 'CSO008005362', '2019-07-29', 35, 10845.3, 10845.3),
('GAM00254', 'NEW CRYSTAL PHARMACY', 'Negombo', 'CSO008005363', '2019-07-29', 35, 20902.3, 20902.3),
('GAM00268', 'S  G MEDICALS', 'Negombo', 'CSO008005367', '2019-07-29', 35, 3117.6, 3117.6),
('GAM00198', 'HEALTHCARE PHARMACY', 'SEEDUWA', 'CSO008005368', '2019-07-29', 35, 2631.5, 2631.5),
('GAM00262', 'NEW CENTRAL PHARMACY', 'Negombo', 'CSO008005373', '2019-07-29', 35, 28258.8, 28258.8),
('GAM00262', 'NEW CENTRAL PHARMACY', 'Negombo', 'CSO008005374', '2019-07-29', 35, 18400, 18400),
('GAM00253', 'RELIANCE PHARMACY', 'Negombo', 'CSO008005377', '2019-07-29', 35, 4045.9, 4045.9),
('GAM00282', 'PRADEEPA PHARMACY', 'Negombo', 'CSO008005378', '2019-07-29', 35, 5796.7, 2072.1),
('GAM00279', 'MAHAJANA OSUSALA', 'Negombo', 'CSO008005379', '2019-07-29', 35, 9222, 9222),
('GAM00259', 'UNIQUE PHARMACY', 'Negombo', 'CSO008005380', '2019-07-29', 35, 47948, 47948),
('GAM00281', 'KALIDSON PHARMACY', 'Negombo', 'CSO008005381', '2019-07-29', 35, 7105.5, 7105.5),
('GAM00285', 'SHANTHI PHARMACY', 'Negombo', 'CSO008005382', '2019-07-30', 34, 2570, 2570),
('PUT00364', 'SANTHANA PHARMACY', 'MARAWILA', 'CSO008005388', '2019-07-30', 34, 7896, 7896),
('GAMP005318', 'Dr Niroshan prasanga', 'Negombo', 'CSO008005389', '2019-07-30', 34, 24035, 16325),
('PUT00334', 'SADUNI PHARMACY', 'WENNAPPUWA', 'CSO008005390', '2019-07-30', 34, 13249.9, 9365.4),
('GAM00195', 'SEEDUWA MEDICAL', 'SEEDUWA', 'CSO008005395', '2019-07-30', 34, 30906.4, 0.36),
('GAM00196', 'ASIRI PHARMACY', 'SEEDUWA', 'CSO008005397', '2019-07-30', 34, 12284.8, 12284.8),
('GAM00199', 'THE RADDOLUGAMA PHARMACY', 'SEEDUWA', 'CSO008005399', '2019-07-30', 34, 14598.9, 14598.9),
('GAM00151', 'HEALTH LINE PHARMACY', 'Kandana', 'CSO008005403', '2019-07-30', 34, 4114.9, 4114.9),
('GAM03245', 'Cash Payment', 'Negombo', 'CSO008005404', '2019-07-30', 34, 12850, 12850),
('GAM00139', 'RILLAULLA PHARMACY', 'Kandana', 'CSO008005405', '2019-07-31', 33, 19808.6, 19808.6),
('GAMP004349', 'Dr Lasantha Somarathne', 'Kandana', 'CSO008005406', '2019-07-31', 33, 18826, 18826),
('GAM00171', 'NAWA OSUSALA', 'JA-ELA', 'CSO008005409', '2019-07-31', 33, 17047, 14810),
('GAM00173', 'ST. JOSHEP PHARMACY', 'JA-ELA', 'CSO008005410', '2019-07-31', 33, 14180, 11945.2),
('GAM00304', 'TRUST CHEMIST', 'KOCHCHIKADE', 'CSO008005412', '2019-07-31', 33, 4391, 4391),
('GAM00216', 'LASITH PHARMACY', 'MINUWANGODA', 'CSO008005413', '2019-07-31', 33, 12261.7, 12261.7),
('GAM00168', 'C  D PHARMACY', 'JA-ELA', 'CSO008005415', '2019-07-31', 33, 12445.6, 12445.6),
('GAM00167', 'ISHARA PHARMACY', 'JA-ELA', 'CSO008005416', '2019-07-31', 33, 21674.7, 18176.5),
('GAM00223', 'NANDANA PHARMACY', 'MINUWANGODA', 'CSO008005417', '2019-07-31', 33, 2751, 2751),
('GAM00222', 'CENTRAL DIVINE', 'MINUWANGODA', 'CSO008005418', '2019-07-31', 33, 70147.9, 70147.9),
('GAM00232', 'DR CHAMINDA SOORIYARACHCHI', 'MINUWANGODA', 'CSO008005419', '2019-07-31', 33, 11185, 11185),
('GAM00223', 'NANDANA PHARMACY', 'MINUWANGODA', 'CSO008005420', '2019-07-31', 33, 2965, 2965),
('GAM00222', 'CENTRAL DIVINE', 'MINUWANGODA', 'CSO008005421', '2019-07-31', 33, 101679, 101679),
('PUT03242', 'Dr.M.R.M Sadeek', 'Puttalam', 'CSO008005423', '2019-07-31', 33, 35190, 35190),
('GAM00225', 'NEW CHALANI PHARMACY', 'MINUWANGODA', 'CSO008005424', '2019-07-31', 33, 31104.6, 13752.6),
('GAM00225', 'NEW CHALANI PHARMACY', 'MINUWANGODA', 'CSO008005425', '2019-07-31', 33, 9200, 9200),
('PUT00425', 'HANYU PHARMACY', 'Puttalam', 'CSO008005426', '2019-07-31', 33, 36800, 36800),
('GAM00259', 'UNIQUE PHARMACY', 'Negombo', 'CSO008005428', '2019-07-31', 33, 59236, 59236),
('GAM00259', 'UNIQUE PHARMACY', 'Negombo', 'CSO008005429', '2019-07-31', 33, 80193.6, 59694.6),
('GAM00316', 'ROYAL PHARMACY', 'KOCHCHIKADE', 'CSO008005431', '2019-07-31', 33, 6960, 6960),
('GAM00316', 'ROYAL PHARMACY', 'KOCHCHIKADE', 'CSO008005433', '2019-07-31', 33, 4640, 4640),
('GAM00316', 'ROYAL PHARMACY', 'KOCHCHIKADE', 'CSO008005434', '2019-07-31', 33, 23600, 23600),
('GAM03302', 'New Lanka Pharmacy', 'Negombo', 'CSO008005435', '2019-07-31', 33, 380247, 380247),
('GAM03302', 'New Lanka Pharmacy', 'Negombo', 'CSO008005436', '2019-07-31', 33, 111539, 111539),
('GAM03302', 'New Lanka Pharmacy', 'Negombo', 'CSO008005437', '2019-07-31', 33, 7670, 7670),
('GAM00170', 'PJ ENTERPRISES', 'JA-ELA', 'CSO008005438', '2019-07-31', 33, 45987, 45987),
('GAM00140', 'SETHMA PHARMACY', 'Kandana', 'CSO008005439', '2019-07-31', 33, 13048.5, 13048.5),
('GAM00259', 'UNIQUE PHARMACY', 'Negombo', 'CSO008005440', '2019-07-31', 33, 18820.2, 18820.2),
('GAM00218', 'INDRA PHARMACY', 'MINUWANGODA', 'CSO008005444', '2019-07-31', 33, 13496, 3856),
('GAM03339', 'Dr Samankula', 'Kandana', 'CSO008005447', '2019-08-02', 31, 106110, 15000),
('GAM00253', 'RELIANCE PHARMACY', 'Negombo', 'CSO008005448', '2019-08-03', 30, 15532, 15532),
('GAM00253', 'RELIANCE PHARMACY', 'Negombo', 'CSO008005449', '2019-08-03', 30, 2184, 2184),
('GAM00285', 'SHANTHI PHARMACY', 'Negombo', 'CSO008005451', '2019-08-05', 28, 9200, 9200),
('GAM00284', 'KANDAWALA PHARMACY', 'Negombo', 'CSO008005452', '2019-08-05', 28, 5203, 5203),
('GAM00284', 'KANDAWALA PHARMACY', 'Negombo', 'CSO008005453', '2019-08-05', 28, 3680, 3680),
('GAM00283', 'SUPREME PHARMACY', 'Negombo', 'CSO008005454', '2019-08-05', 28, 12722.5, 12722.5),
('GAM00277', 'JAYAKODY PHARMACY', 'Negombo', 'CSO008005455', '2019-08-05', 28, 15538.7, 14930.7),
('GAM00140', 'SETHMA PHARMACY', 'Kandana', 'CSO008005458', '2019-08-05', 28, 10867.6, 10867.6),
('GAM03417', 'Dr Nisal Fernando', 'Kandana', 'CSO008005459', '2019-08-05', 28, 2375, 2375),
('GAM03329', 'Lak osusala', 'SEEDUWA', 'CSO008005460', '2019-08-05', 28, 3300, 187.8),
('GAM00279', 'MAHAJANA OSUSALA', 'Negombo', 'CSO008005462', '2019-08-05', 28, 7804, 7804),
('GAM00295', 'ROYAL PHARMACY LANKA', 'Negombo', 'CSO008005463', '2019-08-05', 28, 79520, 79520),
('GAM00288', 'SHANTHI PHARMACY', 'Negombo', 'CSO008005468', '2019-08-05', 28, 4105.55, 4105.55),
('GAM00257', 'NEGOMBO FOOD  DRUGS', 'Negombo', 'CSO008005473', '2019-08-05', 28, 2615.8, 2615.8),
('GAM00279', 'MAHAJANA OSUSALA', 'Negombo', 'CSO008005474', '2019-08-06', 27, 2570, 2570),
('GAM00297', 'AVE MARIA PHARMACY', 'Negombo', 'CSO008005475', '2019-08-06', 27, 7977.6, 5231.6),
('GAM00259', 'UNIQUE PHARMACY', 'Negombo', 'CSO008005476', '2019-08-06', 27, 54550, 40390),
('GAM03240', 'Nawaloka Hospital', 'Negombo', 'CSO008005477', '2019-08-06', 27, 41215.7, 41215.7),
('GAM00299', 'K S A MEDICAL', 'KOCHCHIKADE', 'CSO008005484', '2019-08-06', 27, 24314.5, 24314.5),
('GAM00300', 'LAKSHI PHARMACY', 'KOCHCHIKADE', 'CSO008005485', '2019-08-06', 27, 23967.2, 23967.2),
('GAM00304', 'TRUST CHEMIST', 'KOCHCHIKADE', 'CSO008005486', '2019-08-07', 26, 7992, 6706.9),
('GAM00307', 'AJANTHA OSUSALA', 'KOCHCHIKADE', 'CSO008005487', '2019-08-07', 26, 39437.9, 885.95),
('GAM03221', 'Asoka Pharmacy', 'Negombo', 'CSO008005488', '2019-08-07', 26, 13227.5, 13227.5),
('GAM00170', 'PJ ENTERPRISES', 'JA-ELA', 'CSO008005489', '2019-08-07', 26, 44165, 44165),
('GAM00279', 'MAHAJANA OSUSALA', 'Negombo', 'CSO008005490', '2019-08-07', 26, 1485, 1485),
('GAM00307', 'AJANTHA OSUSALA', 'KOCHCHIKADE', 'CSO008005491', '2019-08-07', 26, 2815, 2815),
('GAM00222', 'CENTRAL DIVINE', 'MINUWANGODA', 'CSO008005493', '2019-08-07', 26, 8368.5, 8368.5),
('GAM00192', 'N S MEIDCAL', 'SEEDUWA', 'CSO008005495', '2019-08-08', 25, 6270.1, 6270.1),
('GAM00201', 'SRILAK PHARMACY', 'SEEDUWA', 'CSO008005496', '2019-08-08', 25, 29137.6, 28390),
('GAM00222', 'CENTRAL DIVINE', 'MINUWANGODA', 'CSO008005497', '2019-08-07', 26, 8250, 8250),
('GAM00198', 'HEALTHCARE PHARMACY', 'SEEDUWA', 'CSO008005501', '2019-08-07', 26, 4098, 4098),
('GAM00196', 'ASIRI PHARMACY', 'SEEDUWA', 'CSO008005502', '2019-08-08', 25, 2838.3, 2838.3),
('GAM00199', 'THE RADDOLUGAMA PHARMACY', 'SEEDUWA', 'CSO008005503', '2019-08-08', 25, 18445.5, 18445.5),
('GAM00199', 'THE RADDOLUGAMA PHARMACY', 'SEEDUWA', 'CSO008005504', '2019-08-07', 26, 2447, 2447),
('GAM00193', 'ST. JUDE PHARMACY', 'SEEDUWA', 'CSO008005507', '2019-08-08', 25, 12291.8, 12291.8),
('GAM00236', 'RAZUL PHARMACY', 'DIVULAPITIYA', 'CSO008005509', '2019-08-08', 25, 1528.5, 1528.5),
('GAM00246', 'HIRU PHARMACY', 'DIVULAPITIYA', 'CSO008005510', '2019-08-08', 25, 31192.1, 28949.3),
('GAM00245', 'DUNAGAHA OSUSALA', 'DIVULAPITIYA', 'CSO008005512', '2019-08-08', 25, 26338.9, 22682.9),
('GAM00237', 'OSADA PHARMACY', 'DIVULAPITIYA', 'CSO008005513', '2019-08-08', 25, 24430.8, 24430.8),
('GAM00244', 'SITHMINA PHARMACY', 'DIVULAPITIYA', 'CSO008005516', '2019-08-08', 25, 34613.7, 34613.7),
('GAM00241', 'M.P.C.S  OSUSALA', 'DIVULAPITIYA', 'CSO008005517', '2019-08-08', 25, 32603.9, 32603.9),
('GAM00242', 'LAKRUWAN PHARMACY', 'DIVULAPITIYA', 'CSO008005519', '2019-08-08', 25, 21989.2, 21312.2),
('GAM03243', 'Jeewanthi Pharmacy', 'DIVULAPITIYA', 'CSO008005520', '2019-08-09', 24, 42167.9, 42167.9),
('GAM00239', 'THE NEW PHARMACY', 'DIVULAPITIYA', 'CSO008005523', '2019-08-09', 24, 37984.2, 35747.2),
('GAM00233', 'DR SALIYA BOMBUWALA', 'MINUWANGODA', 'CSO008005524', '2019-08-16', 17, 6700, 6700),
('GAM00222', 'CENTRAL DIVINE', 'MINUWANGODA', 'CSO008005529', '2019-08-09', 24, 9413, 9413),
('GAM00215', 'SUWASALA PHARMACY', 'MINUWANGODA', 'CSO008005530', '2019-08-09', 24, 9772.5, 9772.5),
('GAM03243', 'Jeewanthi Pharmacy', 'DIVULAPITIYA', 'CSO008005532', '2019-08-09', 24, 14125, 14125),
('GAM00219', 'CHALANI PHARMACY', 'MINUWANGODA', 'CSO008005535', '2019-08-09', 24, 22737.5, 22737.5),
('GAM00218', 'INDRA PHARMACY', 'MINUWANGODA', 'CSO008005537', '2019-08-09', 24, 50293.4, 50293.4),
('GAM00211', 'DR GAYAN JAYAKODY', 'SEEDUWA', 'CSO008005538', '2019-08-09', 24, 12850, 12850),
('GAM00220', 'DAGONNA PHARMACY', 'MINUWANGODA', 'CSO008005539', '2019-08-10', 23, 35669, 35669),
('GAM00237', 'OSADA PHARMACY', 'DIVULAPITIYA', 'CSO008005540', '2019-08-10', 23, 3680, 3680),
('GAM00222', 'CENTRAL DIVINE', 'MINUWANGODA', 'CSO008005541', '2019-08-10', 23, 70278.8, 70278.8),
('GAM00228', 'PEOPLES PHARMACY', 'MINUWANGODA', 'CSO008005543', '2019-08-10', 23, 7436.1, 7436.1),
('GAM00221', 'SAHANA OSOSALA', 'MINUWANGODA', 'CSO008005544', '2019-08-10', 23, 20731.2, 20731.2),
('GAM00225', 'NEW CHALANI PHARMACY', 'MINUWANGODA', 'CSO008005545', '2019-08-10', 23, 16418.3, 14092.3),
('GAM00199', 'THE RADDOLUGAMA PHARMACY', 'SEEDUWA', 'CSO008005546', '2019-08-10', 23, 2742, 2742),
('GAM00239', 'THE NEW PHARMACY', 'DIVULAPITIYA', 'CSO008005547', '2019-08-10', 23, 11800.1, 11800.1),
('GAM00220', 'DAGONNA PHARMACY', 'MINUWANGODA', 'CSO008005550', '2019-08-10', 23, 18400, 18400),
('GAM00220', 'DAGONNA PHARMACY', 'MINUWANGODA', 'CSO008005551', '2019-08-10', 23, 8850, 8850),
('GAM00225', 'NEW CHALANI PHARMACY', 'MINUWANGODA', 'CSO008005552', '2019-08-10', 23, 1770, 1770),
('GAM00295', 'ROYAL PHARMACY LANKA', 'Negombo', 'CSO008005553', '2019-08-15', 18, 17769, 17769),
('GAM00168', 'C  D PHARMACY', 'JA-ELA', 'CSO008005555', '2019-08-12', 21, 36702.2, 36702.2),
('GAM00181', 'BOPITIYA PHARMACY', 'JA-ELA', 'CSO008005557', '2019-08-12', 21, 22392.2, 22392.2),
('GAM00180', 'PAMUNUGAMA PHARMACY', 'JA-ELA', 'CSO008005558', '2019-08-12', 21, 13610.2, 13610.2),
('GAM00180', 'PAMUNUGAMA PHARMACY', 'JA-ELA', 'CSO008005559', '2019-08-12', 21, 723.7, 723.7),
('GAM00259', 'UNIQUE PHARMACY', 'Negombo', 'CSO008005562', '2019-08-12', 21, 25301, 25301),
('GAM00204', 'LAXSIRI PHARMACY', 'SEEDUWA', 'CSO008005563', '2019-08-12', 21, 13678.9, 13678.9),
('GAM00178', 'NEW EKALA PHARMACY', 'JA-ELA', 'CSO008005566', '2019-08-12', 21, 3619, 3619),
('GAM00175', 'THILINA PHARMACY', 'JA-ELA', 'CSO008005568', '2019-08-12', 21, 6334.7, 4911.9),
('GAM00173', 'ST. JOSHEP PHARMACY', 'JA-ELA', 'CSO008005571', '2019-08-12', 21, 14297.2, 14297.2),
('GAM00172', 'ST. JUDE PHARMACY', 'JA-ELA', 'CSO008005573', '2019-08-12', 21, 27939.2, 27706.7),
('GAM00163', 'THE PHARMACY A P Y', 'JA-ELA', 'CSO008005575', '2019-08-12', 21, 3000, 3000),
('GAM00170', 'PJ ENTERPRISES', 'JA-ELA', 'CSO008005576', '2019-08-12', 21, 272206, 232725),
('GAM03240', 'Nawaloka Hospital', 'Negombo', 'CSO008005577', '2019-08-12', 21, 59087.1, 58097.1),
('GAM00170', 'PJ ENTERPRISES', 'JA-ELA', 'CSO008005579', '2019-08-12', 21, 9650, 2978),
('GAMP005375', 'Thudella Pharmacy', 'JA-ELA', 'CSO008005580', '2019-08-12', 21, 4916, 4916),
('GAM00253', 'RELIANCE PHARMACY', 'Negombo', 'CSO008005581', '2019-08-12', 21, 10596, 10596),
('GAM00199', 'THE RADDOLUGAMA PHARMACY', 'SEEDUWA', 'CSO008005583', '2019-08-13', 20, 5321, 5321),
('GAM00148', 'GIMSHANI PHARMACY', 'Kandana', 'CSO008005584', '2019-08-13', 20, 6067.9, 6067.9),
('PUT00378', 'SETHMA PHARMACY', 'CHILAW', 'CSO008005585', '2019-08-13', 20, 140164, 122574),
('GAM00148', 'GIMSHANI PHARMACY', 'Kandana', 'CSO008005586', '2019-08-13', 20, 266, 266),
('GAM00155', 'JASMINE PHARMACY', 'Kandana', 'CSO008005587', '2019-08-13', 20, 5605.25, 3910.25),
('GAMP005278', 'Royal Pharmacy-Kandana', 'Kandana', 'CSO008005589', '2019-08-13', 20, 21729.9, 21729.9),
('GAM00143', 'KANDANA OSUSALA', 'Kandana', 'CSO008005590', '2019-08-13', 20, 13511, 11671),
('GAM00151', 'HEALTH LINE PHARMACY', 'Kandana', 'CSO008005591', '2019-08-13', 20, 6639.95, 6639.95),
('GAM00199', 'THE RADDOLUGAMA PHARMACY', 'SEEDUWA', 'CSO008005594', '2019-08-15', 18, 8786.45, 8786.45),
('GAM00259', 'UNIQUE PHARMACY', 'Negombo', 'CSO008005595', '2019-08-15', 18, 15508, 15508),
('GAM00193', 'ST. JUDE PHARMACY', 'SEEDUWA', 'CSO008005596', '2019-08-15', 18, 867, 578),
('GAM03302', 'New Lanka Pharmacy', 'Negombo', 'CSO008005597', '2019-08-15', 18, 91536, 91536),
('GAM00175', 'THILINA PHARMACY', 'JA-ELA', 'CSO008005598', '2019-08-15', 18, 1853, 1853),
('GAM00253', 'RELIANCE PHARMACY', 'Negombo', 'CSO008005599', '2019-08-15', 18, 7926.2, 7926.2),
('GAM00183', 'DR NIRANKA ILLUKPITIYA', 'JA-ELA', 'CSO008005600', '2019-08-15', 18, 40950, 40950),
('GAM00140', 'SETHMA PHARMACY', 'Kandana', 'CSO008005601', '2019-08-15', 18, 4245, 4245),
('GAM00285', 'SHANTHI PHARMACY', 'Negombo', 'CSO008005602', '2019-08-15', 18, 16694, 16694),
('GAM00145', 'HANSI PHARMACY', 'Kandana', 'CSO008005603', '2019-08-15', 18, 2022.4, 2022.4),
('GAM03238', 'Asiri Pharmaceuticals', 'Kandana', 'CSO008005607', '2019-08-15', 18, 1500, 1500),
('GAM00153', 'ST ANNES PHARMACY', 'Kandana', 'CSO008005610', '2019-08-16', 17, 4343.5, 4343.5),
('GAM00154', 'SETHSIRI PHARMACY', 'Kandana', 'CSO008005612', '2019-08-16', 17, 19500.6, 19500.6),
('GAM00254', 'NEW CRYSTAL PHARMACY', 'Negombo', 'CSO008005613', '2019-08-16', 17, 12753.2, 8443.5),
('GAM00279', 'MAHAJANA OSUSALA', 'Negombo', 'CSO008005615', '2019-08-16', 17, 11175.9, 11175.9),
('GAM00259', 'UNIQUE PHARMACY', 'Negombo', 'CSO008005616', '2019-08-19', 14, 166552, 166552),
('GAM00286', 'SURANGA PHARMACY', 'Negombo', 'CSO008005617', '2019-08-19', 14, 10154.3, 10154.3),
('GAM00286', 'SURANGA PHARMACY', 'Negombo', 'CSO008005618', '2019-08-19', 14, 3680, 3680),
('GAM00261', 'X LAB PHARMACY', 'Negombo', 'CSO008005619', '2019-08-19', 14, 10452.9, 10452.9),
('GAM00270', 'THE PHARMACY', 'Negombo', 'CSO008005620', '2019-08-19', 14, 44783.5, 41590.5),
('GAM00269', 'SUWASARANA OSUSALA', 'Negombo', 'CSO008005621', '2019-08-19', 14, 19741.3, 19054.4),
('GAM00284', 'KANDAWALA PHARMACY', 'Negombo', 'CSO008005622', '2019-08-19', 14, 7335.1, 7335.1),
('GAM00254', 'NEW CRYSTAL PHARMACY', 'Negombo', 'CSO008005623', '2019-08-19', 14, 42384.5, 41110.5),
('GAM00171', 'NAWA OSUSALA', 'JA-ELA', 'CSO008005624', '2019-08-19', 14, 60542.4, 59476.5),
('GAM00268', 'S  G MEDICALS', 'Negombo', 'CSO008005625', '2019-08-19', 14, 17933.1, 17933.1),
('GAM00283', 'SUPREME PHARMACY', 'Negombo', 'CSO008005626', '2019-08-19', 14, 5168.4, 4560.4),
('GAM00268', 'S  G MEDICALS', 'Negombo', 'CSO008005627', '2019-08-19', 14, 3680, 3680),
('GAM00282', 'PRADEEPA PHARMACY', 'Negombo', 'CSO008005628', '2019-08-19', 14, 7718.3, 7718.3),
('GAM00255', 'J  J PHARMACY', 'Negombo', 'CSO008005629', '2019-08-20', 13, 1416, 1416),
('GAM00277', 'JAYAKODY PHARMACY', 'Negombo', 'CSO008005631', '2019-08-19', 14, 4856.6, 4856.6),
('GAM00256', 'ROBERT  MEDICALS', 'Negombo', 'CSO008005632', '2019-08-19', 14, 16476.9, 16476.9),
('GAM00306', 'CHAMPIKA MEDICAL', 'KOCHCHIKADE', 'CSO008005633', '2019-08-19', 14, 42606.5, 38898.8),
('GAM00200', 'PAMUNUGAMA OSUSALA', 'SEEDUWA', 'CSO008005634', '2019-08-19', 14, 29281.5, 29281.5),
('GAM00175', 'THILINA PHARMACY', 'JA-ELA', 'CSO008005635', '2019-08-19', 14, 1852.6, 1852.6),
('GAMP005104', 'Dr Rinzeena', 'Negombo', 'CSO008005636', '2019-08-20', 13, 24537.5, 24537.5),
('GAM00159', 'DR N S M MENDIS', 'Kandana', 'CSO008005637', '2019-08-20', 13, 7865, 7865),
('GAM03391', 'Dr Isuru Wijerathna', 'DIVULAPITIYA', 'CSO008005638', '2019-08-19', 14, 16310, 16310),
('GAM00279', 'MAHAJANA OSUSALA', 'Negombo', 'CSO008005639', '2019-08-20', 13, 24726, 24726),
('GAM00279', 'MAHAJANA OSUSALA', 'Negombo', 'CSO008005640', '2019-08-20', 13, 16623.1, 16623.1),
('GAM00175', 'THILINA PHARMACY', 'JA-ELA', 'CSO008005641', '2019-08-20', 13, 11279.3, 11279.3),
('GAM00141', 'ORIENT PHARMACY', 'Kandana', 'CSO008005642', '2019-08-20', 13, 3512, 3512),
('GAM00201', 'SRILAK PHARMACY', 'SEEDUWA', 'CSO008005643', '2019-08-20', 13, 7891, 7891),
('GAM00233', 'DR SALIYA BOMBUWALA', 'MINUWANGODA', 'CSO008005644', '2019-08-21', 12, 13950, 13950),
('GAM00276', 'HEALTHCARE PHARMACY', 'Negombo', 'CSO008005646', '2019-08-20', 13, 14519.8, 14519.8),
('GAM00253', 'RELIANCE PHARMACY', 'Negombo', 'CSO008005648', '2019-08-20', 13, 10591.1, 10591.1),
('GAMP004451', 'Nawa Lanka pharmacy', 'Negombo', 'CSO008005649', '2019-08-20', 13, 60654.4, 57653.6),
('GAM00272', 'THE LANKA PHARMACY', 'Negombo', 'CSO008005650', '2019-08-20', 13, 114277, 111729),
('GAM00271', 'BETTERHEALTH PHARMACY', 'Negombo', 'CSO008005651', '2019-08-20', 13, 26760.3, 26760.3),
('GAM00262', 'NEW CENTRAL PHARMACY', 'Negombo', 'CSO008005652', '2019-08-20', 13, 39351.2, 39351.2),
('GAM00297', 'AVE MARIA PHARMACY', 'Negombo', 'CSO008005653', '2019-08-20', 13, 5263, 5263),
('GAM03221', 'Asoka Pharmacy', 'Negombo', 'CSO008005654', '2019-08-20', 13, 4668.3, 4668.3),
('GAM00263', 'CITY MEDICALS', 'Negombo', 'CSO008005655', '2019-08-20', 13, 30417.9, 30417.9),
('GAMP004451', 'Nawa Lanka pharmacy', 'Negombo', 'CSO008005656', '2019-08-20', 13, 3680, 3680),
('GAM03518', 'Negombo Drugs', 'Negombo', 'CSO008005657', '2019-08-20', 13, 4782.1, 4782.1),
('GAM00288', 'SHANTHI PHARMACY', 'Negombo', 'CSO008005658', '2019-08-20', 13, 20912.2, 20912.2),
('GAM00289', 'SILVER RAY PHARMACY', 'Negombo', 'CSO008005659', '2019-08-21', 12, 14274.4, 13643.2),
('GAM00290', 'THALAHENA PHARMACY', 'Negombo', 'CSO008005660', '2019-08-21', 12, 14868.9, 14868.9),
('GAM00204', 'LAXSIRI PHARMACY', 'SEEDUWA', 'CSO008005661', '2019-08-21', 12, 13526.7, 13526.7),
('GAM03240', 'Nawaloka Hospital', 'Negombo', 'CSO008005662', '2019-08-21', 12, 25681.8, 25681.8),
('GAM00259', 'UNIQUE PHARMACY', 'Negombo', 'CSO008005663', '2019-08-21', 12, 11800, 11800),
('GAM03609', 'Dr Kumara Senadeera', 'Negombo', 'CSO008005664', '2019-08-21', 12, 3947.5, 3947.5),
('GAM00267', 'HEALING PHARMACY', 'Negombo', 'CSO008005666', '2019-08-21', 12, 4728.75, 4728.75),
('GAM00265', 'ROYAL PHARMACY', 'Negombo', 'CSO008005667', '2019-08-21', 12, 5298.1, 5072.6),
('GAM00194', 'SEEDUWA OSUSALA', 'SEEDUWA', 'CSO008005669', '2019-08-21', 12, 6368, 6368),
('GAM00299', 'K S A MEDICAL', 'KOCHCHIKADE', 'CSO008005670', '2019-08-21', 12, 9042.6, 9042.6),
('GAM00253', 'RELIANCE PHARMACY', 'Negombo', 'CSO008005671', '2019-08-21', 12, 17234, 17234),
('GAMP005587', 'Anjel pharmacy', 'KOCHCHIKADE', 'CSO008005672', '2019-08-21', 12, 6237, 4968.7),
('GAM00304', 'TRUST CHEMIST', 'KOCHCHIKADE', 'CSO008005673', '2019-08-21', 12, 1808.75, 1808.75),
('GAM00307', 'AJANTHA OSUSALA', 'KOCHCHIKADE', 'CSO008005674', '2019-08-21', 12, 83661.9, 81186.9),
('GAM00170', 'PJ ENTERPRISES', 'JA-ELA', 'CSO008005676', '2019-08-22', 11, 26720, 26720),
('GAM03221', 'Asoka Pharmacy', 'Negombo', 'CSO008005677', '2019-08-22', 11, 2955, 2955),
('GAM00173', 'ST. JOSHEP PHARMACY', 'JA-ELA', 'CSO008005679', '2019-08-22', 11, 7770, 7770),
('GAM00237', 'OSADA PHARMACY', 'DIVULAPITIYA', 'CSO008005680', '2019-08-22', 11, 9553, 9553),
('GAM00297', 'AVE MARIA PHARMACY', 'Negombo', 'CSO008005681', '2019-08-22', 11, 10106, 10106),
('GAM00201', 'SRILAK PHARMACY', 'SEEDUWA', 'CSO008005682', '2019-08-22', 11, 15027.8, 14737.8),
('GAM00198', 'HEALTHCARE PHARMACY', 'SEEDUWA', 'CSO008005683', '2019-08-22', 11, 3147, 3147),
('GAMP005658', 'Dr s r fernando', 'Negombo', 'CSO008005685', '2019-08-23', 10, 2191, 2191),
('GAM00199', 'THE RADDOLUGAMA PHARMACY', 'SEEDUWA', 'CSO008005686', '2019-08-22', 11, 10587.8, 10587.8),
('GAM00196', 'ASIRI PHARMACY', 'SEEDUWA', 'CSO008005687', '2019-08-22', 11, 15763.6, 15763.6),
('GAM00200', 'PAMUNUGAMA OSUSALA', 'SEEDUWA', 'CSO008005688', '2019-08-22', 11, 33560.9, 33560.9),
('GAMP005606', 'S s pharmacy', 'SEEDUWA', 'CSO008005690', '2019-08-22', 11, 8845.9, 110.1),
('GAM00202', 'NEW ST. JOSHEP PHARMACY', 'SEEDUWA', 'CSO008005692', '2019-08-22', 11, 25975.3, 25330.6),
('GAM00193', 'ST. JUDE PHARMACY', 'SEEDUWA', 'CSO008005693', '2019-08-23', 10, 22017.3, 22017.3),
('GAM00259', 'UNIQUE PHARMACY', 'Negombo', 'CSO008005694', '2019-08-23', 10, 14727, 14727),
('GAMP004219', 'Arogya pharmacy', 'JA-ELA', 'CSO008005695', '2019-08-23', 10, 2915, 2915),
('GAM00236', 'RAZUL PHARMACY', 'DIVULAPITIYA', 'CSO008005696', '2019-08-23', 10, 3354, 3354),
('GAMP005609', 'Wellcare pharmace', 'DIVULAPITIYA', 'CSO008005697', '2019-08-23', 10, 1933, 1933),
('GAM00236', 'RAZUL PHARMACY', 'DIVULAPITIYA', 'CSO008005698', '2019-08-23', 10, 7219.1, 7219.1),
('GAM00200', 'PAMUNUGAMA OSUSALA', 'SEEDUWA', 'CSO008005700', '2019-08-23', 10, 2191, 2191),
('GAM00173', 'ST. JOSHEP PHARMACY', 'JA-ELA', 'CSO008005701', '2019-08-23', 10, 10648.7, 10648.7),
('GAM00245', 'DUNAGAHA OSUSALA', 'DIVULAPITIYA', 'CSO008005702', '2019-08-23', 10, 12627.2, 8408.25),
('GAM00244', 'SITHMINA PHARMACY', 'DIVULAPITIYA', 'CSO008005703', '2019-08-23', 10, 41322.8, 41322.8),
('GAM00240', 'WIJAYAMINI PHARMACY', 'DIVULAPITIYA', 'CSO008005704', '2019-08-23', 10, 28061.6, 24799.6),
('GAM03243', 'Jeewanthi Pharmacy', 'DIVULAPITIYA', 'CSO008005705', '2019-08-24', 9, 47628.1, 47628.1),
('GAM00149', 'GOLDEN CREST', 'Kandana', 'CSO008005707', '2019-08-26', 7, 22333.9, 22333.9),
('GAM00221', 'SAHANA OSOSALA', 'MINUWANGODA', 'CSO008005708', '2019-08-26', 7, 23635.8, 20505.8),
('GAM00229', 'KALASI PHARMACY', 'MINUWANGODA', 'CSO008005709', '2019-08-26', 7, 10289.6, 10289.6),
('GAM00228', 'PEOPLES PHARMACY', 'MINUWANGODA', 'CSO008005710', '2019-08-26', 7, 7396.4, 6514.7),
('GAM00253', 'RELIANCE PHARMACY', 'Negombo', 'CSO008005711', '2019-08-26', 7, 1340, 1340),
('GAM00226', 'OSILKA PHARMACY', 'MINUWANGODA', 'CSO008005712', '2019-08-26', 7, 12452.5, 11618.5),
('GAM00216', 'LASITH PHARMACY', 'MINUWANGODA', 'CSO008005715', '2019-08-26', 7, 881.5, 881.5),
('GAM00215', 'SUWASALA PHARMACY', 'MINUWANGODA', 'CSO008005716', '2019-08-26', 7, 1924.75, 1530),
('GAM00218', 'INDRA PHARMACY', 'MINUWANGODA', 'CSO008005718', '2019-08-26', 7, 44188.1, 42872.3),
('GAMP005365', 'Nithya pharmacy', 'MINUWANGODA', 'CSO008005719', '2019-08-26', 7, 3290.1, 0.2),
('GAM00216', 'LASITH PHARMACY', 'MINUWANGODA', 'CSO008005720', '2019-08-26', 7, 881.5, 881.5),
('GAM00237', 'OSADA PHARMACY', 'DIVULAPITIYA', 'CSO008005722', '2019-08-26', 7, 22980.2, 22980.2),
('GAM00164', 'DARSHANA PHARMACY', 'JA-ELA', 'CSO008005727', '2019-08-26', 7, 13179.1, 13179.1),
('GAM00168', 'C  D PHARMACY', 'JA-ELA', 'CSO008005728', '2019-08-26', 7, 24526.3, 18171),
('GAM00223', 'NANDANA PHARMACY', 'MINUWANGODA', 'CSO008005729', '2019-08-26', 7, 30006.3, 25529.1),
('GAM00220', 'DAGONNA PHARMACY', 'MINUWANGODA', 'CSO008005730', '2019-08-26', 7, 9100, 9100),
('GAM00220', 'DAGONNA PHARMACY', 'MINUWANGODA', 'CSO008005731', '2019-08-26', 7, 28300, 28300),
('GAM00170', 'PJ ENTERPRISES', 'JA-ELA', 'CSO008005732', '2019-08-26', 7, 103834, 90598.5),
('GAM00180', 'PAMUNUGAMA PHARMACY', 'JA-ELA', 'CSO008005733', '2019-08-26', 7, 23887.9, 23887.9),
('GAM00181', 'BOPITIYA PHARMACY', 'JA-ELA', 'CSO008005735', '2019-08-26', 7, 23370.9, 23370.9),
('GAM00182', 'ST JOSHEPS PHARMACY', 'JA-ELA', 'CSO008005736', '2019-08-26', 7, 28783.5, 26899.5),
('GAM00218', 'INDRA PHARMACY', 'MINUWANGODA', 'CSO008005737', '2019-08-27', 6, 15921, 15921),
('GAM00193', 'ST. JUDE PHARMACY', 'SEEDUWA', 'CSO008005738', '2019-08-27', 6, 2191, 2191),
('GAM00222', 'CENTRAL DIVINE', 'MINUWANGODA', 'CSO008005739', '2019-08-27', 6, 6459.2, 3661.2),
('GAM00173', 'ST. JOSHEP PHARMACY', 'JA-ELA', 'CSO008005742', '2019-08-28', 5, 10134, 10134),
('GAM00200', 'PAMUNUGAMA OSUSALA', 'SEEDUWA', 'CSO008005743', '2019-08-28', 5, 4970, 4970),
('GAM00281', 'KALIDSON PHARMACY', 'Negombo', 'CSO008005744', '2019-08-28', 5, 18400, 18400),
('GAM00145', 'HANSI PHARMACY', 'Kandana', 'CSO008005745', '2019-08-28', 5, 3680, 3680),
('GAM00155', 'JASMINE PHARMACY', 'Kandana', 'CSO008005746', '2019-08-28', 5, 8795, 8795),
('GAM00140', 'SETHMA PHARMACY', 'Kandana', 'CSO008005747', '2019-08-28', 5, 147793, 147793),
('GAM00148', 'GIMSHANI PHARMACY', 'Kandana', 'CSO008005748', '2019-08-28', 5, 13315.2, 13315.2),
('GAMP005278', 'Royal Pharmacy-Kandana', 'Kandana', 'CSO008005749', '2019-08-28', 5, 15950.5, 15950.5),
('GAM00143', 'KANDANA OSUSALA', 'Kandana', 'CSO008005750', '2019-08-28', 5, 3035.1, 3035.1),
('GAM00151', 'HEALTH LINE PHARMACY', 'Kandana', 'CSO008005751', '2019-08-28', 5, 6376.9, 6376.9),
('GAM00139', 'RILLAULLA PHARMACY', 'Kandana', 'CSO008005752', '2019-08-28', 5, 13528.4, 13528.4),
('GAM00171', 'NAWA OSUSALA', 'JA-ELA', 'CSO008005753', '2019-08-29', 4, 16213.3, 16213.3),
('GAMP005278', 'Royal Pharmacy-Kandana', 'Kandana', 'CSO008005754', '2019-08-29', 4, 3680, 3680),
('GAM00208', 'DR ANUJA FERNANDO', 'SEEDUWA', 'CSO008005755', '2019-08-30', 3, 4020, 4020),
('GAM03609', 'Dr Kumara Senadeera', 'Negombo', 'CSO008005756', '2019-08-30', 3, 4750, 4750),
('GAM00261', 'X LAB PHARMACY', 'Negombo', 'CSO008005757', '2019-08-29', 4, 1882.6, 1882.6),
('GAM00260', 'NEW LEO PHARMACY', 'Negombo', 'CSO008005758', '2019-08-29', 4, 15765.2, 15765.2),
('GAM00259', 'UNIQUE PHARMACY', 'Negombo', 'CSO008005759', '2019-08-29', 4, 19280, 19280),
('GAM00146', 'CHEMA PHARMACY', 'Kandana', 'CSO008005761', '2019-08-29', 4, 10957.7, 10957.7),
('GAM00153', 'ST ANNES PHARMACY', 'Kandana', 'CSO008005762', '2019-08-29', 4, 2610, 2610),
('GAM00154', 'SETHSIRI PHARMACY', 'Kandana', 'CSO008005763', '2019-08-30', 3, 10093.8, 10093.8),
('GAM00297', 'AVE MARIA PHARMACY', 'Negombo', 'CSO008005764', '2019-08-30', 3, 18900, 18900),
('GAM00147', 'CITY PHARMACY', 'Kandana', 'CSO008005765', '2019-08-30', 3, 26528.3, 26528.3),
('GAMP005639', 'Sun pharmacy', 'Gampaha', 'CSO008005766', '2019-08-29', 4, 14166.7, 14166.7),
('GAM03238', 'Asiri Pharmaceuticals', 'Kandana', 'CSO008005767', '2019-08-29', 4, 20425, 20425),
('GAM00285', 'SHANTHI PHARMACY', 'Negombo', 'CSO008005768', '2019-08-29', 4, 29225.4, 29225.4),
('GAM00173', 'ST. JOSHEP PHARMACY', 'JA-ELA', 'CSO008005769', '2019-08-30', 3, 65850, 65850),
('GAMP004874', 'Sasithma pharmacy', 'JA-ELA', 'CSO008005770', '2019-08-30', 3, 1620, 1620),
('GAM00145', 'HANSI PHARMACY', 'Kandana', 'CSO008005771', '2019-08-30', 3, 9583.8, 9583.8),
('GAM03238', 'Asiri Pharmaceuticals', 'Kandana', 'CSO008005772', '2019-08-30', 3, 11250, 11250),
('GAM00285', 'SHANTHI PHARMACY', 'Negombo', 'CSO008005773', '2019-08-30', 3, 9270, 9270),
('GAM00146', 'CHEMA PHARMACY', 'Kandana', 'CSO008005774', '2019-08-30', 3, 3675, 3675),
('GAM00147', 'CITY PHARMACY', 'Kandana', 'CSO008005775', '2019-08-30', 3, 2781, 2781),
('GAM03361', 'Amila Pharmacy', 'JA-ELA', 'CSO008005776', '2019-08-30', 3, 13200, 13200),
('GAM00263', 'CITY MEDICALS', 'Negombo', 'CSO008005778', '2019-08-30', 3, 7825, 7825),
('GAM00304', 'TRUST CHEMIST', 'KOCHCHIKADE', 'CSO008005779', '2019-08-30', 3, 7825, 7825);
INSERT INTO `gsoutupload` (`gID`, `gCustName`, `gTown`, `inv`, `date`, `age`, `amount`, `balAmount`) VALUES
('GAM00272', 'THE LANKA PHARMACY', 'Negombo', 'CSO008005780', '2019-08-30', 3, 15650, 15650),
('GAM00170', 'PJ ENTERPRISES', 'JA-ELA', 'CSO008005781', '2019-08-30', 3, 31300, 31300),
('GAM00202', 'NEW ST. JOSHEP PHARMACY', 'SEEDUWA', 'CSO008005782', '2019-08-30', 3, 7825, 7825),
('GAM00244', 'SITHMINA PHARMACY', 'DIVULAPITIYA', 'CSO008005783', '2019-08-30', 3, 15650, 15650),
('GAM00200', 'PAMUNUGAMA OSUSALA', 'SEEDUWA', 'CSO008005784', '2019-08-30', 3, 7825, 7825),
('GAM00237', 'OSADA PHARMACY', 'DIVULAPITIYA', 'CSO008005785', '2019-08-30', 3, 3130, 3130),
('GAM00223', 'NANDANA PHARMACY', 'MINUWANGODA', 'CSO008005786', '2019-08-30', 3, 7825, 7825),
('GAM00206', 'ST. MARYS PHARMACY', 'SEEDUWA', 'CSO008005787', '2019-08-30', 3, 15650, 15650),
('GAM03238', 'Asiri Pharmaceuticals', 'Kandana', 'CSO008005788', '2019-08-30', 3, 7825, 7825),
('GAM00145', 'HANSI PHARMACY', 'Kandana', 'CSO008005789', '2019-08-30', 3, 15650, 15650),
('GAM00222', 'CENTRAL DIVINE', 'MINUWANGODA', 'CSO008005790', '2019-08-30', 3, 22375.5, 22375.5),
('GAMP005522', 'Sagarika pharmacy', 'JA-ELA', 'CSO008005791', '2019-08-30', 3, 2696, 2696),
('GAM00172', 'ST. JUDE PHARMACY', 'JA-ELA', 'CSO008005792', '2019-08-30', 3, 3680, 3680),
('GAM03329', 'Lak osusala', 'SEEDUWA', 'CSO008005793', '2019-08-30', 3, 11773, 11773),
('GAM00196', 'ASIRI PHARMACY', 'SEEDUWA', 'CSO008005794', '2019-08-30', 3, 3680, 3680),
('GAM00200', 'PAMUNUGAMA OSUSALA', 'SEEDUWA', 'CSO008005796', '2019-08-30', 3, 12012.6, 12012.6),
('GAM00170', 'PJ ENTERPRISES', 'JA-ELA', 'CSO008005797', '2019-08-30', 3, 23600, 23600),
('GAM00222', 'CENTRAL DIVINE', 'MINUWANGODA', 'CSO008005798', '2019-08-30', 3, 139452, 139452),
('GAM03391', 'Dr Isuru Wijerathna', 'DIVULAPITIYA', 'CSO008005800', '2019-08-30', 3, 4720, 4720),
('GAM00259', 'UNIQUE PHARMACY', 'Negombo', 'CSO008005801', '2019-08-30', 3, 78890.5, 73448.5),
('GAM00297', 'AVE MARIA PHARMACY', 'Negombo', 'CSO008005802', '2019-08-30', 3, 27000, 27000),
('GAM00261', 'X LAB PHARMACY', 'Negombo', 'CSO008005803', '2019-08-30', 3, 8736.75, 8736.75),
('GAM00269', 'SUWASARANA OSUSALA', 'Negombo', 'CSO008005804', '2019-08-30', 3, 17762, 17762),
('GAM00272', 'THE LANKA PHARMACY', 'Negombo', 'CSO008005805', '2019-08-30', 3, 58703.5, 58703.5),
('GAM00263', 'CITY MEDICALS', 'Negombo', 'CSO008005807', '2019-08-30', 3, 9309.8, 9309.8),
('GAMP004451', 'Nawa Lanka pharmacy', 'Negombo', 'CSO008005808', '2019-08-30', 3, 3917.2, 3917.2),
('GAM00257', 'NEGOMBO FOOD  DRUGS', 'Negombo', 'CSO008005809', '2019-08-30', 3, 2630, 2630),
('GAM00233', 'DR SALIYA BOMBUWALA', 'MINUWANGODA', 'CSO008005810', '2019-08-30', 3, 9500, 9500),
('GAM00295', 'ROYAL PHARMACY LANKA', 'Negombo', 'CSO008005811', '2019-08-30', 3, 68320, 68320),
('GAM00233', 'DR SALIYA BOMBUWALA', 'MINUWANGODA', 'CSO008005813', '2019-08-30', 3, 5870, 5870),
('GAM00235', 'DR K R G UPASHANTHA', 'MINUWANGODA', 'CSO008005814', '2019-08-30', 3, 2739, 2739),
('GAM00292', 'SUPER MEDICALS', 'Negombo', 'CSO008005815', '2019-08-30', 3, 9307.5, 9307.5),
('GAM00256', 'ROBERT  MEDICALS', 'Negombo', 'CSO008005816', '2019-08-30', 3, 15650, 15650),
('GAM03391', 'Dr Isuru Wijerathna', 'DIVULAPITIYA', 'CSO008005817', '2019-08-31', 2, 204071, 204071),
('GAM03391', 'Dr Isuru Wijerathna', 'DIVULAPITIYA', 'CSO008005818', '2019-08-31', 2, 150710, 150710),
('GAM03302', 'New Lanka Pharmacy', 'Negombo', 'CSO008005819', '2019-08-31', 2, 399755, 399755),
('GAM03302', 'New Lanka Pharmacy', 'Negombo', 'CSO008005820', '2019-08-31', 2, 104452, 104452),
('GAM03243', 'Jeewanthi Pharmacy', 'DIVULAPITIYA', 'CSO008005821', '2019-08-31', 2, 89362.5, 89362.5),
('GAM00253', 'RELIANCE PHARMACY', 'Negombo', 'CSO008005822', '2019-08-31', 2, 12669.6, 12669.6),
('GAM00307', 'AJANTHA OSUSALA', 'KOCHCHIKADE', 'CSO008005823', '2019-08-31', 2, 6020, 6020),
('GAM00259', 'UNIQUE PHARMACY', 'Negombo', 'CSO008005824', '2019-08-31', 2, 9900, 9900),
('GAM00259', 'UNIQUE PHARMACY', 'Negombo', 'CSO008005825', '2019-08-31', 2, 47172.5, 47172.5),
('GAM00239', 'THE NEW PHARMACY', 'DIVULAPITIYA', 'CSO008005826', '2019-08-31', 2, 108810, 108810),
('GAM00222', 'CENTRAL DIVINE', 'MINUWANGODA', 'CSO008005828', '2019-09-02', 0, 48201, 48201),
('GAM00193', 'ST. JUDE PHARMACY', 'SEEDUWA', 'CSO008005829', '2019-09-02', 0, 8680, 8680),
('GAM00140', 'SETHMA PHARMACY', 'Kandana', 'CSO008005831', '2019-09-02', 0, 5208, 5208),
('GAM00171', 'NAWA OSUSALA', 'JA-ELA', 'CSO008005832', '2019-09-02', 0, 5208, 5208),
('GAM00227', 'ORIENT PHARMACY', 'MINUWANGODA', 'CSO008005833', '2019-09-02', 0, 9640, 9640),
('GAM03417', 'Dr Nisal Fernando', 'Kandana', 'CSO008005834', '2019-09-02', 0, 2739, 2739),
('GAM00175', 'THILINA PHARMACY', 'JA-ELA', 'CSO008005835', '2019-09-02', 0, 9153.6, 9153.6),
('GAM00171', 'NAWA OSUSALA', 'JA-ELA', 'CSO008005836', '2019-09-02', 0, 21449, 21449),
('GAM00171', 'NAWA OSUSALA', 'JA-ELA', 'CSO008005837', '2019-09-02', 0, 18400, 18400),
('GAM00200', 'PAMUNUGAMA OSUSALA', 'SEEDUWA', 'CSO008005838', '2019-09-02', 0, 3278.7, 3278.7),
('GAM03250', 'Osumina pharmacy', 'MINUWANGODA', 'CSO011700491', '2018-08-15', 383, 2367.35, 2367.35),
('GAM00239', 'THE NEW PHARMACY', 'DIVULAPITIYA', 'CSO011700999', '2018-09-28', 339, 5670, 5670),
('GAM00147', 'CITY PHARMACY', 'Kandana', 'CSO011701120', '2018-10-10', 327, 7869.9, 7637.4),
('GAM03311', 'Dr Subodha Manoj', 'MINUWANGODA', 'CSO011701167', '2018-10-13', 324, 5943, 5943),
('GAM03415', 'Dinara Pharmacy', 'Kandana', 'CSO011701358', '2018-10-30', 307, 13815, 13815),
('GAM00275', 'DR KEERTHI RATHNAYAKA', 'Negombo', 'CSO011701398', '2018-11-05', 301, 3735, 3735),
('GAM03221', 'Asoka Pharmacy', 'Negombo', 'CSO011701583', '2018-11-16', 290, 5456.25, 5456.25),
('GAM00253', 'RELIANCE PHARMACY', 'Negombo', 'CSO011701593', '2018-11-17', 289, 3369.5, 24.6),
('GAM00269', 'SUWASARANA OSUSALA', 'Negombo', 'CSO011701696', '2018-11-29', 277, 11256.1, 12.9),
('GAM00173', 'ST. JOSHEP PHARMACY', 'JA-ELA', 'CSO011701847', '2018-12-11', 265, 7094.95, 6900.25),
('GAM00290', 'THALAHENA PHARMACY', 'Negombo', 'CSO011701901', '2018-12-14', 262, 2450.4, 2450.4),
('PUT00366', 'THE BRITISH  STORES', 'MARAWILA', 'CSO011701949', '2018-12-17', 259, 1188.6, 1188.6),
('GAM00241', 'M.P.C.S  OSUSALA', 'DIVULAPITIYA', 'CSO011702002', '2018-12-21', 255, 3509.9, 3509.9),
('GAM00228', 'PEOPLES PHARMACY', 'MINUWANGODA', 'CSO011702010', '2018-12-21', 255, 4621.55, 4621.55),
('PUT00336', 'SARANI PHARMACY', 'WENNAPPUWA', 'CSO011702150', '2019-01-07', 238, 5160.1, 4653.5),
('PUT00435', 'BIO PLUS PHARMACY', 'Puttalam', 'CSO011702168', '2019-01-07', 238, 5255.3, 5255.3),
('GAM00317', 'SUWANA PHARMACY', 'KOCHCHIKADE', 'CSO011702275', '2019-01-17', 228, 7738, 7738),
('GAM03221', 'Asoka Pharmacy', 'Negombo', 'CSO011702300', '2019-01-18', 227, 1546.7, 1546.7),
('PUT00409', 'SUWANI PHARMACY', 'KULIYAPITIYA', 'CSO011702364', '2019-01-23', 222, 5378.8, 3376),
('GAMP004368', 'Shris lanka', 'Negombo', 'CSO011702445', '2019-01-29', 216, 9074.9, 9074.9),
('GAM00313', 'OSHIDI MEDICALS', 'KOCHCHIKADE', 'CSO011702527', '2019-02-08', 206, 6511.3, 6511.3),
('PUT00331', 'RANMINA PHARMACY', 'WENNAPPUWA', 'CSO011702545', '2019-02-07', 207, 10557.6, 10557.6),
('GAM03415', 'Dinara Pharmacy', 'Kandana', 'CSO011702597', '2019-02-12', 202, 23485, 23485),
('GAM03418', 'Dr Saroja Wijeweera', 'DIVULAPITIYA', 'CSO011702604', '2019-02-13', 201, 5829, 5040),
('GAM00202', 'NEW ST. JOSHEP PHARMACY', 'SEEDUWA', 'CSO011702634', '2019-02-14', 200, 8524.3, 8524.3),
('GAM00193', 'ST. JUDE PHARMACY', 'SEEDUWA', 'CSO011702650', '2019-02-15', 199, 14569.8, 14569.8),
('GAM00264', 'JAYALANKA PHARMACY', 'Negombo', 'CSO011702678', '2019-02-18', 196, 8233.2, 8233.2),
('GAM00317', 'SUWANA PHARMACY', 'KOCHCHIKADE', 'CSO011702690', '2019-02-18', 196, 2323.9, 2323.9),
('GAM00313', 'OSHIDI MEDICALS', 'KOCHCHIKADE', 'CSO011702692', '2019-02-18', 196, 8417.1, 8417.1),
('GAM03339', 'Dr Samankula', 'Kandana', 'CSO011702701', '2019-02-20', 194, 28250, 46.6),
('PUT00360', 'NEW MEDICALSTORS', 'MARAWILA', 'CSO011702768', '2019-02-25', 189, 5552.6, 5552.6),
('GAMP005104', 'Dr Rinzeena', 'Negombo', 'CSO011702808', '2019-02-27', 187, 16334, 16334),
('GAM03418', 'Dr Saroja Wijeweera', 'DIVULAPITIYA', 'CSO011702830', '2019-02-28', 186, 2390, 2390),
('PUT00344', 'DR THILAK N RANASINGHE', 'WENNAPPUWA', 'CSO011702914', '2019-03-30', 156, 3551.45, 1008),
('GAM00212', 'DR SILVA', 'SEEDUWA', 'CSO011702974', '2019-03-27', 159, 3395, 3395),
('GAMP004827', 'Vision pharmacy', 'Kandana', 'CSO011702984', '2019-03-13', 173, 8476.2, 0.3),
('GAM00148', 'GIMSHANI PHARMACY', 'Kandana', 'CSO011702991', '2019-03-14', 172, 1327.3, 1327.3),
('GAM00170', 'PJ ENTERPRISES', 'JA-ELA', 'CSO011702997', '2019-03-14', 172, 18969.6, 273),
('GAM00239', 'THE NEW PHARMACY', 'DIVULAPITIYA', 'CSO011703031', '2019-03-15', 171, 7062.5, 40),
('GAM00264', 'JAYALANKA PHARMACY', 'Negombo', 'CSO011703060', '2019-03-19', 167, 6480.8, 6480.8),
('GAM00170', 'PJ ENTERPRISES', 'JA-ELA', 'CSO011703110', '2019-03-25', 161, 9420, 9420),
('GAM03240', 'Nawaloka Hospital', 'Negombo', 'CSO011703139', '2019-03-27', 159, 6487.4, 6487.4),
('GAM03574', 'Dr Haritha Thennakoon', 'MINUWANGODA', 'CSO011703203', '2019-03-30', 156, 6360, 6360),
('GAM00265', 'ROYAL PHARMACY', 'Negombo', 'CSO011703251', '2019-04-09', 146, 15206.6, 15206.6),
('PUT00321', 'GAYASHA PHARMACY', 'WENNAPPUWA', 'CSO011703266', '2019-04-08', 147, 3339.2, 3339.2),
('PUT00324', 'ROYAL PHARMACY', 'WENNAPPUWA', 'CSO011703276', '2019-04-08', 147, 1434.9, 702),
('PUT00398', 'DR SALINGA  WEERASENA', 'CHILAW', 'CSO011703303', '2019-04-09', 146, 895, 895),
('GAM00225', 'NEW CHALANI PHARMACY', 'MINUWANGODA', 'CSO011703324', '2019-04-10', 145, 14358.5, 6302),
('GAM00200', 'PAMUNUGAMA OSUSALA', 'SEEDUWA', 'CSO011703329', '2019-04-11', 144, 3260.7, 3260.7),
('GAM00317', 'SUWANA PHARMACY', 'KOCHCHIKADE', 'CSO011703391', '2019-04-23', 132, 828.9, 828.9),
('GAM00306', 'CHAMPIKA MEDICAL', 'KOCHCHIKADE', 'CSO011703398', '2019-04-23', 132, 7238.9, 327),
('PUT00339', 'SITHARA PHARMACY', 'WENNAPPUWA', 'CSO011703416', '2019-04-24', 131, 1205.6, 0.6),
('PUT00344', 'DR THILAK N RANASINGHE', 'WENNAPPUWA', 'CSO011703434', '2019-05-02', 123, 9044, 1175),
('PUT00415', 'DR D.M.S DISSANAYKE', 'KULIYAPITIYA', 'CSO011703477', '2019-05-02', 123, 10835, 10835),
('PUT00418', 'DR ROHAN KERAGALA', 'KULIYAPITIYA', 'CSO011703478', '2019-04-29', 126, 4318, 4318),
('GAM00254', 'NEW CRYSTAL PHARMACY', 'Negombo', 'CSO011703498', '2019-05-02', 123, 30054.6, 30054.6),
('GAM00142', 'KANDANA FOOD AND DRUGS', 'Kandana', 'CSO011703532', '2019-05-06', 119, 12641, 0.9),
('PUT00390', 'DR ARUNA PATHIRANA', 'CHILAW', 'CSO011703540', '2019-05-30', 95, 16975, 16975),
('PUT03367', 'Dr. Lal Perera', 'WENNAPPUWA', 'CSO011703542', '2019-05-06', 119, 4300, 4300),
('PUT00393', 'DR ERANGA INDRAJITH', 'CHILAW', 'CSO011703543', '2019-05-06', 119, 6790, 6790),
('PUT03331', 'Dr V N R Weerakkody', 'Puttalam', 'CSO011703545', '2019-05-06', 119, 68607, 68607),
('GAM00270', 'THE PHARMACY', 'Negombo', 'CSO011703578', '2019-05-08', 117, 6009, 895),
('GAM00259', 'UNIQUE PHARMACY', 'Negombo', 'CSO011703581', '2019-05-08', 117, 89886.2, 1980),
('PUT00358', 'SISILA MULTY SHOP', 'MARAWILA', 'CSO011703649', '2019-05-28', 97, 14435.4, 3340),
('GAM00188', 'DR J P MAYADUNNA', 'JA-ELA', 'CSO011703650', '2019-05-13', 112, 13788, 5307),
('PUT00375', 'SUVINI PHARMACY', 'CHILAW', 'CSO011703666', '2019-05-21', 104, 7897.1, 7897.1),
('GAM00270', 'THE PHARMACY', 'Negombo', 'CSO011703742', '2019-05-23', 102, 5394.7, 5394.7),
('GAM00245', 'DUNAGAHA OSUSALA', 'DIVULAPITIYA', 'CSO011703755', '2019-05-31', 94, 13815, 13815),
('GAM00299', 'K S A MEDICAL', 'KOCHCHIKADE', 'CSO011703763', '2019-05-25', 100, 11148.5, 11148.5),
('PUTT005198', 'Ranmina Pharmacy2', 'MARAWILA', 'CSO011703786', '2019-05-28', 97, 26406.6, 5039),
('PUT00321', 'GAYASHA PHARMACY', 'WENNAPPUWA', 'CSO011703804', '2019-05-29', 96, 2191, 2191),
('PUT00336', 'SARANI PHARMACY', 'WENNAPPUWA', 'CSO011703807', '2019-05-29', 96, 3218.5, 3218.5),
('PUT03241', 'Chandrika Medical', 'WENNAPPUWA', 'CSO011703812', '2019-05-29', 96, 7825, 7825),
('GAM03240', 'Nawaloka Hospital', 'Negombo', 'CSO011703823', '2019-05-29', 96, 10183.1, 10183.1),
('PUT00375', 'SUVINI PHARMACY', 'CHILAW', 'CSO011703828', '2019-05-30', 95, 1663.2, 1663.2),
('PUT00388', 'SUHADA PHARMACY', 'CHILAW', 'CSO011703837', '2019-05-29', 96, 1592.1, 1592.1),
('PUT00406', 'ISURU PHARMACY', 'KULIYAPITIYA', 'CSO011703847', '2019-05-30', 95, 16575.8, 551),
('PUTT003255', 'Dr Namal Priyankara', 'KULIYAPITIYA', 'CSO011703855', '2019-05-31', 94, 16368.8, 16368.8),
('GAM00319', 'DR IRESHA DASANAYAKE', 'KOCHCHIKADE', 'CSO011703857', '2019-05-31', 94, 7890, 7890),
('GAM00239', 'THE NEW PHARMACY', 'DIVULAPITIYA', 'CSO011703874', '2019-05-31', 94, 27028.5, 9053.45),
('PUT00398', 'DR SALINGA  WEERASENA', 'CHILAW', 'CSO011703876', '2019-05-31', 94, 895, 895),
('GAM00259', 'UNIQUE PHARMACY', 'Negombo', 'CSO011703877', '2019-05-31', 94, 12582.2, 12582.2),
('GAM00296', 'S  S MEDICAL', 'Negombo', 'CSO011703886', '2019-06-14', 80, 115810, 115810),
('GAM00294', 'K F D (PVT) LTD.', 'Negombo', 'CSO011703939', '2019-06-17', 77, 83947, 83947),
('GAM00299', 'K S A MEDICAL', 'KOCHCHIKADE', 'CSO011703953', '2019-06-10', 84, 3898.4, 3898.4),
('GAM00317', 'SUWANA PHARMACY', 'KOCHCHIKADE', 'CSO011703958', '2019-06-10', 84, 2455.4, 2455.4),
('PUT00321', 'GAYASHA PHARMACY', 'WENNAPPUWA', 'CSO011703984', '2019-06-11', 83, 1259.6, 1259.6),
('PUT00372', 'HEALTHY CARE PHARMACY', 'CHILAW', 'CSO011704010', '2019-06-12', 82, 3184.2, 3184.2),
('PUT00401', 'DEEGAYU PHARMACY', 'KULIYAPITIYA', 'CSO011704014', '2019-06-13', 81, 2936.3, 2936.3),
('GAMP005393', 'Dr Dilantha Rajapaksha', 'MINUWANGODA', 'CSO011704031', '2019-06-14', 80, 4835.5, 4835.5),
('GAMP005394', 'Dr Randeni R P J W', 'MINUWANGODA', 'CSO011704032', '2019-06-14', 80, 3640, 3640),
('PUT00393', 'DR ERANGA INDRAJITH', 'CHILAW', 'CSO011704037', '2019-06-14', 80, 26704.1, 26704.1),
('PUT00364', 'SANTHANA PHARMACY', 'MARAWILA', 'CSO011704042', '2019-06-14', 80, 14878.7, 10955),
('PUT00397', 'DR UPALI AMARASINGHE', 'CHILAW', 'CSO011704048', '2019-06-14', 80, 6865, 6865),
('GAM00148', 'GIMSHANI PHARMACY', 'Kandana', 'CSO011704058', '2019-06-17', 77, 5724.6, 5724.6),
('GAM00145', 'HANSI PHARMACY', 'Kandana', 'CSO011704064', '2019-06-17', 77, 9622.3, 9622.3),
('GAM00174', 'NILMINI PHARMACY', 'JA-ELA', 'CSO011704069', '2019-06-17', 77, 13253.9, 13253.9),
('GAM00160', 'ROSHINI PHARMACY', 'JA-ELA', 'CSO011704078', '2019-06-18', 76, 2191, 2191),
('PUT00349', 'SITHUMINA PHARMACY', 'MARAWILA', 'CSO011704081', '2019-06-21', 73, 2316, 2316),
('GAM00147', 'CITY PHARMACY', 'Kandana', 'CSO011704091', '2019-06-18', 76, 8340.4, 8340.4),
('GAM00245', 'DUNAGAHA OSUSALA', 'DIVULAPITIYA', 'CSO011704103', '2019-06-19', 75, 5283.8, 5283.8),
('GAM00218', 'INDRA PHARMACY', 'MINUWANGODA', 'CSO011704113', '2019-06-20', 74, 2693, 2693),
('GAM00272', 'THE LANKA PHARMACY', 'Negombo', 'CSO011704135', '2019-06-21', 73, 93860.2, 88595.5),
('GAM00278', 'THENUKA PHARMACY', 'Negombo', 'CSO011704137', '2019-07-01', 63, 9635.65, 9635.65),
('GAM00254', 'NEW CRYSTAL PHARMACY', 'Negombo', 'CSO011704139', '2019-07-01', 63, 15377.1, 15377.1),
('GAM00262', 'NEW CENTRAL PHARMACY', 'Negombo', 'CSO011704150', '2019-06-22', 72, 10894.7, 10894.7),
('GAM00299', 'K S A MEDICAL', 'KOCHCHIKADE', 'CSO011704167', '2019-06-24', 70, 14094.2, 13622.9),
('GAM03302', 'New Lanka Pharmacy', 'Negombo', 'CSO011704173', '2019-06-26', 68, 60510, 60510),
('GAM00315', 'NIMESHA PHARMACY', 'KOCHCHIKADE', 'CSO011704175', '2019-06-24', 70, 3851.7, 3851.7),
('GAM03339', 'Dr Samankula', 'Kandana', 'CSO011704176', '2019-06-24', 70, 7302.5, 6.5),
('GAM00312', 'DANKOTUWA MEDICAL', 'KOCHCHIKADE', 'CSO011704179', '2019-06-24', 70, 7912.2, 7912.2),
('PUT00434', 'NEW J  C PHARMACY', 'Puttalam', 'CSO011704191', '2019-06-25', 69, 4341.5, 4341.5),
('PUT03241', 'Chandrika Medical', 'WENNAPPUWA', 'CSO011704193', '2019-06-25', 69, 4546.3, 4546.3),
('PUT00321', 'GAYASHA PHARMACY', 'WENNAPPUWA', 'CSO011704198', '2019-06-25', 69, 1797.9, 855.3),
('PUT00336', 'SARANI PHARMACY', 'WENNAPPUWA', 'CSO011704202', '2019-06-25', 69, 4445.1, 3973.8),
('GAM03246', 'New Pharmacy', 'Negombo', 'CSO011704211', '2019-06-26', 68, 8832.5, 8832.5),
('PUT03229', 'Westline Pharmaceuticals', 'MARAWILA', 'CSO011704224', '2019-06-27', 67, 7156.9, 540.9),
('PUT00409', 'SUWANI PHARMACY', 'KULIYAPITIYA', 'CSO011704231', '2019-06-27', 67, 14043.3, 14043.3),
('PUT00408', 'K.M.G HOSPITAL', 'KULIYAPITIYA', 'CSO011704233', '2019-06-27', 67, 15436.4, 13640.4),
('PUT00404', 'SUWANETH PHARMACY', 'KULIYAPITIYA', 'CSO011704238', '2019-06-27', 67, 13735.6, 0.6),
('GAM00259', 'UNIQUE PHARMACY', 'Negombo', 'CSO011704240', '2019-06-28', 66, 19350, 19350),
('PUT00382', 'CITY PHARMACY', 'CHILAW', 'CSO011704243', '2019-06-28', 66, 11419.2, 10537.5),
('PUT00381', 'AROMA PHARMACY', 'CHILAW', 'CSO011704249', '2019-06-28', 66, 5136.2, 4987),
('GAM03302', 'New Lanka Pharmacy', 'Negombo', 'CSO011704250', '2019-06-29', 65, 102265, 102265),
('PUT00393', 'DR ERANGA INDRAJITH', 'CHILAW', 'CSO011704254', '2019-06-29', 65, 26676.7, 26676.7),
('GAM03308', 'Dr Sujith Nonis', 'JA-ELA', 'CSO011704261', '2019-07-01', 63, 8190, 8190),
('GAMP004349', 'Dr Lasantha Somarathne', 'Kandana', 'CSO011704262', '2019-07-01', 63, 1820, 1820),
('PUT00418', 'DR ROHAN KERAGALA', 'KULIYAPITIYA', 'CSO011704265', '2019-07-01', 63, 956, 956),
('GAM03493', 'Dr.Viraj Peramuna', 'JA-ELA', 'CSO011704266', '2019-07-01', 63, 12720, 12720),
('GAM00187', 'DR A  SELLAMUTHTHU', 'JA-ELA', 'CSO011704267', '2019-07-01', 63, 7847.4, 7847.4),
('GAMP005399', 'Dr Dinesh Abesinghe', 'JA-ELA', 'CSO011704279', '2019-07-02', 62, 6086, 6086),
('GAM00203', 'ORIENT PHARMACY', 'SEEDUWA', 'CSO011704310', '2019-07-03', 61, 18641.6, 18641.6),
('GAM00280', 'ASIRI PHARMACY', 'Negombo', 'CSO011704332', '2019-07-04', 60, 7729, 7729),
('PUTT004569', 'Dr. Neel Jayasundara', 'Puttalam', 'CSO011704337', '2019-07-08', 56, 6295, 6295),
('PUT00415', 'DR D.M.S DISSANAYKE', 'KULIYAPITIYA', 'CSO011704338', '2019-07-05', 59, 8291, 8291),
('GAM00285', 'SHANTHI PHARMACY', 'Negombo', 'CSO011704339', '2019-07-05', 59, 16381.4, 16381.4),
('GAM00271', 'BETTERHEALTH PHARMACY', 'Negombo', 'CSO011704342', '2019-07-05', 59, 23089.6, 23089.6),
('PUT00390', 'DR ARUNA PATHIRANA', 'CHILAW', 'CSO011704347', '2019-07-05', 59, 26158, 26158),
('GAM00262', 'NEW CENTRAL PHARMACY', 'Negombo', 'CSO011704348', '2019-07-05', 59, 23938, 23236.2),
('GAM00254', 'NEW CRYSTAL PHARMACY', 'Negombo', 'CSO011704349', '2019-07-05', 59, 28404.2, 28404.2),
('GAM00261', 'X LAB PHARMACY', 'Negombo', 'CSO011704352', '2019-07-05', 59, 1592.15, 1592.15),
('GAM00259', 'UNIQUE PHARMACY', 'Negombo', 'CSO011704353', '2019-07-05', 59, 1592.15, 1592.15),
('GAM00259', 'UNIQUE PHARMACY', 'Negombo', 'CSO011704354', '2019-07-05', 59, 32358, 32358),
('GAM00222', 'CENTRAL DIVINE', 'MINUWANGODA', 'CSO011704360', '2019-07-06', 58, 12310.6, 12310.6),
('GAM00278', 'THENUKA PHARMACY', 'Negombo', 'CSO011704362', '2019-07-08', 56, 5289, 4770.6),
('GAM00266', 'ORIENT PHARMACY', 'Negombo', 'CSO011704367', '2019-07-08', 56, 4879.7, 4879.7),
('PUT00393', 'DR ERANGA INDRAJITH', 'CHILAW', 'CSO011704369', '2019-07-08', 56, 4475, 4475),
('GAM03240', 'Nawaloka Hospital', 'Negombo', 'CSO011704378', '2019-07-09', 55, 11971.7, 9721.5),
('GAM00315', 'NIMESHA PHARMACY', 'KOCHCHIKADE', 'CSO011704382', '2019-07-10', 54, 2652.1, 2652.1),
('GAMP005375', 'Thudella Pharmacy', 'JA-ELA', 'CSO011704384', '2019-07-11', 53, 3130, 3130),
('GAM00218', 'INDRA PHARMACY', 'MINUWANGODA', 'CSO011704388', '2019-07-10', 54, 7847.4, 7847.4),
('GAM00225', 'NEW CHALANI PHARMACY', 'MINUWANGODA', 'CSO011704389', '2019-07-10', 54, 8350.8, 8350.8),
('GAM00306', 'CHAMPIKA MEDICAL', 'KOCHCHIKADE', 'CSO011704392', '2019-07-10', 54, 16635.6, 15043.5),
('PUT00321', 'GAYASHA PHARMACY', 'WENNAPPUWA', 'CSO011704398', '2019-07-11', 53, 5305.9, 5305.9),
('GAM03595', 'Dr Prasad Fernando', 'SEEDUWA', 'CSO011704400', '2019-07-15', 49, 4627.5, 4627.5),
('GAMP004154', 'Dr Sisira Vidanagamage', 'SEEDUWA', 'CSO011704402', '2019-07-15', 49, 2710.4, 2710.4),
('PUT00332', 'PRADEEP PHARMACY', 'WENNAPPUWA', 'CSO011704403', '2019-07-11', 53, 994.3, 547.8),
('PUT00333', 'NEW ST JOSHEP PHARMACY', 'WENNAPPUWA', 'CSO011704404', '2019-07-11', 53, 3498.9, 3498.9),
('PUT00331', 'RANMINA PHARMACY', 'WENNAPPUWA', 'CSO011704409', '2019-07-11', 53, 10457.6, 10457.6),
('PUT00340', 'NEW WESTRAN PHARMACY', 'WENNAPPUWA', 'CSO011704412', '2019-07-17', 47, 50415.6, 44511.4),
('GAM00259', 'UNIQUE PHARMACY', 'Negombo', 'CSO011704413', '2019-07-12', 52, 11598, 11598),
('PUT00331', 'RANMINA PHARMACY', 'WENNAPPUWA', 'CSO011704415', '2019-07-12', 52, 16010.5, 16010.5),
('PUT00358', 'SISILA MULTY SHOP', 'MARAWILA', 'CSO011704418', '2019-07-13', 51, 9024.2, 9024.2),
('PUT00354', 'PAVITHRA PHARMACY', 'MARAWILA', 'CSO011704421', '2019-07-13', 51, 5979.5, 5979.5),
('PUT00364', 'SANTHANA PHARMACY', 'MARAWILA', 'CSO011704423', '2019-07-13', 51, 5357.7, 4072.6),
('PUT00366', 'THE BRITISH  STORES', 'MARAWILA', 'CSO011704426', '2019-07-13', 51, 10649.7, 9939.1),
('GAM03306', 'Dr. NISHANTHA WIKRAMASINHA', 'JA-ELA', 'CSO011704432', '2019-07-15', 49, 8198, 8198),
('GAM00233', 'DR SALIYA BOMBUWALA', 'MINUWANGODA', 'CSO011704433', '2019-07-20', 44, 4696, 4696),
('GAM00235', 'DR K R G UPASHANTHA', 'MINUWANGODA', 'CSO011704435', '2019-07-15', 49, 3132.5, 3132.5),
('GAM00296', 'S  S MEDICAL', 'Negombo', 'CSO011704436', '2019-07-15', 49, 115810, 115810),
('PUT00388', 'SUHADA PHARMACY', 'CHILAW', 'CSO011704438', '2019-07-15', 49, 7152, 7152),
('GAM00170', 'PJ ENTERPRISES', 'JA-ELA', 'CSO011704439', '2019-07-15', 49, 12540, 12540),
('GAM00259', 'UNIQUE PHARMACY', 'Negombo', 'CSO011704440', '2019-07-15', 49, 14502, 14502),
('GAM00147', 'CITY PHARMACY', 'Kandana', 'CSO011704446', '2019-07-15', 49, 12494.6, 12494.6),
('GAM00153', 'ST ANNES PHARMACY', 'Kandana', 'CSO011704448', '2019-07-15', 49, 3881.3, 3881.3),
('GAM00154', 'SETHSIRI PHARMACY', 'Kandana', 'CSO011704449', '2019-07-15', 49, 14463, 14463),
('GAM03240', 'Nawaloka Hospital', 'Negombo', 'CSO011704451', '2019-07-15', 49, 7968.4, 7968.4),
('GAM00139', 'RILLAULLA PHARMACY', 'Kandana', 'CSO011704457', '2019-07-17', 47, 25961.4, 1030),
('GAM00250', 'MADURI PHARMACY', 'DIVULAPITIYA', 'CSO011704488', '2019-07-19', 45, 16608.5, 16608.5),
('GAM00247', 'NAWA OSUSALA', 'DIVULAPITIYA', 'CSO011704490', '2019-07-19', 45, 6091.4, 4902.8),
('GAM00237', 'OSADA PHARMACY', 'DIVULAPITIYA', 'CSO011704491', '2019-07-19', 45, 37338.5, 36022.7),
('GAM00245', 'DUNAGAHA OSUSALA', 'DIVULAPITIYA', 'CSO011704493', '2019-07-19', 45, 10651.7, 10651.7),
('PUT00344', 'DR THILAK N RANASINGHE', 'WENNAPPUWA', 'CSO011704495', '2019-07-20', 44, 13711, 13711),
('GAM03253', 'Jeewanthi Osusala', 'DIVULAPITIYA', 'CSO011704497', '2019-07-22', 42, 38429, 38429),
('GAM00227', 'ORIENT PHARMACY', 'MINUWANGODA', 'CSO011704499', '2019-07-22', 42, 24574.8, 24574.8),
('GAM00222', 'CENTRAL DIVINE', 'MINUWANGODA', 'CSO011704500', '2019-07-22', 42, 50432.2, 47712.2),
('GAM00228', 'PEOPLES PHARMACY', 'MINUWANGODA', 'CSO011704502', '2019-07-22', 42, 11174.5, 11174.5),
('GAM00221', 'SAHANA OSOSALA', 'MINUWANGODA', 'CSO011704503', '2019-07-22', 42, 20207.1, 20207.1),
('GAM00225', 'NEW CHALANI PHARMACY', 'MINUWANGODA', 'CSO011704504', '2019-07-22', 42, 7626.3, 1324.5),
('GAM00218', 'INDRA PHARMACY', 'MINUWANGODA', 'CSO011704506', '2019-07-22', 42, 33016.6, 33016.6),
('GAM00223', 'NANDANA PHARMACY', 'MINUWANGODA', 'CSO011704508', '2019-07-22', 42, 29621.2, 29621.2),
('GAM00215', 'SUWASALA PHARMACY', 'MINUWANGODA', 'CSO011704509', '2019-07-22', 42, 7670.9, 7670.9),
('GAM00297', 'AVE MARIA PHARMACY', 'Negombo', 'CSO011704511', '2019-07-22', 42, 6280, 6280),
('GAM00262', 'NEW CENTRAL PHARMACY', 'Negombo', 'CSO011704512', '2019-07-22', 42, 6561.4, 6561.4),
('PUT00400', 'OSETH PHARMACY', 'KULIYAPITIYA', 'CSO011704513', '2019-07-22', 42, 15643.2, 15643.2),
('PUT00401', 'DEEGAYU PHARMACY', 'KULIYAPITIYA', 'CSO011704514', '2019-07-22', 42, 3378, 3378),
('GAM03302', 'New Lanka Pharmacy', 'Negombo', 'CSO011704520', '2019-07-31', 33, 8604, 8604),
('PUT00404', 'SUWANETH PHARMACY', 'KULIYAPITIYA', 'CSO011704522', '2019-07-22', 42, 43100.8, 41798.9),
('PUT00412', 'SETHSUWA PHARMACY', 'KULIYAPITIYA', 'CSO011704524', '2019-07-23', 41, 6018.7, 6018.7),
('PUT00412', 'SETHSUWA PHARMACY', 'KULIYAPITIYA', 'CSO011704525', '2019-07-23', 41, 4225.5, 4225.5),
('PUT03397', 'K.M.G Suwasewa Pharmacy 2', 'KULIYAPITIYA', 'CSO011704526', '2019-07-23', 41, 5066.4, 5066.4),
('PUT00409', 'SUWANI PHARMACY', 'KULIYAPITIYA', 'CSO011704527', '2019-07-23', 41, 11164.7, 11164.7),
('GAM00259', 'UNIQUE PHARMACY', 'Negombo', 'CSO011704530', '2019-07-23', 41, 46485, 46485),
('PUT00373', 'SUWANA HOSPITAL', 'CHILAW', 'CSO011704534', '2019-07-23', 41, 19900.1, 19900.1),
('PUT00382', 'CITY PHARMACY', 'CHILAW', 'CSO011704535', '2019-07-23', 41, 11186.7, 11186.7),
('PUT00373', 'SUWANA HOSPITAL', 'CHILAW', 'CSO011704536', '2019-07-23', 41, 5114, 5114),
('PUT00388', 'SUHADA PHARMACY', 'CHILAW', 'CSO011704538', '2019-07-23', 41, 42145.1, 42145.1),
('PUT00393', 'DR ERANGA INDRAJITH', 'CHILAW', 'CSO011704540', '2019-07-23', 41, 10502, 10502),
('GAM03240', 'Nawaloka Hospital', 'Negombo', 'CSO011704542', '2019-07-23', 41, 7884.85, 6700.6),
('PUT00398', 'DR SALINGA  WEERASENA', 'CHILAW', 'CSO011704543', '2019-07-23', 41, 2191, 2191),
('PUT00380', 'NEW PHARMACY', 'CHILAW', 'CSO011704550', '2019-07-24', 40, 17672.7, 13492.8),
('PUT00393', 'DR ERANGA INDRAJITH', 'CHILAW', 'CSO011704551', '2019-07-24', 40, 3553, 3553),
('PUT00377', 'SETHSIRI PHARMACY', 'CHILAW', 'CSO011704552', '2019-07-24', 40, 11790.5, 11790.5),
('PUT03357', 'Dr Rohan Ekanayake', 'CHILAW', 'CSO011704554', '2019-07-24', 40, 6447.5, 6447.5),
('GAM00256', 'ROBERT  MEDICALS', 'Negombo', 'CSO011704555', '2019-07-24', 40, 5528.7, 5528.7),
('GAM00254', 'NEW CRYSTAL PHARMACY', 'Negombo', 'CSO011704559', '2019-07-24', 40, 33115.7, 28867.7),
('GAM00260', 'NEW LEO PHARMACY', 'Negombo', 'CSO011704562', '2019-07-24', 40, 14248.1, 14248.1),
('GAM00259', 'UNIQUE PHARMACY', 'Negombo', 'CSO011704563', '2019-07-24', 40, 42677, 28552),
('GAM00253', 'RELIANCE PHARMACY', 'Negombo', 'CSO011704564', '2019-07-24', 40, 27177.5, 25825.7),
('GAM00285', 'SHANTHI PHARMACY', 'Negombo', 'CSO011704566', '2019-07-24', 40, 8930, 8930),
('GAM00268', 'S  G MEDICALS', 'Negombo', 'CSO011704568', '2019-07-25', 39, 1333.75, 1333.75),
('GAM00279', 'MAHAJANA OSUSALA', 'Negombo', 'CSO011704569', '2019-07-25', 39, 1906, 956),
('GAM00262', 'NEW CENTRAL PHARMACY', 'Negombo', 'CSO011704575', '2019-07-25', 39, 10120.9, 10120.9),
('GAM00263', 'CITY MEDICALS', 'Negombo', 'CSO011704576', '2019-07-25', 39, 5588.7, 4742.7),
('GAM00292', 'SUPER MEDICALS', 'Negombo', 'CSO011704579', '2019-07-25', 39, 56396.3, 56396.3),
('PUTT003255', 'Dr Namal Priyankara', 'KULIYAPITIYA', 'CSO011704581', '2019-07-29', 35, 8950, 8950),
('PUTT003610', 'Dr W A W Weerasinghe', 'KULIYAPITIYA', 'CSO011704582', '2019-07-29', 35, 9118, 9118),
('GAMP005187', 'Dr Aloka Jayamanna', 'SEEDUWA', 'CSO011704583', '2019-07-31', 33, 4780, 4780),
('GAM00187', 'DR A  SELLAMUTHTHU', 'JA-ELA', 'CSO011704584', '2019-07-31', 33, 5858.2, 4963.2),
('GAM03493', 'Dr.Viraj Peramuna', 'JA-ELA', 'CSO011704587', '2019-07-27', 37, 4475, 4475),
('PUTT003255', 'Dr Namal Priyankara', 'KULIYAPITIYA', 'CSO011704588', '2019-07-29', 35, 18285.5, 18285.5),
('PUTT003610', 'Dr W A W Weerasinghe', 'KULIYAPITIYA', 'CSO011704589', '2019-07-29', 35, 6790, 6790),
('GAM00140', 'SETHMA PHARMACY', 'Kandana', 'CSO011704590', '2019-07-27', 37, 4736, 4736),
('GAM00259', 'UNIQUE PHARMACY', 'Negombo', 'CSO011704591', '2019-07-27', 37, 6861.6, 6861.6),
('GAM00316', 'ROYAL PHARMACY', 'KOCHCHIKADE', 'CSO011704592', '2019-07-29', 35, 18530.5, 18530.5),
('GAM00314', 'NEEROGA PHARMACY', 'KOCHCHIKADE', 'CSO011704593', '2019-07-29', 35, 6340.6, 6340.6),
('GAM00313', 'OSHIDI MEDICALS', 'KOCHCHIKADE', 'CSO011704594', '2019-07-29', 35, 9483.9, 7927.8),
('GAM00310', 'THE BRITISH PHARMACY', 'KOCHCHIKADE', 'CSO011704596', '2019-07-29', 35, 16301, 16301),
('GAM00304', 'TRUST CHEMIST', 'KOCHCHIKADE', 'CSO011704597', '2019-07-29', 35, 6624.4, 6624.4),
('GAM00306', 'CHAMPIKA MEDICAL', 'KOCHCHIKADE', 'CSO011704599', '2019-07-29', 35, 17419.3, 9024.1),
('GAM03302', 'New Lanka Pharmacy', 'Negombo', 'CSO011704600', '2019-07-31', 33, 83392, 83392),
('PUT00321', 'GAYASHA PHARMACY', 'WENNAPPUWA', 'CSO011704601', '2019-07-29', 35, 8559.4, 8559.4),
('PUT00334', 'SADUNI PHARMACY', 'WENNAPPUWA', 'CSO011704602', '2019-07-29', 35, 2191, 2191),
('PUT00336', 'SARANI PHARMACY', 'WENNAPPUWA', 'CSO011704603', '2019-07-29', 35, 12040.8, 12040.8),
('PUT00333', 'NEW ST JOSHEP PHARMACY', 'WENNAPPUWA', 'CSO011704604', '2019-07-29', 35, 1307.9, 1307.9),
('PUT00331', 'RANMINA PHARMACY', 'WENNAPPUWA', 'CSO011704607', '2019-07-29', 35, 4776.3, 4776.3),
('GAM00306', 'CHAMPIKA MEDICAL', 'KOCHCHIKADE', 'CSO011704610', '2019-07-29', 35, 10016, 7825),
('PUT00366', 'THE BRITISH  STORES', 'MARAWILA', 'CSO011704612', '2019-07-30', 34, 18657.3, 17551.9),
('PUT00367', 'JAYASIRI PHARMACY', 'MARAWILA', 'CSO011704613', '2019-07-30', 34, 11700, 11700),
('PUT00326', 'W.MENDIS CHEMIST', 'WENNAPPUWA', 'CSO011704614', '2019-07-30', 34, 5725.9, 2595.9),
('PUT00362', 'NALAKA PHARMACY', 'MARAWILA', 'CSO011704615', '2019-07-30', 34, 10068.8, 10068.8),
('PUT00364', 'SANTHANA PHARMACY', 'MARAWILA', 'CSO011704618', '2019-07-30', 34, 1265.7, 1265.7),
('GAM00173', 'ST. JOSHEP PHARMACY', 'JA-ELA', 'CSO011704619', '2019-07-30', 34, 3905, 3905),
('GAM00140', 'SETHMA PHARMACY', 'Kandana', 'CSO011704624', '2019-07-30', 34, 15650, 15650),
('GAM00151', 'HEALTH LINE PHARMACY', 'Kandana', 'CSO011704627', '2019-07-30', 34, 1478, 1478),
('GAM00188', 'DR J P MAYADUNNA', 'JA-ELA', 'CSO011704630', '2019-07-30', 34, 22980, 22980),
('GAM00283', 'SUPREME PHARMACY', 'Negombo', 'CSO011704632', '2019-07-31', 33, 5469.8, 5469.8),
('GAM00171', 'NAWA OSUSALA', 'JA-ELA', 'CSO011704638', '2019-07-31', 33, 22119.7, 16752.9),
('GAM00170', 'PJ ENTERPRISES', 'JA-ELA', 'CSO011704639', '2019-07-31', 33, 50725.5, 50725.5),
('GAM00173', 'ST. JOSHEP PHARMACY', 'JA-ELA', 'CSO011704640', '2019-07-31', 33, 17704.4, 17279.8),
('GAM00187', 'DR A  SELLAMUTHTHU', 'JA-ELA', 'CSO011704644', '2019-07-31', 33, 7542, 7542),
('GAM00170', 'PJ ENTERPRISES', 'JA-ELA', 'CSO011704645', '2019-07-31', 33, 6561.4, 6561.4),
('GAM00234', 'DR SUJITH NONIS', 'MINUWANGODA', 'CSO011704646', '2019-07-31', 33, 13822, 13822),
('GAM00180', 'PAMUNUGAMA PHARMACY', 'JA-ELA', 'CSO011704648', '2019-07-31', 33, 67712, 67712),
('GAM03250', 'Osumina pharmacy', 'MINUWANGODA', 'CSO011800395', '2018-08-15', 383, 2354.7, 2354.7),
('GAM03307', 'Dr.Jayantha Rajapaksha', 'JA-ELA', 'CSO011800413', '2018-08-17', 381, 16605.9, 16605.9),
('GAM03307', 'Dr.Jayantha Rajapaksha', 'JA-ELA', 'CSO011800505', '2018-08-29', 369, 29675.2, 29675.2),
('GAM03493', 'Dr.Viraj Peramuna', 'JA-ELA', 'CSO011800786', '2018-09-27', 340, 10587, 10587),
('GAM00275', 'DR KEERTHI RATHNAYAKA', 'Negombo', 'CSO011801079', '2018-10-29', 308, 18425, 8425),
('GAM03307', 'Dr.Jayantha Rajapaksha', 'JA-ELA', 'CSO011801107', '2018-10-31', 306, 20369.2, 20369.2),
('PUT03419', 'Nuha Pharmacy', 'Puttalam', 'CSO011801228', '2018-11-16', 290, 24932.8, 24932.8),
('GAM03221', 'Asoka Pharmacy', 'Negombo', 'CSO011801280', '2018-11-16', 290, 2615.55, 2615.55),
('GAM00283', 'SUPREME PHARMACY', 'Negombo', 'CSO011801345', '2018-11-30', 276, 2045.1, 682),
('PUT00437', 'DR THIMASHA RASOOL', 'Puttalam', 'CSO011801509', '2018-12-11', 265, 8750, 8750),
('GAM00248', 'VIDURA PHARMACY', 'DIVULAPITIYA', 'CSO011801555', '2018-12-14', 262, 4607.45, 4607.45),
('GAM00215', 'SUWASALA PHARMACY', 'MINUWANGODA', 'CSO011801637', '2018-12-21', 255, 1709.7, 1709.7),
('GAM00296', 'S  S MEDICAL', 'Negombo', 'CSO011801717', '2019-01-10', 235, 65241.1, 644.6),
('PUT00398', 'DR SALINGA  WEERASENA', 'CHILAW', 'CSO011801757', '2019-01-09', 236, 3202, 92.85),
('GAM00278', 'THENUKA PHARMACY', 'Negombo', 'CSO011801782', '2019-01-09', 236, 5756, 5756),
('GAM00283', 'SUPREME PHARMACY', 'Negombo', 'CSO011801812', '2019-01-11', 234, 3030, 3030),
('GAM00283', 'SUPREME PHARMACY', 'Negombo', 'CSO011801865', '2019-01-17', 228, 5743, 1843),
('GAM00316', 'ROYAL PHARMACY', 'KOCHCHIKADE', 'CSO011801970', '2019-01-30', 215, 23129.6, 23129.6),
('GAM00200', 'PAMUNUGAMA OSUSALA', 'SEEDUWA', 'CSO011802005', '2019-01-29', 216, 12192.5, 2780),
('GAM00318', 'DR MAHENDRA DAVID', 'KOCHCHIKADE', 'CSO011802026', '2019-02-05', 209, 17806, 17806),
('GAM03240', 'Nawaloka Hospital', 'Negombo', 'CSO011802057', '2019-02-06', 208, 9090, 9090),
('GAM03415', 'Dinara Pharmacy', 'Kandana', 'CSO011802106', '2019-02-12', 202, 78900, 78900),
('GAM00141', 'ORIENT PHARMACY', 'Kandana', 'CSO011802114', '2019-02-12', 202, 1650, 1650),
('GAM00165', 'CITY PHARMACY', 'JA-ELA', 'CSO011802127', '2019-02-13', 201, 2285, 2285),
('GAM00193', 'ST. JUDE PHARMACY', 'SEEDUWA', 'CSO011802143', '2019-02-15', 199, 2772, 2772),
('GAM00264', 'JAYALANKA PHARMACY', 'Negombo', 'CSO011802160', '2019-02-18', 196, 1439, 1439),
('GAM00317', 'SUWANA PHARMACY', 'KOCHCHIKADE', 'CSO011802162', '2019-02-18', 196, 2908.7, 2908.7),
('PUT00374', 'J.S PHARMACY', 'CHILAW', 'CSO011802183', '2019-02-20', 194, 6705.5, 6705.5),
('PUT00396', 'DR ROHAN AMARAJEEWA', 'CHILAW', 'CSO011802219', '2019-02-25', 189, 7107, 0.5),
('PUT03325', 'New Lak Medical', 'Puttalam', 'CSO011802302', '2019-03-05', 181, 3072.64, 3072.64),
('PUT00378', 'SETHMA PHARMACY', 'CHILAW', 'CSO011802366', '2019-03-12', 174, 7110.9, 405.4),
('GAM00148', 'GIMSHANI PHARMACY', 'Kandana', 'CSO011802389', '2019-03-14', 172, 405.2, 405.2),
('GAM00264', 'JAYALANKA PHARMACY', 'Negombo', 'CSO011802436', '2019-03-19', 167, 5872.85, 5872.85),
('GAM00259', 'UNIQUE PHARMACY', 'Negombo', 'CSO011802589', '2019-04-08', 147, 14118, 31.6),
('PUT00324', 'ROYAL PHARMACY', 'WENNAPPUWA', 'CSO011802592', '2019-04-08', 147, 595.4, 595.4),
('GAM00215', 'SUWASALA PHARMACY', 'MINUWANGODA', 'CSO011802652', '2019-04-11', 144, 4738.7, 4738.7),
('GAM00278', 'THENUKA PHARMACY', 'Negombo', 'CSO011802676', '2019-04-18', 137, 2878, 2878),
('GAM00258', 'MOON PHARMACY', 'Negombo', 'CSO011802680', '2019-04-18', 137, 5133.75, 5133.75),
('GAM00317', 'SUWANA PHARMACY', 'KOCHCHIKADE', 'CSO011802715', '2019-04-23', 132, 3852.85, 1256.85),
('GAM00308', 'ANRITA PHARMACY', 'KOCHCHIKADE', 'CSO011802718', '2019-04-23', 132, 1341.1, 1341.1),
('GAM00185', 'DR LAKSIRI LOKULIYANAGE', 'JA-ELA', 'CSO011802727', '2019-04-30', 125, 13125, 13125),
('GAM00254', 'NEW CRYSTAL PHARMACY', 'Negombo', 'CSO011802777', '2019-05-02', 123, 3098.3, 3098.3),
('GAM00259', 'UNIQUE PHARMACY', 'Negombo', 'CSO011802835', '2019-05-08', 117, 13251, 10299),
('PUT00398', 'DR SALINGA  WEERASENA', 'CHILAW', 'CSO011802901', '2019-05-21', 104, 6081, 6081),
('PUT00375', 'SUVINI PHARMACY', 'CHILAW', 'CSO011802904', '2019-05-21', 104, 14515.1, 14515.1),
('PUT00372', 'HEALTHY CARE PHARMACY', 'CHILAW', 'CSO011802917', '2019-05-17', 108, 4270.14, 4270.14),
('PUT00329', 'CICILIYA PHARMACY', 'WENNAPPUWA', 'CSO011803005', '2019-05-27', 98, 2605.5, 2605.5),
('PUT00321', 'GAYASHA PHARMACY', 'WENNAPPUWA', 'CSO011803015', '2019-05-28', 97, 9819.85, 9819.85),
('PUT00336', 'SARANI PHARMACY', 'WENNAPPUWA', 'CSO011803020', '2019-05-29', 96, 856.65, 856.65),
('PUTT005082', 'TIANA PHARMACY', 'MARAWILA', 'CSO011803029', '2019-05-29', 96, 831.6, 555),
('PUT00375', 'SUVINI PHARMACY', 'CHILAW', 'CSO011803037', '2019-05-29', 96, 2569.95, 1980.45),
('PUT03278', 'Dr Namal Priyankara', 'KULIYAPITIYA', 'CSO011803053', '2019-05-31', 94, 10135, 10135),
('GAM00235', 'DR K R G UPASHANTHA', 'MINUWANGODA', 'CSO011803069', '2019-05-31', 94, 6705.5, 6705.5),
('GAM00296', 'S  S MEDICAL', 'Negombo', 'CSO011803072', '2019-05-31', 94, 55440, 55440),
('PUT00378', 'SETHMA PHARMACY', 'CHILAW', 'CSO011803092', '2019-06-05', 89, 2027, 2027),
('GAM00251', 'DR GAMINI GUNAWARDENA', 'DIVULAPITIYA', 'CSO011803123', '2019-06-10', 84, 12140, 12140),
('PUT00397', 'DR UPALI AMARASINGHE', 'CHILAW', 'CSO011803130', '2019-06-14', 80, 33527.5, 33527.5),
('GAM00299', 'K S A MEDICAL', 'KOCHCHIKADE', 'CSO011803132', '2019-06-10', 84, 6705.5, 6705.5),
('GAM00317', 'SUWANA PHARMACY', 'KOCHCHIKADE', 'CSO011803136', '2019-06-10', 84, 856.65, 856.65),
('GAM00297', 'AVE MARIA PHARMACY', 'Negombo', 'CSO011803153', '2019-06-11', 83, 27280, 27280),
('PUT00331', 'RANMINA PHARMACY', 'WENNAPPUWA', 'CSO011803167', '2019-06-12', 82, 7526.34, 1337.56),
('PUT00401', 'DEEGAYU PHARMACY', 'KULIYAPITIYA', 'CSO011803195', '2019-06-14', 80, 856.65, 856.65),
('PUT00391', 'DR BOPAGE', 'CHILAW', 'CSO011803197', '2019-06-17', 77, 12210, 12210),
('PUT00393', 'DR ERANGA INDRAJITH', 'CHILAW', 'CSO011803198', '2019-06-14', 80, 10422, 10422),
('PUT00398', 'DR SALINGA  WEERASENA', 'CHILAW', 'CSO011803208', '2019-06-14', 80, 38000, 38000),
('PUT00388', 'SUHADA PHARMACY', 'CHILAW', 'CSO011803216', '2019-06-15', 79, 24556.9, 0.9),
('GAM00145', 'HANSI PHARMACY', 'Kandana', 'CSO011803225', '2019-06-17', 77, 2569.95, 2569.95),
('GAM00160', 'ROSHINI PHARMACY', 'JA-ELA', 'CSO011803228', '2019-06-17', 77, 1236.1, 1236.1),
('PUT00343', 'DR SANATH FERNANDO', 'WENNAPPUWA', 'CSO011803242', '2019-06-18', 76, 2027, 2027),
('PUT00331', 'RANMINA PHARMACY', 'WENNAPPUWA', 'CSO011803251', '2019-06-21', 73, 11250, 11250),
('PUT00418', 'DR ROHAN KERAGALA', 'KULIYAPITIYA', 'CSO011803260', '2019-06-19', 75, 15200, 15200),
('GAM00245', 'DUNAGAHA OSUSALA', 'DIVULAPITIYA', 'CSO011803263', '2019-06-19', 75, 2569.95, 2569.95),
('GAM00245', 'DUNAGAHA OSUSALA', 'DIVULAPITIYA', 'CSO011803264', '2019-06-19', 75, 34818, 34818),
('GAM00198', 'HEALTHCARE PHARMACY', 'SEEDUWA', 'CSO011803286', '2019-06-20', 74, 1368, 1368),
('GAM00206', 'ST. MARYS PHARMACY', 'SEEDUWA', 'CSO011803290', '2019-06-21', 73, 12849.8, 9),
('GAM00278', 'THENUKA PHARMACY', 'Negombo', 'CSO011803294', '2019-07-01', 63, 15243.2, 15243.2),
('GAM00254', 'NEW CRYSTAL PHARMACY', 'Negombo', 'CSO011803296', '2019-07-01', 63, 2895.9, 2895.9),
('GAM00259', 'UNIQUE PHARMACY', 'Negombo', 'CSO011803297', '2019-06-21', 73, 24513.2, 2335),
('GAM00262', 'NEW CENTRAL PHARMACY', 'Negombo', 'CSO011803302', '2019-06-22', 72, 1882.4, 1882.4),
('GAM00298', 'DR PRASANJAYA PRAMODITH', 'Negombo', 'CSO011803311', '2019-06-27', 67, 3813.3, 3813.3),
('PUT00434', 'NEW J  C PHARMACY', 'Puttalam', 'CSO011803320', '2019-06-24', 70, 2027, 2027),
('GAM00299', 'K S A MEDICAL', 'KOCHCHIKADE', 'CSO011803322', '2019-06-25', 69, 2569.95, 2569.95),
('GAM00315', 'NIMESHA PHARMACY', 'KOCHCHIKADE', 'CSO011803324', '2019-06-25', 69, 2027, 2027),
('PUTT003255', 'Dr Namal Priyankara', 'KULIYAPITIYA', 'CSO011803328', '2019-06-25', 69, 7600, 7600),
('PUT00321', 'GAYASHA PHARMACY', 'WENNAPPUWA', 'CSO011803332', '2019-06-25', 69, 7801.25, 7801.25),
('PUT03241', 'Chandrika Medical', 'WENNAPPUWA', 'CSO011803341', '2019-06-25', 69, 1473.1, 1473.1),
('GAM03246', 'New Pharmacy', 'Negombo', 'CSO011803350', '2019-06-26', 68, 2772, 2772),
('PUT00367', 'JAYASIRI PHARMACY', 'MARAWILA', 'CSO011803358', '2019-06-26', 68, 405.4, 221.15),
('PUT00366', 'THE BRITISH  STORES', 'MARAWILA', 'CSO011803359', '2019-06-26', 68, 4133.25, 4133.25),
('PUTT005189', 'Dr N S Siramanna', 'KULIYAPITIYA', 'CSO011803367', '2019-06-27', 67, 4054, 4054),
('GAM00259', 'UNIQUE PHARMACY', 'Negombo', 'CSO011803369', '2019-06-27', 67, 13860, 13860),
('PUT00409', 'SUWANI PHARMACY', 'KULIYAPITIYA', 'CSO011803373', '2019-06-27', 67, 6407.2, 6407.2),
('PUT00394', 'DR PRASANNA DISSANAYAKE', 'CHILAW', 'CSO011803379', '2019-07-01', 63, 2440.9, 2440.9),
('PUT00382', 'CITY PHARMACY', 'CHILAW', 'CSO011803383', '2019-06-28', 66, 10121.3, 10121.3),
('PUT00381', 'AROMA PHARMACY', 'CHILAW', 'CSO011803390', '2019-06-28', 66, 608.1, 202.7),
('PUT00393', 'DR ERANGA INDRAJITH', 'CHILAW', 'CSO011803396', '2019-06-29', 65, 62508, 62508),
('PUT00393', 'DR ERANGA INDRAJITH', 'CHILAW', 'CSO011803397', '2019-06-29', 65, 32500, 32500),
('PUT00418', 'DR ROHAN KERAGALA', 'KULIYAPITIYA', 'CSO011803406', '2019-07-01', 63, 20270, 20270),
('GAM00296', 'S  S MEDICAL', 'Negombo', 'CSO011803407', '2019-07-01', 63, 76000, 76000),
('GAM00296', 'S  S MEDICAL', 'Negombo', 'CSO011803408', '2019-07-01', 63, 41580, 41580),
('GAM00298', 'DR PRASANJAYA PRAMODITH', 'Negombo', 'CSO011803432', '2019-07-03', 61, 7626.6, 7626.6),
('GAM00157', 'DR RANJITH', 'Kandana', 'CSO011803433', '2019-07-31', 33, 2901.5, 2901.5),
('GAM00203', 'ORIENT PHARMACY', 'SEEDUWA', 'CSO011803437', '2019-07-03', 61, 4311.5, 4311.5),
('GAM00259', 'UNIQUE PHARMACY', 'Negombo', 'CSO011803448', '2019-07-03', 61, 10912, 10912),
('GAM00280', 'ASIRI PHARMACY', 'Negombo', 'CSO011803460', '2019-07-04', 60, 1625, 1625),
('PUT03567', 'Dr S Thenuwara', 'CHILAW', 'CSO011803462', '2019-07-12', 52, 9550.35, 9550.35),
('PUT00358', 'SISILA MULTY SHOP', 'MARAWILA', 'CSO011803464', '2019-07-05', 59, 2569.95, 2569.95),
('GAM00262', 'NEW CENTRAL PHARMACY', 'Negombo', 'CSO011803468', '2019-07-05', 59, 7709.85, 7709.85),
('GAM00254', 'NEW CRYSTAL PHARMACY', 'Negombo', 'CSO011803469', '2019-07-05', 59, 7845.88, 1852.88),
('GAM00259', 'UNIQUE PHARMACY', 'Negombo', 'CSO011803475', '2019-07-05', 59, 10422, 10253.6),
('GAM00266', 'ORIENT PHARMACY', 'Negombo', 'CSO011803484', '2019-07-08', 56, 1625, 1625),
('GAM00298', 'DR PRASANJAYA PRAMODITH', 'Negombo', 'CSO011803487', '2019-07-08', 56, 1625, 1625),
('GAM00173', 'ST. JOSHEP PHARMACY', 'JA-ELA', 'CSO011803498', '2019-07-09', 55, 25699.5, 25699.5),
('GAM03240', 'Nawaloka Hospital', 'Negombo', 'CSO011803499', '2019-07-09', 55, 9276, 8971),
('GAM00185', 'DR LAKSIRI LOKULIYANAGE', 'JA-ELA', 'CSO011803500', '2019-07-15', 49, 14390, 14390),
('GAM00315', 'NIMESHA PHARMACY', 'KOCHCHIKADE', 'CSO011803502', '2019-07-10', 54, 9087.85, 9087.85),
('GAM00312', 'DANKOTUWA MEDICAL', 'KOCHCHIKADE', 'CSO011803505', '2019-07-10', 54, 8143.75, 8143.75),
('GAM00308', 'ANRITA PHARMACY', 'KOCHCHIKADE', 'CSO011803507', '2019-07-10', 54, 1520, 1520),
('GAM00306', 'CHAMPIKA MEDICAL', 'KOCHCHIKADE', 'CSO011803508', '2019-07-10', 54, 1450.75, 1450.75),
('GAM00218', 'INDRA PHARMACY', 'MINUWANGODA', 'CSO011803511', '2019-07-11', 53, 5756, 5756),
('PUT00335', 'APEKSHA PHARMACY', 'WENNAPPUWA', 'CSO011803513', '2019-07-11', 53, 2630, 2630),
('PUT00321', 'GAYASHA PHARMACY', 'WENNAPPUWA', 'CSO011803514', '2019-07-11', 53, 5543.3, 5543.3),
('PUT00333', 'NEW ST JOSHEP PHARMACY', 'WENNAPPUWA', 'CSO011803516', '2019-07-11', 53, 2358, 2358),
('PUT00340', 'NEW WESTRAN PHARMACY', 'WENNAPPUWA', 'CSO011803521', '2019-07-17', 47, 15623.3, 11860.6),
('PUT00364', 'SANTHANA PHARMACY', 'MARAWILA', 'CSO011803522', '2019-07-12', 52, 17053, 17053),
('GAM00248', 'VIDURA PHARMACY', 'DIVULAPITIYA', 'CSO011803524', '2019-07-12', 52, 12264.9, 12264.9),
('PUT00350', 'SELANI MEDIKAL', 'MARAWILA', 'CSO011803526', '2019-07-12', 52, 4296.08, 2803.58),
('PUT00366', 'THE BRITISH  STORES', 'MARAWILA', 'CSO011803528', '2019-07-13', 51, 7627.2, 5022),
('PUT00393', 'DR ERANGA INDRAJITH', 'CHILAW', 'CSO011803531', '2019-07-13', 51, 18875.4, 18875.4),
('PUT00358', 'SISILA MULTY SHOP', 'MARAWILA', 'CSO011803533', '2019-07-13', 51, 10691.8, 9437.44),
('PUT00377', 'SETHSIRI PHARMACY', 'CHILAW', 'CSO011803534', '2019-07-13', 51, 83160, 83160),
('GAM00239', 'THE NEW PHARMACY', 'DIVULAPITIYA', 'CSO011803535', '2019-07-15', 49, 1842, 1842),
('GAM00281', 'KALIDSON PHARMACY', 'Negombo', 'CSO011803539', '2019-07-15', 49, 1418.5, 1418.5),
('GAM00154', 'SETHSIRI PHARMACY', 'Kandana', 'CSO011803547', '2019-07-15', 49, 2813.75, 2813.75),
('GAM00298', 'DR PRASANJAYA PRAMODITH', 'Negombo', 'CSO011803555', '2019-07-19', 45, 7626.6, 7626.6),
('GAM00139', 'RILLAULLA PHARMACY', 'Kandana', 'CSO011803558', '2019-07-17', 47, 6800.1, 6800.1),
('GAM00180', 'PAMUNUGAMA PHARMACY', 'JA-ELA', 'CSO011803559', '2019-07-17', 47, 1821, 942),
('GAM03240', 'Nawaloka Hospital', 'Negombo', 'CSO011803571', '2019-07-18', 46, 17493, 12822.8),
('GAM00170', 'PJ ENTERPRISES', 'JA-ELA', 'CSO011803572', '2019-07-18', 46, 37504.8, 37504.8),
('GAM00160', 'ROSHINI PHARMACY', 'JA-ELA', 'CSO011803575', '2019-07-19', 45, 3026.4, 3026.4),
('GAM00245', 'DUNAGAHA OSUSALA', 'DIVULAPITIYA', 'CSO011803577', '2019-07-19', 45, 4636, 4636),
('GAM00237', 'OSADA PHARMACY', 'DIVULAPITIYA', 'CSO011803578', '2019-07-19', 45, 6996.15, 5741.76),
('GAMP005499', 'DIVYA PHARMACY', 'DIVULAPITIYA', 'CSO011803580', '2019-07-19', 45, 3250, 3250),
('GAM00250', 'MADURI PHARMACY', 'DIVULAPITIYA', 'CSO011803585', '2019-07-19', 45, 10433.8, 10433.8),
('GAM00215', 'SUWASALA PHARMACY', 'MINUWANGODA', 'CSO011803588', '2019-07-22', 42, 10327.9, 3964.1),
('GAM03253', 'Jeewanthi Osusala', 'DIVULAPITIYA', 'CSO011803589', '2019-07-22', 42, 48110.8, 46775.3),
('GAM00259', 'UNIQUE PHARMACY', 'Negombo', 'CSO011803590', '2019-07-22', 42, 18240, 18240),
('GAM00218', 'INDRA PHARMACY', 'MINUWANGODA', 'CSO011803592', '2019-07-22', 42, 8729, 8729),
('GAM00227', 'ORIENT PHARMACY', 'MINUWANGODA', 'CSO011803594', '2019-07-22', 42, 17096.9, 17096.9),
('GAM00222', 'CENTRAL DIVINE', 'MINUWANGODA', 'CSO011803595', '2019-07-22', 42, 11060, 11060),
('GAM00228', 'PEOPLES PHARMACY', 'MINUWANGODA', 'CSO011803596', '2019-07-22', 42, 1625, 1625),
('GAM00225', 'NEW CHALANI PHARMACY', 'MINUWANGODA', 'CSO011803597', '2019-07-22', 42, 7997, 5401),
('GAM00298', 'DR PRASANJAYA PRAMODITH', 'Negombo', 'CSO011803598', '2019-07-22', 42, 5139.9, 5139.9),
('GAM00237', 'OSADA PHARMACY', 'DIVULAPITIYA', 'CSO011803599', '2019-07-22', 42, 8125, 8125),
('PUT00400', 'OSETH PHARMACY', 'KULIYAPITIYA', 'CSO011803601', '2019-07-22', 42, 5177.1, 1397.22),
('PUT00401', 'DEEGAYU PHARMACY', 'KULIYAPITIYA', 'CSO011803602', '2019-07-22', 42, 2783.1, 1737),
('PUT00403', 'MADHARA PHARMACY', 'KULIYAPITIYA', 'CSO011803604', '2019-07-22', 42, 26082.2, 4739),
('PUT00406', 'ISURU PHARMACY', 'KULIYAPITIYA', 'CSO011803605', '2019-07-22', 42, 12624.6, 10521),
('PUT00404', 'SUWANETH PHARMACY', 'KULIYAPITIYA', 'CSO011803607', '2019-07-22', 42, 20665.9, 20334.3),
('PUT00412', 'SETHSUWA PHARMACY', 'KULIYAPITIYA', 'CSO011803608', '2019-07-22', 42, 1013.5, 1013.5),
('PUT00409', 'SUWANI PHARMACY', 'KULIYAPITIYA', 'CSO011803609', '2019-07-23', 41, 4930.95, 2569.95),
('PUT03397', 'K.M.G Suwasewa Pharmacy 2', 'KULIYAPITIYA', 'CSO011803610', '2019-07-23', 41, 10821, 5803.44),
('PUT00373', 'SUWANA HOSPITAL', 'CHILAW', 'CSO011803613', '2019-07-23', 41, 15715.6, 15715.6),
('PUT00382', 'CITY PHARMACY', 'CHILAW', 'CSO011803615', '2019-07-23', 41, 7846, 6022),
('PUT00388', 'SUHADA PHARMACY', 'CHILAW', 'CSO011803616', '2019-07-23', 41, 58237.8, 57609.2),
('PUT00350', 'SELANI MEDIKAL', 'MARAWILA', 'CSO011803617', '2019-07-23', 41, 15200, 15200),
('PUT00390', 'DR ARUNA PATHIRANA', 'CHILAW', 'CSO011803618', '2019-07-23', 41, 76000, 76000),
('GAM03240', 'Nawaloka Hospital', 'Negombo', 'CSO011803620', '2019-07-23', 41, 16738.2, 16738.2),
('GAM03609', 'Dr Kumara Senadeera', 'Negombo', 'CSO011803623', '2019-07-23', 41, 8435, 8435),
('PUT00393', 'DR ERANGA INDRAJITH', 'CHILAW', 'CSO011803627', '2019-07-24', 40, 43030.5, 43030.5),
('PUT00377', 'SETHSIRI PHARMACY', 'CHILAW', 'CSO011803628', '2019-07-24', 40, 4386.9, 3344.7),
('GAM00256', 'ROBERT  MEDICALS', 'Negombo', 'CSO011803629', '2019-07-24', 40, 4430.25, 4430.25),
('PUT00441', 'DR M S PRIYANKARA', 'Puttalam', 'CSO011803630', '2019-07-31', 33, 7900, 7900),
('GAM00254', 'NEW CRYSTAL PHARMACY', 'Negombo', 'CSO011803631', '2019-07-24', 40, 3983, 3983),
('GAM00260', 'NEW LEO PHARMACY', 'Negombo', 'CSO011803634', '2019-07-24', 40, 5840, 5840),
('GAM00259', 'UNIQUE PHARMACY', 'Negombo', 'CSO011803635', '2019-07-24', 40, 13772, 13772),
('GAM00268', 'S  G MEDICALS', 'Negombo', 'CSO011803638', '2019-07-25', 39, 3251, 3251),
('GAM00285', 'SHANTHI PHARMACY', 'Negombo', 'CSO011803639', '2019-07-25', 39, 3040.5, 3040.5),
('GAM03240', 'Nawaloka Hospital', 'Negombo', 'CSO011803645', '2019-07-25', 39, 20460, 20460),
('GAM00262', 'NEW CENTRAL PHARMACY', 'Negombo', 'CSO011803648', '2019-07-25', 39, 7600, 7600),
('GAM00263', 'CITY MEDICALS', 'Negombo', 'CSO011803649', '2019-07-25', 39, 2772, 2772),
('PUT00323', 'ISIRA PHARMACY', 'WENNAPPUWA', 'CSO011803650', '2019-07-25', 39, 2569.95, 1980.45),
('PUT00331', 'RANMINA PHARMACY', 'WENNAPPUWA', 'CSO011803651', '2019-07-25', 39, 1013.5, 460.75),
('GAM00292', 'SUPER MEDICALS', 'Negombo', 'CSO011803652', '2019-07-25', 39, 16808.5, 16808.5),
('GAM03240', 'Nawaloka Hospital', 'Negombo', 'CSO011803653', '2019-07-25', 39, 10800, 10800),
('PUT00340', 'NEW WESTRAN PHARMACY', 'WENNAPPUWA', 'CSO011803654', '2019-07-26', 38, 10898.8, 10898.8),
('GAM00316', 'ROYAL PHARMACY', 'KOCHCHIKADE', 'CSO011803656', '2019-07-26', 38, 12550, 12550),
('GAM00310', 'THE BRITISH PHARMACY', 'KOCHCHIKADE', 'CSO011803657', '2019-07-26', 38, 3792, 3792),
('GAM00304', 'TRUST CHEMIST', 'KOCHCHIKADE', 'CSO011803658', '2019-07-29', 35, 2332.5, 2332.5),
('GAM00314', 'NEEROGA PHARMACY', 'KOCHCHIKADE', 'CSO011803661', '2019-07-29', 35, 1013.5, 1013.5),
('GAM00313', 'OSHIDI MEDICALS', 'KOCHCHIKADE', 'CSO011803662', '2019-07-29', 35, 3583.45, 3583.45),
('PUT00326', 'W.MENDIS CHEMIST', 'WENNAPPUWA', 'CSO011803665', '2019-07-29', 35, 8713.1, 8713.1),
('GAM00259', 'UNIQUE PHARMACY', 'Negombo', 'CSO011803666', '2019-07-29', 35, 13860, 13860),
('PUT00388', 'SUHADA PHARMACY', 'CHILAW', 'CSO011803667', '2019-07-31', 33, 9120, 9120),
('PUT00366', 'THE BRITISH  STORES', 'MARAWILA', 'CSO011803669', '2019-07-29', 35, 7810.1, 6073.3),
('GAM00222', 'CENTRAL DIVINE', 'MINUWANGODA', 'CSO011803670', '2019-07-29', 35, 2250, 2250),
('PUT00362', 'NALAKA PHARMACY', 'MARAWILA', 'CSO011803671', '2019-07-29', 35, 2399, 1920.74),
('PUT00364', 'SANTHANA PHARMACY', 'MARAWILA', 'CSO011803673', '2019-07-29', 35, 12631.8, 12631.8),
('PUTT005198', 'Ranmina Pharmacy2', 'MARAWILA', 'CSO011803677', '2019-07-30', 34, 7600, 6991.9),
('GAM00251', 'DR GAMINI GUNAWARDENA', 'DIVULAPITIYA', 'CSO011803678', '2019-07-31', 33, 8948, 8948),
('GAM00240', 'WIJAYAMINI PHARMACY', 'DIVULAPITIYA', 'CSO011803679', '2019-07-31', 33, 1638.7, 1638.7),
('GAM00298', 'DR PRASANJAYA PRAMODITH', 'Negombo', 'CSO011803681', '2019-07-31', 33, 3250, 3250),
('GAM00140', 'SETHMA PHARMACY', 'Kandana', 'CSO011803686', '2019-07-30', 34, 4875, 4875),
('GAM00170', 'PJ ENTERPRISES', 'JA-ELA', 'CSO011803693', '2019-07-31', 33, 50472.8, 50472.8),
('GAM00278', 'THENUKA PHARMACY', 'Negombo', 'CSO011803695', '2019-07-31', 33, 3460, 3460),
('GAM00295', 'ROYAL PHARMACY LANKA', 'Negombo', 'CSO011803697', '2019-07-31', 33, 103720, 103720),
('GAM00295', 'ROYAL PHARMACY LANKA', 'Negombo', 'CSO011803698', '2019-07-31', 33, 151956, 151956),
('GAM00290', 'THALAHENA PHARMACY', 'Negombo', 'CSO011803700', '2019-07-31', 33, 2925, 2925),
('GAM00259', 'UNIQUE PHARMACY', 'Negombo', 'CSO011803702', '2019-07-31', 33, 4722, 4722),
('GAM00260', 'NEW LEO PHARMACY', 'Negombo', 'IN0053000110', '2018-11-30', 276, 2947.4, 2947.4),
('GAM00256', 'ROBERT  MEDICALS', 'Negombo', 'IN0053000150', '2019-03-08', 178, 4776.3, 4776.3),
('GAM00280', 'ASIRI PHARMACY', 'Negombo', 'IN0053000158', '2019-03-11', 175, 3820.8, 636);

-- --------------------------------------------------------

--
-- Table structure for table `hemas`
--

DROP TABLE IF EXISTS `hemas`;
CREATE TABLE IF NOT EXISTS `hemas` (
  `hID` varchar(20) NOT NULL,
  `custName` varchar(50) NOT NULL,
  `town` varchar(20) NOT NULL,
  PRIMARY KEY (`hID`),
  UNIQUE KEY `hID` (`hID`)
) ENGINE=InnoDB DEFAULT CHARSET=latin1;

--
-- Dumping data for table `hemas`
--

INSERT INTO `hemas` (`hID`, `custName`, `town`) VALUES
('', '', ''),
('CD0002', 'Abeysinghe Dr.', 'Bopitiya'),
('CD0004', 'Amara Sellamutthu Dr.', 'Ja-Ela'),
('CD0006', 'Amila Pharmacy', 'Ja-Ela'),
('CD0012', 'Asiri Pharmacy', 'Ja-Ela'),
('CD0013', 'Asiri Pharmacy', 'Raddolugama'),
('CD0015', 'Ave Maria (Pvt) Hospital', 'Negombo'),
('CD0016', 'Ave Maria Pharmacy', 'Negombo'),
('CD0018', 'Better Health Pharmacy', 'Negombo'),
('CD0020', 'Cash Customer - Colombo D', 'Negombo'),
('CD0023', 'City Medical', 'Negombo'),
('CD0024', 'City Pharmacy', 'Ja-Ela'),
('CD0025', 'City Pharmacy', 'Ragama'),
('CD0029', 'Dassanayake Iresha S. Dr.', 'Negombo'),
('CD0032', 'Digasiri Pharmacy', 'Ja-Ela'),
('CD0033', 'Dissanayake (Pvt) Hospital', 'Negombo'),
('CD0035', 'Ekala Pharmacy', 'Ja-Ela'),
('CD0036', 'Enderamulla Asiri Pharmacy', 'Wattala'),
('CD0044', 'Gimshani Pharmacy', 'Kandana'),
('CD0045', 'Gold Crest Pharmacy', 'Seeduwa'),
('CD0046', 'Gunaratne Neville Dr.', 'Ja-Ela'),
('CD0052', 'Health  Glow Pharmacy', 'Wattala'),
('CD0053', 'Health Care Medicla', 'Negombo'),
('CD0055', 'Healthline Pharmacy', 'Kandana'),
('CD0057', 'Hendala Pharmacy', 'Wattala'),
('CD0061', 'Ishara Pharmacy', 'Ja-Ela'),
('CD0062', 'Isuri Pharmacy', 'Wattala'),
('CD0063', 'J  J Pharmacy', 'Negombo'),
('CD0071', 'Kalidson Pharmacy', 'Negombo'),
('CD0073', 'Kapuwatha Pharmacy', 'Ja-Ela'),
('CD0078', 'Krishmo Pharmacy', 'Wattala'),
('CD0080', 'Lanka Pharmacy', 'Negombo'),
('CD0081', 'Laxsri Pharmacy', 'Katunayake'),
('CD0082', 'Leesons Hospital', 'Ragama'),
('CD0083', 'Leesons Pharmacy', 'Ragama'),
('CD0084', 'Leo Pharmacy', 'Negombo'),
('CD0087', 'M.P.C.S. (Osu Sala)', 'Negombo'),
('CD0088', 'Mahajana Osu Sala', 'Negombo'),
('CD0089', 'Mahajana Pharmacy', 'Peliyagoda'),
('CD0090', 'Maithree Perera Dr.', 'Wattala'),
('CD0099', 'Milan Pharmacy', 'Wattala'),
('CD0104', 'Nawa Osusala', 'Ja-Ela'),
('CD0105', 'Negombo Food  Drugs', 'Negombo'),
('CD0107', 'New Central Pharmacy', 'Negombo'),
('CD0110', 'New Medicare', 'Katunayake'),
('CD0111', 'New Pharmacy', 'Wattala'),
('CD0115', 'Nilmini Pharmacy', 'Ja-Ela'),
('CD0117', 'Nipuni Pharmacy', 'Ragama'),
('CD0122', 'Nishantha Wickramasingha Dr.', 'Ja-Ela'),
('CD0123', 'Niwasi Pharmacy', 'Ja-Ela'),
('CD0124', 'Orient Pharmacy', 'Averiwatta'),
('CD0125', 'Orient Pharmacy', 'Kandana'),
('CD0126', 'Osu Sala', 'Kandana'),
('CD0128', 'Osu Sala Wattala', 'Wattala'),
('CD0130', 'Pamunugama Pharmacy', 'Bopitiya'),
('CD0132', 'Peoples Pharmacy', 'Raddolugama'),
('CD0133', 'Peoples Pharmacy  Grocery', 'Wattala'),
('CD0136', 'Pharma Chemi', 'Wattala'),
('CD0138', 'P.J. ENTERPRISES (PVT) Ltd.', 'Ja-Ela'),
('CD0140', 'Raddolugama Pharmacy', 'Raddolugama'),
('CD0141', 'Ragama Pharmacy', 'Ragama'),
('CD0145', 'Reliable Pharmacy', 'Ragama'),
('CD0146', 'Rio Pharmacy', 'Hendala'),
('CD0147', 'Robert Medical', 'Negombo'),
('CD0149', 'Roswila Pharmacy', 'Wattala'),
('CD0151', 'S  G Medicals', 'Negombo'),
('CD0154', 'Sampath Pharmacy', 'Ragama'),
('CD0155', 'Sarana Osusala', 'Badalgama'),
('CD0158', 'Sathya Pharmacy', 'Wattala'),
('CD0159', 'Sea Street Osusala', 'Negombo'),
('CD0160', 'Seeduwa Medicals', 'Seeduwa'),
('CD0163', 'Sethma Pharmacy', 'Kandana'),
('CD0164', 'Shanthi Vidya Nivasa', 'Katana'),
('CD0167', 'Silveray Pharmacy', 'Negombo'),
('CD0168', 'Sriee Pharmacy', 'Negombo'),
('CD0173', 'St. Jude Pharmacy', 'Ja-Ela'),
('CD0174', 'St. Judes Pharmacy', 'Seeduwa'),
('CD0176', 'St. Marrys Pharmacy - KA', 'Katunayake'),
('CD0181', 'Super Medical', 'Negombo'),
('CD0182', 'Supreem Pharmacy', 'Negombo'),
('CD0183', 'Suranga Pharmacy', 'Katana'),
('CD0184', 'Suwa Sarana (Osu Sala)', 'Negombo'),
('CD0185', 'Suwasala Pharmacy', 'Wattala'),
('CD0189', 'Thalahena Pharmacy', 'Negombo'),
('CD0190', 'The Pharmaco (Pvt) Ltd.,', 'Negombo'),
('CD0192', 'Thrithva Pharmacy', 'Ja-Ela'),
('CD0194', 'Unique Pharmacy', 'Negombo'),
('CD0201', 'Wasantha Disanayaka Dr.', 'Averiwatta'),
('CD0214', 'Silva J.B.Dr.', 'Negombo'),
('CD0216', 'C  D Pharmacy', 'Ragama'),
('CD0220', 'The Pharmacy', 'Negombo'),
('CD0228', 'Shanthi Pharmacy', 'Negombo'),
('CD0231', 'Mendis N. S. M. Dr.', 'Ragama'),
('CD0239', 'Vidyathilaka DR.', 'Negombo'),
('CD0240', 'Hiru Pharmacy', 'Katana'),
('CD0242', 'K. S. A. Medical', 'Negombo'),
('CD0243', 'Suwa Setha Pharmacy', 'Badalgama'),
('CD0245', 'Kirthi Rathnayake Dr.', 'Katana'),
('CD0246', 'Sesatha Pharmacy', 'Kandana'),
('CD0249', 'Roshini Pharmacy', 'Ja-Ela'),
('CD0250', 'New Pharmacy', 'Negombo'),
('CD0253', 'Chemi World', 'Enderamulla'),
('CD0254', 'Sahana Pharmacy', 'Ragama'),
('CD0255', 'Lions Sight Hospital', 'Wattala'),
('CD0256', 'X  Lab Pharmacy', 'Negombo'),
('CD0257', 'Nirodha Pharmacy', 'Badalgama'),
('CD0258', 'Rilaulla Pharmacy', 'Kandana'),
('CD0259', 'Crystal Pharmacy', 'Negombo'),
('CD0263', 'Dissanayaka N.M.Dr.', 'Wattala'),
('CD0269', 'Subhani Pharmacy', 'Negombo'),
('CD0272', 'Ragama Pharmacy 2', 'Ragama'),
('CD0274', 'Nimali Tissera Dr.', 'Ragama'),
('CD0285', 'Chinthaka Rathnayaka Dr.', 'Wattala'),
('CD0286', 'Jayakodi Super Market', 'Negombo'),
('CD0293', 'St. Joshep Pharmacy', 'Bopitiya'),
('CD0294', 'Bopitiya Pharmacy', 'Bopitiya'),
('CD0299', 'Merryl Fernando Dr.', 'Seeduwa'),
('CD0300', 'Senaka Herath Dr.', 'Wattala'),
('CD0311', 'Gayan Jayakody Dr.', 'Raddolugama'),
('CD0326', 'Sithijaya Pharmacy', 'Negombo'),
('CD0335', 'Calvary Medicals', 'Ja-Ela'),
('CD0336', 'Family Care Pharmacy  Groceries', 'Wattala'),
('CD0339', 'Lasantha Somaratne Dr.', 'Kandana'),
('CD0346', 'Laksi Pharmacy', 'Peliyagoda'),
('CD0348', 'Golden Chemist', 'Ragama'),
('CD0356', 'Rusal Pharmacy - (Aloka Dr.)', 'Katana'),
('CD0359', 'Anoja Dr.', 'Seeduwa'),
('CD0362', 'Mahendra David Dr.', 'Katana'),
('CD0363', 'Deepal Fonseka Dr.', 'Ja-Ela'),
('CD0365', 'Seeduwa Osusala', 'Seeduwa'),
('CD0390', 'Lasith Pharmacy', 'Negombo'),
('CD0393', 'Kumar Senadeera Dr.', 'Negombo'),
('CD0396', 'Hansi Pharmacy', 'Ja-Ela'),
('CD0401', 'Aloka Dr.', 'Negombo'),
('CD0402', 'Pamunugama Osu Sala', 'Raddolugama'),
('CD0406', 'Browns Healthcare (Pvt) Ltd', 'Ragama'),
('CD0408', 'International Institute of Health of Science', 'Mahabage'),
('CD0412', 'New Kalani Pharmacy', 'Ja-Ela'),
('CD0424', 'Shara Chemist', 'Ragama'),
('CD0426', 'Jayasri Pharmacy', 'Ragama'),
('CD0441', 'Isura Pharmacy', 'Ragama'),
('CD0446', 'The Pharmacy APY (Pvt) Ltd', 'Ja-Ela'),
('CD0447', 'N.S. Medical', 'Seeduwa'),
('CD0449', 'Rashanthi Wijethunga Dr.', 'Raddolugama'),
('CD0450', 'Royal Pharmacy', 'Negombo'),
('CD0452', 'Welikala G. A. J. Dr.', 'Raddolugama'),
('CD0455', 'Suwasala Pharmacy', 'Negombo'),
('CD0459', 'Danya Pharmacy', 'Negombo'),
('CD0460', 'Darshana Pharmacy', 'Ja-Ela'),
('CD0461', 'Hussair M. N. M. Dr.', 'Negombo'),
('CD0462', 'Samudura Osusala', 'Raddolugama'),
('CD0467', 'Laksiri Lokuliayana Dr.', 'Ja-Ela'),
('CD0468', 'Kandawala Pharmacy', 'Katana'),
('CD0469', 'Asiri Pharmacy  Grocery', 'Negombo'),
('CD0470', 'Best Way Pharmacy', 'Negombo'),
('CD0474', 'Pradipa Osusala  Grocery', 'Negombo'),
('CD0476', 'Dagonna Pharmacy  Mini Mart', 'Negombo'),
('CD0480', 'Thilana Pharmacy', 'Ja-Ela'),
('CD0481', 'Reliance Pharmacy', 'Negombo'),
('CD0486', 'Royal Pharmacy Lanka (Pvt) Ltd.', 'Negombo'),
('CD0487', 'Healthcare Pharmacy  Family Needs', 'Raddolugama'),
('CD0492', 'Radiant Eye Hospital', 'Seeduwa'),
('CD0494', 'Sudesh Pharmacy  Grocery', 'Wattala'),
('CD0496', 'Alliance Pharmacy', 'Ragama'),
('CD0497', 'Nimal Sovis Dr.', 'Ja-Ela'),
('CD0498', 'Isura Pharmacy  Grocery', 'Katana'),
('CD0499', 'Shris Lanka Pharmacy', 'Seeduwa'),
('CD0500', 'Dinura Pharmacy', 'Ragama'),
('CD0501', 'Jasmin Pharmacy  Grocery', 'Kandana'),
('CD0507', 'Sujith Pulukkuttiarachchui Dr.', 'Kandana'),
('CD0508', 'St. Joseph Pharmacy  Grocery', 'Ja-Ela'),
('CD0510', 'Sri Lak Pharmacy', 'Seeduwa'),
('CD0517', 'Krishantha Gunathilaka Dr.', 'Hunupitiya'),
('CD0521', 'Keerthi Rathnayake Dr.', 'Katana'),
('CD0524', 'Dewa Pharmacy', 'Ragama'),
('CD0525', 'Health  Glow Pharmacy - 2', 'Wattala'),
('CD0527', 'Krishantha Gunathilake Dr.', 'Wattala'),
('CD0528', 'Orient Pharmacy', 'Negombo'),
('CD0532', 'Nawaloka Hospital (Pvt) Ltd.', 'Negombo'),
('CD0536', 'Lion Pharmacy', 'Mahabage'),
('CD0537', 'Medicare Pharmacy', 'Kandana'),
('CD0538', 'Ranmina Osusala', 'Negombo'),
('CD0539', 'Thenuka Pharmacy', 'Negombo'),
('CD0540', 'Lak Osusala', 'Seeduwa'),
('CD0541', 'Mabola Osusala', 'Wattala'),
('CD0544', 'Prasanjaya Dr.', 'Negombo'),
('CD0546', 'Kolitha Jayasundara Dr.', 'Ragama'),
('CD0547', 'New St. Joseph Pharmacy', 'Seeduwa'),
('CD0549', 'Lakshan Chemist', 'Wattala'),
('CD0553', 'Rajapakshe W.R.A.A.P.Dr.', 'Ragama'),
('CD0555', 'Imedra Medicals(Pvt)Ltd', 'Ragama'),
('CD0556', 'Silva D.C.D.S. Dr.', 'Katunayake'),
('CD0559', 'Chrishantus Silva Dr.', 'Negombo'),
('CD0560', 'Fernando W.K.S. Dr.', 'Negombo'),
('CD0561', 'Union Pharmacy', 'Negombo'),
('CD0568', 'Healing Pharmacy', 'Negombo'),
('COLD12316', 'Lakshman Fernando Dr.', 'Hunupitiya'),
('COLD12318', 'Samal Chandrakantha Dr.', 'Katana'),
('COLD12335', 'Thilini Hettiarachchi(Mrs)Dr.', 'Ragama'),
('COLD13770', 'Iresha Dilhani Dr.', 'Raddolugama'),
('COLD13777', 'Royal Pharmacy - Kanda', 'Kandana'),
('COLD13809', 'Lakshi Pharmacy', 'Negombo'),
('COLD13822', 'Jayalanka Pharmacy', 'Negombo'),
('COLD13899', 'Pamunugama Stores', 'Negombo'),
('COLD13901', 'Siyapatha Pharmacy', 'Ragama'),
('COLD13957', 'Negombo Drugs', 'Negombo'),
('COLD14005', 'Anuja Fernando Dr.', 'Seeduwa'),
('COLD14062', 'Dilhani A.W.A.D.I.Dr.', 'Raddolugama'),
('COLD14155', 'Glorious Medicare', 'Kandana'),
('COLD14166', 'Thudella Pharmacy', 'Ja-Ela'),
('COLD14176', 'Avendra Garden Hotel', 'Negombo'),
('COLD14180', 'Soft Life Pharmacy', 'Seeduwa'),
('COLD14197', 'Arogya Pharmacy and Grocery', 'Ja-Ela'),
('COLD14348', 'Ashoka Pharmacy', 'Negombo'),
('COLD14555', 'Nawa Lanka Pharmacy', 'Negombo'),
('COLD14591', 'V.M. Pharmacy', 'Katana'),
('COLD14611', 'Sasithma Pharmacy & Grocery', 'Ja-Ela'),
('COLD14710', 'S. S. Pharmacy - Katunayake', 'Katunayake'),
('COLD14722', 'AKM Pharmacy', 'Wattala'),
('COLD14793', 'Peoples Pharmacy-Magabage', 'Mahabage'),
('COLD14954', 'Ransetha Pharmacy', 'Wattala'),
('COLD14956', 'Sgaraika Pharmacy & Grocery', 'Ja-Ela'),
('COLD15046', 'Lakmi Pharmacy & Grocery', 'Negombo'),
('COLD15104', 'S M Medicals', 'Negombo'),
('COLD15109', 'Medicare Pharmacy', 'Hunupitiya'),
('COLD15133', 'Well Care Pharmacy', 'Katana');

-- --------------------------------------------------------

--
-- Table structure for table `hemasoutupload`
--

DROP TABLE IF EXISTS `hemasoutupload`;
CREATE TABLE IF NOT EXISTS `hemasoutupload` (
  `hID` varchar(20) NOT NULL,
  `hCustName` varchar(50) NOT NULL,
  `hTown` varchar(20) NOT NULL,
  `inv` varchar(20) NOT NULL,
  `date` date DEFAULT NULL,
  `age` int(11) DEFAULT NULL,
  `amount` float DEFAULT NULL,
  `balAmount` float DEFAULT NULL,
  PRIMARY KEY (`inv`),
  KEY `hID` (`hID`)
) ENGINE=InnoDB DEFAULT CHARSET=latin1;

--
-- Dumping data for table `hemasoutupload`
--

INSERT INTO `hemasoutupload` (`hID`, `hCustName`, `hTown`, `inv`, `date`, `age`, `amount`, `balAmount`) VALUES
('', '', '', '', NULL, 0, 0, 44),
('CD0182', 'Supreem Pharmacy', 'Negombo', 'CSO223600028', '2019-05-23', 102, 15115.5, 2884),
('CD0231', 'Mendis N. S. M. Dr.', 'Ragama', 'CSO223600082', '2019-05-23', 102, 12534.2, 12534.2),
('CD0492', 'Radiant Eye Hospital', 'Seeduwa', 'CSO223600098', '2019-05-23', 102, 516.31, 516.31),
('CD0459', 'Danya Pharmacy', 'Negombo', 'CSO223600115', '2019-05-20', 105, 4547.15, 4547.15),
('CD0521', 'Keerthi Rathnayake Dr.', 'Katana', 'CSO223600218', '2019-05-27', 98, 17400, 17400),
('COLD14348', 'Ashoka Pharmacy', 'Negombo', 'CSO223600221', '2019-05-27', 98, 31846.4, 0.52),
('CD0020', 'Cash Customer - Colombo D', 'Negombo', 'CSO223600226', '2019-05-27', 98, 9863.67, 9863.67),
('CD0099', 'Milan Pharmacy', 'Wattala', 'CSO223600253', '2019-05-29', 96, 6819.5, 6819.5),
('CD0231', 'Mendis N. S. M. Dr.', 'Ragama', 'CSO223600392', '2019-06-06', 88, 32488.8, 32488.8),
('CD0449', 'Rashanthi Wijethunga Dr.', 'Raddolugama', 'CSO223600393', '2019-06-13', 81, 23710, 23710),
('CD0057', 'Hendala Pharmacy', 'Wattala', 'CSO223600421', '2019-06-10', 84, 12931.4, 213),
('CD0544', 'Prasanjaya Dr.', 'Negombo', 'CSO223600439', '2019-06-10', 84, 4698, 4698),
('CD0194', 'Unique Pharmacy', 'Negombo', 'CSO223600475', '2019-06-12', 82, 115176, 0.1),
('CD0249', 'Roshini Pharmacy', 'Ja-Ela', 'CSO223600558', '2019-06-17', 77, 5761.12, 5761.12),
('CD0231', 'Mendis N. S. M. Dr.', 'Ragama', 'CSO223600588', '2019-06-21', 73, 34267.1, 34267.1),
('CD0286', 'Jayakodi Super Market', 'Negombo', 'CSO223600609', '2019-06-19', 75, 5603, 5603),
('CD0461', 'Hussair M. N. M. Dr.', 'Negombo', 'CSO223600640', '2019-06-21', 73, 3220, 3220),
('CD0500', 'Dinura Pharmacy', 'Ragama', 'CSO223600646', '2019-06-21', 73, 17086.1, 17086.1),
('COLD13809', 'Lakshi Pharmacy', 'Negombo', 'CSO223600651', '2019-06-22', 72, 3070, 3070),
('CD0016', 'Ave Maria Pharmacy', 'Negombo', 'CSO223600652', '2019-06-22', 72, 1535, 1535),
('CD0189', 'Thalahena Pharmacy', 'Negombo', 'CSO223600658', '2019-06-22', 72, 3070, 3070),
('CD0062', 'Isuri Pharmacy', 'Wattala', 'CSO223600669', '2019-06-24', 70, 12432.5, 1773.1),
('CD0346', 'Laksi Pharmacy', 'Peliyagoda', 'CSO223600670', '2019-06-24', 70, 7223, 2279),
('CD0138', 'P.J. ENTERPRISES (PVT) Ltd.', 'Ja-Ela', 'CSO223600698', '2019-06-25', 69, 120050, 120050),
('CD0259', 'Crystal Pharmacy', 'Negombo', 'CSO223600702', '2019-06-26', 68, 14420, 14420),
('COLD14166', 'Thudella Pharmacy', 'Ja-Ela', 'CSO223600704', '2019-06-26', 68, 10367, 10146),
('CD0239', 'Vidyathilaka DR.', 'Negombo', 'CSO223600719', '2019-06-26', 68, 10635, 10635),
('CD0259', 'Crystal Pharmacy', 'Negombo', 'CSO223600725', '2019-06-29', 65, 735, 735),
('CD0107', 'New Central Pharmacy', 'Negombo', 'CSO223600729', '2019-06-27', 67, 22879.8, 22879.8),
('COLD14555', 'Nawa Lanka Pharmacy', 'Negombo', 'CSO223600733', '2019-07-01', 63, 25971.8, 1067.76),
('CD0141', 'Ragama Pharmacy', 'Ragama', 'CSO223600736', '2019-06-27', 67, 174914, 174914),
('CD0125', 'Orient Pharmacy', 'Kandana', 'CSO223600748', '2019-06-28', 66, 5253.4, 7.83),
('CD0245', 'Kirthi Rathnayake Dr.', 'Katana', 'CSO223600761', '2019-06-29', 65, 89850, 89444),
('CD0449', 'Rashanthi Wijethunga Dr.', 'Raddolugama', 'CSO223600763', '2019-06-29', 65, 16727.3, 16727.3),
('CD0057', 'Hendala Pharmacy', 'Wattala', 'CSO223600769', '2019-07-01', 63, 2270, 1535),
('CD0285', 'Chinthaka Rathnayaka Dr.', 'Wattala', 'CSO223600775', '2019-07-01', 63, 19300, 19300),
('CD0128', 'Osu Sala Wattala', 'Wattala', 'CSO223600802', '2019-07-01', 63, 41200, 41200),
('CD0194', 'Unique Pharmacy', 'Negombo', 'CSO223600805', '2019-07-01', 63, 101165, 38525),
('CD0240', 'Hiru Pharmacy', 'Katana', 'CSO223600806', '2019-07-01', 63, 240100, 240100),
('CD0402', 'Pamunugama Osu Sala', 'Raddolugama', 'CSO223600816', '2019-07-03', 61, 16180.1, 2365),
('CD0083', 'Leesons Pharmacy', 'Ragama', 'CSO223600820', '2019-07-04', 60, 5824, 5824),
('CD0285', 'Chinthaka Rathnayaka Dr.', 'Wattala', 'CSO223600828', '2019-07-04', 60, 12100, 12100),
('CD0393', 'Kumar Senadeera Dr.', 'Negombo', 'CSO223600833', '2019-07-04', 60, 81360, 81360),
('CD0245', 'Kirthi Rathnayake Dr.', 'Katana', 'CSO223600834', '2019-07-04', 60, 7085, 7085),
('COLD13809', 'Lakshi Pharmacy', 'Negombo', 'CSO223600837', '2019-07-05', 59, 4132.5, 4132.5),
('CD0182', 'Supreem Pharmacy', 'Negombo', 'CSO223600841', '2019-07-04', 60, 68580, 68580),
('CD0362', 'Mahendra David Dr.', 'Katana', 'CSO223600845', '2019-07-04', 60, 3440, 3440),
('CD0062', 'Isuri Pharmacy', 'Wattala', 'CSO223600846', '2019-07-05', 59, 4120, 4120),
('CD0024', 'City Pharmacy', 'Ja-Ela', 'CSO223600856', '2019-07-11', 53, 9855.2, 9855.2),
('COLD14166', 'Thudella Pharmacy', 'Ja-Ela', 'CSO223600858', '2019-07-05', 59, 1063.5, 1063.5),
('CD0216', 'C  D Pharmacy', 'Ragama', 'CSO223600862', '2019-07-05', 59, 30921, 30921),
('CD0220', 'The Pharmacy', 'Negombo', 'CSO223600884', '2019-07-08', 56, 11104.5, 6778.5),
('CD0018', 'Better Health Pharmacy', 'Negombo', 'CSO223600886', '2019-07-08', 56, 33627.5, 33627.5),
('CD0455', 'Suwasala Pharmacy', 'Negombo', 'CSO223600892', '2019-07-09', 55, 9893, 9893),
('CD0243', 'Suwa Setha Pharmacy', 'Badalgama', 'CSO223600900', '2019-07-10', 54, 9706, 9706),
('CD0141', 'Ragama Pharmacy', 'Ragama', 'CSO223600909', '2019-07-12', 52, 23637.3, 23637.3),
('CD0141', 'Ragama Pharmacy', 'Ragama', 'CSO223600910', '2019-07-12', 52, 4572, 4572),
('CD0083', 'Leesons Pharmacy', 'Ragama', 'CSO223600911', '2019-07-10', 54, 5466.5, 5466.5),
('CD0500', 'Dinura Pharmacy', 'Ragama', 'CSO223600914', '2019-07-10', 54, 24737.8, 24737.8),
('CD0496', 'Alliance Pharmacy', 'Ragama', 'CSO223600917', '2019-07-10', 54, 10972, 10972),
('CD0046', 'Gunaratne Neville Dr.', 'Ja-Ela', 'CSO223600919', '2019-07-11', 53, 48000, 48000),
('CD0259', 'Crystal Pharmacy', 'Negombo', 'CSO223600922', '2019-07-11', 53, 28618.7, 28618.7),
('CD0449', 'Rashanthi Wijethunga Dr.', 'Raddolugama', 'CSO223600938', '2019-07-20', 44, 15755, 15755),
('COLD14180', 'Soft Life Pharmacy', 'Seeduwa', 'CSO223600956', '2019-07-13', 51, 7427.04, 7427.04),
('CD0055', 'Healthline Pharmacy', 'Kandana', 'CSO223600964', '2019-07-15', 49, 14146.7, 11146.7),
('CD0469', 'Asiri Pharmacy  Grocery', 'Negombo', 'CSO223600973', '2019-07-15', 49, 20675.4, 20675.4),
('CD0088', 'Mahajana Osu Sala', 'Negombo', 'CSO223600975', '2019-07-15', 49, 137680, 137680),
('CD0259', 'Crystal Pharmacy', 'Negombo', 'CSO223600979', '2019-07-18', 46, 18308.5, 18308.5),
('CD0107', 'New Central Pharmacy', 'Negombo', 'CSO223600980', '2019-07-15', 49, 7293.5, 7293.5),
('CD0242', 'K. S. A. Medical', 'Negombo', 'CSO223600986', '2019-07-17', 47, 14762.8, 14762.8),
('CD0057', 'Hendala Pharmacy', 'Wattala', 'CSO223600987', '2019-07-18', 46, 6780, 6780),
('CD0496', 'Alliance Pharmacy', 'Ragama', 'CSO223600990', '2019-07-18', 46, 907.5, 907.5),
('CD0141', 'Ragama Pharmacy', 'Ragama', 'CSO223600994', '2019-07-18', 46, 11524, 11524),
('CD0441', 'Isura Pharmacy', 'Ragama', 'CSO223600995', '2019-07-17', 47, 14727, 14727),
('CD0128', 'Osu Sala Wattala', 'Wattala', 'CSO223601002', '2019-07-18', 46, 52376.5, 11525),
('CD0510', 'Sri Lak Pharmacy', 'Seeduwa', 'CSO223601005', '2019-07-19', 45, 3876.56, 3876.56),
('CD0541', 'Mabola Osusala', 'Wattala', 'CSO223601009', '2019-07-18', 46, 6061.5, 6061.5),
('CD0057', 'Hendala Pharmacy', 'Wattala', 'CSO223601010', '2019-07-19', 45, 3604.71, 3604.71),
('CD0123', 'Niwasi Pharmacy', 'Ja-Ela', 'CSO223601016', '2019-07-19', 45, 3347.5, 965),
('CD0141', 'Ragama Pharmacy', 'Ragama', 'CSO223601018', '2019-07-19', 45, 35450, 35450),
('CD0115', 'Nilmini Pharmacy', 'Ja-Ela', 'CSO223601021', '2019-07-19', 45, 32366.7, 32366.7),
('CD0508', 'St. Joseph Pharmacy  Grocery', 'Ja-Ela', 'CSO223601022', '2019-07-19', 45, 13291, 13291),
('CD0138', 'P.J. ENTERPRISES (PVT) Ltd.', 'Ja-Ela', 'CSO223601024', '2019-07-19', 45, 138994, 138994),
('CD0138', 'P.J. ENTERPRISES (PVT) Ltd.', 'Ja-Ela', 'CSO223601025', '2019-07-19', 45, 18761.6, 18761.6),
('CD0406', 'Browns Healthcare (Pvt) Ltd', 'Ragama', 'CSO223601026', '2019-07-19', 45, 124155, 124155),
('CD0020', 'Cash Customer - Colombo D', 'Negombo', 'CSO713500063', '2017-09-21', 711, 4695, 4695),
('CD0020', 'Cash Customer - Colombo D', 'Negombo', 'CSO713500184', '2017-09-27', 705, 4087, 2871.54),
('CD0402', 'Pamunugama Osu Sala', 'Raddolugama', 'CSO713500873', '2017-11-04', 667, 2010, 1267),
('CD0249', 'Roshini Pharmacy', 'Ja-Ela', 'CSO713501230', '2017-11-24', 647, 4725, 4725),
('CD0402', 'Pamunugama Osu Sala', 'Raddolugama', 'CSO713501568', '2017-12-11', 630, 25557.7, 25557.7),
('CD0023', 'City Medical', 'Negombo', 'CSO713502371', '2018-01-19', 591, 20360.5, 20360.5),
('CD0020', 'Cash Customer - Colombo D', 'Negombo', 'CSO713502820', '2018-02-12', 567, 10412.9, 7349.91),
('CD0090', 'Maithree Perera Dr.', 'Wattala', 'CSO713502931', '2018-02-17', 562, 21091, 21091),
('CD0020', 'Cash Customer - Colombo D', 'Negombo', 'CSO713503250', '2018-03-06', 545, 1420, 1420),
('CD0020', 'Cash Customer - Colombo D', 'Negombo', 'CSO713504625', '2018-05-19', 471, 1869.56, 1869.56),
('COLD14176', 'Avendra Garden Hotel', 'Negombo', 'CSO713505040', '2018-06-11', 448, 1779, 1779),
('COLD13809', 'Lakshi Pharmacy', 'Negombo', 'CSO713505775', '2018-07-23', 406, 18767.5, 1932.5),
('CD0498', 'Isura Pharmacy  Grocery', 'Katana', 'CSO713505781', '2018-07-24', 405, 18706.3, 18706.3),
('COLD13901', 'Siyapatha Pharmacy', 'Ragama', 'CSO713505837', '2018-07-25', 404, 978, 978),
('CD0167', 'Silveray Pharmacy', 'Negombo', 'CSO713505933', '2018-07-31', 398, 14113, 14113),
('COLD13901', 'Siyapatha Pharmacy', 'Ragama', 'CSO713506101', '2018-08-09', 389, 3919.69, 3919.69),
('COLD13901', 'Siyapatha Pharmacy', 'Ragama', 'CSO713506517', '2018-09-05', 362, 9271.95, 9271.95),
('CD0023', 'City Medical', 'Negombo', 'CSO713506603', '2018-09-17', 350, 10231.6, 10231.6),
('COLD13901', 'Siyapatha Pharmacy', 'Ragama', 'CSO713507130', '2018-10-10', 327, 1696.48, 1696.48),
('COLD13822', 'Jayalanka Pharmacy', 'Negombo', 'CSO713507186', '2018-10-11', 326, 13122.2, 13122.2),
('CD0020', 'Cash Customer - Colombo D', 'Negombo', 'CSO713507197', '2018-10-12', 325, 14113, 14113),
('CD0450', 'Royal Pharmacy', 'Negombo', 'CSO713507261', '2018-10-17', 320, 15571, 15571),
('CD0450', 'Royal Pharmacy', 'Negombo', 'CSO713507299', '2018-10-18', 319, 10545.5, 10545.5),
('COLD13822', 'Jayalanka Pharmacy', 'Negombo', 'CSO713507314', '2018-10-19', 318, 9385.07, 9385.07),
('CD0013', 'Asiri Pharmacy', 'Raddolugama', 'CSO713507429', '2018-10-27', 310, 18202.6, 18202.6),
('CD0462', 'Samudura Osusala', 'Raddolugama', 'CSO713507442', '2018-10-29', 308, 7904.62, 7602.62),
('CD0083', 'Leesons Pharmacy', 'Ragama', 'CSO713507578', '2018-11-01', 305, 19322, 19322),
('CD0498', 'Isura Pharmacy  Grocery', 'Katana', 'CSO713507903', '2018-11-19', 287, 28994.1, 26078.6),
('CD0363', 'Deepal Fonseka Dr.', 'Ja-Ela', 'CSO713507930', '2018-11-21', 285, 3391, 3391),
('CD0568', 'Healing Pharmacy', 'Negombo', 'CSO713508026', '2018-11-26', 280, 6327.3, 6327.3),
('CD0089', 'Mahajana Pharmacy', 'Peliyagoda', 'CSO713508085', '2018-11-27', 279, 2109.1, 2109.1),
('CD0168', 'Sriee Pharmacy', 'Negombo', 'CSO713508159', '2018-11-30', 276, 12576, 12576),
('CD0168', 'Sriee Pharmacy', 'Negombo', 'CSO713508160', '2018-11-30', 276, 794.4, 794.4),
('CD0089', 'Mahajana Pharmacy', 'Peliyagoda', 'CSO713508326', '2018-12-10', 266, 5941.48, 5941.48),
('CD0263', 'Dissanayaka N.M.Dr.', 'Wattala', 'CSO713508513', '2018-12-20', 256, 10545.5, 10545.5),
('CD0020', 'Cash Customer - Colombo D', 'Negombo', 'CSO713508538', '2018-12-21', 255, 14712, 14712),
('CD0406', 'Browns Healthcare (Pvt) Ltd', 'Ragama', 'CSO713508545', '2018-12-24', 252, 406698, 1572.59),
('CD0089', 'Mahajana Pharmacy', 'Peliyagoda', 'CSO713508568', '2018-12-27', 249, 8386.01, 8386.01),
('COLD14062', 'Dilhani A.W.A.D.I.Dr.', 'Raddolugama', 'CSO713508623', '2018-12-31', 245, 5000, 5000),
('COLD13899', 'Pamunugama Stores', 'Negombo', 'CSO713508638', '2018-12-31', 245, 24300, 24300),
('CD0462', 'Samudura Osusala', 'Raddolugama', 'CSO713508659', '2019-01-02', 243, 9622.4, 9622.4),
('COLD13899', 'Pamunugama Stores', 'Negombo', 'CSO713508706', '2019-01-03', 242, 24300, 24300),
('CD0446', 'The Pharmacy APY (Pvt) Ltd', 'Ja-Ela', 'CSO713508749', '2019-01-09', 236, 4528.4, 4528.4),
('CD0184', 'Suwa Sarana (Osu Sala)', 'Negombo', 'CSO713508805', '2019-01-11', 234, 2252.73, 537),
('CD0272', 'Ragama Pharmacy 2', 'Ragama', 'CSO713508874', '2019-01-16', 229, 8580.46, 8580.46),
('CD0293', 'St. Joshep Pharmacy', 'Bopitiya', 'CSO713508935', '2019-01-19', 226, 32588.1, 21114.8),
('CD0447', 'N.S. Medical', 'Seeduwa', 'CSO713508953', '2019-01-21', 224, 1902.75, 1902.75),
('CD0446', 'The Pharmacy APY (Pvt) Ltd', 'Ja-Ela', 'CSO713508975', '2019-01-22', 223, 17543.1, 2799),
('COLD14166', 'Thudella Pharmacy', 'Ja-Ela', 'CSO713509084', '2019-01-28', 217, 2437.55, 461),
('CD0032', 'Digasiri Pharmacy', 'Ja-Ela', 'CSO713509097', '2019-01-30', 215, 18946.7, 18946.7),
('CD0013', 'Asiri Pharmacy', 'Raddolugama', 'CSO713509215', '2019-02-05', 209, 2765, 2765),
('CD0192', 'Thrithva Pharmacy', 'Ja-Ela', 'CSO713509284', '2019-02-07', 207, 6938.67, 6938.67),
('CD0412', 'New Kalani Pharmacy', 'Ja-Ela', 'CSO713509297', '2019-02-08', 206, 11519.5, 11519.5),
('CD0450', 'Royal Pharmacy', 'Negombo', 'CSO713509372', '2019-02-12', 202, 21126.3, 21126.3),
('CD0084', 'Leo Pharmacy', 'Negombo', 'CSO713509508', '2019-02-18', 196, 20653, 20653),
('CD0084', 'Leo Pharmacy', 'Negombo', 'CSO713509510', '2019-02-18', 196, 19498.6, 19498.6),
('CD0084', 'Leo Pharmacy', 'Negombo', 'CSO713509511', '2019-02-18', 196, 12112.5, 12112.5),
('CD0510', 'Sri Lak Pharmacy', 'Seeduwa', 'CSO713509551', '2019-02-21', 193, 14149.9, 13885.9),
('CD0487', 'Healthcare Pharmacy  Family Needs', 'Raddolugama', 'CSO713509577', '2019-02-23', 191, 14619.8, 14619.8),
('CD0474', 'Pradipa Osusala  Grocery', 'Negombo', 'CSO713509624', '2019-02-26', 188, 14228.8, 461),
('CD0406', 'Browns Healthcare (Pvt) Ltd', 'Ragama', 'CSO713509650', '2019-02-27', 187, 82174, 82174),
('CD0467', 'Laksiri Lokuliayana Dr.', 'Ja-Ela', 'CSO713509674', '2019-02-28', 186, 2109.1, 2109.1),
('CD0083', 'Leesons Pharmacy', 'Ragama', 'CSO713509678', '2019-02-28', 186, 1324, 1324),
('CD0163', 'Sethma Pharmacy', 'Kandana', 'CSO713509758', '2019-03-01', 185, 14791.3, 14791.3),
('CD0532', 'Nawaloka Hospital (Pvt) Ltd.', 'Negombo', 'CSO713509778', '2019-03-01', 185, 85130, 85130),
('CD0556', 'Silva D.C.D.S. Dr.', 'Katunayake', 'CSO713509885', '2019-03-09', 177, 22871.5, 22871.5),
('COLD14155', 'Glorious Medicare', 'Kandana', 'CSO713509964', '2019-03-14', 172, 9401.73, 9401.73),
('CD0184', 'Suwa Sarana (Osu Sala)', 'Negombo', 'CSO713509985', '2019-04-01', 154, 1586.75, 1586.75),
('COLD14180', 'Soft Life Pharmacy', 'Seeduwa', 'CSO713510005', '2019-03-15', 171, 3180.78, 3180.78),
('CD0524', 'Dewa Pharmacy', 'Ragama', 'CSO713510032', '2019-04-01', 154, 6087.7, 6087.7),
('CD0492', 'Radiant Eye Hospital', 'Seeduwa', 'CSO713510075', '2019-03-21', 165, 5000, 5000),
('COLD13957', 'Negombo Drugs', 'Negombo', 'CSO713510149', '2019-03-25', 161, 3913.46, 3912.63),
('CD0080', 'Lanka Pharmacy', 'Negombo', 'CSO713510758', '2019-04-30', 125, 33374.2, 33374.2),
('CD0149', 'Roswila Pharmacy', 'Wattala', 'CSO713510865', '2019-05-06', 119, 5600, 2800),
('COLD13809', 'Lakshi Pharmacy', 'Negombo', 'CSO713510968', '2019-05-09', 116, 4218.2, 4218.2),
('CD0061', 'Ishara Pharmacy', 'Ja-Ela', 'CSO713511021', '2019-05-11', 114, 21277, 19726),
('CD0461', 'Hussair M. N. M. Dr.', 'Negombo', 'CSO713511069', '2019-05-20', 105, 12043.5, 12043.5),
('CD0183', 'Suranga Pharmacy', 'Katana', 'CSO713511130', '2019-05-22', 103, 6485.8, 6485.8),
('CD0183', 'Suranga Pharmacy', 'Katana', 'CSO713511133', '2019-05-22', 103, 4817.4, 4817.4),
('CD0141', 'Ragama Pharmacy', 'Ragama', 'CSO713511184', '2019-05-23', 102, 120223, 15027),
('CD0036', 'Enderamulla Asiri Pharmacy', 'Wattala', 'CSO713511203', '2019-05-24', 101, 3521.7, 4),
('CD0336', 'Family Care Pharmacy  Groceries', 'Wattala', 'CSO713511205', '2019-06-01', 93, 16691.5, 16691.5),
('CD0556', 'Silva D.C.D.S. Dr.', 'Katunayake', 'CSO713511320', '2019-06-03', 91, 14087, 14087),
('CD0194', 'Unique Pharmacy', 'Negombo', 'CSO713511462', '2019-06-08', 86, 9280.5, 9280.5),
('CD0216', 'C  D Pharmacy', 'Ragama', 'CSO713511468', '2019-06-10', 84, 42277.8, 1034.28),
('CD0365', 'Seeduwa Osusala', 'Seeduwa', 'CSO713511487', '2019-06-10', 84, 33252.2, 4.2),
('CD0532', 'Nawaloka Hospital (Pvt) Ltd.', 'Negombo', 'CSO713511501', '2019-06-11', 83, 25000, 25000),
('CD0326', 'Sithijaya Pharmacy', 'Negombo', 'CSO713511563', '2019-06-13', 81, 8727.74, 2.25),
('CD0556', 'Silva D.C.D.S. Dr.', 'Katunayake', 'CSO713511636', '2019-06-19', 75, 24087, 24087),
('CD0032', 'Digasiri Pharmacy', 'Ja-Ela', 'CSO713511643', '2019-06-19', 75, 1304.5, 1304.5),
('CD0257', 'Nirodha Pharmacy', 'Badalgama', 'CSO713511667', '2019-06-20', 74, 10178, 5089),
('CD0201', 'Wasantha Disanayaka Dr.', 'Averiwatta', 'CSO713511668', '2019-06-20', 74, 34253.2, 28531.5),
('CD0107', 'New Central Pharmacy', 'Negombo', 'CSO713511714', '2019-06-21', 73, 14452.2, 14452.2),
('CD0537', 'Medicare Pharmacy', 'Kandana', 'CSO713511748', '2019-06-24', 70, 3609.25, 1),
('CD0220', 'The Pharmacy', 'Negombo', 'CSO713511831', '2019-06-27', 67, 10739.5, 9605.46),
('CD0259', 'Crystal Pharmacy', 'Negombo', 'CSO713511833', '2019-06-28', 66, 52713.6, 52713.6),
('CD0141', 'Ragama Pharmacy', 'Ragama', 'CSO713511839', '2019-06-27', 67, 10087.5, 10087.5),
('CD0107', 'New Central Pharmacy', 'Negombo', 'CSO713511841', '2019-06-27', 67, 37154.5, 37154.5),
('CD0124', 'Orient Pharmacy', 'Averiwatta', 'CSO713511867', '2019-06-28', 66, 19567.5, 19567.5),
('CD0220', 'The Pharmacy', 'Negombo', 'CSO713511885', '2019-07-01', 63, 9986.19, 7767.75),
('CD0141', 'Ragama Pharmacy', 'Ragama', 'CSO713511930', '2019-07-01', 63, 80813.4, 80813.4),
('CD0249', 'Roshini Pharmacy', 'Ja-Ela', 'CSO713511934', '2019-07-03', 61, 4817.4, 4817.4),
('CD0259', 'Crystal Pharmacy', 'Negombo', 'CSO713511946', '2019-07-04', 60, 3026.1, 3026.1),
('CD0154', 'Sampath Pharmacy', 'Ragama', 'CSO713511950', '2019-07-04', 60, 14452.2, 14452.2),
('CD0124', 'Orient Pharmacy', 'Averiwatta', 'CSO713511974', '2019-07-04', 60, 26135.3, 22391.8),
('CD0461', 'Hussair M. N. M. Dr.', 'Negombo', 'CSO713511995', '2019-07-05', 59, 6520, 6520),
('CD0216', 'C  D Pharmacy', 'Ragama', 'CSO713512008', '2019-07-05', 59, 24087, 24087),
('CD0141', 'Ragama Pharmacy', 'Ragama', 'CSO713512028', '2019-07-06', 58, 39135, 39135),
('CD0124', 'Orient Pharmacy', 'Averiwatta', 'CSO713512033', '2019-07-06', 58, 2152, 2152),
('COLD14166', 'Thudella Pharmacy', 'Ja-Ela', 'CSO713512044', '2019-07-08', 56, 1204.35, 1204.35),
('CD0141', 'Ragama Pharmacy', 'Ragama', 'CSO713512056', '2019-07-09', 55, 25000, 25000),
('CD0141', 'Ragama Pharmacy', 'Ragama', 'CSO713512060', '2019-07-09', 55, 51224.4, 51224.4),
('CD0259', 'Crystal Pharmacy', 'Negombo', 'CSO713512086', '2019-07-10', 54, 23841.2, 23841.2),
('COLD12318', 'Samal Chandrakantha Dr.', 'Katana', 'CSO713512087', '2019-07-09', 55, 14200, 14200),
('CD0194', 'Unique Pharmacy', 'Negombo', 'CSO713512090', '2019-07-09', 55, 180270, 2765.8),
('CD0107', 'New Central Pharmacy', 'Negombo', 'CSO713512093', '2019-07-09', 55, 19531.5, 19531.5),
('CD0023', 'City Medical', 'Negombo', 'CSO713512096', '2019-07-10', 54, 24110.2, 24110.2),
('CD0123', 'Niwasi Pharmacy', 'Ja-Ela', 'CSO713512112', '2019-07-10', 54, 18506.7, 1109),
('CD0024', 'City Pharmacy', 'Ja-Ela', 'CSO713512118', '2019-07-11', 53, 21178.7, 17851),
('CD0507', 'Sujith Pulukkuttiarachchui Dr.', 'Kandana', 'CSO713512119', '2019-07-10', 54, 94000, 94000),
('CD0122', 'Nishantha Wickramasingha Dr.', 'Ja-Ela', 'CSO713512120', '2019-07-10', 54, 56400, 56400),
('CD0497', 'Nimal Sovis Dr.', 'Ja-Ela', 'CSO713512121', '2019-07-10', 54, 56400, 56400),
('CD0201', 'Wasantha Disanayaka Dr.', 'Averiwatta', 'CSO713512133', '2019-07-11', 53, 18234.7, 18234.7),
('CD0401', 'Aloka Dr.', 'Negombo', 'CSO713512140', '2019-07-11', 53, 24087, 24087),
('CD0045', 'Gold Crest Pharmacy', 'Seeduwa', 'CSO713512149', '2019-07-12', 52, 4704.35, 4704.35),
('CD0138', 'P.J. ENTERPRISES (PVT) Ltd.', 'Ja-Ela', 'CSO713512162', '2019-07-12', 52, 58006.4, 58006.4),
('CD0138', 'P.J. ENTERPRISES (PVT) Ltd.', 'Ja-Ela', 'CSO713512163', '2019-07-12', 52, 50890, 50890),
('CD0146', 'Rio Pharmacy', 'Hendala', 'CSO713512169', '2019-07-12', 52, 11647.5, 11647.5),
('CD0510', 'Sri Lak Pharmacy', 'Seeduwa', 'CSO713512170', '2019-07-12', 52, 9691.05, 9691.05),
('CD0452', 'Welikala G. A. J. Dr.', 'Raddolugama', 'CSO713512187', '2019-07-15', 49, 15534.5, 15534.5),
('COLD13770', 'Iresha Dilhani Dr.', 'Raddolugama', 'CSO713512192', '2019-07-15', 49, 5000, 5000),
('CD0141', 'Ragama Pharmacy', 'Ragama', 'CSO713512193', '2019-07-15', 49, 25000, 25000),
('CD0141', 'Ragama Pharmacy', 'Ragama', 'CSO713512196', '2019-07-17', 47, 52499.4, 52499.4),
('CD0441', 'Isura Pharmacy', 'Ragama', 'CSO713512198', '2019-07-17', 47, 4817.4, 3617.9),
('CD0117', 'Nipuni Pharmacy', 'Ragama', 'CSO713512201', '2019-07-15', 49, 3026.25, 3026.25),
('COLD14793', 'Peoples Pharmacy-Magabage', 'Mahabage', 'CSO713512204', '2019-07-15', 49, 14761.8, 14761.8),
('CD0508', 'St. Joseph Pharmacy  Grocery', 'Ja-Ela', 'CSO713512207', '2019-07-19', 45, 12043.5, 12043.5),
('COLD14166', 'Thudella Pharmacy', 'Ja-Ela', 'CSO713512214', '2019-07-17', 47, 13839.2, 13839.2),
('CD0071', 'Kalidson Pharmacy', 'Negombo', 'CSO713512215', '2019-07-17', 47, 15798.8, 15798.8),
('CD0259', 'Crystal Pharmacy', 'Negombo', 'CSO713512218', '2019-07-18', 46, 28156.8, 28156.8),
('COLD14005', 'Anuja Fernando Dr.', 'Seeduwa', 'CSO713512230', '2019-07-18', 46, 19360, 19360),
('CD0216', 'C  D Pharmacy', 'Ragama', 'CSO713512240', '2019-07-18', 46, 4992, 4992),
('CD0115', 'Nilmini Pharmacy', 'Ja-Ela', 'CSO713512246', '2019-07-18', 46, 12983.2, 12983.2),
('CD0335', 'Calvary Medicals', 'Ja-Ela', 'CSO713512249', '2019-07-18', 46, 5501.55, 1932),
('CD0138', 'P.J. ENTERPRISES (PVT) Ltd.', 'Ja-Ela', 'CSO713512253', '2019-07-18', 46, 57746, 57746),
('CD0216', 'C  D Pharmacy', 'Ragama', 'CSO713512254', '2019-07-18', 46, 6187, 6187),
('CD0057', 'Hendala Pharmacy', 'Wattala', 'CSO713512262', '2019-07-19', 45, 5640, 5640),
('CD0082', 'Leesons Hospital', 'Ragama', 'CSO713512267', '2019-07-19', 45, 186520, 186520),
('CD0263', 'Dissanayaka N.M.Dr.', 'Wattala', 'CSO713512273', '2019-07-19', 45, 12043.5, 12043.5),
('CD0132', 'Peoples Pharmacy', 'Raddolugama', 'CSO713512276', '2019-07-19', 45, 5855.72, 5855.72),
('CD0539', 'Thenuka Pharmacy', 'Negombo', 'CSO713512287', '2019-07-20', 44, 13897.2, 13897.2),
('CD0406', 'Browns Healthcare (Pvt) Ltd', 'Ragama', 'CSO713512288', '2019-07-20', 44, 154948, 154948),
('CD0141', 'Ragama Pharmacy', 'Ragama', 'CSO713512290', '2019-07-20', 44, 25000, 25000),
('CD0164', 'Shanthi Vidya Nivasa', 'Katana', 'CSO713512291', '2019-07-22', 42, 24050, 24050),
('CD0336', 'Family Care Pharmacy  Groceries', 'Wattala', 'CSO713512295', '2019-07-24', 40, 56400, 56400),
('CD0045', 'Gold Crest Pharmacy', 'Seeduwa', 'CSO713512297', '2019-07-22', 42, 21018.4, 21018.4),
('COLD14005', 'Anuja Fernando Dr.', 'Seeduwa', 'CSO713512303', '2019-07-22', 42, 8610, 8610),
('CD0122', 'Nishantha Wickramasingha Dr.', 'Ja-Ela', 'CSO713512304', '2019-07-22', 42, 6520, 6520),
('CD0406', 'Browns Healthcare (Pvt) Ltd', 'Ragama', 'CSO713512306', '2019-07-22', 42, 127695, 127695),
('CD0071', 'Kalidson Pharmacy', 'Negombo', 'CSO713512307', '2019-07-22', 42, 17454.2, 17454.2),
('CD0141', 'Ragama Pharmacy', 'Ragama', 'CSO713512308', '2019-07-25', 39, 76718.8, 76718.8),
('CD0147', 'Robert Medical', 'Negombo', 'CSO713512309', '2019-07-22', 42, 7215, 7215),
('CD0528', 'Orient Pharmacy', 'Negombo', 'CSO713512315', '2019-07-22', 42, 22644.3, 22644.3),
('CD0496', 'Alliance Pharmacy', 'Ragama', 'CSO713512318', '2019-07-22', 42, 4171.25, 3690.25),
('CD0508', 'St. Joseph Pharmacy  Grocery', 'Ja-Ela', 'CSO713512324', '2019-07-23', 41, 1196.5, 1196.5),
('COLD14166', 'Thudella Pharmacy', 'Ja-Ela', 'CSO713512326', '2019-07-23', 41, 2405, 2405),
('CD0461', 'Hussair M. N. M. Dr.', 'Negombo', 'CSO713512327', '2019-07-23', 41, 12025, 12025),
('CD0253', 'Chemi World', 'Enderamulla', 'CSO713512328', '2019-07-23', 41, 12147.2, 12147.2),
('CD0149', 'Roswila Pharmacy', 'Wattala', 'CSO713512334', '2019-07-24', 40, 11091.2, 9746.45),
('CD0057', 'Hendala Pharmacy', 'Wattala', 'CSO713512342', '2019-07-23', 41, 20575.2, 20575.2),
('CD0090', 'Maithree Perera Dr.', 'Wattala', 'CSO713512343', '2019-07-23', 41, 96131.6, 87397.6),
('CD0062', 'Isuri Pharmacy', 'Wattala', 'CSO713512345', '2019-07-24', 40, 1273.5, 1273.5),
('CD0549', 'Lakshan Chemist', 'Wattala', 'CSO713512348', '2019-07-24', 40, 9624.12, 7691.92),
('CD0053', 'Health Care Medicla', 'Negombo', 'CSO713512354', '2019-07-24', 40, 11993.1, 11993.1),
('CD0455', 'Suwasala Pharmacy', 'Negombo', 'CSO713512356', '2019-07-24', 40, 14023.1, 14023.1),
('CD0240', 'Hiru Pharmacy', 'Katana', 'CSO713512361', '2019-07-24', 40, 14172, 11145.7),
('CD0182', 'Supreem Pharmacy', 'Negombo', 'CSO713512362', '2019-07-25', 39, 24572.2, 23462.9),
('CD0498', 'Isura Pharmacy  Grocery', 'Katana', 'CSO713512364', '2019-07-25', 39, 43257.1, 43257.1),
('CD0164', 'Shanthi Vidya Nivasa', 'Katana', 'CSO713512365', '2019-07-26', 38, 35487.4, 35487.4),
('COLD14348', 'Ashoka Pharmacy', 'Negombo', 'CSO713512366', '2019-07-25', 39, 24913.4, 24913.4),
('CD0147', 'Robert Medical', 'Negombo', 'CSO713512367', '2019-07-24', 40, 24730.5, 24730.5),
('CD0474', 'Pradipa Osusala  Grocery', 'Negombo', 'CSO713512372', '2019-07-24', 40, 9273.37, 9273.37),
('CD0450', 'Royal Pharmacy', 'Negombo', 'CSO713512373', '2019-07-24', 40, 35270, 35270),
('CD0447', 'N.S. Medical', 'Seeduwa', 'CSO713512374', '2019-07-25', 39, 4810, 4810),
('CD0249', 'Roshini Pharmacy', 'Ja-Ela', 'CSO713512383', '2019-07-25', 39, 10862.5, 10862.5),
('CD0447', 'N.S. Medical', 'Seeduwa', 'CSO713512386', '2019-07-25', 39, 1420, 1420),
('CD0540', 'Lak Osusala', 'Seeduwa', 'CSO713512387', '2019-07-27', 37, 4810, 4810),
('CD0556', 'Silva D.C.D.S. Dr.', 'Katunayake', 'CSO713512388', '2019-07-26', 38, 14087, 14087),
('CD0140', 'Raddolugama Pharmacy', 'Raddolugama', 'CSO713512394', '2019-07-25', 39, 14118, 14118),
('COLD15104', 'S M Medicals', 'Negombo', 'CSO713512400', '2019-07-26', 38, 3874.91, 3311.43),
('CD0104', 'Nawa Osusala', 'Ja-Ela', 'CSO713512408', '2019-07-26', 38, 31500.8, 31500.8),
('CD0104', 'Nawa Osusala', 'Ja-Ela', 'CSO713512409', '2019-07-26', 38, 2393, 2393),
('CD0396', 'Hansi Pharmacy', 'Ja-Ela', 'CSO713512413', '2019-07-26', 38, 5289.72, 5289.72),
('CD0539', 'Thenuka Pharmacy', 'Negombo', 'CSO713512421', '2019-07-27', 37, 87321.3, 87321.3),
('CD0138', 'P.J. ENTERPRISES (PVT) Ltd.', 'Ja-Ela', 'CSO713512428', '2019-07-29', 35, 52772.2, 52772.2),
('CD0561', 'Union Pharmacy', 'Negombo', 'CSO713512431', '2019-07-29', 35, 1513.05, 1513.05),
('CD0154', 'Sampath Pharmacy', 'Ragama', 'CSO713512433', '2019-07-29', 35, 23063.1, 23063.1),
('CD0141', 'Ragama Pharmacy', 'Ragama', 'CSO713512434', '2019-07-30', 34, 162824, 112824),
('CD0145', 'Reliable Pharmacy', 'Ragama', 'CSO713512442', '2019-07-29', 35, 13810.5, 13810.5),
('CD0194', 'Unique Pharmacy', 'Negombo', 'CSO713512444', '2019-08-01', 32, 6900, 6900),
('CD0496', 'Alliance Pharmacy', 'Ragama', 'CSO713512445', '2019-07-29', 35, 906.98, 906.98),
('CD0408', 'International Institute of Health of Science', 'Mahabage', 'CSO713512446', '2019-07-29', 35, 6035.5, 6035.5),
('CD0228', 'Shanthi Pharmacy', 'Negombo', 'CSO713512455', '2019-07-30', 34, 6576.32, 4357.88),
('CD0470', 'Best Way Pharmacy', 'Negombo', 'CSO713512457', '2019-07-30', 34, 4810, 4810),
('CD0194', 'Unique Pharmacy', 'Negombo', 'CSO713512460', '2019-08-01', 32, 11965, 11965),
('CD0151', 'S  G Medicals', 'Negombo', 'CSO713512462', '2019-07-30', 34, 19028.7, 19028.7),
('CD0336', 'Family Care Pharmacy  Groceries', 'Wattala', 'CSO713512464', '2019-08-01', 32, 2895.55, 2895.55),
('CD0184', 'Suwa Sarana (Osu Sala)', 'Negombo', 'CSO713512466', '2019-07-30', 34, 2237.5, 2237.5),
('CD0220', 'The Pharmacy', 'Negombo', 'CSO713512467', '2019-08-01', 32, 12624, 8880.51),
('CD0242', 'K. S. A. Medical', 'Negombo', 'CSO713512469', '2019-07-30', 34, 14555.7, 14555.7),
('CD0470', 'Best Way Pharmacy', 'Negombo', 'CSO713512470', '2019-07-30', 34, 4020.87, 4020.87),
('CD0194', 'Unique Pharmacy', 'Negombo', 'CSO713512473', '2019-08-01', 32, 164972, 129995),
('CD0128', 'Osu Sala Wattala', 'Wattala', 'CSO713512475', '2019-07-30', 34, 12851, 12851),
('CD0107', 'New Central Pharmacy', 'Negombo', 'CSO713512480', '2019-07-30', 34, 31213, 31213),
('CD0087', 'M.P.C.S. (Osu Sala)', 'Negombo', 'CSO713512481', '2019-07-30', 34, 33378.7, 32917.7),
('CD0480', 'Thilana Pharmacy', 'Ja-Ela', 'CSO713512482', '2019-07-30', 34, 2891, 2891),
('CD0105', 'Negombo Food  Drugs', 'Negombo', 'CSO713512483', '2019-07-30', 34, 1782, 1782),
('CD0071', 'Kalidson Pharmacy', 'Negombo', 'CSO713512484', '2019-07-31', 33, 10511, 10511),
('CD0023', 'City Medical', 'Negombo', 'CSO713512485', '2019-07-31', 33, 38200.6, 38200.6),
('CD0182', 'Supreem Pharmacy', 'Negombo', 'CSO713512486', '2019-07-31', 33, 12916, 12916),
('CD0561', 'Union Pharmacy', 'Negombo', 'CSO713512487', '2019-07-31', 33, 28445.1, 27062.1),
('CD0023', 'City Medical', 'Negombo', 'CSO713512489', '2019-07-31', 33, 5600, 5600),
('CD0078', 'Krishmo Pharmacy', 'Wattala', 'CSO713512490', '2019-08-01', 32, 9453.4, 9453.4),
('COLD14555', 'Nawa Lanka Pharmacy', 'Negombo', 'CSO713512493', '2019-07-31', 33, 44758.5, 44758.5),
('CD0088', 'Mahajana Osu Sala', 'Negombo', 'CSO713512495', '2019-07-31', 33, 50518.1, 50518.1),
('COLD14348', 'Ashoka Pharmacy', 'Negombo', 'CSO713512496', '2019-07-31', 33, 12025, 12025),
('CD0158', 'Sathya Pharmacy', 'Wattala', 'CSO713512498', '2019-07-31', 33, 46884.9, 46884.9),
('CD0510', 'Sri Lak Pharmacy', 'Seeduwa', 'CSO713512499', '2019-07-31', 33, 9586, 9586),
('CD0090', 'Maithree Perera Dr.', 'Wattala', 'CSO713512501', '2019-08-01', 32, 31328.7, 31328.7),
('CD0549', 'Lakshan Chemist', 'Wattala', 'CSO713512502', '2019-08-01', 32, 9257, 9257),
('CD0015', 'Ave Maria (Pvt) Hospital', 'Negombo', 'CSO713512503', '2019-08-01', 32, 43652, 43652),
('CD0561', 'Union Pharmacy', 'Negombo', 'CSO713512504', '2019-08-01', 32, 1283, 1283),
('CD0163', 'Sethma Pharmacy', 'Kandana', 'CSO713512505', '2019-08-01', 32, 151273, 142873),
('CD0078', 'Krishmo Pharmacy', 'Wattala', 'CSO713512508', '2019-08-01', 32, 5089, 5089),
('CD0181', 'Super Medical', 'Negombo', 'CSO713512509', '2019-08-01', 32, 62293.6, 62293.6),
('CD0164', 'Shanthi Vidya Nivasa', 'Katana', 'CSO713512511', '2019-08-01', 32, 15396, 15396),
('CD0111', 'New Pharmacy', 'Wattala', 'CSO713512513', '2019-08-01', 32, 24050, 24050),
('CD0140', 'Raddolugama Pharmacy', 'Raddolugama', 'CSO713512514', '2019-08-01', 32, 13045, 13045),
('CD0140', 'Raddolugama Pharmacy', 'Raddolugama', 'CSO713512518', '2019-08-01', 32, 14166, 14166),
('CD0228', 'Shanthi Pharmacy', 'Negombo', 'CSO713512520', '2019-08-01', 32, 15396, 15396),
('CD0082', 'Leesons Hospital', 'Ragama', 'CSO713512522', '2019-08-01', 32, 425650, 425650),
('CD0259', 'Crystal Pharmacy', 'Negombo', 'CSO713512523', '2019-08-01', 32, 45265.6, 45265.6),
('CD0194', 'Unique Pharmacy', 'Negombo', 'CSO713512524', '2019-08-01', 32, 56400, 56400),
('CD0508', 'St. Joseph Pharmacy  Grocery', 'Ja-Ela', 'CSO713512526', '2019-08-01', 32, 13045, 13045),
('CD0164', 'Shanthi Vidya Nivasa', 'Katana', 'CSO713512528', '2019-08-01', 32, 1510, 1510),
('CD0452', 'Welikala G. A. J. Dr.', 'Raddolugama', 'CSO713512530', '2019-08-01', 32, 2870, 2870),
('COLD14348', 'Ashoka Pharmacy', 'Negombo', 'CSO713512531', '2019-08-01', 32, 15758.7, 15758.7),
('CD0201', 'Wasantha Disanayaka Dr.', 'Averiwatta', 'CSO713512533', '2019-08-01', 32, 28983.9, 20373.9),
('CD0016', 'Ave Maria Pharmacy', 'Negombo', 'CSO713512534', '2019-08-02', 31, 3260, 3260),
('CD0174', 'St. Judes Pharmacy', 'Seeduwa', 'CSO713512535', '2019-08-02', 31, 12025, 12025),
('CD0257', 'Nirodha Pharmacy', 'Badalgama', 'CSO713512537', '2019-08-02', 31, 6040, 6040),
('CD0057', 'Hendala Pharmacy', 'Wattala', 'CSO713512538', '2019-08-06', 27, 18847.1, 18847.1),
('CD0151', 'S  G Medicals', 'Negombo', 'CSO713512540', '2019-08-02', 31, 13045, 13045),
('CD0073', 'Kapuwatha Pharmacy', 'Ja-Ela', 'CSO713512541', '2019-08-02', 31, 14865.4, 14865.4),
('CD0053', 'Health Care Medicla', 'Negombo', 'CSO713512543', '2019-08-03', 30, 7215, 7215),
('CD0016', 'Ave Maria Pharmacy', 'Negombo', 'CSO713512544', '2019-08-03', 30, 9400, 9400),
('CD0082', 'Leesons Hospital', 'Ragama', 'CSO713512545', '2019-08-05', 28, 361912, 361912),
('CD0104', 'Nawa Osusala', 'Ja-Ela', 'CSO713512546', '2019-08-05', 28, 15838.7, 15838.7),
('CD0408', 'International Institute of Health of Science', 'Mahabage', 'CSO713512552', '2019-08-05', 28, 7830, 7830),
('CD0035', 'Ekala Pharmacy', 'Ja-Ela', 'CSO713512560', '2019-08-05', 28, 1959.88, 1613.88),
('CD0508', 'St. Joseph Pharmacy  Grocery', 'Ja-Ela', 'CSO713512561', '2019-08-05', 28, 23897.5, 23897.5),
('CD0173', 'St. Jude Pharmacy', 'Ja-Ela', 'CSO713512562', '2019-08-05', 28, 11807.7, 11807.7),
('CD0335', 'Calvary Medicals', 'Ja-Ela', 'CSO713512563', '2019-08-05', 28, 4343.72, 2411.52),
('CD0510', 'Sri Lak Pharmacy', 'Seeduwa', 'CSO713512565', '2019-08-05', 28, 12025, 12025),
('CD0104', 'Nawa Osusala', 'Ja-Ela', 'CSO713512567', '2019-08-05', 28, 5298.22, 5298.22),
('CD0138', 'P.J. ENTERPRISES (PVT) Ltd.', 'Ja-Ela', 'CSO713512568', '2019-08-10', 23, 94344.5, 94344.5),
('CD0044', 'Gimshani Pharmacy', 'Kandana', 'CSO713512570', '2019-08-06', 27, 9372.7, 9372.7),
('CD0194', 'Unique Pharmacy', 'Negombo', 'CSO713512571', '2019-08-17', 16, 9220, 9220),
('CD0257', 'Nirodha Pharmacy', 'Badalgama', 'CSO713512573', '2019-08-06', 27, 18737.5, 18737.5),
('CD0201', 'Wasantha Disanayaka Dr.', 'Averiwatta', 'CSO713512574', '2019-08-06', 27, 19560, 19560),
('CD0508', 'St. Joseph Pharmacy  Grocery', 'Ja-Ela', 'CSO713512575', '2019-08-06', 27, 24050, 24050),
('CD0138', 'P.J. ENTERPRISES (PVT) Ltd.', 'Ja-Ela', 'CSO713512576', '2019-08-10', 23, 147090, 147090),
('CD0408', 'International Institute of Health of Science', 'Mahabage', 'CSO713512577', '2019-08-06', 27, 3000, 3000),
('CD0174', 'St. Judes Pharmacy', 'Seeduwa', 'CSO713512578', '2019-08-06', 27, 36971.5, 36971.5),
('CD0057', 'Hendala Pharmacy', 'Wattala', 'CSO713512581', '2019-08-07', 26, 2405, 2405),
('CD0078', 'Krishmo Pharmacy', 'Wattala', 'CSO713512582', '2019-08-06', 27, 10820.2, 10820.2),
('CD0015', 'Ave Maria (Pvt) Hospital', 'Negombo', 'CSO713512583', '2019-08-07', 26, 25000, 25000),
('CD0336', 'Family Care Pharmacy  Groceries', 'Wattala', 'CSO713512587', '2019-08-07', 26, 5622.85, 5622.85),
('CD0052', 'Health  Glow Pharmacy', 'Wattala', 'CSO713512588', '2019-08-06', 27, 31141.5, 31141.5),
('CD0149', 'Roswila Pharmacy', 'Wattala', 'CSO713512589', '2019-08-07', 26, 5632.4, 5632.4),
('CD0525', 'Health  Glow Pharmacy - 2', 'Wattala', 'CSO713512592', '2019-08-06', 27, 15426, 15426),
('CD0090', 'Maithree Perera Dr.', 'Wattala', 'CSO713512594', '2019-08-07', 26, 10351.8, 10351.8),
('CD0549', 'Lakshan Chemist', 'Wattala', 'CSO713512596', '2019-08-06', 27, 6989.67, 6417.5),
('CD0111', 'New Pharmacy', 'Wattala', 'CSO713512597', '2019-08-07', 26, 11026.1, 11026.1),
('CD0494', 'Sudesh Pharmacy  Grocery', 'Wattala', 'CSO713512598', '2019-08-08', 25, 11048.9, 8714.9),
('CD0346', 'Laksi Pharmacy', 'Peliyagoda', 'CSO713512600', '2019-08-10', 23, 10653.2, 10653.2),
('CD0140', 'Raddolugama Pharmacy', 'Raddolugama', 'CSO713512602', '2019-08-08', 25, 12025, 12025),
('CD0081', 'Laxsri Pharmacy', 'Katunayake', 'CSO713512604', '2019-08-07', 26, 27463.7, 27463.7),
('CD0510', 'Sri Lak Pharmacy', 'Seeduwa', 'CSO713512605', '2019-08-07', 26, 24033.1, 24033.1),
('CD0105', 'Negombo Food  Drugs', 'Negombo', 'CSO713512606', '2019-08-07', 26, 20798.5, 20798.5),
('CD0053', 'Health Care Medicla', 'Negombo', 'CSO713512607', '2019-08-07', 26, 5640, 5640),
('CD0015', 'Ave Maria (Pvt) Hospital', 'Negombo', 'CSO713512609', '2019-08-07', 26, 25000, 25000),
('CD0053', 'Health Care Medicla', 'Negombo', 'CSO713512610', '2019-08-07', 26, 13149.6, 13149.6),
('CD0147', 'Robert Medical', 'Negombo', 'CSO713512611', '2019-08-07', 26, 11697.2, 11697.2),
('CD0539', 'Thenuka Pharmacy', 'Negombo', 'CSO713512612', '2019-08-07', 26, 32674.3, 31766.5),
('CD0455', 'Suwasala Pharmacy', 'Negombo', 'CSO713512613', '2019-08-07', 26, 8721.7, 8721.7),
('COLD15104', 'S M Medicals', 'Negombo', 'CSO713512615', '2019-08-07', 26, 2552.22, 2552.22),
('CD0356', 'Rusal Pharmacy - (Aloka Dr.)', 'Katana', 'CSO713512617', '2019-08-08', 25, 1797.5, 1797.5),
('CD0141', 'Ragama Pharmacy', 'Ragama', 'CSO713512618', '2019-08-09', 24, 27013.6, 27013.6),
('CD0182', 'Supreem Pharmacy', 'Negombo', 'CSO713512619', '2019-08-08', 25, 13903, 13903),
('CD0468', 'Kandawala Pharmacy', 'Katana', 'CSO713512620', '2019-08-07', 26, 11331.1, 11331.1),
('CD0498', 'Isura Pharmacy  Grocery', 'Katana', 'CSO713512621', '2019-08-08', 25, 8483.01, 8483.01),
('CD0164', 'Shanthi Vidya Nivasa', 'Katana', 'CSO713512622', '2019-08-08', 25, 48984.9, 48984.9),
('CD0183', 'Suranga Pharmacy', 'Katana', 'CSO713512623', '2019-08-08', 25, 12025, 12025),
('CD0183', 'Suranga Pharmacy', 'Katana', 'CSO713512624', '2019-08-08', 25, 13244.9, 13244.9),
('CD0155', 'Sarana Osusala', 'Badalgama', 'CSO713512625', '2019-08-09', 24, 9565, 9565),
('CD0243', 'Suwa Setha Pharmacy', 'Badalgama', 'CSO713512626', '2019-08-07', 26, 13781.8, 13781.8),
('CD0474', 'Pradipa Osusala  Grocery', 'Negombo', 'CSO713512627', '2019-08-07', 26, 8004.33, 7761.33),
('CD0286', 'Jayakodi Super Market', 'Negombo', 'CSO713512630', '2019-08-17', 16, 34824.2, 34824.2),
('CD0441', 'Isura Pharmacy', 'Ragama', 'CSO713512631', '2019-08-08', 25, 10015, 10015),
('CD0499', 'Shris Lanka Pharmacy', 'Seeduwa', 'CSO713512632', '2019-08-08', 25, 7786.25, 7786.25),
('COLD13809', 'Lakshi Pharmacy', 'Negombo', 'CSO713512633', '2019-08-10', 23, 2870, 2870),
('CD0194', 'Unique Pharmacy', 'Negombo', 'CSO713512634', '2019-08-17', 16, 16640, 16640),
('CD0194', 'Unique Pharmacy', 'Negombo', 'CSO713512635', '2019-08-17', 16, 11092.2, 11092.2),
('CD0259', 'Crystal Pharmacy', 'Negombo', 'CSO713512636', '2019-08-08', 25, 19456.4, 19456.4),
('CD0555', 'Imedra Medicals(Pvt)Ltd', 'Ragama', 'CSO713512638', '2019-08-08', 25, 3604.5, 3604.5),
('CD0141', 'Ragama Pharmacy', 'Ragama', 'CSO713512641', '2019-08-09', 24, 113688, 113688),
('CD0539', 'Thenuka Pharmacy', 'Negombo', 'CSO713512642', '2019-08-08', 25, 3804.2, 3804.2),
('CD0083', 'Leesons Pharmacy', 'Ragama', 'CSO713512643', '2019-08-09', 24, 136151, 136151),
('CD0025', 'City Pharmacy', 'Ragama', 'CSO713512644', '2019-08-08', 25, 5558.24, 5558.24),
('CD0254', 'Sahana Pharmacy', 'Ragama', 'CSO713512645', '2019-08-08', 25, 24138.1, 24138.1),
('CD0025', 'City Pharmacy', 'Ragama', 'CSO713512646', '2019-08-08', 25, 1199.5, 1199.5),
('CD0541', 'Mabola Osusala', 'Wattala', 'CSO713512648', '2019-08-08', 25, 10711.6, 10059.6),
('CD0408', 'International Institute of Health of Science', 'Mahabage', 'CSO713512649', '2019-08-08', 25, 24123.8, 24123.8),
('CD0528', 'Orient Pharmacy', 'Negombo', 'CSO713512650', '2019-08-09', 24, 15961.4, 15961.4),
('CD0107', 'New Central Pharmacy', 'Negombo', 'CSO713512651', '2019-08-09', 24, 10087.5, 10087.5),
('CD0145', 'Reliable Pharmacy', 'Ragama', 'CSO713512652', '2019-08-09', 24, 80925, 80925),
('CD0016', 'Ave Maria Pharmacy', 'Negombo', 'CSO713512653', '2019-08-09', 24, 7608.4, 7608.4),
('CD0240', 'Hiru Pharmacy', 'Katana', 'CSO713512654', '2019-08-13', 20, 12063.4, 12063.4),
('CD0140', 'Raddolugama Pharmacy', 'Raddolugama', 'CSO713512655', '2019-08-10', 23, 8967.66, 8967.66),
('CD0081', 'Laxsri Pharmacy', 'Katunayake', 'CSO713512656', '2019-08-09', 24, 9620, 9620),
('CD0023', 'City Medical', 'Negombo', 'CSO713512657', '2019-08-09', 24, 13880.2, 13880.2),
('CD0107', 'New Central Pharmacy', 'Negombo', 'CSO713512660', '2019-08-09', 24, 28741.8, 28741.8),
('CD0194', 'Unique Pharmacy', 'Negombo', 'CSO713512661', '2019-08-13', 20, 203191, 203191),
('CD0256', 'X  Lab Pharmacy', 'Negombo', 'CSO713512662', '2019-08-09', 24, 22647.3, 22647.3),
('CD0184', 'Suwa Sarana (Osu Sala)', 'Negombo', 'CSO713512663', '2019-08-09', 24, 7533.11, 7533.11),
('COLD14555', 'Nawa Lanka Pharmacy', 'Negombo', 'CSO713512664', '2019-08-10', 23, 38836.8, 38836.8),
('CD0481', 'Reliance Pharmacy', 'Negombo', 'CSO713512665', '2019-08-09', 24, 5639.5, 5639.5),
('CD0481', 'Reliance Pharmacy', 'Negombo', 'CSO713512666', '2019-08-09', 24, 14556.3, 14556.3),
('COLD14793', 'Peoples Pharmacy-Magabage', 'Mahabage', 'CSO713512667', '2019-08-10', 23, 5639.5, 5639.5),
('CD0018', 'Better Health Pharmacy', 'Negombo', 'CSO713512668', '2019-08-09', 24, 68903.6, 68903.6),
('CD0044', 'Gimshani Pharmacy', 'Kandana', 'CSO713512670', '2019-08-10', 23, 8807.95, 8807.95),
('CD0228', 'Shanthi Pharmacy', 'Negombo', 'CSO713512672', '2019-08-10', 23, 24086.1, 24086.1),
('CD0130', 'Pamunugama Pharmacy', 'Bopitiya', 'CSO713512673', '2019-08-10', 23, 21783.8, 21783.8),
('CD0480', 'Thilana Pharmacy', 'Ja-Ela', 'CSO713512674', '2019-08-10', 23, 5489.13, 5489.13),
('CD0294', 'Bopitiya Pharmacy', 'Bopitiya', 'CSO713512675', '2019-08-10', 23, 11675, 11675),
('CD0216', 'C  D Pharmacy', 'Ragama', 'CSO713512676', '2019-08-10', 23, 24050, 24050),
('COLD13777', 'Royal Pharmacy - Kanda', 'Kandana', 'CSO713512678', '2019-08-10', 23, 23924.5, 23622.5),
('COLD14793', 'Peoples Pharmacy-Magabage', 'Mahabage', 'CSO713512680', '2019-08-10', 23, 14850.7, 14850.7),
('CD0406', 'Browns Healthcare (Pvt) Ltd', 'Ragama', 'CSO713512682', '2019-08-10', 23, 515313, 515313),
('CD0406', 'Browns Healthcare (Pvt) Ltd', 'Ragama', 'CSO713512683', '2019-08-10', 23, 522256, 522256),
('CD0406', 'Browns Healthcare (Pvt) Ltd', 'Ragama', 'CSO713512684', '2019-08-10', 23, 268181, 268181),
('CD0496', 'Alliance Pharmacy', 'Ragama', 'CSO713512687', '2019-08-24', 9, 1202.5, 1202.5),
('CD0254', 'Sahana Pharmacy', 'Ragama', 'CSO713512688', '2019-08-12', 21, 7493.9, 6297.4),
('CD0441', 'Isura Pharmacy', 'Ragama', 'CSO713512689', '2019-08-13', 20, 10178, 10178),
('CD0452', 'Welikala G. A. J. Dr.', 'Raddolugama', 'CSO713512692', '2019-08-13', 20, 6520, 6520),
('CD0254', 'Sahana Pharmacy', 'Ragama', 'CSO713512693', '2019-08-13', 20, 2766, 2766),
('CD0408', 'International Institute of Health of Science', 'Mahabage', 'CSO713512694', '2019-08-13', 20, 7215, 7215),
('CD0052', 'Health  Glow Pharmacy', 'Wattala', 'CSO713512695', '2019-08-13', 20, 2152, 2152),
('CD0194', 'Unique Pharmacy', 'Negombo', 'CSO713512697', '2019-08-17', 16, 18652, 18652),
('CD0138', 'P.J. ENTERPRISES (PVT) Ltd.', 'Ja-Ela', 'CSO713512698', '2019-08-13', 20, 31772.9, 31772.9),
('CD0140', 'Raddolugama Pharmacy', 'Raddolugama', 'CSO713512699', '2019-08-13', 20, 2765, 2765),
('CD0480', 'Thilana Pharmacy', 'Ja-Ela', 'CSO713512700', '2019-08-13', 20, 5978.44, 5978.44),
('CD0081', 'Laxsri Pharmacy', 'Katunayake', 'CSO713512701', '2019-08-13', 20, 15963.6, 15271.6),
('CD0151', 'S  G Medicals', 'Negombo', 'CSO713512702', '2019-08-13', 20, 14132.5, 14132.5),
('CD0015', 'Ave Maria (Pvt) Hospital', 'Negombo', 'CSO713512703', '2019-08-13', 20, 50000, 50000),
('COLD14166', 'Thudella Pharmacy', 'Ja-Ela', 'CSO713512704', '2019-08-17', 16, 1765.98, 1765.98),
('CD0201', 'Wasantha Disanayaka Dr.', 'Averiwatta', 'CSO713512706', '2019-08-13', 20, 12374, 12374),
('COLD14005', 'Anuja Fernando Dr.', 'Seeduwa', 'CSO713512707', '2019-08-13', 20, 3020, 3020),
('CD0510', 'Sri Lak Pharmacy', 'Seeduwa', 'CSO713512708', '2019-08-13', 20, 24167.9, 24167.9),
('CD0487', 'Healthcare Pharmacy  Family Needs', 'Raddolugama', 'CSO713512709', '2019-08-13', 20, 9581.5, 8298.5),
('CD0013', 'Asiri Pharmacy', 'Raddolugama', 'CSO713512710', '2019-08-13', 20, 37671.8, 37671.8),
('CD0499', 'Shris Lanka Pharmacy', 'Seeduwa', 'CSO713512711', '2019-08-13', 20, 2405, 2405),
('CD0045', 'Gold Crest Pharmacy', 'Seeduwa', 'CSO713512713', '2019-08-15', 18, 21915.7, 21915.7),
('CD0396', 'Hansi Pharmacy', 'Ja-Ela', 'CSO713512715', '2019-08-15', 18, 6399.75, 6399.75),
('CD0083', 'Leesons Pharmacy', 'Ragama', 'CSO713512716', '2019-08-15', 18, 18652, 18652),
('CD0057', 'Hendala Pharmacy', 'Wattala', 'CSO713512717', '2019-08-15', 18, 4810, 4810),
('CD0561', 'Union Pharmacy', 'Negombo', 'CSO713512720', '2019-08-15', 18, 7215, 7215),
('CD0406', 'Browns Healthcare (Pvt) Ltd', 'Ragama', 'CSO713512721', '2019-08-15', 18, 250000, 200000),
('CD0174', 'St. Judes Pharmacy', 'Seeduwa', 'CSO713512722', '2019-08-15', 18, 17509.7, 17509.7),
('CD0140', 'Raddolugama Pharmacy', 'Raddolugama', 'CSO713512723', '2019-08-15', 18, 14465.7, 14465.7),
('CD0052', 'Health  Glow Pharmacy', 'Wattala', 'CSO713512724', '2019-08-15', 18, 12025, 12025),
('CD0141', 'Ragama Pharmacy', 'Ragama', 'CSO713512725', '2019-08-15', 18, 25000, 25000),
('CD0055', 'Healthline Pharmacy', 'Kandana', 'CSO713512726', '2019-08-15', 18, 12025, 12025),
('CD0078', 'Krishmo Pharmacy', 'Wattala', 'CSO713512727', '2019-08-15', 18, 6691.3, 6691.3),
('CD0555', 'Imedra Medicals(Pvt)Ltd', 'Ragama', 'CSO713512728', '2019-08-16', 17, 4714.2, 4714.2),
('CD0141', 'Ragama Pharmacy', 'Ragama', 'CSO713512730', '2019-08-15', 18, 25055.1, 25055.1),
('CD0083', 'Leesons Pharmacy', 'Ragama', 'CSO713512731', '2019-08-15', 18, 92420.6, 68939.6),
('CD0083', 'Leesons Pharmacy', 'Ragama', 'CSO713512732', '2019-08-15', 18, 14430, 14430),
('CD0141', 'Ragama Pharmacy', 'Ragama', 'CSO713512733', '2019-08-15', 18, 24050, 24050),
('CD0025', 'City Pharmacy', 'Ragama', 'CSO713512734', '2019-08-15', 18, 3253.25, 3253.25),
('CD0025', 'City Pharmacy', 'Ragama', 'CSO713512735', '2019-08-15', 18, 2405, 2405),
('CD0254', 'Sahana Pharmacy', 'Ragama', 'CSO713512736', '2019-08-15', 18, 6903.9, 6903.9),
('CD0254', 'Sahana Pharmacy', 'Ragama', 'CSO713512737', '2019-08-15', 18, 4810, 4810),
('CD0154', 'Sampath Pharmacy', 'Ragama', 'CSO713512740', '2019-08-16', 17, 1380, 1380),
('CD0052', 'Health  Glow Pharmacy', 'Wattala', 'CSO713512741', '2019-08-16', 17, 39193.9, 39193.9),
('CD0111', 'New Pharmacy', 'Wattala', 'CSO713512742', '2019-08-16', 17, 27580.9, 27580.9),
('CD0510', 'Sri Lak Pharmacy', 'Seeduwa', 'CSO713512744', '2019-08-16', 17, 8108.99, 8108.99),
('CD0158', 'Sathya Pharmacy', 'Wattala', 'CSO713512745', '2019-08-16', 17, 16412.2, 16412.2),
('CD0158', 'Sathya Pharmacy', 'Wattala', 'CSO713512746', '2019-08-16', 17, 9620, 9620),
('CD0078', 'Krishmo Pharmacy', 'Wattala', 'CSO713512748', '2019-08-16', 17, 4418.22, 4418.22),
('CD0057', 'Hendala Pharmacy', 'Wattala', 'CSO713512749', '2019-08-16', 17, 7251.09, 4917.08),
('COLD14555', 'Nawa Lanka Pharmacy', 'Negombo', 'CSO713512751', '2019-08-16', 17, 9620, 9620),
('CD0082', 'Leesons Hospital', 'Ragama', 'CSO713512752', '2019-08-16', 17, 116000, 116000),
('CD0053', 'Health Care Medicla', 'Negombo', 'CSO713512753', '2019-08-16', 17, 5089, 5089),
('CD0163', 'Sethma Pharmacy', 'Kandana', 'CSO713512757', '2019-08-16', 17, 77563, 77563),
('CD0461', 'Hussair M. N. M. Dr.', 'Negombo', 'CSO713512758', '2019-08-19', 14, 3020, 3020),
('CD0549', 'Lakshan Chemist', 'Wattala', 'CSO713512759', '2019-08-16', 17, 9288.76, 9288.76),
('CD0335', 'Calvary Medicals', 'Ja-Ela', 'CSO713512760', '2019-08-17', 16, 4622.75, 4622.75),
('CD0460', 'Darshana Pharmacy', 'Ja-Ela', 'CSO713512762', '2019-08-17', 16, 10617.2, 10617.2),
('CD0396', 'Hansi Pharmacy', 'Ja-Ela', 'CSO713512763', '2019-08-17', 16, 4885.6, 4885.6),
('CD0216', 'C  D Pharmacy', 'Ragama', 'CSO713512764', '2019-08-17', 16, 25019.4, 25019.4),
('CD0258', 'Rilaulla Pharmacy', 'Kandana', 'CSO713512765', '2019-08-17', 16, 37960.9, 37960.9),
('CD0138', 'P.J. ENTERPRISES (PVT) Ltd.', 'Ja-Ela', 'CSO713512766', '2019-08-17', 16, 64943.6, 52547.4),
('CD0173', 'St. Jude Pharmacy', 'Ja-Ela', 'CSO713512767', '2019-08-17', 16, 12948.5, 12948.5),
('CD0508', 'St. Joseph Pharmacy  Grocery', 'Ja-Ela', 'CSO713512768', '2019-08-17', 16, 6948.9, 6948.9),
('COLD14166', 'Thudella Pharmacy', 'Ja-Ela', 'CSO713512769', '2019-08-17', 16, 1821.2, 1821.2),
('CD0184', 'Suwa Sarana (Osu Sala)', 'Negombo', 'CSO713512771', '2019-08-17', 16, 1202.5, 1202.5),
('COLD14591', 'V.M. Pharmacy', 'Katana', 'CSO713512772', '2019-08-17', 16, 3607.5, 3607.5),
('CD0138', 'P.J. ENTERPRISES (PVT) Ltd.', 'Ja-Ela', 'CSO713512773', '2019-08-17', 16, 15150, 15150),
('CD0053', 'Health Care Medicla', 'Negombo', 'CSO713512774', '2019-08-17', 16, 7520, 7520),
('CD0080', 'Lanka Pharmacy', 'Negombo', 'CSO713512775', '2019-08-17', 16, 48100, 48100),
('CD0167', 'Silveray Pharmacy', 'Negombo', 'CSO713512776', '2019-08-19', 14, 14524.4, 14524.4),
('CD0044', 'Gimshani Pharmacy', 'Kandana', 'CSO713512777', '2019-08-19', 14, 9125.75, 9125.75),
('COLD15046', 'Lakmi Pharmacy & Grocery', 'Negombo', 'CSO713512778', '2019-08-19', 14, 12307.3, 12307.3),
('CD0294', 'Bopitiya Pharmacy', 'Bopitiya', 'CSO713512781', '2019-08-19', 14, 19458.4, 19458.4),
('CD0130', 'Pamunugama Pharmacy', 'Bopitiya', 'CSO713512782', '2019-08-19', 14, 13539.4, 13539.4),
('CD0501', 'Jasmin Pharmacy  Grocery', 'Kandana', 'CSO713512783', '2019-08-19', 14, 7215, 7215),
('COLD13777', 'Royal Pharmacy - Kanda', 'Kandana', 'CSO713512784', '2019-08-19', 14, 6331.5, 6331.5),
('CD0126', 'Osu Sala', 'Kandana', 'CSO713512785', '2019-08-19', 14, 7179.7, 5909),
('CD0055', 'Healthline Pharmacy', 'Kandana', 'CSO713512786', '2019-08-19', 14, 10064.4, 10064.4),
('CD0104', 'Nawa Osusala', 'Ja-Ela', 'CSO713512787', '2019-08-19', 14, 41158.8, 37309.8),
('CD0194', 'Unique Pharmacy', 'Negombo', 'CSO713512788', '2019-08-19', 14, 40000, 40000),
('CD0406', 'Browns Healthcare (Pvt) Ltd', 'Ragama', 'CSO713512789', '2019-08-19', 14, 18180, 18180),
('CD0408', 'International Institute of Health of Science', 'Mahabage', 'CSO713512790', '2019-08-19', 14, 18981.5, 18981.5),
('CD0023', 'City Medical', 'Negombo', 'CSO713512791', '2019-08-19', 14, 20299.7, 20299.7),
('CD0194', 'Unique Pharmacy', 'Negombo', 'CSO713512792', '2019-08-19', 14, 9078.3, 9078.3),
('CD0130', 'Pamunugama Pharmacy', 'Bopitiya', 'CSO713512793', '2019-08-20', 13, 10087.5, 10087.5),
('CD0401', 'Aloka Dr.', 'Negombo', 'CSO713512796', '2019-08-20', 13, 32345, 32345),
('CD0461', 'Hussair M. N. M. Dr.', 'Negombo', 'CSO713512797', '2019-08-20', 13, 17114, 17114),
('CD0073', 'Kapuwatha Pharmacy', 'Ja-Ela', 'CSO713512798', '2019-08-20', 13, 5639.5, 5639.5),
('COLD14555', 'Nawa Lanka Pharmacy', 'Negombo', 'CSO713512799', '2019-08-20', 13, 24134.7, 24134.7),
('CD0256', 'X  Lab Pharmacy', 'Negombo', 'CSO713512800', '2019-08-21', 12, 10075.5, 10075.5),
('CD0481', 'Reliance Pharmacy', 'Negombo', 'CSO713512801', '2019-08-20', 13, 7350.22, 6067.22),
('CD0088', 'Mahajana Osu Sala', 'Negombo', 'CSO713512802', '2019-08-20', 13, 68968.3, 67859.1),
('CD0469', 'Asiri Pharmacy  Grocery', 'Negombo', 'CSO713512803', '2019-08-20', 13, 16935, 14729.6),
('CD0194', 'Unique Pharmacy', 'Negombo', 'CSO713512804', '2019-08-20', 13, 144711, 135050),
('CD0539', 'Thenuka Pharmacy', 'Negombo', 'CSO713512805', '2019-08-20', 13, 48100, 48100);
INSERT INTO `hemasoutupload` (`hID`, `hCustName`, `hTown`, `inv`, `date`, `age`, `amount`, `balAmount`) VALUES
('CD0408', 'International Institute of Health of Science', 'Mahabage', 'CSO713512806', '2019-08-20', 13, 14427.5, 14427.5),
('CD0259', 'Crystal Pharmacy', 'Negombo', 'CSO713512807', '2019-08-20', 13, 35512.8, 35512.8),
('CD0259', 'Crystal Pharmacy', 'Negombo', 'CSO713512808', '2019-08-20', 13, 15703.5, 15703.5),
('CD0016', 'Ave Maria Pharmacy', 'Negombo', 'CSO713512809', '2019-08-20', 13, 17160, 17160),
('CD0259', 'Crystal Pharmacy', 'Negombo', 'CSO713512810', '2019-08-20', 13, 4860, 4860),
('CD0018', 'Better Health Pharmacy', 'Negombo', 'CSO713512811', '2019-08-20', 13, 19246.5, 16912.5),
('CD0107', 'New Central Pharmacy', 'Negombo', 'CSO713512812', '2019-08-20', 13, 2393, 58.99),
('CD0561', 'Union Pharmacy', 'Negombo', 'CSO713512813', '2019-08-20', 13, 7510.23, 7510.23),
('CD0408', 'International Institute of Health of Science', 'Mahabage', 'CSO713512814', '2019-08-20', 13, 4438.7, 4438.7),
('COLD13957', 'Negombo Drugs', 'Negombo', 'CSO713512815', '2019-08-21', 12, 18785.8, 16451.8),
('CD0141', 'Ragama Pharmacy', 'Ragama', 'CSO713512816', '2019-08-22', 11, 26090, 26090),
('CD0080', 'Lanka Pharmacy', 'Negombo', 'CSO713512817', '2019-08-21', 12, 119164, 119164),
('CD0181', 'Super Medical', 'Negombo', 'CSO713512818', '2019-08-26', 7, 48229.6, 45034.5),
('CD0181', 'Super Medical', 'Negombo', 'CSO713512821', '2019-08-26', 7, 7238, 7238),
('CD0071', 'Kalidson Pharmacy', 'Negombo', 'CSO713512822', '2019-08-21', 12, 29640.1, 29640.1),
('CD0492', 'Radiant Eye Hospital', 'Seeduwa', 'CSO713512823', '2019-08-21', 12, 721.5, 721.5),
('CD0549', 'Lakshan Chemist', 'Wattala', 'CSO713512824', '2019-08-21', 12, 7215, 7215),
('CD0460', 'Darshana Pharmacy', 'Ja-Ela', 'CSO713512825', '2019-08-21', 12, 2405, 2405),
('CD0460', 'Darshana Pharmacy', 'Ja-Ela', 'CSO713512826', '2019-08-21', 12, 7215, 7215),
('CD0402', 'Pamunugama Osu Sala', 'Raddolugama', 'CSO713512827', '2019-08-21', 12, 8436, 8436),
('CD0052', 'Health  Glow Pharmacy', 'Wattala', 'CSO713512828', '2019-08-21', 12, 20038.5, 20038.5),
('CD0547', 'New St. Joseph Pharmacy', 'Seeduwa', 'CSO713512829', '2019-08-23', 10, 3912, 3912),
('CD0082', 'Leesons Hospital', 'Ragama', 'CSO713512832', '2019-08-21', 12, 103450, 103450),
('CD0082', 'Leesons Hospital', 'Ragama', 'CSO713512833', '2019-08-21', 12, 111912, 111912),
('CD0053', 'Health Care Medicla', 'Negombo', 'CSO713512834', '2019-08-21', 12, 15224.7, 15224.7),
('CD0053', 'Health Care Medicla', 'Negombo', 'CSO713512835', '2019-08-21', 12, 7215, 7215),
('CD0063', 'J  J Pharmacy', 'Negombo', 'CSO713512836', '2019-08-21', 12, 6092.2, 6092.2),
('CD0063', 'J  J Pharmacy', 'Negombo', 'CSO713512837', '2019-08-21', 12, 2405, 2405),
('CD0450', 'Royal Pharmacy', 'Negombo', 'CSO713512840', '2019-08-21', 12, 19641, 16841),
('CD0480', 'Thilana Pharmacy', 'Ja-Ela', 'CSO713512843', '2019-08-21', 12, 9802.76, 7984.76),
('CD0480', 'Thilana Pharmacy', 'Ja-Ela', 'CSO713512844', '2019-08-21', 12, 4810, 4810),
('COLD14348', 'Ashoka Pharmacy', 'Negombo', 'CSO713512845', '2019-08-21', 12, 18407.6, 18407.6),
('COLD14348', 'Ashoka Pharmacy', 'Negombo', 'CSO713512846', '2019-08-21', 12, 9620, 9620),
('CD0470', 'Best Way Pharmacy', 'Negombo', 'CSO713512847', '2019-08-21', 12, 9676.51, 9676.51),
('CD0470', 'Best Way Pharmacy', 'Negombo', 'CSO713512848', '2019-08-21', 12, 4810, 4810),
('CD0528', 'Orient Pharmacy', 'Negombo', 'CSO713512849', '2019-08-21', 12, 6873.63, 6873.63),
('CD0151', 'S  G Medicals', 'Negombo', 'CSO713512850', '2019-08-21', 12, 11511.6, 11511.6),
('CD0474', 'Pradipa Osusala  Grocery', 'Negombo', 'CSO713512851', '2019-08-21', 12, 9555.72, 9555.72),
('CD0474', 'Pradipa Osusala  Grocery', 'Negombo', 'CSO713512852', '2019-08-21', 12, 2405, 2405),
('CD0182', 'Supreem Pharmacy', 'Negombo', 'CSO713512853', '2019-08-22', 11, 9759.26, 5943.26),
('CD0182', 'Supreem Pharmacy', 'Negombo', 'CSO713512854', '2019-08-22', 11, 14430, 14430),
('CD0498', 'Isura Pharmacy  Grocery', 'Katana', 'CSO713512855', '2019-08-21', 12, 12643.3, 12643.3),
('CD0547', 'New St. Joseph Pharmacy', 'Seeduwa', 'CSO713512856', '2019-08-23', 10, 15826.2, 15826.2),
('CD0547', 'New St. Joseph Pharmacy', 'Seeduwa', 'CSO713512857', '2019-08-23', 10, 9620, 9620),
('CD0164', 'Shanthi Vidya Nivasa', 'Katana', 'CSO713512858', '2019-08-21', 12, 63205.5, 60871.5),
('CD0164', 'Shanthi Vidya Nivasa', 'Katana', 'CSO713512859', '2019-08-21', 12, 24050, 24050),
('CD0183', 'Suranga Pharmacy', 'Katana', 'CSO713512860', '2019-08-22', 11, 14176.7, 14176.7),
('COLD14591', 'V.M. Pharmacy', 'Katana', 'CSO713512861', '2019-08-21', 12, 2270, 2270),
('CD0269', 'Subhani Pharmacy', 'Negombo', 'CSO713512862', '2019-08-21', 12, 5560.73, 2807.73),
('CD0240', 'Hiru Pharmacy', 'Katana', 'CSO713512864', '2019-08-22', 11, 19192.8, 19192.8),
('CD0240', 'Hiru Pharmacy', 'Katana', 'CSO713512865', '2019-08-22', 11, 9620, 9620),
('CD0356', 'Rusal Pharmacy - (Aloka Dr.)', 'Katana', 'CSO713512866', '2019-08-21', 12, 5705.87, 5705.87),
('COLD15104', 'S M Medicals', 'Negombo', 'CSO713512867', '2019-08-21', 12, 2481.5, 2481.5),
('CD0476', 'Dagonna Pharmacy  Mini Mart', 'Negombo', 'CSO713512868', '2019-08-21', 12, 53699.3, 53699.3),
('CD0476', 'Dagonna Pharmacy  Mini Mart', 'Negombo', 'CSO713512869', '2019-08-22', 11, 25660, 25660),
('CD0538', 'Ranmina Osusala', 'Negombo', 'CSO713512870', '2019-08-22', 11, 6128.11, 6128.11),
('COLD14611', 'Sasithma Pharmacy & Grocery', 'Ja-Ela', 'CSO713512872', '2019-08-22', 11, 5425, 5425),
('CD0147', 'Robert Medical', 'Negombo', 'CSO713512875', '2019-08-22', 11, 5181.2, 5181.2),
('CD0002', 'Abeysinghe Dr.', 'Bopitiya', 'CSO713512876', '2019-08-22', 11, 5721.7, 5721.7),
('CD0015', 'Ave Maria (Pvt) Hospital', 'Negombo', 'CSO713512877', '2019-08-22', 11, 18652, 18652),
('CD0081', 'Laxsri Pharmacy', 'Katunayake', 'CSO713512878', '2019-08-22', 11, 6934.2, 6934.2),
('CD0561', 'Union Pharmacy', 'Negombo', 'CSO713512880', '2019-08-22', 11, 1382.5, 1382.5),
('CD0185', 'Suwasala Pharmacy', 'Wattala', 'CSO713512881', '2019-08-23', 10, 3264.25, 3264.25),
('CD0555', 'Imedra Medicals(Pvt)Ltd', 'Ragama', 'CSO713512882', '2019-08-22', 11, 9663, 9663),
('CD0555', 'Imedra Medicals(Pvt)Ltd', 'Ragama', 'CSO713512883', '2019-08-22', 11, 2405, 2405),
('CD0141', 'Ragama Pharmacy', 'Ragama', 'CSO713512884', '2019-08-22', 11, 85899, 85899),
('CD0141', 'Ragama Pharmacy', 'Ragama', 'CSO713512885', '2019-08-22', 11, 24050, 24050),
('CD0083', 'Leesons Pharmacy', 'Ragama', 'CSO713512886', '2019-08-22', 11, 225077, 225077),
('CD0016', 'Ave Maria Pharmacy', 'Negombo', 'CSO713512887', '2019-08-22', 11, 3026.25, 3026.25),
('CD0025', 'City Pharmacy', 'Ragama', 'CSO713512888', '2019-08-22', 11, 5960, 5960),
('CD0254', 'Sahana Pharmacy', 'Ragama', 'CSO713512889', '2019-08-22', 11, 9912.5, 9912.5),
('CD0508', 'St. Joseph Pharmacy  Grocery', 'Ja-Ela', 'CSO713512890', '2019-08-22', 11, 6052.5, 6052.5),
('CD0254', 'Sahana Pharmacy', 'Ragama', 'CSO713512891', '2019-08-22', 11, 4810, 4810),
('CD0080', 'Lanka Pharmacy', 'Negombo', 'CSO713512892', '2019-08-22', 11, 36305, 36305),
('CD0088', 'Mahajana Osu Sala', 'Negombo', 'CSO713512893', '2019-08-22', 11, 1196.5, 1196.5),
('CD0508', 'St. Joseph Pharmacy  Grocery', 'Ja-Ela', 'CSO713512894', '2019-08-23', 10, 1515, 1515),
('CD0154', 'Sampath Pharmacy', 'Ragama', 'CSO713512895', '2019-08-23', 10, 14943.4, 14943.4),
('CD0154', 'Sampath Pharmacy', 'Ragama', 'CSO713512896', '2019-08-23', 10, 28860, 28860),
('CD0057', 'Hendala Pharmacy', 'Wattala', 'CSO713512897', '2019-08-23', 10, 8966.04, 8966.04),
('CD0149', 'Roswila Pharmacy', 'Wattala', 'CSO713512898', '2019-08-23', 10, 6723.1, 6723.1),
('CD0396', 'Hansi Pharmacy', 'Ja-Ela', 'CSO713512899', '2019-08-23', 10, 6264.92, 5961.92),
('CD0253', 'Chemi World', 'Enderamulla', 'CSO713512901', '2019-08-23', 10, 21789.9, 21789.9),
('CD0099', 'Milan Pharmacy', 'Wattala', 'CSO713512902', '2019-08-23', 10, 9386.4, 9386.4),
('COLD14348', 'Ashoka Pharmacy', 'Negombo', 'CSO713512905', '2019-08-23', 10, 2393, 2393),
('CD0525', 'Health  Glow Pharmacy - 2', 'Wattala', 'CSO713512906', '2019-08-23', 10, 17115.2, 17115.2),
('CD0136', 'Pharma Chemi', 'Wattala', 'CSO713512907', '2019-08-23', 10, 19837.2, 19837.2),
('COLD15133', 'Well Care Pharmacy', 'Katana', 'CSO713512908', '2019-08-23', 10, 721.5, 721.5),
('CD0111', 'New Pharmacy', 'Wattala', 'CSO713512909', '2019-08-23', 10, 17371.6, 17371.6),
('CD0052', 'Health  Glow Pharmacy', 'Wattala', 'CSO713512910', '2019-08-23', 10, 16316, 16316),
('CD0062', 'Isuri Pharmacy', 'Wattala', 'CSO713512911', '2019-08-23', 10, 11114.3, 11114.3),
('CD0549', 'Lakshan Chemist', 'Wattala', 'CSO713512912', '2019-08-23', 10, 9360, 7980),
('CD0249', 'Roshini Pharmacy', 'Ja-Ela', 'CSO713512915', '2019-08-24', 9, 1932.2, 1932.2),
('COLD14166', 'Thudella Pharmacy', 'Ja-Ela', 'CSO713512916', '2019-08-26', 7, 3665.23, 3665.23),
('CD0508', 'St. Joseph Pharmacy  Grocery', 'Ja-Ela', 'CSO713512917', '2019-08-24', 9, 24050, 24050),
('CD0125', 'Orient Pharmacy', 'Kandana', 'CSO713512918', '2019-08-26', 7, 18163.7, 18163.7),
('CD0149', 'Roswila Pharmacy', 'Wattala', 'CSO713512919', '2019-08-26', 7, 7215, 4880.99),
('CD0294', 'Bopitiya Pharmacy', 'Bopitiya', 'CSO713512920', '2019-08-26', 7, 56400, 56400),
('CD0130', 'Pamunugama Pharmacy', 'Bopitiya', 'CSO713512921', '2019-08-26', 7, 37600, 37600),
('CD0176', 'St. Marrys Pharmacy - KA', 'Katunayake', 'CSO713512922', '2019-08-26', 7, 4450, 2935),
('CD0080', 'Lanka Pharmacy', 'Negombo', 'CSO713512923', '2019-08-26', 7, 30534, 30534),
('CD0480', 'Thilana Pharmacy', 'Ja-Ela', 'CSO713512924', '2019-08-26', 7, 4916.25, 4916.25),
('CD0194', 'Unique Pharmacy', 'Negombo', 'CSO713512927', '2019-08-29', 4, 50890, 50890),
('CD0151', 'S  G Medicals', 'Negombo', 'CSO713512928', '2019-08-26', 7, 4810, 4810),
('CD0080', 'Lanka Pharmacy', 'Negombo', 'CSO713512929', '2019-08-26', 7, 10087.5, 10087.5),
('CD0263', 'Dissanayaka N.M.Dr.', 'Wattala', 'CSO713512930', '2019-08-26', 7, 12025, 12025),
('CD0078', 'Krishmo Pharmacy', 'Wattala', 'CSO713512931', '2019-08-26', 7, 4014.78, 4014.78),
('CD0547', 'New St. Joseph Pharmacy', 'Seeduwa', 'CSO713512932', '2019-08-26', 7, 5836, 5836),
('CD0365', 'Seeduwa Osusala', 'Seeduwa', 'CSO713512934', '2019-08-26', 7, 22593, 22593),
('CD0499', 'Shris Lanka Pharmacy', 'Seeduwa', 'CSO713512936', '2019-08-26', 7, 3658, 3658),
('CD0194', 'Unique Pharmacy', 'Negombo', 'CSO713512937', '2019-08-29', 4, 13045, 13045),
('CD0174', 'St. Judes Pharmacy', 'Seeduwa', 'CSO713512938', '2019-08-26', 7, 19820.7, 18090.7),
('CD0510', 'Sri Lak Pharmacy', 'Seeduwa', 'CSO713512939', '2019-08-26', 7, 21532.1, 19380.1),
('CD0123', 'Niwasi Pharmacy', 'Ja-Ela', 'CSO713512941', '2019-08-26', 7, 7379.26, 7379.26),
('CD0035', 'Ekala Pharmacy', 'Ja-Ela', 'CSO713512942', '2019-08-26', 7, 6565.73, 6565.73),
('CD0032', 'Digasiri Pharmacy', 'Ja-Ela', 'CSO713512943', '2019-08-26', 7, 1513, 1513),
('CD0508', 'St. Joseph Pharmacy  Grocery', 'Ja-Ela', 'CSO713512944', '2019-08-26', 7, 5699.5, 5699.5),
('CD0335', 'Calvary Medicals', 'Ja-Ela', 'CSO713512945', '2019-08-26', 7, 909, 909),
('COLD14611', 'Sasithma Pharmacy & Grocery', 'Ja-Ela', 'CSO713512946', '2019-08-26', 7, 3308, 3308),
('CD0104', 'Nawa Osusala', 'Ja-Ela', 'CSO713512947', '2019-08-28', 5, 22535.5, 22535.5),
('CD0254', 'Sahana Pharmacy', 'Ragama', 'CSO713512948', '2019-08-27', 6, 7460.8, 7460.8),
('CD0402', 'Pamunugama Osu Sala', 'Raddolugama', 'CSO713512949', '2019-08-27', 6, 41164.9, 41164.9),
('CD0140', 'Raddolugama Pharmacy', 'Raddolugama', 'CSO713512950', '2019-08-27', 6, 27181.7, 21573.2),
('CD0496', 'Alliance Pharmacy', 'Ragama', 'CSO713512951', '2019-08-27', 6, 4823, 4823),
('CD0249', 'Roshini Pharmacy', 'Ja-Ela', 'CSO713512952', '2019-08-27', 6, 7215, 7215),
('CD0561', 'Union Pharmacy', 'Negombo', 'CSO713512953', '2019-08-27', 6, 2566, 2566),
('CD0441', 'Isura Pharmacy', 'Ragama', 'CSO713512954', '2019-08-27', 6, 4217, 4217),
('CD0111', 'New Pharmacy', 'Wattala', 'CSO713512955', '2019-08-27', 6, 906, 906),
('CD0258', 'Rilaulla Pharmacy', 'Kandana', 'CSO713512956', '2019-08-27', 6, 25165.5, 25165.5),
('CD0080', 'Lanka Pharmacy', 'Negombo', 'CSO713512957', '2019-08-27', 6, 14430, 14430),
('CD0052', 'Health  Glow Pharmacy', 'Wattala', 'CSO713512958', '2019-08-27', 6, 3804.2, 3804.2),
('CD0163', 'Sethma Pharmacy', 'Kandana', 'CSO713512959', '2019-08-29', 4, 158826, 158826),
('CD0044', 'Gimshani Pharmacy', 'Kandana', 'CSO713512961', '2019-08-27', 6, 9748.91, 9748.91),
('CD0501', 'Jasmin Pharmacy  Grocery', 'Kandana', 'CSO713512962', '2019-08-27', 6, 7752, 7752),
('CD0459', 'Danya Pharmacy', 'Negombo', 'CSO713512963', '2019-08-27', 6, 8331.76, 8331.76),
('COLD13777', 'Royal Pharmacy - Kanda', 'Kandana', 'CSO713512964', '2019-08-27', 6, 10264.5, 10264.5),
('CD0126', 'Osu Sala', 'Kandana', 'CSO713512965', '2019-08-27', 6, 2095, 2095),
('CD0055', 'Healthline Pharmacy', 'Kandana', 'CSO713512966', '2019-08-27', 6, 10950.9, 7924.67),
('CD0498', 'Isura Pharmacy  Grocery', 'Katana', 'CSO713512967', '2019-08-27', 6, 4810, 4810),
('CD0130', 'Pamunugama Pharmacy', 'Bopitiya', 'CSO713512968', '2019-08-27', 6, 30879.8, 30879.8),
('CD0293', 'St. Joshep Pharmacy', 'Bopitiya', 'CSO713512969', '2019-08-27', 6, 15282.3, 13908.3),
('CD0541', 'Mabola Osusala', 'Wattala', 'CSO713512971', '2019-08-27', 6, 13478.2, 13478.2),
('CD0189', 'Thalahena Pharmacy', 'Negombo', 'CSO713512972', '2019-08-28', 5, 5892.11, 5892.11),
('COLD15046', 'Lakmi Pharmacy & Grocery', 'Negombo', 'CSO713512973', '2019-08-28', 5, 5801.25, 5801.25),
('CD0294', 'Bopitiya Pharmacy', 'Bopitiya', 'CSO713512974', '2019-08-28', 5, 12455.8, 11259.3),
('CD0468', 'Kandawala Pharmacy', 'Katana', 'CSO713512975', '2019-08-28', 5, 15366.9, 15366.9),
('CD0487', 'Healthcare Pharmacy  Family Needs', 'Raddolugama', 'CSO713512976', '2019-08-28', 5, 14869, 14869),
('CD0138', 'P.J. ENTERPRISES (PVT) Ltd.', 'Ja-Ela', 'CSO713512977', '2019-08-28', 5, 46085, 46085),
('CD0138', 'P.J. ENTERPRISES (PVT) Ltd.', 'Ja-Ela', 'CSO713512978', '2019-08-28', 5, 120250, 120250),
('CD0082', 'Leesons Hospital', 'Ragama', 'CSO713512979', '2019-08-28', 5, 425650, 425650),
('CD0082', 'Leesons Hospital', 'Ragama', 'CSO713512980', '2019-08-28', 5, 310700, 310700),
('CD0176', 'St. Marrys Pharmacy - KA', 'Katunayake', 'CSO713512981', '2019-08-28', 5, 7215, 7215),
('CD0052', 'Health  Glow Pharmacy', 'Wattala', 'CSO713512982', '2019-08-28', 5, 3849, 3849),
('CD0259', 'Crystal Pharmacy', 'Negombo', 'CSO713512984', '2019-08-30', 3, 13174.7, 13174.7),
('CD0194', 'Unique Pharmacy', 'Negombo', 'CSO713512985', '2019-08-29', 4, 61473.5, 61473.5),
('CD0256', 'X  Lab Pharmacy', 'Negombo', 'CSO713512986', '2019-08-28', 5, 18800, 18800),
('CD0184', 'Suwa Sarana (Osu Sala)', 'Negombo', 'CSO713512987', '2019-08-29', 4, 933, 933),
('CD0256', 'X  Lab Pharmacy', 'Negombo', 'CSO713512988', '2019-08-28', 5, 11417.8, 11417.8),
('CD0220', 'The Pharmacy', 'Negombo', 'CSO713512989', '2019-08-28', 5, 21538.6, 21538.6),
('COLD14555', 'Nawa Lanka Pharmacy', 'Negombo', 'CSO713512990', '2019-08-28', 5, 23672.3, 23672.3),
('CD0088', 'Mahajana Osu Sala', 'Negombo', 'CSO713512991', '2019-08-30', 3, 10952, 10952),
('CD0018', 'Better Health Pharmacy', 'Negombo', 'CSO713512992', '2019-08-28', 5, 32858.9, 32858.9),
('CD0107', 'New Central Pharmacy', 'Negombo', 'CSO713512993', '2019-08-28', 5, 16273, 16273),
('CD0087', 'M.P.C.S. (Osu Sala)', 'Negombo', 'CSO713512994', '2019-08-29', 4, 20929.7, 20929.7),
('COLD13957', 'Negombo Drugs', 'Negombo', 'CSO713512995', '2019-08-29', 4, 7073, 7073),
('CD0182', 'Supreem Pharmacy', 'Negombo', 'CSO713512996', '2019-08-29', 4, 4956.25, 4956.25),
('CD0078', 'Krishmo Pharmacy', 'Wattala', 'CSO713512997', '2019-08-29', 4, 2172.15, 2172.15),
('CD0145', 'Reliable Pharmacy', 'Ragama', 'CSO713512998', '2019-08-29', 4, 12601.1, 12601.1),
('CD0063', 'J  J Pharmacy', 'Negombo', 'CSO713512999', '2019-08-29', 4, 2766, 2766),
('CD0561', 'Union Pharmacy', 'Negombo', 'CSO713513000', '2019-08-29', 4, 13461.2, 13461.2),
('CD0023', 'City Medical', 'Negombo', 'CSO713513001', '2019-08-29', 4, 21451.2, 21451.2),
('CD0510', 'Sri Lak Pharmacy', 'Seeduwa', 'CSO713513002', '2019-08-29', 4, 4304, 4304),
('CD0052', 'Health  Glow Pharmacy', 'Wattala', 'CSO713513003', '2019-08-29', 4, 14430, 14430),
('CD0081', 'Laxsri Pharmacy', 'Katunayake', 'CSO713513004', '2019-08-29', 4, 6880, 6880),
('CD0228', 'Shanthi Pharmacy', 'Negombo', 'CSO713513005', '2019-08-29', 4, 32132.7, 32132.7),
('CD0228', 'Shanthi Pharmacy', 'Negombo', 'CSO713513006', '2019-08-30', 3, 25660, 25660),
('CD0167', 'Silveray Pharmacy', 'Negombo', 'CSO713513007', '2019-08-29', 4, 18764.9, 18764.9),
('CD0537', 'Medicare Pharmacy', 'Kandana', 'CSO713513008', '2019-08-29', 4, 4931, 4931),
('CD0154', 'Sampath Pharmacy', 'Ragama', 'CSO713513009', '2019-08-29', 4, 23625.9, 23625.9),
('CD0426', 'Jayasri Pharmacy', 'Ragama', 'CSO713513010', '2019-08-29', 4, 4810, 4810),
('CD0480', 'Thilana Pharmacy', 'Ja-Ela', 'CSO713513011', '2019-08-29', 4, 4810, 4810),
('CD0110', 'New Medicare', 'Katunayake', 'CSO713513012', '2019-08-29', 4, 3607.5, 3607.5),
('CD0141', 'Ragama Pharmacy', 'Ragama', 'CSO713513013', '2019-08-29', 4, 54717.1, 54717.1),
('CD0083', 'Leesons Pharmacy', 'Ragama', 'CSO713513014', '2019-08-29', 4, 73889.6, 73889.6),
('CD0025', 'City Pharmacy', 'Ragama', 'CSO713513015', '2019-08-29', 4, 4355.5, 4355.5),
('CD0254', 'Sahana Pharmacy', 'Ragama', 'CSO713513016', '2019-08-30', 3, 22298.2, 22298.2),
('CD0254', 'Sahana Pharmacy', 'Ragama', 'CSO713513017', '2019-08-29', 4, 4860, 4860),
('CD0536', 'Lion Pharmacy', 'Mahabage', 'CSO713513018', '2019-08-29', 4, 2405, 2405),
('CD0496', 'Alliance Pharmacy', 'Ragama', 'CSO713513019', '2019-08-29', 4, 2508.72, 2508.72),
('COLD14793', 'Peoples Pharmacy-Magabage', 'Mahabage', 'CSO713513020', '2019-08-29', 4, 7056.78, 7056.78),
('CD0158', 'Sathya Pharmacy', 'Wattala', 'CSO713513021', '2019-08-30', 3, 9620, 9620),
('CD0145', 'Reliable Pharmacy', 'Ragama', 'CSO713513022', '2019-08-30', 3, 13355.7, 13355.7),
('CD0057', 'Hendala Pharmacy', 'Wattala', 'CSO713513023', '2019-08-30', 3, 7215, 7215),
('CD0090', 'Maithree Perera Dr.', 'Wattala', 'CSO713513024', '2019-08-30', 3, 113277, 113277),
('CD0336', 'Family Care Pharmacy  Groceries', 'Wattala', 'CSO713513025', '2019-08-30', 3, 94000, 94000),
('CD0336', 'Family Care Pharmacy  Groceries', 'Wattala', 'CSO713513026', '2019-08-30', 3, 94000, 94000),
('CD0336', 'Family Care Pharmacy  Groceries', 'Wattala', 'CSO713513027', '2019-08-30', 3, 134320, 134320),
('CD0181', 'Super Medical', 'Negombo', 'CSO713513028', '2019-08-30', 3, 13193.6, 13193.6),
('CD0508', 'St. Joseph Pharmacy  Grocery', 'Ja-Ela', 'CSO713513029', '2019-08-30', 3, 2870, 2870),
('CD0141', 'Ragama Pharmacy', 'Ragama', 'CSO713513030', '2019-08-30', 3, 6052.5, 6052.5),
('CD0406', 'Browns Healthcare (Pvt) Ltd', 'Ragama', 'CSO713513031', '2019-08-30', 3, 581000, 368175),
('CD0016', 'Ave Maria Pharmacy', 'Negombo', 'CSO713513032', '2019-08-30', 3, 4810, 4810),
('CD0016', 'Ave Maria Pharmacy', 'Negombo', 'CSO713513033', '2019-08-30', 3, 4074.78, 4074.78),
('CD0090', 'Maithree Perera Dr.', 'Wattala', 'CSO713513034', '2019-08-30', 3, 6456, 6456),
('CD0158', 'Sathya Pharmacy', 'Wattala', 'CSO713513035', '2019-08-30', 3, 15376, 15376),
('CD0146', 'Rio Pharmacy', 'Hendala', 'CSO713513036', '2019-08-30', 3, 10812.7, 10812.7),
('CD0062', 'Isuri Pharmacy', 'Wattala', 'CSO713513037', '2019-08-30', 3, 4810, 4810),
('CD0111', 'New Pharmacy', 'Wattala', 'CSO713513038', '2019-08-30', 3, 15631.2, 15631.2),
('CD0549', 'Lakshan Chemist', 'Wattala', 'CSO713513040', '2019-08-30', 3, 13525.1, 13525.1),
('CD0062', 'Isuri Pharmacy', 'Wattala', 'CSO713513041', '2019-08-30', 3, 4944.72, 4944.72),
('CD0078', 'Krishmo Pharmacy', 'Wattala', 'CSO713513042', '2019-08-31', 2, 2676.52, 2676.52),
('CD0242', 'K. S. A. Medical', 'Negombo', 'CSO713513043', '2019-08-31', 2, 4810, 4810),
('CD0568', 'Healing Pharmacy', 'Negombo', 'CSO713513044', '2019-08-31', 2, 4810, 4810),
('CD0561', 'Union Pharmacy', 'Negombo', 'CSO713513045', '2019-08-31', 2, 3460, 3460),
('COLD14956', 'Sgaraika Pharmacy & Grocery', 'Ja-Ela', 'CSO713513046', '2019-08-31', 2, 721.5, 721.5),
('CD0088', 'Mahajana Osu Sala', 'Negombo', 'CSO713513047', '2019-08-31', 2, 30430, 30430),
('CD0346', 'Laksi Pharmacy', 'Peliyagoda', 'CSO713513048', '2019-08-31', 2, 9208.25, 9208.25),
('CD0052', 'Health  Glow Pharmacy', 'Wattala', 'CSO713513049', '2019-08-31', 2, 41482, 41482),
('CD0406', 'Browns Healthcare (Pvt) Ltd', 'Ragama', 'CSO713513050', '2019-08-31', 2, 212825, 212825),
('COLD14710', 'S. S. Pharmacy - Katunayake', 'Katunayake', 'CSO713513051', '2019-08-31', 2, 3011, 3011),
('CD0081', 'Laxsri Pharmacy', 'Katunayake', 'CSO713513052', '2019-08-31', 2, 17239.5, 17239.5),
('CD0132', 'Peoples Pharmacy', 'Raddolugama', 'CSO713513053', '2019-08-31', 2, 8981.88, 8981.88),
('CD0147', 'Robert Medical', 'Negombo', 'CSO713513054', '2019-08-31', 2, 11624.2, 11624.2),
('CD0547', 'New St. Joseph Pharmacy', 'Seeduwa', 'CSO713513055', '2019-08-31', 2, 6052.5, 6052.5),
('CD0510', 'Sri Lak Pharmacy', 'Seeduwa', 'CSO713513056', '2019-08-31', 2, 8479, 8479),
('CD0080', 'Lanka Pharmacy', 'Negombo', 'CSO713513058', '2019-09-02', 0, 101543, 101543),
('CD0476', 'Dagonna Pharmacy  Mini Mart', 'Negombo', 'CSO713513059', '2019-09-02', 0, 56400, 56400),
('CD0057', 'Hendala Pharmacy', 'Wattala', 'CSO713513060', '2019-09-02', 0, 10941.2, 10941.2),
('CD0192', 'Thrithva Pharmacy', 'Ja-Ela', 'CSO713513061', '2019-09-02', 0, 6679.5, 6679.5),
('CD0104', 'Nawa Osusala', 'Ja-Ela', 'CSO713513062', '2019-09-02', 0, 13313.5, 13313.5),
('CD0549', 'Lakshan Chemist', 'Wattala', 'CSO713513063', '2019-09-02', 0, 2800, 2800),
('CD0160', 'Seeduwa Medicals', 'Seeduwa', 'CSO713513064', '2019-09-02', 0, 61806.5, 61806.5),
('CD0348', 'Golden Chemist', 'Ragama', 'CSO713513065', '2019-09-02', 0, 12025, 12025),
('CD0163', 'Sethma Pharmacy', 'Kandana', 'CSO713513068', '2019-09-02', 0, 11995, 11995),
('CD0082', 'Leesons Hospital', 'Ragama', 'CSO713513069', '2019-09-02', 0, 111912, 111912),
('CD0082', 'Leesons Hospital', 'Ragama', 'CSO713513072', '2019-09-02', 0, 143000, 143000),
('CD0527', 'Krishantha Gunathilake Dr.', 'Wattala', 'CSO713513073', '2019-09-02', 0, 2817.4, 2817.4),
('CD0359', 'Anoja Dr.', 'Seeduwa', 'CSO713513074', '2019-09-02', 0, 14350, 14350),
('CD0359', 'Anoja Dr.', 'Seeduwa', 'CSO713513075', '2019-09-02', 0, 19360, 19360),
('CD0020', 'Cash Customer - Colombo D', 'Negombo', 'CSODSR3000170', '2017-09-29', 703, 6819.18, 6819.18),
('CD0052', 'Health  Glow Pharmacy', 'Wattala', 'CSODSR3000493', '2017-10-18', 684, 57753.2, 56718.7),
('CD0082', 'Leesons Hospital', 'Ragama', 'CSODSR3000867', '2017-11-10', 661, 3750, 3750),
('CD0402', 'Pamunugama Osu Sala', 'Raddolugama', 'CSODSR3001004', '2017-11-18', 653, 3134, 3134),
('CD0402', 'Pamunugama Osu Sala', 'Raddolugama', 'CSODSR3001059', '2017-11-23', 648, 25319.7, 25319.7),
('CD0020', 'Cash Customer - Colombo D', 'Negombo', 'CSODSR3001232', '2017-12-02', 639, 3134, 3134),
('CD0402', 'Pamunugama Osu Sala', 'Raddolugama', 'CSODSR3001262', '2017-12-04', 637, 4729.5, 4729.5),
('CD0249', 'Roshini Pharmacy', 'Ja-Ela', 'CSODSR3001327', '2017-12-07', 634, 9617.84, 9617.84),
('CD0402', 'Pamunugama Osu Sala', 'Raddolugama', 'CSODSR3001376', '2017-12-11', 630, 35680.9, 35680.9),
('CD0020', 'Cash Customer - Colombo D', 'Negombo', 'CSODSR3001750', '2018-01-03', 607, 2059.64, 2059.64),
('CD0020', 'Cash Customer - Colombo D', 'Negombo', 'CSODSR3001916', '2018-01-13', 597, 1445, 1445),
('CD0020', 'Cash Customer - Colombo D', 'Negombo', 'CSODSR3001925', '2018-01-15', 595, 4175.65, 4175.65),
('CD0424', 'Shara Chemist', 'Ragama', 'CSODSR3004494', '2018-06-13', 446, 81523.4, 81523.4),
('CD0133', 'Peoples Pharmacy  Grocery', 'Wattala', 'CSODSR3004521', '2018-06-14', 445, 24876.1, 24876.1),
('CD0481', 'Reliance Pharmacy', 'Negombo', 'CSODSR3004641', '2018-06-20', 439, 13784.8, 13784.8),
('CD0110', 'New Medicare', 'Katunayake', 'CSODSR3004687', '2018-06-21', 438, 3375, 3375),
('CD0560', 'Fernando W.K.S. Dr.', 'Negombo', 'CSODSR3004709', '2018-06-22', 437, 9769.6, 9769.6),
('CD0168', 'Sriee Pharmacy', 'Negombo', 'CSODSR3005180', '2018-07-18', 411, 14243.3, 14243.3),
('CD0020', 'Cash Customer - Colombo D', 'Negombo', 'CSODSR3005213', '2018-07-19', 410, 3134, 3134),
('CD0540', 'Lak Osusala', 'Seeduwa', 'CSODSR3005438', '2018-08-01', 397, 73750, 73750),
('COLD13901', 'Siyapatha Pharmacy', 'Ragama', 'CSODSR3006205', '2018-09-26', 341, 1045, 1045),
('CD0402', 'Pamunugama Osu Sala', 'Raddolugama', 'CSODSR3006478', '2018-10-08', 329, 3614, 3614),
('COLD13809', 'Lakshi Pharmacy', 'Negombo', 'CSODSR3006486', '2018-10-09', 328, 13249.8, 13249.8),
('CD0020', 'Cash Customer - Colombo D', 'Negombo', 'CSODSR3006748', '2018-10-22', 315, 2609, 2609),
('CD0220', 'The Pharmacy', 'Negombo', 'CSODSR3006842', '2018-10-29', 308, 20097.4, 20097.4),
('CD0020', 'Cash Customer - Colombo D', 'Negombo', 'CSODSR3006851', '2018-10-29', 308, 1297, 1297),
('CD0561', 'Union Pharmacy', 'Negombo', 'CSODSR3006893', '2018-10-31', 306, 9931.11, 7996.33),
('CD0020', 'Cash Customer - Colombo D', 'Negombo', 'CSODSR3006932', '2018-11-01', 305, 626.09, 626.09),
('COLD14348', 'Ashoka Pharmacy', 'Negombo', 'CSODSR3007097', '2018-11-10', 296, 12817, 12817),
('CD0220', 'The Pharmacy', 'Negombo', 'CSODSR3007169', '2018-11-14', 292, 25973.8, 4696.5),
('CD0020', 'Cash Customer - Colombo D', 'Negombo', 'CSODSR3007180', '2018-11-14', 292, 21428.1, 21428.1),
('CD0020', 'Cash Customer - Colombo D', 'Negombo', 'CSODSR3007261', '2018-11-19', 287, 11024, 11024),
('CD0540', 'Lak Osusala', 'Seeduwa', 'CSODSR3007276', '2018-11-19', 287, 23900, 23900),
('CD0016', 'Ave Maria Pharmacy', 'Negombo', 'CSODSR3007343', '2018-11-26', 280, 7760.04, 7760.04),
('COLD13809', 'Lakshi Pharmacy', 'Negombo', 'CSODSR3007423', '2018-11-29', 277, 21835.9, 21835.9),
('CD0128', 'Osu Sala Wattala', 'Wattala', 'CSODSR3007451', '2018-12-03', 273, 34299.1, 2750),
('CD0447', 'N.S. Medical', 'Seeduwa', 'CSODSR3007523', '2018-12-03', 273, 125218, 125218),
('CD0474', 'Pradipa Osusala  Grocery', 'Negombo', 'CSODSR3007578', '2018-12-07', 269, 10396.6, 7415.83),
('CD0023', 'City Medical', 'Negombo', 'CSODSR3007605', '2018-12-08', 268, 40942.5, 40942.5),
('CD0057', 'Hendala Pharmacy', 'Wattala', 'CSODSR3007621', '2018-12-10', 266, 23840.9, 313.69),
('CD0184', 'Suwa Sarana (Osu Sala)', 'Negombo', 'CSODSR3007704', '2018-12-14', 262, 18088.1, 18088.1),
('CD0012', 'Asiri Pharmacy', 'Ja-Ela', 'CSODSR3007720', '2018-12-15', 261, 2696, 2696),
('CD0167', 'Silveray Pharmacy', 'Negombo', 'CSODSR3007765', '2018-12-18', 258, 40234.5, 40234.5),
('COLD14555', 'Nawa Lanka Pharmacy', 'Negombo', 'CSODSR3007839', '2018-12-21', 255, 44732.6, 44732.6),
('CD0057', 'Hendala Pharmacy', 'Wattala', 'CSODSR3007847', '2018-12-21', 255, 19301.3, 313),
('CD0089', 'Mahajana Pharmacy', 'Peliyagoda', 'CSODSR3007851', '2018-12-24', 252, 7670.96, 5676.96),
('CD0020', 'Cash Customer - Colombo D', 'Negombo', 'CSODSR3007968', '2019-01-02', 243, 99042, 99042),
('CD0020', 'Cash Customer - Colombo D', 'Negombo', 'CSODSR3007971', '2019-01-01', 244, 5218, 5218),
('CD0182', 'Supreem Pharmacy', 'Negombo', 'CSODSR3008069', '2019-01-08', 237, 7099.11, 7099.11),
('CD0163', 'Sethma Pharmacy', 'Kandana', 'CSODSR3008072', '2019-01-08', 237, 184014, 14202.9),
('CD0181', 'Super Medical', 'Negombo', 'CSODSR3008122', '2019-01-09', 236, 24120, 3379.5),
('CD0182', 'Supreem Pharmacy', 'Negombo', 'CSODSR3008139', '2019-01-10', 235, 13383.4, 13383.4),
('CD0452', 'Welikala G. A. J. Dr.', 'Raddolugama', 'CSODSR3008251', '2019-01-17', 228, 757, 757),
('CD0240', 'Hiru Pharmacy', 'Katana', 'CSODSR3008306', '2019-01-21', 224, 57053.3, 13218),
('CD0089', 'Mahajana Pharmacy', 'Peliyagoda', 'CSODSR3008310', '2019-01-21', 224, 6727.1, 6727.1),
('CD0348', 'Golden Chemist', 'Ragama', 'CSODSR3008350', '2019-01-23', 222, 9531.06, 9531.06),
('CD0182', 'Supreem Pharmacy', 'Negombo', 'CSODSR3008364', '2019-01-23', 222, 10633.8, 10633.8),
('COLD14348', 'Ashoka Pharmacy', 'Negombo', 'CSODSR3008395', '2019-01-25', 220, 3865.86, 3865.86),
('CD0083', 'Leesons Pharmacy', 'Ragama', 'CSODSR3008397', '2019-01-25', 220, 19900, 19900),
('CD0194', 'Unique Pharmacy', 'Negombo', 'CSODSR3008410', '2019-01-25', 220, 6782.64, 6167.64),
('CD0259', 'Crystal Pharmacy', 'Negombo', 'CSODSR3008465', '2019-01-28', 217, 65180.1, 58197),
('CD0182', 'Supreem Pharmacy', 'Negombo', 'CSODSR3008472', '2019-01-30', 215, 3280, 1910),
('CD0486', 'Royal Pharmacy Lanka (Pvt) Ltd.', 'Negombo', 'CSODSR3008477', '2019-01-29', 216, 28217.4, 28217.4),
('CD0163', 'Sethma Pharmacy', 'Kandana', 'CSODSR3008490', '2019-01-30', 215, 150116, 2350.64),
('CD0447', 'N.S. Medical', 'Seeduwa', 'CSODSR3008499', '2019-01-30', 215, 37027.5, 37027.5),
('CD0133', 'Peoples Pharmacy  Grocery', 'Wattala', 'CSODSR3008522', '2019-01-31', 214, 123393, 119399),
('CD0486', 'Royal Pharmacy Lanka (Pvt) Ltd.', 'Negombo', 'CSODSR3008535', '2019-01-31', 214, 108200, 4880),
('CD0020', 'Cash Customer - Colombo D', 'Negombo', 'CSODSR3008551', '2019-02-01', 213, 33878, 33878),
('CD0020', 'Cash Customer - Colombo D', 'Negombo', 'CSODSR3008552', '2019-02-01', 213, 6278.37, 6278.37),
('CD0546', 'Kolitha Jayasundara Dr.', 'Ragama', 'CSODSR3008559', '2019-02-01', 213, 4182.6, 4182.6),
('CD0033', 'Dissanayake (Pvt) Hospital', 'Negombo', 'CSODSR3008646', '2019-02-06', 208, 18262.5, 18262),
('CD0348', 'Golden Chemist', 'Ragama', 'CSODSR3008740', '2019-02-11', 203, 17605, 17605),
('CD0547', 'New St. Joseph Pharmacy', 'Seeduwa', 'CSODSR3008837', '2019-02-15', 199, 4717.42, 1350.82),
('CD0080', 'Lanka Pharmacy', 'Negombo', 'CSODSR3008855', '2019-02-16', 198, 30860, 30860),
('CD0016', 'Ave Maria Pharmacy', 'Negombo', 'CSODSR3008880', '2019-02-18', 196, 3880.02, 3880.02),
('COLD14348', 'Ashoka Pharmacy', 'Negombo', 'CSODSR3008940', '2019-02-23', 191, 12174, 12174),
('CD0182', 'Supreem Pharmacy', 'Negombo', 'CSODSR3008953', '2019-02-23', 191, 18652.3, 2608.91),
('CD0194', 'Unique Pharmacy', 'Negombo', 'CSODSR3009020', '2019-02-26', 188, 86089, 5218),
('CD0259', 'Crystal Pharmacy', 'Negombo', 'CSODSR3009040', '2019-02-27', 187, 62898.1, 62898.1),
('CD0406', 'Browns Healthcare (Pvt) Ltd', 'Ragama', 'CSODSR3009043', '2019-02-27', 187, 1820, 1820),
('CD0141', 'Ragama Pharmacy', 'Ragama', 'CSODSR3009045', '2019-02-27', 187, 135143, 4186),
('CD0256', 'X  Lab Pharmacy', 'Negombo', 'CSODSR3009048', '2019-02-27', 187, 25880.1, 1882),
('CD0083', 'Leesons Pharmacy', 'Ragama', 'CSODSR3009060', '2019-02-28', 186, 2865.03, 2865.03),
('CD0561', 'Union Pharmacy', 'Negombo', 'CSODSR3009082', '2019-03-01', 185, 2253.96, 2253.96),
('CD0163', 'Sethma Pharmacy', 'Kandana', 'CSODSR3009113', '2019-03-01', 185, 40942.5, 34416.4),
('CD0348', 'Golden Chemist', 'Ragama', 'CSODSR3009114', '2019-03-01', 185, 10557.9, 10557.9),
('CD0020', 'Cash Customer - Colombo D', 'Negombo', 'CSODSR3009127', '2019-03-01', 185, 2696, 2696),
('CD0063', 'J  J Pharmacy', 'Negombo', 'CSODSR3009374', '2019-03-14', 172, 3271.5, 3271.5),
('CD0474', 'Pradipa Osusala  Grocery', 'Negombo', 'CSODSR3009546', '2019-03-22', 164, 11464.9, 3081),
('CD0141', 'Ragama Pharmacy', 'Ragama', 'CSODSR3009607', '2019-03-29', 157, 80004.7, 1369),
('CD0133', 'Peoples Pharmacy  Grocery', 'Wattala', 'CSODSR3009700', '2019-03-30', 156, 114472, 11347),
('CD0174', 'St. Judes Pharmacy', 'Seeduwa', 'CSODSR3009824', '2019-04-05', 150, 5618, 3819),
('COLD14555', 'Nawa Lanka Pharmacy', 'Negombo', 'CSODSR3010171', '2019-04-27', 128, 2782, 2782),
('CD0259', 'Crystal Pharmacy', 'Negombo', 'CSODSR3010278', '2019-05-03', 122, 127438, 1909.97),
('CD0406', 'Browns Healthcare (Pvt) Ltd', 'Ragama', 'CSODSR3010360', '2019-05-08', 117, 38300, 38300),
('CD0220', 'The Pharmacy', 'Negombo', 'CSODSR3010377', '2019-05-09', 116, 40080.4, 1799),
('CD0061', 'Ishara Pharmacy', 'Ja-Ela', 'CSODSR3010390', '2019-05-09', 116, 49324.7, 47665.6),
('CD0194', 'Unique Pharmacy', 'Negombo', 'CSODSR3010391', '2019-05-10', 115, 121065, 1353),
('CD0406', 'Browns Healthcare (Pvt) Ltd', 'Ragama', 'CSODSR3010531', '2019-05-22', 103, 182821, 200),
('CD0194', 'Unique Pharmacy', 'Negombo', 'CSODSR3010591', '2019-05-24', 101, 102778, 7715),
('CD0194', 'Unique Pharmacy', 'Negombo', 'CSODSR3010688', '2019-05-30', 95, 13914.4, 3130),
('CD0441', 'Isura Pharmacy', 'Ragama', 'CSODSR3010689', '2019-05-29', 96, 2078, 2078),
('CD0004', 'Amara Sellamutthu Dr.', 'Ja-Ela', 'CSODSR3010705', '2019-05-30', 95, 4926.95, 4926.95),
('CD0441', 'Isura Pharmacy', 'Ragama', 'CSODSR3010707', '2019-05-30', 95, 2025, 2025),
('CD0524', 'Dewa Pharmacy', 'Ragama', 'CSODSR3010749', '2019-06-01', 93, 48319, 1),
('CD0190', 'The Pharmaco (Pvt) Ltd.,', 'Negombo', 'CSODSR3010770', '2019-06-01', 93, 34003.6, 34003.6),
('CD0365', 'Seeduwa Osusala', 'Seeduwa', 'CSODSR3010793', '2019-06-03', 91, 8099.68, 8099.68),
('CD0255', 'Lions Sight Hospital', 'Wattala', 'CSODSR3010843', '2019-06-03', 91, 31750, 31750),
('COLD14793', 'Peoples Pharmacy-Magabage', 'Mahabage', 'CSODSR3010961', '2019-06-11', 83, 15386, 15386),
('CD0194', 'Unique Pharmacy', 'Negombo', 'CSODSR3011017', '2019-06-13', 81, 12200, 12200),
('CD0055', 'Healthline Pharmacy', 'Kandana', 'CSODSR3011098', '2019-06-19', 75, 22669.3, 4726.96),
('CD0141', 'Ragama Pharmacy', 'Ragama', 'CSODSR3011115', '2019-06-19', 75, 9391.5, 9391.5),
('CD0348', 'Golden Chemist', 'Ragama', 'CSODSR3011119', '2019-06-21', 73, 6765.24, 6765.24),
('CD0107', 'New Central Pharmacy', 'Negombo', 'CSODSR3011131', '2019-06-20', 74, 44760, 44760),
('COLD13957', 'Negombo Drugs', 'Negombo', 'CSODSR3011186', '2019-06-21', 73, 8952, 8952),
('CD0469', 'Asiri Pharmacy  Grocery', 'Negombo', 'CSODSR3011191', '2019-06-20', 74, 23822.5, 21909.4),
('CD0541', 'Mabola Osusala', 'Wattala', 'CSODSR3011202', '2019-06-21', 73, 5968, 300),
('CD0083', 'Leesons Pharmacy', 'Ragama', 'CSODSR3011209', '2019-06-21', 73, 7344, 7344),
('CD0257', 'Nirodha Pharmacy', 'Badalgama', 'CSODSR3011257', '2019-06-24', 70, 14839.4, 11060),
('CD0540', 'Lak Osusala', 'Seeduwa', 'CSODSR3011259', '2019-06-25', 69, 143300, 143300),
('CD0083', 'Leesons Pharmacy', 'Ragama', 'CSODSR3011260', '2019-06-24', 70, 9342, 9342),
('CD0455', 'Suwasala Pharmacy', 'Negombo', 'CSODSR3011266', '2019-06-27', 67, 12613.6, 12613.6),
('CD0174', 'St. Judes Pharmacy', 'Seeduwa', 'CSODSR3011269', '2019-06-25', 69, 93859.4, 93859.4),
('CD0107', 'New Central Pharmacy', 'Negombo', 'CSODSR3011274', '2019-06-25', 69, 9537.48, 9537.48),
('CD0083', 'Leesons Pharmacy', 'Ragama', 'CSODSR3011281', '2019-06-25', 69, 2078, 2078),
('CD0540', 'Lak Osusala', 'Seeduwa', 'CSODSR3011344', '2019-06-29', 65, 143300, 143300),
('CD0141', 'Ragama Pharmacy', 'Ragama', 'CSODSR3011345', '2019-06-28', 66, 97176.2, 97176.2),
('CD0220', 'The Pharmacy', 'Negombo', 'CSODSR3011353', '2019-06-28', 66, 42605.3, 41795.3),
('CD0023', 'City Medical', 'Negombo', 'CSODSR3011361', '2019-07-01', 63, 44390.6, 1478),
('CD0190', 'The Pharmaco (Pvt) Ltd.,', 'Negombo', 'CSODSR3011370', '2019-06-29', 65, 35066.2, 35066.2),
('CD0020', 'Cash Customer - Colombo D', 'Negombo', 'CSODSR3011372', '2019-06-29', 65, 18261, 18261),
('CD0255', 'Lions Sight Hospital', 'Wattala', 'CSODSR3011383', '2019-07-01', 63, 31700, 31700),
('CD0494', 'Sudesh Pharmacy  Grocery', 'Wattala', 'CSODSR3011388', '2019-07-01', 63, 10576.9, 810),
('CD0486', 'Royal Pharmacy Lanka (Pvt) Ltd.', 'Negombo', 'CSODSR3011396', '2019-07-01', 63, 54502.6, 753),
('CD0174', 'St. Judes Pharmacy', 'Seeduwa', 'CSODSR3011399', '2019-07-01', 63, 43800, 43800),
('CD0540', 'Lak Osusala', 'Seeduwa', 'CSODSR3011410', '2019-07-01', 63, 214950, 214950),
('CD0141', 'Ragama Pharmacy', 'Ragama', 'CSODSR3011433', '2019-07-01', 63, 27380.2, 27380.2),
('CD0088', 'Mahajana Osu Sala', 'Negombo', 'CSODSR3011439', '2019-07-01', 63, 109892, 4533.5),
('COLD14793', 'Peoples Pharmacy-Magabage', 'Mahabage', 'CSODSR3011440', '2019-07-01', 63, 9329.26, 9329.26),
('CD0083', 'Leesons Pharmacy', 'Ragama', 'CSODSR3011444', '2019-07-01', 63, 6087, 6087),
('CD0365', 'Seeduwa Osusala', 'Seeduwa', 'CSODSR3011487', '2019-07-05', 59, 9396, 9396),
('COLD13809', 'Lakshi Pharmacy', 'Negombo', 'CSODSR3011491', '2019-07-05', 59, 21811.1, 21811.1),
('CD0469', 'Asiri Pharmacy  Grocery', 'Negombo', 'CSODSR3011495', '2019-07-06', 58, 16110.4, 16110.4),
('CD0253', 'Chemi World', 'Enderamulla', 'CSODSR3011503', '2019-07-08', 56, 18431.2, 18431.2),
('CD0496', 'Alliance Pharmacy', 'Ragama', 'CSODSR3011512', '2019-07-08', 56, 9470, 9470),
('CD0469', 'Asiri Pharmacy  Grocery', 'Negombo', 'CSODSR3011513', '2019-07-08', 56, 7533.47, 4375.64),
('CD0124', 'Orient Pharmacy', 'Averiwatta', 'CSODSR3011518', '2019-07-08', 56, 44017.8, 43603),
('CD0194', 'Unique Pharmacy', 'Negombo', 'CSODSR3011520', '2019-07-08', 56, 54075, 283),
('CD0455', 'Suwasala Pharmacy', 'Negombo', 'CSODSR3011539', '2019-07-08', 56, 14513.5, 14513.5),
('CD0496', 'Alliance Pharmacy', 'Ragama', 'CSODSR3011561', '2019-07-10', 54, 2356.54, 2356.54),
('CD0356', 'Rusal Pharmacy - (Aloka Dr.)', 'Katana', 'CSODSR3011563', '2019-07-10', 54, 12370.5, 12370.5),
('CD0141', 'Ragama Pharmacy', 'Ragama', 'CSODSR3011567', '2019-07-12', 52, 145962, 137874),
('CD0540', 'Lak Osusala', 'Seeduwa', 'CSODSR3011570', '2019-07-10', 54, 358250, 358250),
('CD0083', 'Leesons Pharmacy', 'Ragama', 'CSODSR3011578', '2019-07-10', 54, 5484, 5484),
('CD0256', 'X  Lab Pharmacy', 'Negombo', 'CSODSR3011583', '2019-07-11', 53, 1433, 1433),
('CD0194', 'Unique Pharmacy', 'Negombo', 'CSODSR3011593', '2019-07-11', 53, 56482.5, 56482.5),
('CD0023', 'City Medical', 'Negombo', 'CSODSR3011615', '2019-07-18', 46, 21245.1, 21245.1),
('CD0486', 'Royal Pharmacy Lanka (Pvt) Ltd.', 'Negombo', 'CSODSR3011618', '2019-07-13', 51, 84270, 84270),
('COLD14166', 'Thudella Pharmacy', 'Ja-Ela', 'CSODSR3011630', '2019-07-13', 51, 1852, 1200),
('CD0082', 'Leesons Hospital', 'Ragama', 'CSODSR3011634', '2019-07-13', 51, 51320, 51320),
('CD0020', 'Cash Customer - Colombo D', 'Negombo', 'CSODSR3011637', '2019-07-13', 51, 21248.5, 21248.5),
('CD0111', 'New Pharmacy', 'Wattala', 'CSODSR3011642', '2019-07-15', 49, 59649, 58421),
('CD0128', 'Osu Sala Wattala', 'Wattala', 'CSODSR3011646', '2019-07-15', 49, 76987.7, 76987.7),
('CD0424', 'Shara Chemist', 'Ragama', 'CSODSR3011651', '2019-07-15', 49, 82550.2, 202),
('CD0164', 'Shanthi Vidya Nivasa', 'Katana', 'CSODSR3011659', '2019-07-15', 49, 30435, 30435),
('CD0406', 'Browns Healthcare (Pvt) Ltd', 'Ragama', 'CSODSR3011661', '2019-07-15', 49, 51320, 30792),
('CD0496', 'Alliance Pharmacy', 'Ragama', 'CSODSR3011677', '2019-07-18', 46, 1914, 1914),
('CD0259', 'Crystal Pharmacy', 'Negombo', 'CSODSR3011684', '2019-07-18', 46, 67423.3, 64353.3),
('CD0441', 'Isura Pharmacy', 'Ragama', 'CSODSR3011686', '2019-07-17', 47, 20625.4, 19991.4),
('CD0141', 'Ragama Pharmacy', 'Ragama', 'CSODSR3011692', '2019-07-18', 46, 129876, 127659),
('CD0496', 'Alliance Pharmacy', 'Ragama', 'CSODSR3011693', '2019-07-18', 46, 6172.62, 6172.62),
('CD0242', 'K. S. A. Medical', 'Negombo', 'CSODSR3011698', '2019-07-18', 46, 44054.2, 44054.2),
('CD0182', 'Supreem Pharmacy', 'Negombo', 'CSODSR3011703', '2019-07-18', 46, 663, 663),
('CD0107', 'New Central Pharmacy', 'Negombo', 'CSODSR3011706', '2019-07-18', 46, 47350, 47350),
('CD0083', 'Leesons Pharmacy', 'Ragama', 'CSODSR3011711', '2019-07-19', 45, 9631, 9631),
('CD0057', 'Hendala Pharmacy', 'Wattala', 'CSODSR3011719', '2019-07-19', 45, 19785.3, 19785.3),
('CD0138', 'P.J. ENTERPRISES (PVT) Ltd.', 'Ja-Ela', 'CSODSR3011721', '2019-07-19', 45, 35980, 35980),
('CD0082', 'Leesons Hospital', 'Ragama', 'CSODSR3011724', '2019-07-19', 45, 26080, 26080),
('CD0508', 'St. Joseph Pharmacy  Grocery', 'Ja-Ela', 'CSODSR3011731', '2019-07-19', 45, 25680, 25680),
('CD0138', 'P.J. ENTERPRISES (PVT) Ltd.', 'Ja-Ela', 'CSODSR3011735', '2019-07-19', 45, 151699, 151699),
('CD0141', 'Ragama Pharmacy', 'Ragama', 'CSODSR3011736', '2019-07-19', 45, 18023, 18023),
('CD0406', 'Browns Healthcare (Pvt) Ltd', 'Ragama', 'CSODSR3011742', '2019-07-20', 44, 349856, 349856),
('CD0406', 'Browns Healthcare (Pvt) Ltd', 'Ragama', 'CSODSR3011754', '2019-07-22', 42, 86608.4, 78130.1),
('CD0181', 'Super Medical', 'Negombo', 'CSODSR3011758', '2019-07-22', 42, 58430.5, 58430.5),
('CD0083', 'Leesons Pharmacy', 'Ragama', 'CSODSR3011761', '2019-07-22', 42, 4000, 4000),
('CD0071', 'Kalidson Pharmacy', 'Negombo', 'CSODSR3011762', '2019-07-22', 42, 5880, 5880),
('CD0071', 'Kalidson Pharmacy', 'Negombo', 'CSODSR3011763', '2019-07-22', 42, 8235.07, 8235.07),
('CD0182', 'Supreem Pharmacy', 'Negombo', 'CSODSR3011765', '2019-07-24', 40, 18534, 18534),
('CD0243', 'Suwa Setha Pharmacy', 'Badalgama', 'CSODSR3011766', '2019-07-26', 38, 6387.17, 6387.17),
('CD0164', 'Shanthi Vidya Nivasa', 'Katana', 'CSODSR3011768', '2019-07-26', 38, 16215.2, 15269.9),
('CD0164', 'Shanthi Vidya Nivasa', 'Katana', 'CSODSR3011769', '2019-07-23', 41, 3450, 3450),
('CD0240', 'Hiru Pharmacy', 'Katana', 'CSODSR3011773', '2019-07-26', 38, 30270.4, 24390.4),
('CD0240', 'Hiru Pharmacy', 'Katana', 'CSODSR3011774', '2019-07-26', 38, 5947.5, 5947.5),
('CD0164', 'Shanthi Vidya Nivasa', 'Katana', 'CSODSR3011775', '2019-07-23', 41, 14830.1, 14830.1),
('CD0045', 'Gold Crest Pharmacy', 'Seeduwa', 'CSODSR3011777', '2019-07-22', 42, 16512, 16512),
('CD0242', 'K. S. A. Medical', 'Negombo', 'CSODSR3011779', '2019-07-22', 42, 8256, 8256),
('CD0099', 'Milan Pharmacy', 'Wattala', 'CSODSR3011780', '2019-07-22', 42, 21312, 13056),
('COLD12316', 'Lakshman Fernando Dr.', 'Hunupitiya', 'CSODSR3011783', '2019-07-22', 42, 12610, 12610),
('CD0498', 'Isura Pharmacy  Grocery', 'Katana', 'CSODSR3011784', '2019-07-22', 42, 21312, 21312),
('CD0088', 'Mahajana Osu Sala', 'Negombo', 'CSODSR3011786', '2019-07-22', 42, 47350, 4735),
('CD0528', 'Orient Pharmacy', 'Negombo', 'CSODSR3011790', '2019-07-22', 42, 15321.1, 15321.1),
('CD0088', 'Mahajana Osu Sala', 'Negombo', 'CSODSR3011791', '2019-07-22', 42, 4251, 4251),
('CD0088', 'Mahajana Osu Sala', 'Negombo', 'CSODSR3011796', '2019-07-22', 42, 22078, 22078),
('CD0393', 'Kumar Senadeera Dr.', 'Negombo', 'CSODSR3011800', '2019-07-23', 41, 43020, 43020),
('CD0470', 'Best Way Pharmacy', 'Negombo', 'CSODSR3011802', '2019-07-23', 41, 2125.5, 2125.5),
('CD0141', 'Ragama Pharmacy', 'Ragama', 'CSODSR3011810', '2019-07-25', 39, 10432.5, 10432.5),
('CD0496', 'Alliance Pharmacy', 'Ragama', 'CSODSR3011811', '2019-07-23', 41, 6408.53, 6008.53),
('CD0147', 'Robert Medical', 'Negombo', 'CSODSR3011813', '2019-07-23', 41, 30925, 30925),
('CD0084', 'Leo Pharmacy', 'Negombo', 'CSODSR3011817', '2019-07-24', 40, 1535, 1535),
('CD0141', 'Ragama Pharmacy', 'Ragama', 'CSODSR3011819', '2019-07-25', 39, 39537.5, 39537.5),
('CD0138', 'P.J. ENTERPRISES (PVT) Ltd.', 'Ja-Ela', 'CSODSR3011823', '2019-07-24', 40, 42324, 17635),
('CD0029', 'Dassanayake Iresha S. Dr.', 'Negombo', 'CSODSR3011827', '2019-07-24', 40, 6820, 6820),
('CD0492', 'Radiant Eye Hospital', 'Seeduwa', 'CSODSR3011829', '2019-07-24', 40, 5325, 5325),
('CD0141', 'Ragama Pharmacy', 'Ragama', 'CSODSR3011830', '2019-07-25', 39, 171200, 171200),
('CD0146', 'Rio Pharmacy', 'Hendala', 'CSODSR3011831', '2019-07-24', 40, 6087.32, 6087.32),
('CD0163', 'Sethma Pharmacy', 'Kandana', 'CSODSR3011832', '2019-07-24', 40, 210895, 164972),
('COLD14348', 'Ashoka Pharmacy', 'Negombo', 'CSODSR3011833', '2019-07-24', 40, 8601.5, 8601.5),
('CD0004', 'Amara Sellamutthu Dr.', 'Ja-Ela', 'CSODSR3011834', '2019-07-24', 40, 9629.06, 8481.26),
('CD0498', 'Isura Pharmacy  Grocery', 'Katana', 'CSODSR3011836', '2019-07-25', 39, 1740, 1740),
('CD0274', 'Nimali Tissera Dr.', 'Ragama', 'CSODSR3011840', '2019-07-25', 39, 16993.1, 16993.1),
('CD0508', 'St. Joseph Pharmacy  Grocery', 'Ja-Ela', 'CSODSR3011846', '2019-07-25', 39, 12177.4, 2708.43),
('CD0335', 'Calvary Medicals', 'Ja-Ela', 'CSODSR3011847', '2019-07-25', 39, 7740.12, 7547.12),
('CD0138', 'P.J. ENTERPRISES (PVT) Ltd.', 'Ja-Ela', 'CSODSR3011853', '2019-07-25', 39, 77550.1, 77550.1),
('CD0216', 'C  D Pharmacy', 'Ragama', 'CSODSR3011854', '2019-07-25', 39, 20887.6, 20887.6),
('CD0216', 'C  D Pharmacy', 'Ragama', 'CSODSR3011855', '2019-07-25', 39, 1546.81, 1546.81),
('CD0521', 'Keerthi Rathnayake Dr.', 'Katana', 'CSODSR3011867', '2019-07-29', 35, 33050, 31477),
('CD0140', 'Raddolugama Pharmacy', 'Raddolugama', 'CSODSR3011869', '2019-07-27', 37, 22048.8, 20789.3),
('CD0013', 'Asiri Pharmacy', 'Raddolugama', 'CSODSR3011872', '2019-07-26', 38, 14695, 14695),
('CD0167', 'Silveray Pharmacy', 'Negombo', 'CSODSR3011877', '2019-07-31', 33, 11430, 11430),
('CD0057', 'Hendala Pharmacy', 'Wattala', 'CSODSR3011880', '2019-08-01', 32, 15350, 15350),
('CD0240', 'Hiru Pharmacy', 'Katana', 'CSODSR3011881', '2019-07-27', 37, 171200, 171200),
('CD0487', 'Healthcare Pharmacy  Family Needs', 'Raddolugama', 'CSODSR3011883', '2019-07-27', 37, 16990, 16990),
('CD0164', 'Shanthi Vidya Nivasa', 'Katana', 'CSODSR3011884', '2019-07-27', 37, 2275, 2275),
('CD0194', 'Unique Pharmacy', 'Negombo', 'CSODSR3011885', '2019-08-01', 32, 37655, 37655),
('CD0158', 'Sathya Pharmacy', 'Wattala', 'CSODSR3011891', '2019-07-29', 35, 15253, 15253),
('CD0057', 'Hendala Pharmacy', 'Wattala', 'CSODSR3011893', '2019-07-29', 35, 5979.04, 4609.04),
('CD0128', 'Osu Sala Wattala', 'Wattala', 'CSODSR3011895', '2019-07-29', 35, 54839.4, 54839.4),
('CD0257', 'Nirodha Pharmacy', 'Badalgama', 'CSODSR3011898', '2019-07-30', 34, 3527, 3527),
('CD0461', 'Hussair M. N. M. Dr.', 'Negombo', 'CSODSR3011899', '2019-07-29', 35, 2782.6, 2782.6),
('CD0194', 'Unique Pharmacy', 'Negombo', 'CSODSR3011901', '2019-08-01', 32, 3312, 3312),
('CD0449', 'Rashanthi Wijethunga Dr.', 'Raddolugama', 'CSODSR3011904', '2019-07-29', 35, 41460, 41460),
('CD0053', 'Health Care Medicla', 'Negombo', 'CSODSR3011905', '2019-07-29', 35, 15612.7, 15612.7),
('CD0220', 'The Pharmacy', 'Negombo', 'CSODSR3011907', '2019-08-01', 32, 41807.4, 39471.9),
('CD0184', 'Suwa Sarana (Osu Sala)', 'Negombo', 'CSODSR3011908', '2019-07-29', 35, 11536.1, 11536.1),
('CD0023', 'City Medical', 'Negombo', 'CSODSR3011909', '2019-07-30', 34, 48666.7, 47077.7),
('CD0082', 'Leesons Hospital', 'Ragama', 'CSODSR3011914', '2019-07-29', 35, 11400, 11400),
('CD0561', 'Union Pharmacy', 'Negombo', 'CSODSR3011915', '2019-07-29', 35, 30382.6, 30382.6),
('CD0088', 'Mahajana Osu Sala', 'Negombo', 'CSODSR3011919', '2019-07-30', 34, 10815, 10815),
('CD0088', 'Mahajana Osu Sala', 'Negombo', 'CSODSR3011920', '2019-07-30', 34, 70640.7, 70640.7),
('CD0154', 'Sampath Pharmacy', 'Ragama', 'CSODSR3011921', '2019-07-30', 34, 4671, 4671),
('COLD14555', 'Nawa Lanka Pharmacy', 'Negombo', 'CSODSR3011922', '2019-07-30', 34, 56445.8, 54110.3),
('CD0182', 'Supreem Pharmacy', 'Negombo', 'CSODSR3011923', '2019-07-30', 34, 99976.2, 99976.2),
('CD0449', 'Rashanthi Wijethunga Dr.', 'Raddolugama', 'CSODSR3011925', '2019-07-31', 33, 5934.8, 5934.8),
('CD0088', 'Mahajana Osu Sala', 'Negombo', 'CSODSR3011926', '2019-07-30', 34, 51881.5, 51881.5),
('CD0258', 'Rilaulla Pharmacy', 'Kandana', 'CSODSR3011928', '2019-07-31', 33, 100590, 100590),
('CD0083', 'Leesons Pharmacy', 'Ragama', 'CSODSR3011929', '2019-08-01', 32, 176191, 176191),
('CD0194', 'Unique Pharmacy', 'Negombo', 'CSODSR3011932', '2019-08-01', 32, 10526.1, 10526.1),
('CD0083', 'Leesons Pharmacy', 'Ragama', 'CSODSR3011933', '2019-08-01', 32, 20885, 20885),
('CD0194', 'Unique Pharmacy', 'Negombo', 'CSODSR3011934', '2019-08-01', 32, 20885, 20885),
('CD0486', 'Royal Pharmacy Lanka (Pvt) Ltd.', 'Negombo', 'CSODSR3011935', '2019-07-30', 34, 60213.7, 60213.7),
('CD0088', 'Mahajana Osu Sala', 'Negombo', 'CSODSR3011936', '2019-07-30', 34, 436800, 436800),
('CD0088', 'Mahajana Osu Sala', 'Negombo', 'CSODSR3011937', '2019-07-30', 34, 105300, 105300),
('CD0147', 'Robert Medical', 'Negombo', 'CSODSR3011939', '2019-07-30', 34, 3391.32, 3391.32),
('CD0154', 'Sampath Pharmacy', 'Ragama', 'CSODSR3011940', '2019-07-30', 34, 40348.7, 40348.7),
('CD0194', 'Unique Pharmacy', 'Negombo', 'CSODSR3011941', '2019-08-01', 32, 95251.9, 95251.9),
('CD0408', 'International Institute of Health of Science', 'Mahabage', 'CSODSR3011943', '2019-07-30', 34, 39188, 39188),
('CD0088', 'Mahajana Osu Sala', 'Negombo', 'CSODSR3011944', '2019-07-31', 33, 1470, 1470),
('CD0486', 'Royal Pharmacy Lanka (Pvt) Ltd.', 'Negombo', 'CSODSR3011945', '2019-07-31', 33, 232895, 232895),
('CD0104', 'Nawa Osusala', 'Ja-Ela', 'CSODSR3011946', '2019-07-31', 33, 14188.5, 14188.5),
('CD0194', 'Unique Pharmacy', 'Negombo', 'CSODSR3011947', '2019-08-01', 32, 306553, 263622),
('CD0339', 'Lasantha Somaratne Dr.', 'Kandana', 'CSODSR3011948', '2019-07-31', 33, 3130.4, 3130.4),
('CD0104', 'Nawa Osusala', 'Ja-Ela', 'CSODSR3011949', '2019-07-31', 33, 26885, 26885),
('CD0104', 'Nawa Osusala', 'Ja-Ela', 'CSODSR3011950', '2019-07-31', 33, 14580.5, 14580.5),
('CD0194', 'Unique Pharmacy', 'Negombo', 'CSODSR3011953', '2019-08-01', 32, 38254.1, 38254.1),
('CD0044', 'Gimshani Pharmacy', 'Kandana', 'CSODSR3011954', '2019-08-01', 32, 16829.3, 16829.3),
('CD0486', 'Royal Pharmacy Lanka (Pvt) Ltd.', 'Negombo', 'CSODSR3011956', '2019-08-01', 32, 45079.2, 44891.4),
('CD0486', 'Royal Pharmacy Lanka (Pvt) Ltd.', 'Negombo', 'CSODSR3011957', '2019-08-01', 32, 99320.4, 99320.4),
('CD0163', 'Sethma Pharmacy', 'Kandana', 'CSODSR3011958', '2019-08-01', 32, 44642.6, 32197.8),
('CD0294', 'Bopitiya Pharmacy', 'Bopitiya', 'CSODSR3011960', '2019-08-01', 32, 112310, 112310),
('CD0154', 'Sampath Pharmacy', 'Ragama', 'CSODSR3011961', '2019-08-01', 32, 330900, 330900),
('CD0154', 'Sampath Pharmacy', 'Ragama', 'CSODSR3011962', '2019-08-01', 32, 171000, 171000),
('CD0071', 'Kalidson Pharmacy', 'Negombo', 'CSODSR3011963', '2019-08-01', 32, 171000, 171000),
('CD0240', 'Hiru Pharmacy', 'Katana', 'CSODSR3011964', '2019-08-01', 32, 135400, 135400),
('CD0294', 'Bopitiya Pharmacy', 'Bopitiya', 'CSODSR3011965', '2019-08-01', 32, 48390, 48390),
('CD0083', 'Leesons Pharmacy', 'Ragama', 'CSODSR3011967', '2019-08-01', 32, 28050, 28050),
('CD0163', 'Sethma Pharmacy', 'Kandana', 'CSODSR3011972', '2019-08-01', 32, 47350, 47350),
('CD0163', 'Sethma Pharmacy', 'Kandana', 'CSODSR3011973', '2019-08-01', 32, 29400, 29400),
('CD0555', 'Imedra Medicals(Pvt)Ltd', 'Ragama', 'CSODSR3011974', '2019-08-01', 32, 44300, 44300),
('CD0173', 'St. Jude Pharmacy', 'Ja-Ela', 'CSODSR3011976', '2019-08-01', 32, 9243, 9243),
('CD0088', 'Mahajana Osu Sala', 'Negombo', 'CSODSR3011978', '2019-08-01', 32, 125203, 125203),
('COLD14555', 'Nawa Lanka Pharmacy', 'Negombo', 'CSODSR3011979', '2019-08-01', 32, 7161, 7161),
('CD0194', 'Unique Pharmacy', 'Negombo', 'CSODSR3011980', '2019-08-01', 32, 37655, 37655),
('CD0138', 'P.J. ENTERPRISES (PVT) Ltd.', 'Ja-Ela', 'CSODSR3011982', '2019-08-01', 32, 23653, 23653),
('CD0138', 'P.J. ENTERPRISES (PVT) Ltd.', 'Ja-Ela', 'CSODSR3011983', '2019-08-01', 32, 28050, 28050),
('CD0083', 'Leesons Pharmacy', 'Ragama', 'CSODSR3011984', '2019-08-01', 32, 13700, 13700),
('CD0128', 'Osu Sala Wattala', 'Wattala', 'CSODSR3011985', '2019-08-01', 32, 47350, 47350),
('CD0141', 'Ragama Pharmacy', 'Ragama', 'CSODSR3011992', '2019-08-01', 32, 74578, 74578),
('CD0141', 'Ragama Pharmacy', 'Ragama', 'CSODSR3011993', '2019-08-01', 32, 17136, 17136);
INSERT INTO `hemasoutupload` (`hID`, `hCustName`, `hTown`, `inv`, `date`, `age`, `amount`, `balAmount`) VALUES
('CD0151', 'S  G Medicals', 'Negombo', 'CSODSR3011994', '2019-08-01', 32, 12998, 12998),
('CD0167', 'Silveray Pharmacy', 'Negombo', 'CSODSR3011996', '2019-08-02', 31, 9152, 8380),
('COLD14348', 'Ashoka Pharmacy', 'Negombo', 'CSODSR3012000', '2019-08-05', 28, 4210.44, 4210.44),
('CD0107', 'New Central Pharmacy', 'Negombo', 'CSODSR3012002', '2019-08-03', 30, 124372, 108022),
('CD0470', 'Best Way Pharmacy', 'Negombo', 'CSODSR3012003', '2019-08-03', 30, 7171, 7171),
('CD0147', 'Robert Medical', 'Negombo', 'CSODSR3012005', '2019-08-03', 30, 5550, 5550),
('CD0016', 'Ave Maria Pharmacy', 'Negombo', 'CSODSR3012007', '2019-08-03', 30, 27385, 27385),
('CD0140', 'Raddolugama Pharmacy', 'Raddolugama', 'CSODSR3012008', '2019-08-05', 28, 18146.3, 18146.3),
('CD0013', 'Asiri Pharmacy', 'Raddolugama', 'CSODSR3012009', '2019-08-05', 28, 4375.64, 4375.64),
('CD0396', 'Hansi Pharmacy', 'Ja-Ela', 'CSODSR3012010', '2019-08-05', 28, 2696, 2696),
('CD0501', 'Jasmin Pharmacy  Grocery', 'Kandana', 'CSODSR3012013', '2019-08-05', 28, 95708.2, 95708.2),
('CD0107', 'New Central Pharmacy', 'Negombo', 'CSODSR3012015', '2019-08-05', 28, 9760, 9760),
('CD0140', 'Raddolugama Pharmacy', 'Raddolugama', 'CSODSR3012016', '2019-08-05', 28, 1565.2, 1565.2),
('CD0018', 'Better Health Pharmacy', 'Negombo', 'CSODSR3012018', '2019-08-05', 28, 37204.3, 37204.3),
('CD0497', 'Nimal Sovis Dr.', 'Ja-Ela', 'CSODSR3012019', '2019-08-05', 28, 16512, 16512),
('CD0517', 'Krishantha Gunathilaka Dr.', 'Hunupitiya', 'CSODSR3012020', '2019-08-05', 28, 11288, 11288),
('CD0182', 'Supreem Pharmacy', 'Negombo', 'CSODSR3012021', '2019-08-08', 25, 21312, 21312),
('CD0254', 'Sahana Pharmacy', 'Ragama', 'CSODSR3012025', '2019-08-05', 28, 20355.2, 20355.2),
('CD0496', 'Alliance Pharmacy', 'Ragama', 'CSODSR3012027', '2019-08-09', 24, 2034.61, 2034.61),
('CD0408', 'International Institute of Health of Science', 'Mahabage', 'CSODSR3012028', '2019-08-05', 28, 23135.2, 20162.7),
('COLD14180', 'Soft Life Pharmacy', 'Seeduwa', 'CSODSR3012029', '2019-08-05', 28, 828, 828),
('CD0145', 'Reliable Pharmacy', 'Ragama', 'CSODSR3012030', '2019-08-06', 27, 14881.5, 13501.5),
('CD0111', 'New Pharmacy', 'Wattala', 'CSODSR3012032', '2019-08-06', 27, 38939.5, 38939.5),
('CD0141', 'Ragama Pharmacy', 'Ragama', 'CSODSR3012033', '2019-08-09', 24, 52517.1, 50181.6),
('CD0194', 'Unique Pharmacy', 'Negombo', 'CSODSR3012034', '2019-08-17', 16, 7500, 7500),
('CD0174', 'St. Judes Pharmacy', 'Seeduwa', 'CSODSR3012035', '2019-08-06', 27, 7014.78, 7014.78),
('CD0555', 'Imedra Medicals(Pvt)Ltd', 'Ragama', 'CSODSR3012036', '2019-08-06', 27, 23520, 23520),
('COLD14348', 'Ashoka Pharmacy', 'Negombo', 'CSODSR3012037', '2019-08-09', 24, 16630.5, 16630.5),
('CD0468', 'Kandawala Pharmacy', 'Katana', 'CSODSR3012038', '2019-08-06', 27, 3440, 3440),
('CD0044', 'Gimshani Pharmacy', 'Kandana', 'CSODSR3012039', '2019-08-06', 27, 6464.24, 6464.24),
('CD0294', 'Bopitiya Pharmacy', 'Bopitiya', 'CSODSR3012041', '2019-08-06', 27, 8369.33, 8369.33),
('CD0396', 'Hansi Pharmacy', 'Ja-Ela', 'CSODSR3012044', '2019-08-06', 27, 1176, 1176),
('CD0258', 'Rilaulla Pharmacy', 'Kandana', 'CSODSR3012045', '2019-08-07', 26, 48074.7, 2310.36),
('CD0174', 'St. Judes Pharmacy', 'Seeduwa', 'CSODSR3012046', '2019-08-07', 26, 79795, 79795),
('CD0441', 'Isura Pharmacy', 'Ragama', 'CSODSR3012047', '2019-08-08', 25, 7794.5, 7794.5),
('CD0553', 'Rajapakshe W.R.A.A.P.Dr.', 'Ragama', 'CSODSR3012048', '2019-08-07', 26, 13785, 13785),
('CD0141', 'Ragama Pharmacy', 'Ragama', 'CSODSR3012049', '2019-08-09', 24, 11540.7, 11540.7),
('CD0194', 'Unique Pharmacy', 'Negombo', 'CSODSR3012050', '2019-08-17', 16, 62934, 62934),
('CD0082', 'Leesons Hospital', 'Ragama', 'CSODSR3012051', '2019-08-07', 26, 7500, 7500),
('CD0035', 'Ekala Pharmacy', 'Ja-Ela', 'CSODSR3012052', '2019-08-07', 26, 4400.4, 4400.4),
('CD0508', 'St. Joseph Pharmacy  Grocery', 'Ja-Ela', 'CSODSR3012053', '2019-08-07', 26, 4156.12, 4156.12),
('CD0510', 'Sri Lak Pharmacy', 'Seeduwa', 'CSODSR3012054', '2019-08-07', 26, 8256, 8256),
('CD0555', 'Imedra Medicals(Pvt)Ltd', 'Ragama', 'CSODSR3012055', '2019-08-07', 26, 37680, 37680),
('CD0174', 'St. Judes Pharmacy', 'Seeduwa', 'CSODSR3012057', '2019-08-07', 26, 121600, 121600),
('CD0446', 'The Pharmacy APY (Pvt) Ltd', 'Ja-Ela', 'CSODSR3012058', '2019-08-07', 26, 7677.04, 7159.04),
('CD0035', 'Ekala Pharmacy', 'Ja-Ela', 'CSODSR3012062', '2019-08-08', 25, 1104, 552),
('CD0480', 'Thilana Pharmacy', 'Ja-Ela', 'CSODSR3012063', '2019-08-08', 25, 8389.13, 8003.13),
('CD0194', 'Unique Pharmacy', 'Negombo', 'CSODSR3012064', '2019-08-17', 16, 39184, 14694),
('CD0104', 'Nawa Osusala', 'Ja-Ela', 'CSODSR3012067', '2019-08-08', 25, 17994.7, 16405.7),
('CD0481', 'Reliance Pharmacy', 'Negombo', 'CSODSR3012068', '2019-08-08', 25, 13976.1, 13199.1),
('CD0053', 'Health Care Medicla', 'Negombo', 'CSODSR3012069', '2019-08-08', 25, 40011.7, 37939.7),
('CD0194', 'Unique Pharmacy', 'Negombo', 'CSODSR3012070', '2019-08-17', 16, 173453, 23260),
('CD0256', 'X  Lab Pharmacy', 'Negombo', 'CSODSR3012071', '2019-08-08', 25, 20473.5, 20473.5),
('CD0184', 'Suwa Sarana (Osu Sala)', 'Negombo', 'CSODSR3012073', '2019-08-08', 25, 4752.91, 4752.91),
('CD0408', 'International Institute of Health of Science', 'Mahabage', 'CSODSR3012074', '2019-08-08', 25, 10815, 10815),
('CD0259', 'Crystal Pharmacy', 'Negombo', 'CSODSR3012075', '2019-08-08', 25, 29404.7, 29404.7),
('COLD13957', 'Negombo Drugs', 'Negombo', 'CSODSR3012076', '2019-08-10', 23, 10489.7, 9524.73),
('CD0561', 'Union Pharmacy', 'Negombo', 'CSODSR3012077', '2019-08-09', 24, 4334.49, 4334.49),
('CD0088', 'Mahajana Osu Sala', 'Negombo', 'CSODSR3012078', '2019-08-09', 24, 8568, 8568),
('CD0406', 'Browns Healthcare (Pvt) Ltd', 'Ragama', 'CSODSR3012081', '2019-08-10', 23, 228722, 148904),
('CD0406', 'Browns Healthcare (Pvt) Ltd', 'Ragama', 'CSODSR3012082', '2019-08-09', 24, 18968.5, 18968.5),
('CD0406', 'Browns Healthcare (Pvt) Ltd', 'Ragama', 'CSODSR3012083', '2019-08-09', 24, 273945, 264870),
('CD0541', 'Mabola Osusala', 'Wattala', 'CSODSR3012084', '2019-08-09', 24, 9950.65, 9950.65),
('CD0406', 'Browns Healthcare (Pvt) Ltd', 'Ragama', 'CSODSR3012086', '2019-08-10', 23, 218810, 216169),
('CD0496', 'Alliance Pharmacy', 'Ragama', 'CSODSR3012087', '2019-08-10', 23, 4165.5, 4165.5),
('CD0141', 'Ragama Pharmacy', 'Ragama', 'CSODSR3012088', '2019-08-10', 23, 123814, 123814),
('CD0141', 'Ragama Pharmacy', 'Ragama', 'CSODSR3012089', '2019-08-10', 23, 16716.9, 16716.9),
('CD0167', 'Silveray Pharmacy', 'Negombo', 'CSODSR3012090', '2019-08-10', 23, 22930, 19070),
('COLD12335', 'Thilini Hettiarachchi(Mrs)Dr.', 'Ragama', 'CSODSR3012091', '2019-08-10', 23, 12200, 12200),
('CD0539', 'Thenuka Pharmacy', 'Negombo', 'CSODSR3012094', '2019-08-10', 23, 47350, 47350),
('CD0020', 'Cash Customer - Colombo D', 'Negombo', 'CSODSR3012095', '2019-08-10', 23, 773, 773),
('CD0163', 'Sethma Pharmacy', 'Kandana', 'CSODSR3012097', '2019-08-16', 17, 215738, 210858),
('CD0163', 'Sethma Pharmacy', 'Kandana', 'CSODSR3012098', '2019-08-16', 17, 33359.4, 33359.4),
('CD0140', 'Raddolugama Pharmacy', 'Raddolugama', 'CSODSR3012099', '2019-08-13', 20, 13739, 13739),
('CD0018', 'Better Health Pharmacy', 'Negombo', 'CSODSR3012100', '2019-08-12', 21, 3892.52, 3892.52),
('CD0487', 'Healthcare Pharmacy  Family Needs', 'Raddolugama', 'CSODSR3012101', '2019-08-12', 21, 27430.1, 27430.1),
('CD0174', 'St. Judes Pharmacy', 'Seeduwa', 'CSODSR3012103', '2019-08-15', 18, 28585.9, 19431.4),
('CD0052', 'Health  Glow Pharmacy', 'Wattala', 'CSODSR3012104', '2019-08-12', 21, 25323.6, 21693.6),
('CD0099', 'Milan Pharmacy', 'Wattala', 'CSODSR3012106', '2019-08-12', 21, 40520.4, 39484.4),
('CD0111', 'New Pharmacy', 'Wattala', 'CSODSR3012107', '2019-08-12', 21, 50548.4, 50548.4),
('CD0149', 'Roswila Pharmacy', 'Wattala', 'CSODSR3012108', '2019-08-13', 20, 7295.99, 7295.99),
('CD0057', 'Hendala Pharmacy', 'Wattala', 'CSODSR3012109', '2019-08-13', 20, 5847.16, 5847.16),
('CD0253', 'Chemi World', 'Enderamulla', 'CSODSR3012110', '2019-08-12', 21, 40806, 40288),
('CD0294', 'Bopitiya Pharmacy', 'Bopitiya', 'CSODSR3012111', '2019-08-12', 21, 199600, 199600),
('CD0510', 'Sri Lak Pharmacy', 'Seeduwa', 'CSODSR3012114', '2019-08-12', 21, 12922.5, 12922.5),
('CD0083', 'Leesons Pharmacy', 'Ragama', 'CSODSR3012115', '2019-08-12', 21, 133939, 133939),
('CD0254', 'Sahana Pharmacy', 'Ragama', 'CSODSR3012116', '2019-08-12', 21, 13660.7, 13660.7),
('CD0496', 'Alliance Pharmacy', 'Ragama', 'CSODSR3012117', '2019-08-24', 9, 9956.39, 9956.39),
('CD0408', 'International Institute of Health of Science', 'Mahabage', 'CSODSR3012118', '2019-08-12', 21, 20621.8, 20621.8),
('CD0555', 'Imedra Medicals(Pvt)Ltd', 'Ragama', 'CSODSR3012121', '2019-08-13', 20, 8748.14, 8748.14),
('CD0018', 'Better Health Pharmacy', 'Negombo', 'CSODSR3012124', '2019-08-13', 20, 9622.5, 9622.5),
('CD0141', 'Ragama Pharmacy', 'Ragama', 'CSODSR3012125', '2019-08-15', 18, 126237, 125058),
('CD0081', 'Laxsri Pharmacy', 'Katunayake', 'CSODSR3012126', '2019-08-13', 20, 1656, 1656),
('CD0138', 'P.J. ENTERPRISES (PVT) Ltd.', 'Ja-Ela', 'CSODSR3012127', '2019-08-13', 20, 197192, 163967),
('CD0044', 'Gimshani Pharmacy', 'Kandana', 'CSODSR3012128', '2019-08-13', 20, 13063.4, 11311.4),
('CD0130', 'Pamunugama Pharmacy', 'Bopitiya', 'CSODSR3012129', '2019-08-13', 20, 15350, 15350),
('CD0055', 'Healthline Pharmacy', 'Kandana', 'CSODSR3012130', '2019-08-13', 20, 30687.4, 30687.4),
('CD0228', 'Shanthi Pharmacy', 'Negombo', 'CSODSR3012131', '2019-08-13', 20, 23368.5, 23368.5),
('CD0078', 'Krishmo Pharmacy', 'Wattala', 'CSODSR3012132', '2019-08-15', 18, 16846, 15899),
('CD0461', 'Hussair M. N. M. Dr.', 'Negombo', 'CSODSR3012133', '2019-08-19', 14, 7085, 7085),
('CD0228', 'Shanthi Pharmacy', 'Negombo', 'CSODSR3012134', '2019-08-15', 18, 16853, 16421),
('CD0499', 'Shris Lanka Pharmacy', 'Seeduwa', 'CSODSR3012135', '2019-08-15', 18, 5099.17, 5099.17),
('CD0141', 'Ragama Pharmacy', 'Ragama', 'CSODSR3012137', '2019-08-15', 18, 19176.8, 19176.8),
('CD0046', 'Gunaratne Neville Dr.', 'Ja-Ela', 'CSODSR3012138', '2019-08-15', 18, 48000, 48000),
('CD0242', 'K. S. A. Medical', 'Negombo', 'CSODSR3012139', '2019-08-15', 18, 10647.5, 10647.5),
('CD0231', 'Mendis N. S. M. Dr.', 'Ragama', 'CSODSR3012140', '2019-08-22', 11, 29690, 29690),
('CD0348', 'Golden Chemist', 'Ragama', 'CSODSR3012141', '2019-08-15', 18, 12965.3, 1050),
('CD0510', 'Sri Lak Pharmacy', 'Seeduwa', 'CSODSR3012142', '2019-08-15', 18, 22798.2, 22798.2),
('COLD14166', 'Thudella Pharmacy', 'Ja-Ela', 'CSODSR3012143', '2019-08-17', 16, 4132.45, 4132.45),
('CD0194', 'Unique Pharmacy', 'Negombo', 'CSODSR3012144', '2019-08-17', 16, 29981.7, 29981.7),
('CD0164', 'Shanthi Vidya Nivasa', 'Katana', 'CSODSR3012145', '2019-08-17', 16, 24490, 24490),
('CD0258', 'Rilaulla Pharmacy', 'Kandana', 'CSODSR3012146', '2019-08-15', 18, 77260, 77260),
('CD0071', 'Kalidson Pharmacy', 'Negombo', 'CSODSR3012147', '2019-08-15', 18, 54688.5, 49133.5),
('CD0470', 'Best Way Pharmacy', 'Negombo', 'CSODSR3012149', '2019-08-15', 18, 31258, 30481),
('COLD14348', 'Ashoka Pharmacy', 'Negombo', 'CSODSR3012150', '2019-08-16', 17, 49345.6, 49345.6),
('CD0476', 'Dagonna Pharmacy  Mini Mart', 'Negombo', 'CSODSR3012152', '2019-08-15', 18, 61909.1, 61909.1),
('CD0476', 'Dagonna Pharmacy  Mini Mart', 'Negombo', 'CSODSR3012153', '2019-08-15', 18, 2260.88, 2260.88),
('CD0476', 'Dagonna Pharmacy  Mini Mart', 'Negombo', 'CSODSR3012154', '2019-08-15', 18, 9391.5, 9391.5),
('CD0151', 'S  G Medicals', 'Negombo', 'CSODSR3012155', '2019-08-15', 18, 33439.6, 29569.6),
('CD0173', 'St. Jude Pharmacy', 'Ja-Ela', 'CSODSR3012157', '2019-08-15', 18, 2499, 2499),
('CD0182', 'Supreem Pharmacy', 'Negombo', 'CSODSR3012158', '2019-08-15', 18, 16787.3, 15675.8),
('CD0182', 'Supreem Pharmacy', 'Negombo', 'CSODSR3012159', '2019-08-15', 18, 80400, 80400),
('CD0182', 'Supreem Pharmacy', 'Negombo', 'CSODSR3012160', '2019-08-15', 18, 41200, 41200),
('CD0498', 'Isura Pharmacy  Grocery', 'Katana', 'CSODSR3012161', '2019-08-15', 18, 18239.2, 17665.3),
('COLD14591', 'V.M. Pharmacy', 'Katana', 'CSODSR3012162', '2019-08-15', 18, 1604.61, 1604.61),
('CD0183', 'Suranga Pharmacy', 'Katana', 'CSODSR3012163', '2019-08-16', 17, 11306.2, 11306.2),
('CD0164', 'Shanthi Vidya Nivasa', 'Katana', 'CSODSR3012164', '2019-08-17', 16, 64092.3, 59448.3),
('CD0164', 'Shanthi Vidya Nivasa', 'Katana', 'CSODSR3012165', '2019-08-17', 16, 12403.1, 12403.1),
('CD0240', 'Hiru Pharmacy', 'Katana', 'CSODSR3012166', '2019-08-16', 17, 43071.4, 43071.4),
('CD0539', 'Thenuka Pharmacy', 'Negombo', 'CSODSR3012168', '2019-08-16', 17, 59538.4, 59538.4),
('CD0480', 'Thilana Pharmacy', 'Ja-Ela', 'CSODSR3012169', '2019-08-16', 17, 13732.2, 13346.2),
('CD0294', 'Bopitiya Pharmacy', 'Bopitiya', 'CSODSR3012170', '2019-08-16', 17, 77300, 77300),
('CD0184', 'Suwa Sarana (Osu Sala)', 'Negombo', 'CSODSR3012171', '2019-08-16', 17, 6782.64, 6782.64),
('CD0194', 'Unique Pharmacy', 'Negombo', 'CSODSR3012172', '2019-08-17', 16, 9230.4, 9230.4),
('CD0256', 'X  Lab Pharmacy', 'Negombo', 'CSODSR3012173', '2019-08-16', 17, 17707.9, 14410.9),
('CD0023', 'City Medical', 'Negombo', 'CSODSR3012174', '2019-08-16', 17, 68772.3, 68772.3),
('CD0018', 'Better Health Pharmacy', 'Negombo', 'CSODSR3012175', '2019-08-16', 17, 83778, 82230),
('CD0294', 'Bopitiya Pharmacy', 'Bopitiya', 'CSODSR3012177', '2019-08-16', 17, 28050, 28050),
('CD0194', 'Unique Pharmacy', 'Negombo', 'CSODSR3012178', '2019-08-17', 16, 38254.1, 38254.1),
('CD0194', 'Unique Pharmacy', 'Negombo', 'CSODSR3012179', '2019-08-17', 16, 369961, 358412),
('CD0080', 'Lanka Pharmacy', 'Negombo', 'CSODSR3012180', '2019-08-16', 17, 35073.9, 35073.9),
('CD0088', 'Mahajana Osu Sala', 'Negombo', 'CSODSR3012181', '2019-08-16', 17, 60619, 60619),
('COLD14555', 'Nawa Lanka Pharmacy', 'Negombo', 'CSODSR3012182', '2019-08-16', 17, 36707.4, 36707.4),
('COLD14555', 'Nawa Lanka Pharmacy', 'Negombo', 'CSODSR3012183', '2019-08-16', 17, 15105, 14140),
('CD0057', 'Hendala Pharmacy', 'Wattala', 'CSODSR3012186', '2019-08-17', 16, 3549.5, 2584.5),
('CD0406', 'Browns Healthcare (Pvt) Ltd', 'Ragama', 'CSODSR3012188', '2019-08-17', 16, 6800, 6800),
('CD0406', 'Browns Healthcare (Pvt) Ltd', 'Ragama', 'CSODSR3012189', '2019-08-17', 16, 85600, 85600),
('CD0174', 'St. Judes Pharmacy', 'Seeduwa', 'CSODSR3012190', '2019-08-17', 16, 9470, 9470),
('CD0147', 'Robert Medical', 'Negombo', 'CSODSR3012191', '2019-08-17', 16, 2306, 2306),
('CD0130', 'Pamunugama Pharmacy', 'Bopitiya', 'CSODSR3012192', '2019-08-17', 16, 26289.1, 26289.1),
('CD0299', 'Merryl Fernando Dr.', 'Seeduwa', 'CSODSR3012193', '2019-08-21', 12, 61775, 61775),
('CD0140', 'Raddolugama Pharmacy', 'Raddolugama', 'CSODSR3012194', '2019-08-17', 16, 21346, 20572),
('CD0013', 'Asiri Pharmacy', 'Raddolugama', 'CSODSR3012195', '2019-08-19', 14, 10129.5, 10129.5),
('CD0487', 'Healthcare Pharmacy  Family Needs', 'Raddolugama', 'CSODSR3012196', '2019-08-19', 14, 9470, 9470),
('CD0164', 'Shanthi Vidya Nivasa', 'Katana', 'CSODSR3012197', '2019-08-19', 14, 16200, 16200),
('CD0182', 'Supreem Pharmacy', 'Negombo', 'CSODSR3012198', '2019-08-19', 14, 47350, 47350),
('CD0402', 'Pamunugama Osu Sala', 'Raddolugama', 'CSODSR3012199', '2019-08-19', 14, 15589, 15589),
('CD0052', 'Health  Glow Pharmacy', 'Wattala', 'CSODSR3012200', '2019-08-19', 14, 2520, 2520),
('CD0194', 'Unique Pharmacy', 'Negombo', 'CSODSR3012202', '2019-08-19', 14, 12557.9, 12557.9),
('CD0231', 'Mendis N. S. M. Dr.', 'Ragama', 'CSODSR3012203', '2019-08-22', 11, 11999.2, 11999.2),
('CD0080', 'Lanka Pharmacy', 'Negombo', 'CSODSR3012206', '2019-08-20', 13, 48259.2, 42202.2),
('CD0549', 'Lakshan Chemist', 'Wattala', 'CSODSR3012207', '2019-08-20', 13, 7794.5, 7794.5),
('CD0258', 'Rilaulla Pharmacy', 'Kandana', 'CSODSR3012208', '2019-08-20', 13, 7794.5, 7794.5),
('CD0294', 'Bopitiya Pharmacy', 'Bopitiya', 'CSODSR3012209', '2019-08-20', 13, 124100, 124100),
('CD0141', 'Ragama Pharmacy', 'Ragama', 'CSODSR3012210', '2019-08-22', 11, 21128, 21128),
('CD0402', 'Pamunugama Osu Sala', 'Raddolugama', 'CSODSR3012211', '2019-08-20', 13, 4747.32, 4747.32),
('CD0080', 'Lanka Pharmacy', 'Negombo', 'CSODSR3012212', '2019-08-20', 13, 11050, 11050),
('CD0088', 'Mahajana Osu Sala', 'Negombo', 'CSODSR3012213', '2019-08-20', 13, 50475, 50475),
('CD0099', 'Milan Pharmacy', 'Wattala', 'CSODSR3012216', '2019-08-20', 13, 1535, 1535),
('CD0254', 'Sahana Pharmacy', 'Ragama', 'CSODSR3012218', '2019-08-20', 13, 20600, 20600),
('CD0508', 'St. Joseph Pharmacy  Grocery', 'Ja-Ela', 'CSODSR3012219', '2019-08-20', 13, 910, 910),
('CD0480', 'Thilana Pharmacy', 'Ja-Ela', 'CSODSR3012220', '2019-08-20', 13, 7839.34, 4312.34),
('CD0123', 'Niwasi Pharmacy', 'Ja-Ela', 'CSODSR3012221', '2019-08-20', 13, 14599.6, 14599.6),
('CD0173', 'St. Jude Pharmacy', 'Ja-Ela', 'CSODSR3012224', '2019-08-20', 13, 55055.1, 55055.1),
('CD0167', 'Silveray Pharmacy', 'Negombo', 'CSODSR3012225', '2019-08-20', 13, 29635, 29635),
('CD0240', 'Hiru Pharmacy', 'Katana', 'CSODSR3012226', '2019-08-22', 11, 3893, 3893),
('CD0240', 'Hiru Pharmacy', 'Katana', 'CSODSR3012227', '2019-08-22', 11, 2125.5, 2125.5),
('CD0104', 'Nawa Osusala', 'Ja-Ela', 'CSODSR3012228', '2019-08-21', 12, 46600.1, 46600.1),
('CD0138', 'P.J. ENTERPRISES (PVT) Ltd.', 'Ja-Ela', 'CSODSR3012230', '2019-08-20', 13, 34072.1, 34072.1),
('CD0138', 'P.J. ENTERPRISES (PVT) Ltd.', 'Ja-Ela', 'CSODSR3012231', '2019-08-20', 13, 242243, 238356),
('CD0147', 'Robert Medical', 'Negombo', 'CSODSR3012232', '2019-08-20', 13, 13232.6, 13232.6),
('CD0083', 'Leesons Pharmacy', 'Ragama', 'CSODSR3012234', '2019-08-21', 12, 28050, 28050),
('CD0476', 'Dagonna Pharmacy  Mini Mart', 'Negombo', 'CSODSR3012235', '2019-08-21', 12, 74886, 74886),
('CD0083', 'Leesons Pharmacy', 'Ragama', 'CSODSR3012236', '2019-08-21', 12, 53740, 53740),
('CD0081', 'Laxsri Pharmacy', 'Katunayake', 'CSODSR3012237', '2019-08-21', 12, 9679.99, 9679.99),
('CD0476', 'Dagonna Pharmacy  Mini Mart', 'Negombo', 'CSODSR3012239', '2019-08-21', 12, 26250, 26250),
('CD0498', 'Isura Pharmacy  Grocery', 'Katana', 'CSODSR3012240', '2019-08-21', 12, 8265, 8265),
('CD0082', 'Leesons Hospital', 'Ragama', 'CSODSR3012242', '2019-08-21', 12, 88782, 78518),
('CD0346', 'Laksi Pharmacy', 'Peliyagoda', 'CSODSR3012243', '2019-08-24', 9, 10200.3, 10200.3),
('CD0083', 'Leesons Pharmacy', 'Ragama', 'CSODSR3012244', '2019-08-21', 12, 55191.1, 55191.1),
('CD0107', 'New Central Pharmacy', 'Negombo', 'CSODSR3012245', '2019-08-21', 12, 24120, 24120),
('CD0052', 'Health  Glow Pharmacy', 'Wattala', 'CSODSR3012246', '2019-08-21', 12, 27690.8, 27690.8),
('CD0525', 'Health  Glow Pharmacy - 2', 'Wattala', 'CSODSR3012247', '2019-08-21', 12, 22621.1, 22621.1),
('CD0476', 'Dagonna Pharmacy  Mini Mart', 'Negombo', 'CSODSR3012248', '2019-08-21', 12, 51536, 51536),
('CD0480', 'Thilana Pharmacy', 'Ja-Ela', 'CSODSR3012249', '2019-08-21', 12, 9470, 9470),
('CD0062', 'Isuri Pharmacy', 'Wattala', 'CSODSR3012250', '2019-08-22', 11, 33416.4, 33416.4),
('CD0083', 'Leesons Pharmacy', 'Ragama', 'CSODSR3012251', '2019-08-22', 11, 8850, 8850),
('CD0136', 'Pharma Chemi', 'Wattala', 'CSODSR3012252', '2019-08-22', 11, 13108.3, 13108.3),
('CD0111', 'New Pharmacy', 'Wattala', 'CSODSR3012253', '2019-08-22', 11, 37961.6, 37961.6),
('CD0231', 'Mendis N. S. M. Dr.', 'Ragama', 'CSODSR3012254', '2019-08-22', 11, 4311, 4311),
('COLD13777', 'Royal Pharmacy - Kanda', 'Kandana', 'CSODSR3012255', '2019-08-22', 11, 7531, 7531),
('CD0510', 'Sri Lak Pharmacy', 'Seeduwa', 'CSODSR3012256', '2019-08-22', 11, 18463.5, 18463.5),
('CD0189', 'Thalahena Pharmacy', 'Negombo', 'CSODSR3012257', '2019-08-22', 11, 35457, 35457),
('CD0167', 'Silveray Pharmacy', 'Negombo', 'CSODSR3012258', '2019-08-22', 11, 20000.8, 20000.8),
('CD0194', 'Unique Pharmacy', 'Negombo', 'CSODSR3012259', '2019-08-23', 10, 22150, 22150),
('CD0055', 'Healthline Pharmacy', 'Kandana', 'CSODSR3012260', '2019-08-22', 11, 11514.5, 3720),
('CD0044', 'Gimshani Pharmacy', 'Kandana', 'CSODSR3012261', '2019-08-22', 11, 14512.8, 14512.8),
('CD0125', 'Orient Pharmacy', 'Kandana', 'CSODSR3012262', '2019-08-22', 11, 8702.44, 7397.44),
('CD0163', 'Sethma Pharmacy', 'Kandana', 'CSODSR3012263', '2019-08-23', 10, 167072, 164033),
('CD0293', 'St. Joshep Pharmacy', 'Bopitiya', 'CSODSR3012264', '2019-08-22', 11, 43533.2, 43533.2),
('CD0294', 'Bopitiya Pharmacy', 'Bopitiya', 'CSODSR3012265', '2019-08-22', 11, 14219.3, 14219.3),
('CD0348', 'Golden Chemist', 'Ragama', 'CSODSR3012266', '2019-08-26', 7, 4897.5, 4897.5),
('CD0480', 'Thilana Pharmacy', 'Ja-Ela', 'CSODSR3012267', '2019-08-22', 11, 13150, 2412),
('CD0547', 'New St. Joseph Pharmacy', 'Seeduwa', 'CSODSR3012268', '2019-08-23', 10, 6439.56, 6439.56),
('CD0249', 'Roshini Pharmacy', 'Ja-Ela', 'CSODSR3012269', '2019-08-24', 9, 5853.83, 5853.83),
('CD0088', 'Mahajana Osu Sala', 'Negombo', 'CSODSR3012270', '2019-08-23', 10, 41200, 41200),
('CD0046', 'Gunaratne Neville Dr.', 'Ja-Ela', 'CSODSR3012271', '2019-08-23', 10, 55728, 55728),
('COLD14197', 'Arogya Pharmacy and Grocery', 'Ja-Ela', 'CSODSR3012272', '2019-08-23', 10, 4612, 2352),
('CD0107', 'New Central Pharmacy', 'Negombo', 'CSODSR3012276', '2019-08-23', 10, 11804.5, 11804.5),
('CD0249', 'Roshini Pharmacy', 'Ja-Ela', 'CSODSR3012277', '2019-08-24', 9, 11804.5, 11804.5),
('CD0111', 'New Pharmacy', 'Wattala', 'CSODSR3012278', '2019-08-23', 10, 7082.7, 7082.7),
('CD0474', 'Pradipa Osusala  Grocery', 'Negombo', 'CSODSR3012279', '2019-08-23', 10, 23080.1, 18539.7),
('CD0240', 'Hiru Pharmacy', 'Katana', 'CSODSR3012280', '2019-08-23', 10, 259829, 259829),
('CD0468', 'Kandawala Pharmacy', 'Katana', 'CSODSR3012281', '2019-08-23', 10, 25791.3, 25791.3),
('CD0468', 'Kandawala Pharmacy', 'Katana', 'CSODSR3012282', '2019-08-23', 10, 8250, 8250),
('CD0194', 'Unique Pharmacy', 'Negombo', 'CSODSR3012283', '2019-08-23', 10, 47218, 47218),
('CD0508', 'St. Joseph Pharmacy  Grocery', 'Ja-Ela', 'CSODSR3012284', '2019-08-23', 10, 11804.5, 11804.5),
('CD0510', 'Sri Lak Pharmacy', 'Seeduwa', 'CSODSR3012285', '2019-08-23', 10, 7082.7, 7082.7),
('CD0044', 'Gimshani Pharmacy', 'Kandana', 'CSODSR3012286', '2019-08-23', 10, 4721.8, 4721.8),
('CD0155', 'Sarana Osusala', 'Badalgama', 'CSODSR3012287', '2019-08-23', 10, 4745.5, 4745.5),
('CD0183', 'Suranga Pharmacy', 'Katana', 'CSODSR3012288', '2019-08-23', 10, 17310.3, 8600.28),
('COLD15133', 'Well Care Pharmacy', 'Katana', 'CSODSR3012289', '2019-08-23', 10, 2584.88, 2584.88),
('CD0240', 'Hiru Pharmacy', 'Katana', 'CSODSR3012290', '2019-08-23', 10, 9547, 9547),
('CD0147', 'Robert Medical', 'Negombo', 'CSODSR3012292', '2019-08-23', 10, 48149.3, 48149.3),
('CD0286', 'Jayakodi Super Market', 'Negombo', 'CSODSR3012293', '2019-08-23', 10, 49772.3, 49772.3),
('CD0286', 'Jayakodi Super Market', 'Negombo', 'CSODSR3012294', '2019-08-23', 10, 8250, 8250),
('CD0082', 'Leesons Hospital', 'Ragama', 'CSODSR3012295', '2019-08-24', 9, 18963, 12138),
('CD0194', 'Unique Pharmacy', 'Negombo', 'CSODSR3012296', '2019-08-24', 9, 4050, 4050),
('CD0088', 'Mahajana Osu Sala', 'Negombo', 'CSODSR3012297', '2019-08-24', 9, 67672.5, 67672.5),
('CD0402', 'Pamunugama Osu Sala', 'Raddolugama', 'CSODSR3012298', '2019-08-24', 9, 15589, 15589),
('CD0510', 'Sri Lak Pharmacy', 'Seeduwa', 'CSODSR3012299', '2019-08-24', 9, 3070, 3070),
('CD0508', 'St. Joseph Pharmacy  Grocery', 'Ja-Ela', 'CSODSR3012301', '2019-08-24', 9, 52667.2, 52667.2),
('CD0013', 'Asiri Pharmacy', 'Raddolugama', 'CSODSR3012303', '2019-08-24', 9, 9873.8, 9873.8),
('CD0402', 'Pamunugama Osu Sala', 'Raddolugama', 'CSODSR3012304', '2019-08-26', 7, 135685, 88335.1),
('CD0547', 'New St. Joseph Pharmacy', 'Seeduwa', 'CSODSR3012305', '2019-08-26', 7, 8209.29, 8209.29),
('CD0510', 'Sri Lak Pharmacy', 'Seeduwa', 'CSODSR3012306', '2019-08-26', 7, 27365.3, 27365.3),
('CD0294', 'Bopitiya Pharmacy', 'Bopitiya', 'CSODSR3012308', '2019-08-26', 7, 16716.9, 16716.9),
('CD0294', 'Bopitiya Pharmacy', 'Bopitiya', 'CSODSR3012309', '2019-08-26', 7, 98971.4, 98971.4),
('CD0487', 'Healthcare Pharmacy  Family Needs', 'Raddolugama', 'CSODSR3012310', '2019-08-26', 7, 20844.2, 19738.1),
('CD0052', 'Health  Glow Pharmacy', 'Wattala', 'CSODSR3012311', '2019-08-26', 7, 23383.5, 23383.5),
('CD0151', 'S  G Medicals', 'Negombo', 'CSODSR3012312', '2019-08-26', 7, 7794.5, 7794.5),
('CD0078', 'Krishmo Pharmacy', 'Wattala', 'CSODSR3012313', '2019-08-26', 7, 3296, 3296),
('CD0088', 'Mahajana Osu Sala', 'Negombo', 'CSODSR3012314', '2019-08-26', 7, 519900, 519900),
('CD0549', 'Lakshan Chemist', 'Wattala', 'CSODSR3012315', '2019-08-26', 7, 2696, 2696),
('CD0088', 'Mahajana Osu Sala', 'Negombo', 'CSODSR3012316', '2019-08-26', 7, 120550, 120550),
('CD0194', 'Unique Pharmacy', 'Negombo', 'CSODSR3012317', '2019-08-29', 4, 34707.1, 34707.1),
('CD0133', 'Peoples Pharmacy  Grocery', 'Wattala', 'CSODSR3012318', '2019-08-26', 7, 13030, 13030),
('CD0517', 'Krishantha Gunathilaka Dr.', 'Hunupitiya', 'CSODSR3012319', '2019-08-26', 7, 21032, 21032),
('CD0160', 'Seeduwa Medicals', 'Seeduwa', 'CSODSR3012320', '2019-08-26', 7, 19582, 19582),
('CD0460', 'Darshana Pharmacy', 'Ja-Ela', 'CSODSR3012321', '2019-08-26', 7, 1535, 1535),
('CD0080', 'Lanka Pharmacy', 'Negombo', 'CSODSR3012324', '2019-08-26', 7, 31300, 31300),
('CD0194', 'Unique Pharmacy', 'Negombo', 'CSODSR3012325', '2019-08-29', 4, 13480, 13480),
('CD0480', 'Thilana Pharmacy', 'Ja-Ela', 'CSODSR3012326', '2019-08-26', 7, 11053.4, 11053.4),
('CD0083', 'Leesons Pharmacy', 'Ragama', 'CSODSR3012327', '2019-08-26', 7, 203970, 203970),
('CD0025', 'City Pharmacy', 'Ragama', 'CSODSR3012328', '2019-08-26', 7, 27057.5, 27057.5),
('CD0083', 'Leesons Pharmacy', 'Ragama', 'CSODSR3012329', '2019-08-26', 7, 616.68, 616.68),
('CD0254', 'Sahana Pharmacy', 'Ragama', 'CSODSR3012330', '2019-08-26', 7, 53847.8, 52197.8),
('CD0078', 'Krishmo Pharmacy', 'Wattala', 'CSODSR3012331', '2019-08-26', 7, 1220, 1220),
('CD0568', 'Healing Pharmacy', 'Negombo', 'CSODSR3012332', '2019-08-26', 7, 2360.9, 2360.9),
('CD0141', 'Ragama Pharmacy', 'Ragama', 'CSODSR3012333', '2019-08-26', 7, 92056.2, 92056.2),
('CD0549', 'Lakshan Chemist', 'Wattala', 'CSODSR3012334', '2019-08-26', 7, 5831.73, 5831.73),
('CD0396', 'Hansi Pharmacy', 'Ja-Ela', 'CSODSR3012335', '2019-08-26', 7, 3281.73, 3281.73),
('CD0480', 'Thilana Pharmacy', 'Ja-Ela', 'CSODSR3012336', '2019-08-27', 6, 5880, 5880),
('CD0559', 'Chrishantus Silva Dr.', 'Negombo', 'CSODSR3012337', '2019-08-27', 6, 20052, 20052),
('CD0141', 'Ragama Pharmacy', 'Ragama', 'CSODSR3012338', '2019-08-27', 6, 103777, 101039),
('CD0145', 'Reliable Pharmacy', 'Ragama', 'CSODSR3012339', '2019-08-27', 6, 17448.9, 17448.9),
('CD0107', 'New Central Pharmacy', 'Negombo', 'CSODSR3012340', '2019-08-27', 6, 6739.5, 6739.5),
('CD0240', 'Hiru Pharmacy', 'Katana', 'CSODSR3012341', '2019-08-27', 6, 15589, 15589),
('CD0167', 'Silveray Pharmacy', 'Negombo', 'CSODSR3012342', '2019-08-27', 6, 22800, 22800),
('CD0508', 'St. Joseph Pharmacy  Grocery', 'Ja-Ela', 'CSODSR3012344', '2019-08-27', 6, 8049.26, 8049.26),
('CD0182', 'Supreem Pharmacy', 'Negombo', 'CSODSR3012345', '2019-08-27', 6, 4605, 4605),
('COLD14348', 'Ashoka Pharmacy', 'Negombo', 'CSODSR3012346', '2019-08-27', 6, 4721.8, 4721.8),
('CD0035', 'Ekala Pharmacy', 'Ja-Ela', 'CSODSR3012348', '2019-08-27', 6, 8422.22, 8422.22),
('CD0141', 'Ragama Pharmacy', 'Ragama', 'CSODSR3012350', '2019-08-27', 6, 13692.5, 13692.5),
('CD0460', 'Darshana Pharmacy', 'Ja-Ela', 'CSODSR3012351', '2019-08-27', 6, 2696, 2696),
('CD0402', 'Pamunugama Osu Sala', 'Raddolugama', 'CSODSR3012352', '2019-08-27', 6, 47350, 47350),
('CD0194', 'Unique Pharmacy', 'Negombo', 'CSODSR3012353', '2019-08-29', 4, 7290, 7290),
('CD0163', 'Sethma Pharmacy', 'Kandana', 'CSODSR3012354', '2019-08-29', 4, 7290, 7290),
('CD0138', 'P.J. ENTERPRISES (PVT) Ltd.', 'Ja-Ela', 'CSODSR3012355', '2019-08-27', 6, 6075, 6075),
('CD0182', 'Supreem Pharmacy', 'Negombo', 'CSODSR3012356', '2019-08-27', 6, 2430, 2430),
('CD0258', 'Rilaulla Pharmacy', 'Kandana', 'CSODSR3012357', '2019-08-27', 6, 2430, 2430),
('CD0104', 'Nawa Osusala', 'Ja-Ela', 'CSODSR3012358', '2019-08-28', 5, 2430, 2430),
('CD0107', 'New Central Pharmacy', 'Negombo', 'CSODSR3012359', '2019-08-27', 6, 2488.68, 2488.68),
('CD0080', 'Lanka Pharmacy', 'Negombo', 'CSODSR3012360', '2019-08-30', 3, 41200, 41200),
('CD0080', 'Lanka Pharmacy', 'Negombo', 'CSODSR3012361', '2019-08-27', 6, 17050, 17050),
('COLD13809', 'Lakshi Pharmacy', 'Negombo', 'CSODSR3012362', '2019-08-27', 6, 4721.8, 4721.8),
('CD0018', 'Better Health Pharmacy', 'Negombo', 'CSODSR3012364', '2019-08-27', 6, 2430, 2430),
('CD0163', 'Sethma Pharmacy', 'Kandana', 'CSODSR3012365', '2019-08-29', 4, 11804.5, 11804.5),
('CD0240', 'Hiru Pharmacy', 'Katana', 'CSODSR3012366', '2019-08-28', 5, 24400, 24400),
('CD0145', 'Reliable Pharmacy', 'Ragama', 'CSODSR3012367', '2019-08-28', 5, 10526.1, 10526.1),
('COLD14005', 'Anuja Fernando Dr.', 'Seeduwa', 'CSODSR3012368', '2019-08-28', 5, 7833.9, 7833.9),
('CD0263', 'Dissanayaka N.M.Dr.', 'Wattala', 'CSODSR3012369', '2019-08-28', 5, 11917.4, 11917.4),
('CD0541', 'Mabola Osusala', 'Wattala', 'CSODSR3012370', '2019-08-28', 5, 11806.4, 11806.4),
('CD0136', 'Pharma Chemi', 'Wattala', 'CSODSR3012371', '2019-08-28', 5, 2390, 2390),
('CD0194', 'Unique Pharmacy', 'Negombo', 'CSODSR3012372', '2019-08-29', 4, 19002, 19002),
('CD0052', 'Health  Glow Pharmacy', 'Wattala', 'CSODSR3012373', '2019-08-28', 5, 11804.5, 11804.5),
('CD0141', 'Ragama Pharmacy', 'Ragama', 'CSODSR3012375', '2019-08-28', 5, 9108, 9108),
('CD0408', 'International Institute of Health of Science', 'Mahabage', 'CSODSR3012377', '2019-08-28', 5, 33262, 33262),
('CD0402', 'Pamunugama Osu Sala', 'Raddolugama', 'CSODSR3012378', '2019-08-29', 4, 5202, 5202),
('CD0138', 'P.J. ENTERPRISES (PVT) Ltd.', 'Ja-Ela', 'CSODSR3012379', '2019-08-28', 5, 10404, 10404),
('CD0240', 'Hiru Pharmacy', 'Katana', 'CSODSR3012380', '2019-08-28', 5, 67360, 67360),
('CD0214', 'Silva J.B.Dr.', 'Negombo', 'CSODSR3012381', '2019-08-28', 5, 6100, 6100),
('CD0476', 'Dagonna Pharmacy  Mini Mart', 'Negombo', 'CSODSR3012382', '2019-08-28', 5, 97795.4, 97795.4),
('CD0476', 'Dagonna Pharmacy  Mini Mart', 'Negombo', 'CSODSR3012383', '2019-08-28', 5, 43800, 43800),
('CD0408', 'International Institute of Health of Science', 'Mahabage', 'CSODSR3012384', '2019-08-28', 5, 33360.6, 33360.6),
('CD0408', 'International Institute of Health of Science', 'Mahabage', 'CSODSR3012385', '2019-08-28', 5, 38484.6, 38484.6),
('CD0111', 'New Pharmacy', 'Wattala', 'CSODSR3012386', '2019-08-28', 5, 12692.7, 12692.7),
('CD0555', 'Imedra Medicals(Pvt)Ltd', 'Ragama', 'CSODSR3012387', '2019-09-02', 0, 14112, 14112),
('CD0057', 'Hendala Pharmacy', 'Wattala', 'CSODSR3012388', '2019-08-30', 3, 14489.6, 14489.6),
('CD0176', 'St. Marrys Pharmacy - KA', 'Katunayake', 'CSODSR3012389', '2019-08-28', 5, 5392, 5392),
('CD0078', 'Krishmo Pharmacy', 'Wattala', 'CSODSR3012390', '2019-08-28', 5, 8977.52, 8977.52),
('CD0052', 'Health  Glow Pharmacy', 'Wattala', 'CSODSR3012391', '2019-08-29', 4, 22707.7, 22707.7),
('CD0130', 'Pamunugama Pharmacy', 'Bopitiya', 'CSODSR3012392', '2019-08-29', 4, 24568.5, 24568.5),
('CD0080', 'Lanka Pharmacy', 'Negombo', 'CSODSR3012393', '2019-08-29', 4, 8850, 8850),
('CD0052', 'Health  Glow Pharmacy', 'Wattala', 'CSODSR3012394', '2019-08-29', 4, 2601, 2601),
('CD0402', 'Pamunugama Osu Sala', 'Raddolugama', 'CSODSR3012395', '2019-08-29', 4, 2928, 2928),
('CD0258', 'Rilaulla Pharmacy', 'Kandana', 'CSODSR3012396', '2019-08-29', 4, 120780, 120780),
('CD0249', 'Roshini Pharmacy', 'Ja-Ela', 'CSODSR3012397', '2019-08-29', 4, 2785.2, 2785.2),
('CD0402', 'Pamunugama Osu Sala', 'Raddolugama', 'CSODSR3012398', '2019-08-29', 4, 6315.66, 6315.66),
('CD0055', 'Healthline Pharmacy', 'Kandana', 'CSODSR3012399', '2019-08-29', 4, 7794.5, 7794.5),
('CD0228', 'Shanthi Pharmacy', 'Negombo', 'CSODSR3012400', '2019-08-29', 4, 45260.5, 45260.5),
('CD0228', 'Shanthi Pharmacy', 'Negombo', 'CSODSR3012401', '2019-08-29', 4, 5202, 5202),
('CD0163', 'Sethma Pharmacy', 'Kandana', 'CSODSR3012402', '2019-08-29', 4, 13005, 13005),
('CD0258', 'Rilaulla Pharmacy', 'Kandana', 'CSODSR3012403', '2019-08-29', 4, 11804.5, 11804.5),
('CD0476', 'Dagonna Pharmacy  Mini Mart', 'Negombo', 'CSODSR3012404', '2019-08-29', 4, 21972, 21972),
('CD0176', 'St. Marrys Pharmacy - KA', 'Katunayake', 'CSODSR3012405', '2019-08-29', 4, 17882.5, 17882.5),
('CD0189', 'Thalahena Pharmacy', 'Negombo', 'CSODSR3012406', '2019-08-29', 4, 12164.6, 12164.6),
('CD0182', 'Supreem Pharmacy', 'Negombo', 'CSODSR3012407', '2019-08-29', 4, 14052, 14052),
('CD0254', 'Sahana Pharmacy', 'Ragama', 'CSODSR3012409', '2019-08-29', 4, 2502, 2502),
('CD0487', 'Healthcare Pharmacy  Family Needs', 'Raddolugama', 'CSODSR3012410', '2019-08-29', 4, 7794.5, 7794.5),
('CD0194', 'Unique Pharmacy', 'Negombo', 'CSODSR3012411', '2019-08-29', 4, 23609, 23609),
('CD0476', 'Dagonna Pharmacy  Mini Mart', 'Negombo', 'CSODSR3012413', '2019-08-29', 4, 27120, 27120),
('CD0163', 'Sethma Pharmacy', 'Kandana', 'CSODSR3012414', '2019-08-29', 4, 97146.6, 97146.6),
('CD0107', 'New Central Pharmacy', 'Negombo', 'CSODSR3012415', '2019-08-29', 4, 23609, 23609),
('CD0486', 'Royal Pharmacy Lanka (Pvt) Ltd.', 'Negombo', 'CSODSR3012416', '2019-08-31', 2, 141700, 141700),
('CD0044', 'Gimshani Pharmacy', 'Kandana', 'CSODSR3012417', '2019-08-29', 4, 4232.5, 4232.5),
('COLD13777', 'Royal Pharmacy - Kanda', 'Kandana', 'CSODSR3012418', '2019-08-29', 4, 18167, 18167),
('COLD13957', 'Negombo Drugs', 'Negombo', 'CSODSR3012419', '2019-08-29', 4, 3816, 3816),
('CD0052', 'Health  Glow Pharmacy', 'Wattala', 'CSODSR3012420', '2019-08-29', 4, 15824.7, 15824.7),
('CD0182', 'Supreem Pharmacy', 'Negombo', 'CSODSR3012421', '2019-08-29', 4, 100211, 100211),
('CD0194', 'Unique Pharmacy', 'Negombo', 'CSODSR3012422', '2019-08-29', 4, 55370, 55370),
('CD0141', 'Ragama Pharmacy', 'Ragama', 'CSODSR3012423', '2019-08-30', 3, 313600, 313600),
('CD0133', 'Peoples Pharmacy  Grocery', 'Wattala', 'CSODSR3012424', '2019-08-30', 3, 190010, 190010),
('COLD13957', 'Negombo Drugs', 'Negombo', 'CSODSR3012425', '2019-08-30', 3, 4721.8, 4721.8),
('COLD13777', 'Royal Pharmacy - Kanda', 'Kandana', 'CSODSR3012426', '2019-08-30', 3, 3816, 3816),
('CD0402', 'Pamunugama Osu Sala', 'Raddolugama', 'CSODSR3012427', '2019-08-30', 3, 1659.12, 1659.12),
('COLD13809', 'Lakshi Pharmacy', 'Negombo', 'CSODSR3012428', '2019-08-30', 3, 13387.5, 13387.5),
('CD0356', 'Rusal Pharmacy - (Aloka Dr.)', 'Katana', 'CSODSR3012429', '2019-08-30', 3, 9465, 9465),
('CD0194', 'Unique Pharmacy', 'Negombo', 'CSODSR3012430', '2019-08-30', 3, 193319, 193319),
('CD0481', 'Reliance Pharmacy', 'Negombo', 'CSODSR3012431', '2019-08-30', 3, 28955, 28955),
('CD0053', 'Health Care Medicla', 'Negombo', 'CSODSR3012432', '2019-08-30', 3, 6735.3, 6735.3),
('CD0023', 'City Medical', 'Negombo', 'CSODSR3012433', '2019-08-30', 3, 6237.35, 6237.35),
('CD0053', 'Health Care Medicla', 'Negombo', 'CSODSR3012434', '2019-08-30', 3, 2440, 2440),
('CD0141', 'Ragama Pharmacy', 'Ragama', 'CSODSR3012435', '2019-08-30', 3, 106800, 106800),
('COLD14555', 'Nawa Lanka Pharmacy', 'Negombo', 'CSODSR3012436', '2019-08-30', 3, 34617.4, 34617.4),
('COLD14555', 'Nawa Lanka Pharmacy', 'Negombo', 'CSODSR3012437', '2019-08-30', 3, 10140, 10140),
('COLD14555', 'Nawa Lanka Pharmacy', 'Negombo', 'CSODSR3012438', '2019-08-30', 3, 5202, 5202),
('CD0158', 'Sathya Pharmacy', 'Wattala', 'CSODSR3012439', '2019-08-30', 3, 12571, 12571),
('CD0023', 'City Medical', 'Negombo', 'CSODSR3012440', '2019-08-30', 3, 64589.6, 64589.6),
('CD0294', 'Bopitiya Pharmacy', 'Bopitiya', 'CSODSR3012441', '2019-08-30', 3, 20026, 20026),
('CD0194', 'Unique Pharmacy', 'Negombo', 'CSODSR3012442', '2019-08-30', 3, 49010.9, 49010.9),
('CD0194', 'Unique Pharmacy', 'Negombo', 'CSODSR3012443', '2019-08-30', 3, 2601, 2601),
('CD0498', 'Isura Pharmacy  Grocery', 'Katana', 'CSODSR3012444', '2019-08-30', 3, 3826, 3826),
('COLD13957', 'Negombo Drugs', 'Negombo', 'CSODSR3012445', '2019-08-30', 3, 11525.7, 11525.7),
('CD0481', 'Reliance Pharmacy', 'Negombo', 'CSODSR3012446', '2019-08-30', 3, 1695.66, 1695.66),
('CD0018', 'Better Health Pharmacy', 'Negombo', 'CSODSR3012447', '2019-08-30', 3, 29693.8, 29693.8),
('CD0107', 'New Central Pharmacy', 'Negombo', 'CSODSR3012448', '2019-08-30', 3, 90212.8, 90212.8),
('CD0182', 'Supreem Pharmacy', 'Negombo', 'CSODSR3012449', '2019-08-30', 3, 10939.1, 10939.1),
('COLD13809', 'Lakshi Pharmacy', 'Negombo', 'CSODSR3012450', '2019-08-30', 3, 21909, 21909),
('CD0078', 'Krishmo Pharmacy', 'Wattala', 'CSODSR3012451', '2019-08-30', 3, 2260, 2260),
('CD0083', 'Leesons Pharmacy', 'Ragama', 'CSODSR3012452', '2019-08-30', 3, 26882, 26882),
('CD0138', 'P.J. ENTERPRISES (PVT) Ltd.', 'Ja-Ela', 'CSODSR3012453', '2019-08-30', 3, 35270, 35270),
('CD0088', 'Mahajana Osu Sala', 'Negombo', 'CSODSR3012454', '2019-08-30', 3, 35684, 35684),
('COLD14591', 'V.M. Pharmacy', 'Katana', 'CSODSR3012455', '2019-08-30', 3, 3678.41, 3678.41),
('COLD13809', 'Lakshi Pharmacy', 'Negombo', 'CSODSR3012456', '2019-08-30', 3, 27170.5, 27170.5),
('CD0408', 'International Institute of Health of Science', 'Mahabage', 'CSODSR3012457', '2019-08-31', 2, 9547.86, 9547.86),
('CD0408', 'International Institute of Health of Science', 'Mahabage', 'CSODSR3012458', '2019-08-31', 2, 1326.1, 1326.1),
('CD0486', 'Royal Pharmacy Lanka (Pvt) Ltd.', 'Negombo', 'CSODSR3012459', '2019-08-31', 2, 102920, 102920),
('CD0125', 'Orient Pharmacy', 'Kandana', 'CSODSR3012460', '2019-08-31', 2, 40620, 40620),
('CD0080', 'Lanka Pharmacy', 'Negombo', 'CSODSR3012462', '2019-08-31', 2, 177582, 177582),
('CD0080', 'Lanka Pharmacy', 'Negombo', 'CSODSR3012463', '2019-08-31', 2, 43720, 43720),
('CD0147', 'Robert Medical', 'Negombo', 'CSODSR3012464', '2019-08-31', 2, 10506.2, 10506.2),
('CD0107', 'New Central Pharmacy', 'Negombo', 'CSODSR3012465', '2019-08-31', 2, 5392, 5392),
('CD0176', 'St. Marrys Pharmacy - KA', 'Katunayake', 'CSODSR3012467', '2019-08-31', 2, 15347.7, 15347.7),
('CD0176', 'St. Marrys Pharmacy - KA', 'Katunayake', 'CSODSR3012468', '2019-09-02', 0, 4152.7, 4152.7),
('CD0426', 'Jayasri Pharmacy', 'Ragama', 'CSODSR3012469', '2019-09-02', 0, 47925, 47925),
('CD0402', 'Pamunugama Osu Sala', 'Raddolugama', 'CSODSR3012470', '2019-09-02', 0, 32561, 32561),
('CD0176', 'St. Marrys Pharmacy - KA', 'Katunayake', 'CSODSR3012471', '2019-09-02', 0, 106188, 106188),
('CD0182', 'Supreem Pharmacy', 'Negombo', 'CSODSR3012472', '2019-09-02', 0, 129360, 129360),
('CD0242', 'K. S. A. Medical', 'Negombo', 'CSODSR3012473', '2019-09-02', 0, 9456, 9456),
('CD0220', 'The Pharmacy', 'Negombo', 'CSODSR3012474', '2019-09-02', 0, 2952, 2952),
('CD0480', 'Thilana Pharmacy', 'Ja-Ela', 'CSODSR3012476', '2019-09-02', 0, 8256, 8256),
('CD0032', 'Digasiri Pharmacy', 'Ja-Ela', 'CSODSR3012477', '2019-09-02', 0, 13056, 13056),
('CD0138', 'P.J. ENTERPRISES (PVT) Ltd.', 'Ja-Ela', 'CSODSR3012480', '2019-09-02', 0, 197471, 197471),
('CD0501', 'Jasmin Pharmacy  Grocery', 'Kandana', 'CSODSR3012481', '2019-09-02', 0, 20978, 20978),
('CD0088', 'Mahajana Osu Sala', 'Negombo', 'CSODSR3012482', '2019-09-02', 0, 100950, 100950),
('CD0154', 'Sampath Pharmacy', 'Ragama', 'CSODSR3012483', '2019-09-02', 0, 168730, 168730),
('CD0182', 'Supreem Pharmacy', 'Negombo', 'CSODSR3012484', '2019-09-02', 0, 77300, 77300),
('CD0133', 'Peoples Pharmacy  Grocery', 'Wattala', 'CSODSR3012485', '2019-09-02', 0, 17830, 17830),
('CD0311', 'Gayan Jayakody Dr.', 'Raddolugama', 'CSODSR3012486', '2019-09-02', 0, 19600, 19600),
('CD0362', 'Mahendra David Dr.', 'Katana', 'CSODSR3012487', '2019-09-02', 0, 26112, 26112),
('CD0117', 'Nipuni Pharmacy', 'Ragama', 'CSODSR3012488', '2019-09-02', 0, 4110, 4110),
('CD0083', 'Leesons Pharmacy', 'Ragama', 'CSODSR3012489', '2019-09-02', 0, 42800, 42800),
('CD0163', 'Sethma Pharmacy', 'Kandana', 'CSODSR3012490', '2019-09-02', 0, 76750, 76750),
('CD0088', 'Mahajana Osu Sala', 'Negombo', 'CSODSR3012491', '2019-09-02', 0, 47350, 47350),
('CD0088', 'Mahajana Osu Sala', 'Negombo', 'CSODSR3012492', '2019-09-02', 0, 29400, 29400),
('CD0083', 'Leesons Pharmacy', 'Ragama', 'CSODSR3012495', '2019-09-02', 0, 41750, 41750),
('CD0083', 'Leesons Pharmacy', 'Ragama', 'CSODSR3012496', '2019-09-02', 0, 18684, 18684),
('CD0163', 'Sethma Pharmacy', 'Kandana', 'CSODSR3012498', '2019-09-02', 0, 49283, 49283),
('CD0141', 'Ragama Pharmacy', 'Ragama', 'CSODSR3012499', '2019-09-02', 0, 56100, 56100),
('CD0141', 'Ragama Pharmacy', 'Ragama', 'CSODSR3012500', '2019-09-02', 0, 12200, 12200),
('CD0088', 'Mahajana Osu Sala', 'Negombo', 'CSODSR3012501', '2019-09-02', 0, 47016.3, 47016.3),
('CD0088', 'Mahajana Osu Sala', 'Negombo', 'CSODSR3012502', '2019-09-02', 0, 66996.6, 66996.6),
('CD0141', 'Ragama Pharmacy', 'Ragama', 'CSODSR3012503', '2019-09-02', 0, 41200, 41200),
('CD0163', 'Sethma Pharmacy', 'Kandana', 'CSODSR3012504', '2019-09-02', 0, 40200, 40200),
('CD0294', 'Bopitiya Pharmacy', 'Bopitiya', 'CSODSR3012505', '2019-09-02', 0, 47350, 47350),
('CD0476', 'Dagonna Pharmacy  Mini Mart', 'Negombo', 'CSODSR3012506', '2019-09-02', 0, 47350, 47350),
('CD0501', 'Jasmin Pharmacy  Grocery', 'Kandana', 'CSODSR3012507', '2019-09-02', 0, 94700, 94700),
('CD0015', 'Ave Maria (Pvt) Hospital', 'Negombo', 'CSODSR3012508', '2019-09-02', 0, 18000, 18000),
('CD0083', 'Leesons Pharmacy', 'Ragama', 'CSODSR3012510', '2019-09-02', 0, 27160.4, 27160.4),
('CD0154', 'Sampath Pharmacy', 'Ragama', 'CSODSR3012511', '2019-09-02', 0, 141700, 141700),
('CD0020', 'Cash Customer - Colombo D', 'Negombo', 'CSODSR3012513', '2019-09-02', 0, 29270, 29270),
('CD0182', 'Supreem Pharmacy', 'Negombo', 'IND013000244', '2018-07-09', 420, 1052, 1052),
('CD0016', 'Ave Maria Pharmacy', 'Negombo', 'IND013000323', '2018-09-21', 346, 26090, 26090),
('CD0020', 'Cash Customer - Colombo D', 'Negombo', 'IND013000401', '2018-12-04', 272, 2609, 2609),
('CD0020', 'Cash Customer - Colombo D', 'Negombo', 'IND013000414', '2018-12-24', 252, 626.09, 626.09),
('CD0020', 'Cash Customer - Colombo D', 'Negombo', 'IND013000431', '2019-02-06', 208, 626.09, 626.09),
('CD0083', 'Leesons Pharmacy', 'Ragama', 'IND013000466', '2019-05-15', 110, 9155, 9155),
('CD0461', 'Hussair M. N. M. Dr.', 'Negombo', 'IND013000468', '2019-05-17', 108, 13565.5, 11456.4),
('CD0020', 'Cash Customer - Colombo D', 'Negombo', 'IND013000482', '2019-06-27', 67, 3084, 1568),
('CD0088', 'Mahajana Osu Sala', 'Negombo', 'IND013000489', '2019-07-26', 38, 7531, 7531),
('CD0147', 'Robert Medical', 'Negombo', 'IND013000490', '2019-07-27', 37, 10691, 10691);

-- --------------------------------------------------------

--
-- Table structure for table `jlm`
--

DROP TABLE IF EXISTS `jlm`;
CREATE TABLE IF NOT EXISTS `jlm` (
  `jID` varchar(20) NOT NULL,
  `custName` varchar(50) NOT NULL,
  `town` varchar(20) NOT NULL,
  PRIMARY KEY (`jID`),
  UNIQUE KEY `hID` (`jID`)
) ENGINE=InnoDB DEFAULT CHARSET=latin1;

--
-- Dumping data for table `jlm`
--

INSERT INTO `jlm` (`jID`, `custName`, `town`) VALUES
('0028803', 'Across Healthcare', 'Ragama'),
('0028821', 'St. Joseph\'s Pharmacy', 'Bopitiya'),
('0031365', 'Orient Pharmacy', 'Negombo'),
('0035625', 'Samusetha Osusala', 'Pannala'),
('0038540', 'KSA Pharmacy', 'Negombo'),
('0041639', 'St. Joseph\'s Pharmacy', 'Jaela'),
('0042156', 'Moon Pharmacy', 'Negombo'),
('0042976', 'Dewa Pharmacy', 'Ragama'),
('0046331', 'Dr. Wasantha Dissanayake', 'Andiambalama'),
('0051761', 'Dr. K.R.G. Upashantha', 'Minuwangoda'),
('0051966', 'Nawaloka Medicare (Pvt) Ltd', 'Negombo'),
('0052046', 'Thenuka Pharmacy', 'Negombo'),
('0052114', 'Dr. Champa Gunathunga', 'Kandana'),
('0052128', 'Dr. Chinthaka Rathnayake', 'Wattala'),
('0052234', 'Dr. Prasanjaya Pramodith', 'Negombo'),
('0052748', 'Srilak Pharmacy', 'Seeduwa'),
('0052750', 'New St. Joseph Pharmacy & Grocery', 'Seeduwa'),
('0053382', 'Lak Osusala', 'Seeduwa'),
('0054361', 'Sudish Pharmacy & Grocery', 'Wattala'),
('0055703', 'Imendra Pharmacy', 'Ragama'),
('0055704', 'Aqua Pharmacy', 'Ragama'),
('0056000', 'Ayu Pharmacy', 'Dambadeniya'),
('0056048', 'Lakshan Chemist', 'Mabole'),
('0056539', 'Tenuli Pharmacy', 'Seeduwa'),
('0056635', 'Lakshi Pharmacy', 'Negombo'),
('0056674', 'Health Care Pharmacy', 'Negombo'),
('0056685', 'Healing Pharmacy', 'Negombo'),
('0057266', 'AMC Pharma', 'Negombo'),
('0057394', 'IIHS Pharmacy', 'Welisara'),
('0057720', 'Health & Glow Pharmacy', 'Hunupitiya'),
('0057766', 'Lasith Pharmacy', 'Negombo'),
('0057783', 'S & S Pharma', 'Negombo'),
('0057830', 'Dr. Sujeewa Rodriogo', 'Ragama'),
('0058394', 'Dagonna Pharmacy & Minimart', 'Andiambalama'),
('0058442', 'Aliance Pharmacy', 'Mahabage'),
('0059294', 'Dr. Nandika L.S. Sembukuttiarachchi', 'Katunayake'),
('0059308', 'Ashoka Pharmacy', 'Negombo'),
('0059393', 'Negombo Drugs', 'Negombo'),
('0059998', 'Dr. Isuru Wijerathne', 'Divulapitiya'),
('0061489', 'Dr. Kumar', 'Negombo'),
('0061842', 'Dr. Sanjeewa Weerasekara', 'Ragama'),
('0061940', 'Dr. R. M. Janan', 'Wattala'),
('0061970', 'Dr. W. A. W. Weerasinghe', 'Pannala'),
('0061975', 'Sasithma Pharmacy', 'Jaela'),
('0062047', 'Dr. S. D. C. De. Silva', 'Averiwatta'),
('0062084', 'The Best Care Pharmacy', 'Minuwangoda'),
('0062090', 'Nawa Lanka Pharmacy', 'Negombo'),
('0062119', 'Dr. Nishanka Perera', 'Mahabage'),
('0062140', 'Royal Pharmacy', 'Kandana'),
('0062198', 'Union Pharmacy', 'Negombo'),
('16043', 'Avemaria Pharmacy', 'Negombo'),
('16044', 'City Pharmacy (Negombo)', 'Negombo'),
('16045', 'Cristal Pharmacy', 'Negombo'),
('16047', 'JJ Pharmacy', 'Negombo'),
('16048', 'New Leo Pharmacy', 'Negombo'),
('16053', 'S & J Pharmacy', 'Negombo'),
('16055', 'Silveray Pharmacy', 'Negombo'),
('16056', 'Suwasarana Pharmacy', 'Negombo'),
('16057', 'The Pharmacy', 'Negombo'),
('16074', 'Shanthi Pharmacy (Negombo)', 'Negombo'),
('16088', 'Robert Pharmacy', 'Negombo'),
('16091', 'Kalidsan Pharmacy', 'Negombo'),
('16107', 'Jayakody Pharmacy', 'Negombo'),
('16123', 'Dr. Iresh Dasanayake', 'Negombo'),
('16131', 'Thalahena Pharmacy', 'Negombo'),
('16140', 'Better Health', 'Negombo'),
('16141', 'Central Pharmacy (Negombo)', 'Negombo'),
('16142', 'Lanka Pharmacy (Negombo)', 'Negombo'),
('16145', 'Super Medical', 'Negombo'),
('16146', 'Unique Pharmacy', 'Negombo'),
('16148', 'Negambo F & D', 'Negombo'),
('16149', 'X-Lab Pharmacy', 'Negombo'),
('16166', 'Best Way Pharmacy', 'Negombo'),
('7001', 'Chalani Pharmacy (Andiambalama)', 'Andiambalama'),
('7009', 'Jayani Pharmacy', 'Bopitiya'),
('7023', 'Seth Pharmacy (Dambadeniya)', 'Dambadeniya'),
('7030', 'MPCS Osuhala (Divulapitiya)', 'Divulapitiya'),
('7031', 'Nawa Osuhala (Divulapitiya)', 'Divulapitiya'),
('7037', 'New Medical (Giriulla)', 'Giriulla'),
('7044', 'Nawa Osuhala (Ja-Ela)', 'Jaela'),
('7046', 'Prasanna Pharmacy', 'Jaela'),
('7050', 'St. Jude Pharmacy (Ja-Ela)', 'Jaela'),
('7052', 'Orient Pharmacy (Kandana)', 'Kandana'),
('7053', 'Sethma Pharmacy (Kandana)', 'Kandana'),
('7054', 'Health Line Pharmacy (Kapuwatte)', 'Kapuwatte'),
('7075', 'Relibale Pharmacy', 'Mahabage'),
('7076', 'Sampath Pharmacy', 'Mahabage'),
('7086', 'New Chalani Pharmacy', 'Minuwangoda'),
('7087', 'New Nandana Pharmacy', 'Minuwangoda'),
('7089', 'Sahana Pharmacy', 'Minuwangoda'),
('7120', 'Royal Pharmacy (Makandura)', 'Makandura'),
('7128', 'Asiri Pharmacy (Raddolugama)', 'Raddolugama'),
('7130', 'Raddolugama Pharmacy', 'Raddolugama'),
('7132', 'Leesons Pharmacy', 'Ragama'),
('7134', 'New City Pharmacy (Ragama)', 'Ragama'),
('7135', 'Ragama Pharmacy', 'Ragama'),
('7140', 'Seeduwa Medical (Seeduwa)', 'Seeduwa'),
('7148', 'Isuri Pharmacy', 'Wattala'),
('7151', 'Sasiri Pharmacy', 'Elakande'),
('7153', 'Sri Sathya Pharmacy', 'Wattala'),
('7155', 'Wattala Osuhala', 'Wattala'),
('7160', 'Orient Pharmacy (Averiwatta)', 'Averiwatta'),
('7161', 'Jayanthi Pharmacy (Averiwatta)', 'Averiwatta'),
('7162', 'Gimshani Pharmacy', 'Kandana'),
('7172', 'New Western Pharmacy', 'Pannala'),
('7175', 'Health & Glow Pharmacy', 'Wattala'),
('7176', 'Mahajana Pharmacy', 'Kurana'),
('7177', 'St. Jude Pharmacy (Seeduwa)', 'Seeduwa'),
('7178', 'Pamunugama Pharmacy', 'Bopitiya'),
('7198', 'Rosevilla Pharmacy (Enderamulla)', 'Enderamulla'),
('7203', 'Induwaran Pharmacy', 'Seeduwa'),
('7207', 'St Marys Pharmacy', 'Katunayake'),
('7208', 'Sisira Pharmacy (Giriulla)', 'Giriulla'),
('7209', 'Vidura Pharmacy', 'Divulapitiya'),
('7210', 'Hendala Medical', 'Hendala'),
('7227', 'Samarasinghe Pharmacy', 'Ragama'),
('7230', 'New Pharmacy (Wattala)', 'Wattala'),
('7233', 'Sahana Osusala', 'Ragama'),
('7235', 'Rilaulla Pharmacy', 'Rilaulla'),
('7250', 'Bopitiya Pharmacy', 'Bopitiya'),
('7253', 'The Pharmacy', 'Jaela'),
('7257', 'Dr. Chaminda Suriyaarachchi', 'Minuwangoda'),
('7269', 'Golden Chemist', 'Welisara'),
('7283', 'Seeduwa Osuhala', 'Seeduwa'),
('7289', 'Milan Pharmacy', 'Enderamulla'),
('7292', 'Pharmachemi Pharmacy', 'Hunupitiya'),
('7296', 'Pamunugama Pharmacy', 'Raddolugama'),
('7304', 'Isura Pharmacy', 'Ragama'),
('7308', 'Wijayamini Pharmacy', 'Divulapitiya'),
('7321', 'Bandula Pharmacy', 'Minuwangoda'),
('7323', 'Indra Pharmacy', 'Andiambalama'),
('7324', 'Luxsiri Pharmacy', 'Averiwatta'),
('7326', 'Union Chemist', 'Wattala'),
('7327', 'Sahara Chemist', 'Mahabage'),
('7330', 'Isuri Pharmacy', 'Wattala'),
('7352', 'Peoples Pharmacy', 'Hendala'),
('7354', 'Family Pharmacy', 'Enderamulla'),
('7370', 'Dr. Dissanayake', 'Mabole'),
('7375', 'Darshana Pharmacy', 'Jaela'),
('7377', 'Dr. Dammika Abeysinghe', 'Bopitiya'),
('7383', 'Krishmo Pharmacy', 'Wattala'),
('7387', 'C & D Pharmacy', 'Weligampitiya'),
('7389', 'Senarath Pharmacy', 'Jaela'),
('7390', 'Orient Pharmacy', 'Minuwangoda'),
('7391', 'New Ragama Pharmacy', 'Ragama'),
('7395', 'Arogya Medical', 'Giriulla'),
('7399', 'N. S. Medical', 'Seeduwa'),
('7400', 'New Ekala Pharmacy', 'E-Kala'),
('7401', 'New Pharmacy', 'Ragama'),
('7406', 'Asiri Pharmacy', 'Kurana'),
('7410', 'Dr. Herath', 'Jaela'),
('7411', 'Thilina Pharmacy', 'E-Kala'),
('7412', 'Peoples Osusala', 'Mahabage'),
('7418', 'Health Care Pharmacy', 'Raddolugama'),
('7420', 'Browns Healthcare (Pvt) Ltd', 'Ragama'),
('7422', 'Central Divine Phamacy', 'Minuwangoda'),
('7424', 'Suwa Setha Osusala', 'Divulapitiya'),
('7425', 'Peoples Osusala', 'Minuwangoda'),
('7429', 'Radiant Eye Hospital', 'Jaela'),
('CPRL109000001', 'Reliance Pharma (Pvt) Ltd', 'Negombo');

-- --------------------------------------------------------

--
-- Table structure for table `jloutupload`
--

DROP TABLE IF EXISTS `jloutupload`;
CREATE TABLE IF NOT EXISTS `jloutupload` (
  `jID` varchar(20) NOT NULL,
  `jCustName` varchar(50) NOT NULL,
  `jTown` varchar(20) NOT NULL,
  `inv` varchar(20) NOT NULL,
  `date` date DEFAULT NULL,
  `age` int(11) DEFAULT NULL,
  `amount` float DEFAULT NULL,
  `balAmount` float DEFAULT NULL,
  PRIMARY KEY (`inv`),
  KEY `hID` (`jID`)
) ENGINE=InnoDB DEFAULT CHARSET=latin1;

--
-- Dumping data for table `jloutupload`
--

INSERT INTO `jloutupload` (`jID`, `jCustName`, `jTown`, `inv`, `date`, `age`, `amount`, `balAmount`) VALUES
('7151', 'Sasiri Pharmacy', 'Elakande', 'CSO157300086', '2017-10-03', 699, 10760.3, 10760.3),
('7230', 'New Pharmacy (Wattala)', 'Wattala', 'CSO157300089', '2017-10-03', 699, 20584.4, 20584.4),
('7406', 'Asiri Pharmacy', 'Kurana', 'CSO157300107', '2017-10-09', 693, 4235.1, 4235.1),
('7230', 'New Pharmacy (Wattala)', 'Wattala', 'CSO157300181', '2017-10-17', 685, 24176.1, 24176.1),
('7151', 'Sasiri Pharmacy', 'Elakande', 'CSO157300185', '2017-10-17', 685, 5639.95, 5639.95),
('7327', 'Sahara Chemist', 'Mahabage', 'CSO157300263', '2017-10-31', 671, 21613.8, 21613.8),
('7250', 'Bopitiya Pharmacy', 'Bopitiya', 'CSO157300269', '2017-10-30', 672, 22725.1, 22725.1),
('7151', 'Sasiri Pharmacy', 'Elakande', 'CSO157300289', '2017-11-04', 667, 8303.2, 8303.2),
('7327', 'Sahara Chemist', 'Mahabage', 'CSO157300363', '2017-11-15', 656, 30974.1, 30974.1),
('7151', 'Sasiri Pharmacy', 'Elakande', 'CSO157300379', '2017-11-16', 655, 6512.3, 6512.3),
('7054', 'Health Line Pharmacy (Kapuwatte)', 'Kapuwatte', 'CSO157300452', '2017-11-28', 643, 6683.65, 6683.65),
('0042976', 'Dewa Pharmacy', 'Ragama', 'CSO157300466', '2017-11-30', 641, 33170.6, 0.5),
('0051761', 'Dr. K.R.G. Upashantha', 'Minuwangoda', 'CSO157300542', '2017-12-15', 626, 6525, 6525),
('7052', 'Orient Pharmacy (Kandana)', 'Kandana', 'CSO157300554', '2017-12-18', 623, 4554.17, 4034.77),
('7054', 'Health Line Pharmacy (Kapuwatte)', 'Kapuwatte', 'CSO157300556', '2017-12-18', 623, 7423, 6984),
('7308', 'Wijayamini Pharmacy', 'Divulapitiya', 'CSO157300591', '2017-12-22', 619, 3077, 3077),
('7130', 'Raddolugama Pharmacy', 'Raddolugama', 'CSO157300691', '2018-01-11', 599, 6665.2, 6665.2),
('7128', 'Asiri Pharmacy (Raddolugama)', 'Raddolugama', 'CSO157300692', '2018-01-11', 599, 8613.94, 8613.94),
('7175', 'Health & Glow Pharmacy', 'Wattala', 'CSO157300735', '2018-01-18', 592, 26500.5, 26500.5),
('0056539', 'Tenuli Pharmacy', 'Seeduwa', 'CSO157300753', '2018-01-24', 586, 15585, 15585),
('0056539', 'Tenuli Pharmacy', 'Seeduwa', 'CSO157300823', '2018-02-06', 573, 15585, 15585),
('0056000', 'Ayu Pharmacy', 'Dambadeniya', 'CSO157301215', '2018-04-23', 497, 5690.26, 5690.26),
('7308', 'Wijayamini Pharmacy', 'Divulapitiya', 'CSO157301379', '2018-05-22', 468, 1626.3, 1626.3),
('7054', 'Health Line Pharmacy (Kapuwatte)', 'Kapuwatte', 'CSO157301513', '2018-06-12', 447, 6719.34, 6719.34),
('7046', 'Prasanna Pharmacy', 'Jaela', 'CSO157301824', '2018-08-07', 391, 13050, 13050),
('0055704', 'Aqua Pharmacy', 'Ragama', 'CSO157301853', '2018-08-10', 388, 6300, 6300),
('0059998', 'Dr. Isuru Wijerathne', 'Divulapitiya', 'CSO157301958', '2018-08-27', 371, 15297.1, 15297.1),
('0057720', 'Health & Glow Pharmacy', 'Hunupitiya', 'CSO157302035', '2018-09-06', 361, 4335.28, 1957.28),
('7233', 'Sahana Osusala', 'Ragama', 'CSO157302057', '2018-09-11', 356, 3213, 3213),
('0058394', 'Dagonna Pharmacy & Minimart', 'Andiambalama', 'CSO157302062', '2018-09-11', 356, 3915, 3915),
('7075', 'Relibale Pharmacy', 'Mahabage', 'CSO157302078', '2018-09-12', 355, 5259.12, 4197.97),
('7233', 'Sahana Osusala', 'Ragama', 'CSO157302082', '2018-09-12', 355, 2629.56, 2629.56),
('0028803', 'Across Healthcare', 'Ragama', 'CSO157302087', '2018-09-12', 355, 6173.19, 6173.19),
('7177', 'St. Jude Pharmacy (Seeduwa)', 'Seeduwa', 'CSO157302092', '2018-09-14', 353, 25649.3, 14099.1),
('0028803', 'Across Healthcare', 'Ragama', 'CSO157302101', '2018-09-14', 353, 3016.67, 3016.67),
('7175', 'Health & Glow Pharmacy', 'Wattala', 'CSO157302115', '2018-09-17', 350, 9063, 9063),
('0028803', 'Across Healthcare', 'Ragama', 'CSO157302117', '2018-09-18', 349, 8265, 8265),
('7323', 'Indra Pharmacy', 'Andiambalama', 'CSO157302156', '2018-09-26', 341, 8100, 8100),
('7391', 'New Ragama Pharmacy', 'Ragama', 'CSO157302178', '2018-09-28', 339, 6135.65, 6135.65),
('0042976', 'Dewa Pharmacy', 'Ragama', 'CSO157302183', '2018-09-28', 339, 21762.8, 5120.84),
('7203', 'Induwaran Pharmacy', 'Seeduwa', 'CSO157302192', '2018-09-29', 338, 15585, 15585),
('7323', 'Indra Pharmacy', 'Andiambalama', 'CSO157302200', '2018-10-01', 336, 15351.8, 15351.8),
('0028803', 'Across Healthcare', 'Ragama', 'CSO157302209', '2018-10-03', 334, 5956.52, 5956.52),
('0057720', 'Health & Glow Pharmacy', 'Hunupitiya', 'CSO157302214', '2018-10-04', 333, 1927.8, 1927.8),
('7155', 'Wattala Osuhala', 'Wattala', 'CSO157302215', '2018-10-04', 333, 8877.95, 8464.85),
('7161', 'Jayanthi Pharmacy (Averiwatta)', 'Averiwatta', 'CSO157302223', '2018-10-08', 329, 20798.7, 20798.7),
('7209', 'Vidura Pharmacy', 'Divulapitiya', 'CSO157302249', '2018-10-09', 328, 6498.41, 6498.41),
('7250', 'Bopitiya Pharmacy', 'Bopitiya', 'CSO157302258', '2018-10-10', 327, 7830, 7830),
('7009', 'Jayani Pharmacy', 'Bopitiya', 'CSO157302271', '2018-10-11', 326, 7778.44, 7778.44),
('7250', 'Bopitiya Pharmacy', 'Bopitiya', 'CSO157302277', '2018-10-12', 325, 26222, 5245),
('7395', 'Arogya Medical', 'Giriulla', 'CSO157302297', '2018-10-15', 322, 38940.2, 5808.66),
('7418', 'Health Care Pharmacy', 'Raddolugama', 'CSO157302323', '2018-10-20', 317, 2475, 382.5),
('7161', 'Jayanthi Pharmacy (Averiwatta)', 'Averiwatta', 'CSO157302325', '2018-10-20', 317, 27945.8, 27945.8),
('0058394', 'Dagonna Pharmacy & Minimart', 'Andiambalama', 'CSO157302341', '2018-10-22', 315, 15104, 15104),
('7424', 'Suwa Setha Osusala', 'Divulapitiya', 'CSO157302348', '2018-10-23', 314, 15415.3, 15415.3),
('7209', 'Vidura Pharmacy', 'Divulapitiya', 'CSO157302407', '2018-10-31', 306, 3880, 3880),
('7323', 'Indra Pharmacy', 'Andiambalama', 'CSO157302440', '2018-11-07', 299, 9000, 9000),
('7400', 'New Ekala Pharmacy', 'E-Kala', 'CSO157302479', '2018-11-12', 294, 1277, 1277),
('7227', 'Samarasinghe Pharmacy', 'Ragama', 'CSO157302538', '2018-11-21', 285, 1991.3, 1991.3),
('7233', 'Sahana Osusala', 'Ragama', 'CSO157302544', '2018-11-21', 285, 16735.3, 16735.3),
('7308', 'Wijayamini Pharmacy', 'Divulapitiya', 'CSO157302548', '2018-11-23', 283, 392.6, 392.6),
('7424', 'Suwa Setha Osusala', 'Divulapitiya', 'CSO157302549', '2018-11-23', 283, 18328.1, 18328.1),
('7046', 'Prasanna Pharmacy', 'Jaela', 'CSO157302569', '2018-11-26', 280, 5869.56, 5869.56),
('7250', 'Bopitiya Pharmacy', 'Bopitiya', 'CSO157302573', '2018-11-27', 279, 7830, 7830),
('7250', 'Bopitiya Pharmacy', 'Bopitiya', 'CSO157302576', '2018-11-27', 279, 3140.88, 3140.88),
('7162', 'Gimshani Pharmacy', 'Kandana', 'CSO157302592', '2018-11-30', 276, 1346.75, 1346.75),
('7227', 'Samarasinghe Pharmacy', 'Ragama', 'CSO157302600', '2018-11-30', 276, 3459.9, 847),
('7406', 'Asiri Pharmacy', 'Kurana', 'CSO157302609', '2018-11-30', 276, 8879.1, 8879.1),
('7257', 'Dr. Chaminda Suriyaarachchi', 'Minuwangoda', 'CSO157302624', '2018-11-30', 276, 10870, 10870),
('0028803', 'Across Healthcare', 'Ragama', 'CSO157302633', '2018-12-03', 273, 316.67, 316.67),
('7031', 'Nawa Osuhala (Divulapitiya)', 'Divulapitiya', 'CSO157302648', '2018-12-07', 269, 413.1, 413.1),
('7424', 'Suwa Setha Osusala', 'Divulapitiya', 'CSO157302650', '2018-12-07', 269, 9081.75, 9081.75),
('7086', 'New Chalani Pharmacy', 'Minuwangoda', 'CSO157302654', '2018-12-07', 269, 36385, 373),
('0055703', 'Imendra Pharmacy', 'Ragama', 'CSO157302676', '2018-12-11', 265, 5465.55, 5465.55),
('7135', 'Ragama Pharmacy', 'Ragama', 'CSO157302677', '2018-12-11', 265, 40537.2, 37945.9),
('7050', 'St. Jude Pharmacy (Ja-Ela)', 'Jaela', 'CSO157302681', '2018-12-12', 264, 7203.7, 7203.7),
('7375', 'Darshana Pharmacy', 'Jaela', 'CSO157302683', '2018-12-12', 264, 11121.8, 0.5),
('7250', 'Bopitiya Pharmacy', 'Bopitiya', 'CSO157302697', '2018-12-13', 263, 13720.9, 9335.4),
('7383', 'Krishmo Pharmacy', 'Wattala', 'CSO157302704', '2018-12-15', 261, 5950, 5950),
('7075', 'Relibale Pharmacy', 'Mahabage', 'CSO157302722', '2018-12-18', 258, 7427.2, 0.22),
('7135', 'Ragama Pharmacy', 'Ragama', 'CSO157302754', '2018-12-29', 247, 15185, 15185),
('7399', 'N. S. Medical', 'Seeduwa', 'CSO157302761', '2018-12-29', 247, 5290.42, 5290.42),
('7389', 'Senarath Pharmacy', 'Jaela', 'CSO157302767', '2018-12-29', 247, 5750, 5750),
('7075', 'Relibale Pharmacy', 'Mahabage', 'CSO157302775', '2018-12-31', 245, 13411.2, 13136.2),
('7132', 'Leesons Pharmacy', 'Ragama', 'CSO157302783', '2018-12-31', 245, 38340.5, 38340.5),
('7424', 'Suwa Setha Osusala', 'Divulapitiya', 'CSO157302793', '2018-12-31', 245, 11911.9, 11911.9),
('7304', 'Isura Pharmacy', 'Ragama', 'CSO157302805', '2018-12-31', 245, 65756.5, 65756.5),
('7326', 'Union Chemist', 'Wattala', 'CSO157302806', '2018-12-31', 245, 43730, 43730),
('7134', 'New City Pharmacy (Ragama)', 'Ragama', 'CSO157302843', '2019-01-10', 235, 7736.95, 7736.95),
('0059294', 'Dr. Nandika L.S. Sembukuttiarachchi', 'Katunayake', 'CSO157302844', '2019-01-10', 235, 22490.5, 22490.5),
('7135', 'Ragama Pharmacy', 'Ragama', 'CSO157302847', '2019-01-10', 235, 750, 750),
('0028821', 'St. Joseph\'s Pharmacy', 'Bopitiya', 'CSO157302867', '2019-01-14', 231, 11347, 11347),
('0058442', 'Aliance Pharmacy', 'Mahabage', 'CSO157302886', '2019-01-18', 227, 1150, 1150),
('7323', 'Indra Pharmacy', 'Andiambalama', 'CSO157302907', '2019-01-22', 223, 23000, 23000),
('0061970', 'Dr. W. A. W. Weerasinghe', 'Pannala', 'CSO157302917', '2019-01-23', 222, 9700, 9700),
('7424', 'Suwa Setha Osusala', 'Divulapitiya', 'CSO157302922', '2019-01-25', 220, 17265.8, 17265.8),
('0059998', 'Dr. Isuru Wijerathne', 'Divulapitiya', 'CSO157302924', '2019-01-25', 220, 2174, 2174),
('7323', 'Indra Pharmacy', 'Andiambalama', 'CSO157302940', '2019-01-24', 221, 38667.4, 38667.4),
('0054361', 'Sudish Pharmacy & Grocery', 'Wattala', 'CSO157302948', '2019-01-25', 220, 4054.75, 4054.75),
('7009', 'Jayani Pharmacy', 'Bopitiya', 'CSO157302978', '2019-01-30', 215, 10008.7, 10008.7),
('0059998', 'Dr. Isuru Wijerathne', 'Divulapitiya', 'CSO157302985', '2019-01-31', 214, 2100, 2100),
('7135', 'Ragama Pharmacy', 'Ragama', 'CSO157302987', '2019-02-07', 207, 86501, 5348),
('7134', 'New City Pharmacy (Ragama)', 'Ragama', 'CSO157302991', '2019-01-31', 214, 8372.5, 8372.5),
('7296', 'Pamunugama Pharmacy', 'Raddolugama', 'CSO157302992', '2019-01-31', 214, 8372.5, 8372.5),
('7175', 'Health & Glow Pharmacy', 'Wattala', 'CSO157303011', '2019-02-07', 207, 5049, 5049),
('7120', 'Royal Pharmacy (Makandura)', 'Makandura', 'CSO157303038', '2019-02-12', 202, 15185, 334),
('7323', 'Indra Pharmacy', 'Andiambalama', 'CSO157303076', '2019-02-15', 199, 44296.3, 44296.3),
('7162', 'Gimshani Pharmacy', 'Kandana', 'CSO157303156', '2019-02-26', 188, 2933.85, 2933.85),
('7177', 'St. Jude Pharmacy (Seeduwa)', 'Seeduwa', 'CSO157303184', '2019-02-28', 186, 10300.3, 8426),
('7086', 'New Chalani Pharmacy', 'Minuwangoda', 'CSO157303242', '2019-03-12', 174, 25003.3, 21893.7),
('7420', 'Browns Healthcare (Pvt) Ltd', 'Ragama', 'CSO157303260', '2019-03-14', 172, 15524.1, 14586),
('7162', 'Gimshani Pharmacy', 'Kandana', 'CSO157303263', '2019-03-15', 171, 2453.38, 2453.38),
('0056048', 'Lakshan Chemist', 'Mabole', 'CSO157303272', '2019-03-15', 171, 13542.1, 587.6),
('7391', 'New Ragama Pharmacy', 'Ragama', 'CSO157303283', '2019-03-19', 167, 1574.84, 1574.84),
('7023', 'Seth Pharmacy (Dambadeniya)', 'Dambadeniya', 'CSO157303299', '2019-03-21', 165, 52770.8, 52770.8),
('0056000', 'Ayu Pharmacy', 'Dambadeniya', 'CSO157303302', '2019-03-21', 165, 15200.1, 756.51),
('7207', 'St Marys Pharmacy', 'Katunayake', 'CSO157303319', '2019-03-22', 164, 2582.61, 17.39),
('7001', 'Chalani Pharmacy (Andiambalama)', 'Andiambalama', 'CSO157303321', '2019-03-23', 163, 9545.17, 9545.17),
('0062119', 'Dr. Nishanka Perera', 'Mahabage', 'CSO157303323', '2019-03-26', 160, 10722.3, 10722.3),
('0053382', 'Lak Osusala', 'Seeduwa', 'CSO157303330', '2019-03-30', 156, 40392.6, 16258.9),
('7177', 'St. Jude Pharmacy (Seeduwa)', 'Seeduwa', 'CSO157303333', '2019-03-28', 158, 3505.08, 2965.08),
('7207', 'St Marys Pharmacy', 'Katunayake', 'CSO157303356', '2019-03-30', 156, 35478, 17478),
('0062047', 'Dr. S. D. C. De. Silva', 'Averiwatta', 'CSO157303357', '2019-03-30', 156, 33826, 33826),
('7160', 'Orient Pharmacy (Averiwatta)', 'Averiwatta', 'CSO157303359', '2019-03-30', 156, 8478.8, 8478.8),
('7155', 'Wattala Osuhala', 'Wattala', 'CSO157303389', '2019-04-05', 150, 21185.6, 13309),
('7030', 'MPCS Osuhala (Divulapitiya)', 'Divulapitiya', 'CSO157303409', '2019-04-09', 146, 19666.7, 1230),
('7326', 'Union Chemist', 'Wattala', 'CSO157303417', '2019-04-10', 145, 39756.5, 39756.5),
('7323', 'Indra Pharmacy', 'Andiambalama', 'CSO157303428', '2019-04-11', 144, 42442, 41207.2),
('7162', 'Gimshani Pharmacy', 'Kandana', 'CSO157303442', '2019-04-20', 135, 640.88, 640.88),
('0035625', 'Samusetha Osusala', 'Pannala', 'CSO157303476', '2019-04-29', 126, 54488.1, 54488.1),
('7172', 'New Western Pharmacy', 'Pannala', 'CSO157303477', '2019-04-29', 126, 36884.8, 36884.8),
('0056000', 'Ayu Pharmacy', 'Dambadeniya', 'CSO157303481', '2019-04-29', 126, 24789.4, 24763),
('0056000', 'Ayu Pharmacy', 'Dambadeniya', 'CSO157303483', '2019-04-29', 126, 11426.1, 11426.1),
('7023', 'Seth Pharmacy (Dambadeniya)', 'Dambadeniya', 'CSO157303484', '2019-04-30', 125, 36402.1, 36402.1),
('7135', 'Ragama Pharmacy', 'Ragama', 'CSO157303523', '2019-04-30', 125, 6801, 6801),
('7401', 'New Pharmacy', 'Ragama', 'CSO157303532', '2019-04-30', 125, 13674.3, 1430.8),
('0051966', 'Nawaloka Medicare (Pvt) Ltd', 'Negombo', 'CSO157303545', '2019-05-04', 121, 68729.4, 68729.4),
('16057', 'The Pharmacy', 'Negombo', 'CSO157303553', '2019-05-07', 118, 26236.5, 14660),
('16146', 'Unique Pharmacy', 'Negombo', 'CSO157303561', '2019-05-07', 118, 13995, 13995),
('0046331', 'Dr. Wasantha Dissanayake', 'Andiambalama', 'CSO157303563', '2019-05-08', 117, 9513.65, 9513.65),
('0051966', 'Nawaloka Medicare (Pvt) Ltd', 'Negombo', 'CSO157303565', '2019-05-08', 117, 8822.15, 8822.15),
('7401', 'New Pharmacy', 'Ragama', 'CSO157303589', '2019-05-13', 112, 9370.84, 9370.84),
('7370', 'Dr. Dissanayake', 'Mabole', 'CSO157303596', '2019-05-13', 112, 23000, 23000),
('7046', 'Prasanna Pharmacy', 'Jaela', 'CSO157303607', '2019-05-13', 112, 15373.9, 14373.9),
('7140', 'Seeduwa Medical (Seeduwa)', 'Seeduwa', 'CSO157303613', '2019-05-13', 112, 47153, 2300),
('0061489', 'Dr. Kumar', 'Negombo', 'CSO157303639', '2019-05-17', 108, 31237.5, 5237),
('16141', 'Central Pharmacy (Negombo)', 'Negombo', 'CSO157303662', '2019-05-21', 104, 5767.83, 698),
('0059294', 'Dr. Nandika L.S. Sembukuttiarachchi', 'Katunayake', 'CSO157303682', '2019-05-29', 96, 16800, 16800),
('7046', 'Prasanna Pharmacy', 'Jaela', 'CSO157303693', '2019-05-24', 101, 56963.1, 108),
('0058394', 'Dagonna Pharmacy & Minimart', 'Andiambalama', 'CSO157303694', '2019-05-25', 100, 3377.75, 3377.75),
('0061940', 'Dr. R. M. Janan', 'Wattala', 'CSO157303710', '2019-05-25', 100, 40521.5, 39034.5),
('0061940', 'Dr. R. M. Janan', 'Wattala', 'CSO157303720', '2019-05-28', 97, 10705.5, 10705.5),
('7177', 'St. Jude Pharmacy (Seeduwa)', 'Seeduwa', 'CSO157303721', '2019-05-28', 97, 31532.5, 31532.5),
('16146', 'Unique Pharmacy', 'Negombo', 'CSO157303723', '2019-05-28', 97, 38660.9, 4330),
('0051966', 'Nawaloka Medicare (Pvt) Ltd', 'Negombo', 'CSO157303736', '2019-05-29', 96, 42478.2, 42478.2),
('7257', 'Dr. Chaminda Suriyaarachchi', 'Minuwangoda', 'CSO157303737', '2019-05-29', 96, 6702, 6702),
('7323', 'Indra Pharmacy', 'Andiambalama', 'CSO157303745', '2019-05-30', 95, 4330.43, 4330.43),
('0057783', 'S & S Pharma', 'Negombo', 'CSO157303749', '2019-05-31', 94, 9435, 9435),
('7401', 'New Pharmacy', 'Ragama', 'CSO157303750', '2019-05-31', 94, 3436.41, 3436.41),
('7177', 'St. Jude Pharmacy (Seeduwa)', 'Seeduwa', 'CSO157303766', '2019-05-31', 94, 73582.7, 72633.1),
('0057830', 'Dr. Sujeewa Rodriogo', 'Ragama', 'CSO157303769', '2019-05-31', 94, 34737.5, 34737.5),
('7155', 'Wattala Osuhala', 'Wattala', 'CSO157303780', '2019-06-04', 90, 30074.4, 1153),
('7175', 'Health & Glow Pharmacy', 'Wattala', 'CSO157303787', '2019-06-04', 90, 2267, 2267),
('7076', 'Sampath Pharmacy', 'Mahabage', 'CSO157303801', '2019-06-05', 89, 10260.9, 10260.9),
('7054', 'Health Line Pharmacy (Kapuwatte)', 'Kapuwatte', 'CSO157303805', '2019-06-10', 84, 9106.92, 9106.92),
('7044', 'Nawa Osuhala (Ja-Ela)', 'Jaela', 'CSO157303808', '2019-06-05', 89, 36122, 438.02),
('7401', 'New Pharmacy', 'Ragama', 'CSO157303825', '2019-06-08', 86, 11808.7, 11808.7),
('7075', 'Relibale Pharmacy', 'Mahabage', 'CSO157303836', '2019-06-10', 84, 3660.22, 3660.22),
('7422', 'Central Divine Phamacy', 'Minuwangoda', 'CSO157303846', '2019-06-11', 83, 11175, 10790.7),
('0051966', 'Nawaloka Medicare (Pvt) Ltd', 'Negombo', 'CSO157303861', '2019-06-14', 80, 27512, 27512),
('7076', 'Sampath Pharmacy', 'Mahabage', 'CSO157303869', '2019-06-13', 81, 7695.66, 7695.66),
('7227', 'Samarasinghe Pharmacy', 'Ragama', 'CSO157303897', '2019-06-19', 75, 2217.39, 0.17),
('7401', 'New Pharmacy', 'Ragama', 'CSO157303898', '2019-06-19', 75, 8015.74, 8015.74),
('0051966', 'Nawaloka Medicare (Pvt) Ltd', 'Negombo', 'CSO157303903', '2019-06-20', 74, 16763.5, 16763.5),
('0057783', 'S & S Pharma', 'Negombo', 'CSO157303910', '2019-06-21', 73, 35478, 35478),
('16057', 'The Pharmacy', 'Negombo', 'CSO157303917', '2019-06-21', 73, 16896.7, 16896.7),
('7130', 'Raddolugama Pharmacy', 'Raddolugama', 'CSO157303932', '2019-06-24', 70, 5995.94, 5995.94),
('0061842', 'Dr. Sanjeewa Weerasekara', 'Ragama', 'CSO157303938', '2019-06-24', 70, 11156.5, 11156.5),
('7235', 'Rilaulla Pharmacy', 'Rilaulla', 'CSO157303943', '2019-06-24', 70, 28683.7, 28683.7),
('7054', 'Health Line Pharmacy (Kapuwatte)', 'Kapuwatte', 'CSO157303944', '2019-06-24', 70, 5061.31, 3100.87),
('7210', 'Hendala Medical', 'Hendala', 'CSO157303950', '2019-06-25', 69, 2165.22, 2165.22),
('0051966', 'Nawaloka Medicare (Pvt) Ltd', 'Negombo', 'CSO157303951', '2019-06-25', 69, 23166.1, 23166.1),
('0052234', 'Dr. Prasanjaya Pramodith', 'Negombo', 'CSO157303954', '2019-06-25', 69, 12495, 12495),
('7425', 'Peoples Osusala', 'Minuwangoda', 'CSO157303959', '2019-06-25', 69, 1143.25, 1143.25),
('7323', 'Indra Pharmacy', 'Andiambalama', 'CSO157303960', '2019-06-26', 68, 23145.2, 23145.2),
('7425', 'Peoples Osusala', 'Minuwangoda', 'CSO157303961', '2019-06-27', 67, 8183.78, 8183.78),
('7135', 'Ragama Pharmacy', 'Ragama', 'CSO157303969', '2019-06-29', 65, 54000, 54000),
('7326', 'Union Chemist', 'Wattala', 'CSO157303981', '2019-06-29', 65, 11998, 11998),
('16043', 'Avemaria Pharmacy', 'Negombo', 'CSO157303982', '2019-06-28', 66, 12472.3, 12472.3),
('16146', 'Unique Pharmacy', 'Negombo', 'CSO157303983', '2019-06-29', 65, 14473, 14473),
('0057266', 'AMC Pharma', 'Negombo', 'CSO157303986', '2019-06-29', 65, 90000, 90000),
('16141', 'Central Pharmacy (Negombo)', 'Negombo', 'CSO157303989', '2019-06-29', 65, 6838.24, 6838.24),
('16146', 'Unique Pharmacy', 'Negombo', 'CSO157303993', '2019-06-29', 65, 128478, 128478),
('7148', 'Isuri Pharmacy', 'Wattala', 'CSO157303996', '2019-06-29', 65, 267390, 267390),
('16146', 'Unique Pharmacy', 'Negombo', 'CSO157303997', '2019-06-29', 65, 24243.4, 24243.4),
('0057266', 'AMC Pharma', 'Negombo', 'CSO157303998', '2019-06-29', 65, 90000, 90000),
('7370', 'Dr. Dissanayake', 'Mabole', 'CSO157303999', '2019-07-01', 63, 26220, 26220),
('0061842', 'Dr. Sanjeewa Weerasekara', 'Ragama', 'CSO157304001', '2019-07-01', 63, 64260, 64260),
('7370', 'Dr. Dissanayake', 'Mabole', 'CSO157304003', '2019-07-01', 63, 26220, 26220),
('0051966', 'Nawaloka Medicare (Pvt) Ltd', 'Negombo', 'CSO157304014', '2019-07-03', 61, 56959.7, 56959.7),
('0059308', 'Ashoka Pharmacy', 'Negombo', 'CSO157304022', '2019-07-04', 60, 20283.8, 2582),
('0038540', 'KSA Pharmacy', 'Negombo', 'CSO157304024', '2019-07-04', 60, 8044.29, 6733.29),
('0031365', 'Orient Pharmacy', 'Negombo', 'CSO157304025', '2019-07-04', 60, 2996, 2996),
('7235', 'Rilaulla Pharmacy', 'Rilaulla', 'CSO157304032', '2019-07-05', 59, 11025.2, 10675.7),
('7399', 'N. S. Medical', 'Seeduwa', 'CSO157304040', '2019-07-05', 59, 4849.02, 4849.02),
('7422', 'Central Divine Phamacy', 'Minuwangoda', 'CSO157304054', '2019-07-08', 56, 28834.6, 28834.6),
('7401', 'New Pharmacy', 'Ragama', 'CSO157304059', '2019-07-10', 54, 15463.2, 15463.2),
('7135', 'Ragama Pharmacy', 'Ragama', 'CSO157304065', '2019-07-09', 55, 81099.4, 80753.3),
('0051966', 'Nawaloka Medicare (Pvt) Ltd', 'Negombo', 'CSO157304068', '2019-07-09', 55, 13000.3, 13000.3),
('7086', 'New Chalani Pharmacy', 'Minuwangoda', 'CSO157304074', '2019-07-09', 55, 38328.3, 37695.3),
('7425', 'Peoples Osusala', 'Minuwangoda', 'CSO157304075', '2019-07-12', 52, 5764.38, 5466.12),
('7087', 'New Nandana Pharmacy', 'Minuwangoda', 'CSO157304077', '2019-07-09', 55, 23390.3, 0.04),
('16149', 'X-Lab Pharmacy', 'Negombo', 'CSO157304081', '2019-07-12', 52, 12232.7, 0.2),
('16057', 'The Pharmacy', 'Negombo', 'CSO157304082', '2019-07-20', 44, 12815.5, 12815.5),
('16045', 'Cristal Pharmacy', 'Negombo', 'CSO157304083', '2019-07-12', 52, 16906, 16906),
('16146', 'Unique Pharmacy', 'Negombo', 'CSO157304084', '2019-07-12', 52, 37043.5, 37043.5),
('16044', 'City Pharmacy (Negombo)', 'Negombo', 'CSO157304099', '2019-07-12', 52, 9636.13, 9636.13),
('16141', 'Central Pharmacy (Negombo)', 'Negombo', 'CSO157304100', '2019-07-12', 52, 4074.76, 4074.76),
('7177', 'St. Jude Pharmacy (Seeduwa)', 'Seeduwa', 'CSO157304107', '2019-07-12', 52, 61161.9, 59895.9),
('7162', 'Gimshani Pharmacy', 'Kandana', 'CSO157304111', '2019-07-13', 51, 3490.48, 3490.48),
('7053', 'Sethma Pharmacy (Kandana)', 'Kandana', 'CSO157304113', '2019-07-12', 52, 69292.4, 6941),
('0052128', 'Dr. Chinthaka Rathnayake', 'Wattala', 'CSO157304116', '2019-07-13', 51, 7000, 7000),
('7046', 'Prasanna Pharmacy', 'Jaela', 'CSO157304118', '2019-07-13', 51, 72736, 72736),
('7046', 'Prasanna Pharmacy', 'Jaela', 'CSO157304120', '2019-07-17', 47, 13869.5, 13869.5),
('7046', 'Prasanna Pharmacy', 'Jaela', 'CSO157304126', '2019-07-17', 47, 4834.17, 4834.17),
('7198', 'Rosevilla Pharmacy (Enderamulla)', 'Enderamulla', 'CSO157304129', '2019-07-18', 46, 7455.83, 678),
('7210', 'Hendala Medical', 'Hendala', 'CSO157304136', '2019-07-18', 46, 3257.61, 3257.61),
('0051966', 'Nawaloka Medicare (Pvt) Ltd', 'Negombo', 'CSO157304139', '2019-07-18', 46, 33347.7, 33347.7),
('0055704', 'Aqua Pharmacy', 'Ragama', 'CSO157304141', '2019-07-19', 45, 10060.9, 10060.9),
('7135', 'Ragama Pharmacy', 'Ragama', 'CSO157304148', '2019-07-19', 45, 81925.1, 81752.1),
('16045', 'Cristal Pharmacy', 'Negombo', 'CSO157304151', '2019-07-20', 44, 11747.5, 11747.5),
('16146', 'Unique Pharmacy', 'Negombo', 'CSO157304153', '2019-07-20', 44, 36880.5, 36880.5),
('0056674', 'Health Care Pharmacy', 'Negombo', 'CSO157304156', '2019-07-20', 44, 2084.97, 2084.97),
('16091', 'Kalidsan Pharmacy', 'Negombo', 'CSO157304162', '2019-07-22', 42, 7422.35, 7422.35),
('16166', 'Best Way Pharmacy', 'Negombo', 'CSO157304164', '2019-07-22', 42, 3597.28, 3597.28),
('0059308', 'Ashoka Pharmacy', 'Negombo', 'CSO157304165', '2019-07-22', 42, 11346.7, 11346.7),
('0031365', 'Orient Pharmacy', 'Negombo', 'CSO157304168', '2019-07-22', 42, 2933.27, 2933.27),
('7046', 'Prasanna Pharmacy', 'Jaela', 'CSO157304170', '2019-07-22', 42, 4687, 4687),
('7323', 'Indra Pharmacy', 'Andiambalama', 'CSO157304174', '2019-07-24', 40, 35769.5, 34819.9),
('7086', 'New Chalani Pharmacy', 'Minuwangoda', 'CSO157304175', '2019-07-23', 41, 22982.6, 21400),
('7087', 'New Nandana Pharmacy', 'Minuwangoda', 'CSO157304176', '2019-07-23', 41, 28787.8, 28787.8),
('7425', 'Peoples Osusala', 'Minuwangoda', 'CSO157304177', '2019-07-23', 41, 6575.88, 6575.88),
('7422', 'Central Divine Phamacy', 'Minuwangoda', 'CSO157304178', '2019-07-23', 41, 75065.5, 64602.9),
('7390', 'Orient Pharmacy', 'Minuwangoda', 'CSO157304179', '2019-07-23', 41, 25325.8, 25325.8),
('7089', 'Sahana Pharmacy', 'Minuwangoda', 'CSO157304184', '2019-07-23', 41, 7857.33, 7117.92),
('0051966', 'Nawaloka Medicare (Pvt) Ltd', 'Negombo', 'CSO157304185', '2019-07-23', 41, 16057.4, 16057.4),
('7326', 'Union Chemist', 'Wattala', 'CSO157304186', '2019-07-23', 41, 3095.64, 3095.64),
('7377', 'Dr. Dammika Abeysinghe', 'Bopitiya', 'CSO157304187', '2019-07-24', 40, 1400, 1400),
('7425', 'Peoples Osusala', 'Minuwangoda', 'CSO157304189', '2019-07-24', 40, 1110, 1110),
('7054', 'Health Line Pharmacy (Kapuwatte)', 'Kapuwatte', 'CSO157304193', '2019-07-25', 39, 7108.5, 3465.01),
('7046', 'Prasanna Pharmacy', 'Jaela', 'CSO157304198', '2019-07-25', 39, 10945, 10945),
('7044', 'Nawa Osuhala (Ja-Ela)', 'Jaela', 'CSO157304199', '2019-07-25', 39, 27462.6, 26420.6),
('7375', 'Darshana Pharmacy', 'Jaela', 'CSO157304201', '2019-07-25', 39, 183197, 183197),
('7177', 'St. Jude Pharmacy (Seeduwa)', 'Seeduwa', 'CSO157304206', '2019-07-26', 38, 15826, 15826),
('7130', 'Raddolugama Pharmacy', 'Raddolugama', 'CSO157304210', '2019-07-25', 39, 3732.42, 3732.42),
('7399', 'N. S. Medical', 'Seeduwa', 'CSO157304214', '2019-07-26', 38, 4026.08, 4026.08),
('7250', 'Bopitiya Pharmacy', 'Bopitiya', 'CSO157304217', '2019-07-26', 38, 23080.7, 4095),
('7132', 'Leesons Pharmacy', 'Ragama', 'CSO157304219', '2019-07-26', 38, 12721.5, 12721.5),
('7387', 'C & D Pharmacy', 'Weligampitiya', 'CSO157304220', '2019-07-26', 38, 19222.6, 17911.6),
('16074', 'Shanthi Pharmacy (Negombo)', 'Negombo', 'CSO157304222', '2019-07-26', 38, 11365.3, 11365.3),
('16044', 'City Pharmacy (Negombo)', 'Negombo', 'CSO157304226', '2019-07-26', 38, 11366.4, 11366.4),
('16141', 'Central Pharmacy (Negombo)', 'Negombo', 'CSO157304227', '2019-07-26', 38, 12512.8, 12512.8),
('16043', 'Avemaria Pharmacy', 'Negombo', 'CSO157304228', '2019-07-27', 37, 2654.77, 2654.77),
('0057394', 'IIHS Pharmacy', 'Welisara', 'CSO157304232', '2019-07-30', 34, 13347.8, 13347.8),
('7075', 'Relibale Pharmacy', 'Mahabage', 'CSO157304233', '2019-07-30', 34, 9164.55, 9164.55),
('7053', 'Sethma Pharmacy (Kandana)', 'Kandana', 'CSO157304235', '2019-07-30', 34, 56676.8, 56676.8),
('16146', 'Unique Pharmacy', 'Negombo', 'CSO157304237', '2019-07-30', 34, 6435, 6435),
('0052114', 'Dr. Champa Gunathunga', 'Kandana', 'CSO157304239', '2019-07-30', 34, 7866, 7866),
('7132', 'Leesons Pharmacy', 'Ragama', 'CSO157304240', '2019-07-30', 34, 4260.9, 4260.9),
('7401', 'New Pharmacy', 'Ragama', 'CSO157304244', '2019-07-30', 34, 15936.3, 15936.3),
('7134', 'New City Pharmacy (Ragama)', 'Ragama', 'CSO157304245', '2019-07-30', 34, 5845.2, 5845.2),
('7132', 'Leesons Pharmacy', 'Ragama', 'CSO157304246', '2019-07-30', 34, 30579.3, 30579.3),
('7135', 'Ragama Pharmacy', 'Ragama', 'CSO157304249', '2019-07-30', 34, 54000, 54000),
('7326', 'Union Chemist', 'Wattala', 'CSO157304250', '2019-07-30', 34, 190919, 184779),
('7046', 'Prasanna Pharmacy', 'Jaela', 'CSO157304251', '2019-07-31', 33, 10156.5, 10156.5),
('7326', 'Union Chemist', 'Wattala', 'CSO157304252', '2019-07-31', 33, 72757.6, 72757.6),
('7135', 'Ragama Pharmacy', 'Ragama', 'CSO157304253', '2019-07-31', 33, 96655.4, 96482.3),
('7326', 'Union Chemist', 'Wattala', 'CSO157304255', '2019-07-31', 33, 32747.8, 32747.8),
('16146', 'Unique Pharmacy', 'Negombo', 'CSO157304256', '2019-07-31', 33, 94433.1, 92738.1),
('7177', 'St. Jude Pharmacy (Seeduwa)', 'Seeduwa', 'CSO157304257', '2019-07-31', 33, 8020.2, 8020.2),
('16146', 'Unique Pharmacy', 'Negombo', 'CSO157304259', '2019-07-31', 33, 92791.4, 29782.7),
('7250', 'Bopitiya Pharmacy', 'Bopitiya', 'CSO157304261', '2019-07-31', 33, 106800, 106800),
('7053', 'Sethma Pharmacy (Kandana)', 'Kandana', 'CSO157304263', '2019-07-31', 33, 5318.2, 5318.2),
('7250', 'Bopitiya Pharmacy', 'Bopitiya', 'CSO157304264', '2019-07-31', 33, 40159.1, 40159.1),
('0061489', 'Dr. Kumar', 'Negombo', 'CSO157304268', '2019-07-31', 33, 31237.5, 31237.5),
('0059294', 'Dr. Nandika L.S. Sembukuttiarachchi', 'Katunayake', 'CSO157304270', '2019-07-31', 33, 17478, 17478),
('0051966', 'Nawaloka Medicare (Pvt) Ltd', 'Negombo', 'CSO157304271', '2019-07-31', 33, 34341.8, 34341.8),
('16146', 'Unique Pharmacy', 'Negombo', 'CSO157304272', '2019-07-31', 33, 20200, 20200),
('7250', 'Bopitiya Pharmacy', 'Bopitiya', 'CSO157304274', '2019-07-31', 33, 10200, 10200),
('7148', 'Isuri Pharmacy', 'Wattala', 'CSO157304277', '2019-07-31', 33, 180000, 180000),
('7177', 'St. Jude Pharmacy (Seeduwa)', 'Seeduwa', 'CSO157304278', '2019-07-31', 33, 54617.5, 54617.5),
('16146', 'Unique Pharmacy', 'Negombo', 'CSO157304279', '2019-07-31', 33, 105087, 105087),
('7130', 'Raddolugama Pharmacy', 'Raddolugama', 'CSO157304280', '2019-08-03', 30, 6652.17, 6652.17),
('7289', 'Milan Pharmacy', 'Enderamulla', 'CSO157304281', '2019-08-03', 30, 7954.75, 7954.75),
('7198', 'Rosevilla Pharmacy (Enderamulla)', 'Enderamulla', 'CSO157304282', '2019-08-06', 27, 1524.35, 1524.35),
('0057720', 'Health & Glow Pharmacy', 'Hunupitiya', 'CSO157304284', '2019-08-03', 30, 5579.26, 5579.26),
('7155', 'Wattala Osuhala', 'Wattala', 'CSO157304285', '2019-08-03', 30, 14477.4, 14477.4),
('7230', 'New Pharmacy (Wattala)', 'Wattala', 'CSO157304287', '2019-08-03', 30, 13808.9, 11265.5),
('7175', 'Health & Glow Pharmacy', 'Wattala', 'CSO157304288', '2019-08-09', 24, 15460.2, 13780.2),
('7153', 'Sri Sathya Pharmacy', 'Wattala', 'CSO157304289', '2019-08-03', 30, 24649.9, 24649.9),
('0057394', 'IIHS Pharmacy', 'Welisara', 'CSO157304291', '2019-08-03', 30, 2180.28, 2180.28),
('16043', 'Avemaria Pharmacy', 'Negombo', 'CSO157304294', '2019-08-03', 30, 2463.87, 2463.87),
('16146', 'Unique Pharmacy', 'Negombo', 'CSO157304297', '2019-08-06', 27, 8121.74, 8121.74),
('0051966', 'Nawaloka Medicare (Pvt) Ltd', 'Negombo', 'CSO157304298', '2019-08-06', 27, 47729.3, 47729.3),
('7210', 'Hendala Medical', 'Hendala', 'CSO157304299', '2019-08-06', 27, 985.88, 985.88),
('7253', 'The Pharmacy', 'Jaela', 'CSO157304300', '2019-08-09', 24, 4316.6, 4316.6),
('7387', 'C & D Pharmacy', 'Weligampitiya', 'CSO157304302', '2019-08-06', 27, 16822, 14782),
('0061975', 'Sasithma Pharmacy', 'Jaela', 'CSO157304303', '2019-08-06', 27, 3951.8, 3951.8),
('7054', 'Health Line Pharmacy (Kapuwatte)', 'Kapuwatte', 'CSO157304305', '2019-08-09', 24, 2026.09, 2026.09),
('0041639', 'St. Joseph\'s Pharmacy', 'Jaela', 'CSO157304306', '2019-08-06', 27, 2947.82, 2947.82),
('7411', 'Thilina Pharmacy', 'E-Kala', 'CSO157304308', '2019-08-06', 27, 974.94, 974.94),
('7050', 'St. Jude Pharmacy (Ja-Ela)', 'Jaela', 'CSO157304309', '2019-08-06', 27, 2458.56, 2458.56),
('7044', 'Nawa Osuhala (Ja-Ela)', 'Jaela', 'CSO157304310', '2019-08-06', 27, 15470.2, 15470.2),
('7046', 'Prasanna Pharmacy', 'Jaela', 'CSO157304311', '2019-08-07', 26, 93170.6, 92448.9),
('7046', 'Prasanna Pharmacy', 'Jaela', 'CSO157304312', '2019-08-07', 26, 30121.8, 30121.8),
('7399', 'N. S. Medical', 'Seeduwa', 'CSO157304314', '2019-08-09', 24, 24293.5, 24293.5),
('7177', 'St. Jude Pharmacy (Seeduwa)', 'Seeduwa', 'CSO157304315', '2019-08-08', 25, 14765.2, 14765.2),
('7130', 'Raddolugama Pharmacy', 'Raddolugama', 'CSO157304318', '2019-08-08', 25, 7406.66, 7406.66),
('7128', 'Asiri Pharmacy (Raddolugama)', 'Raddolugama', 'CSO157304319', '2019-08-09', 24, 4174.51, 4174.51),
('7178', 'Pamunugama Pharmacy', 'Bopitiya', 'CSO157304322', '2019-08-07', 26, 10765.1, 10765.1),
('7250', 'Bopitiya Pharmacy', 'Bopitiya', 'CSO157304323', '2019-08-08', 25, 3814.98, 3814.98),
('0028821', 'St. Joseph\'s Pharmacy', 'Bopitiya', 'CSO157304324', '2019-08-08', 25, 7065.66, 6028.08),
('7326', 'Union Chemist', 'Wattala', 'CSO157304325', '2019-08-08', 25, 486.96, 486.96),
('7233', 'Sahana Osusala', 'Ragama', 'CSO157304329', '2019-08-09', 24, 9314.79, 9314.79),
('7134', 'New City Pharmacy (Ragama)', 'Ragama', 'CSO157304330', '2019-08-09', 24, 2411.32, 1100.32),
('7132', 'Leesons Pharmacy', 'Ragama', 'CSO157304332', '2019-08-09', 24, 29161.7, 29161.7),
('7135', 'Ragama Pharmacy', 'Ragama', 'CSO157304333', '2019-08-09', 24, 81610.8, 68802.9),
('0058394', 'Dagonna Pharmacy & Minimart', 'Andiambalama', 'CSO157304334', '2019-08-09', 24, 23826, 23826),
('7420', 'Browns Healthcare (Pvt) Ltd', 'Ragama', 'CSO157304335', '2019-08-09', 24, 43859.9, 43152.9),
('16043', 'Avemaria Pharmacy', 'Negombo', 'CSO157304336', '2019-08-09', 24, 13617.4, 13617.4),
('0062090', 'Nawa Lanka Pharmacy', 'Negombo', 'CSO157304337', '2019-08-09', 24, 60826.8, 60826.8),
('16149', 'X-Lab Pharmacy', 'Negombo', 'CSO157304339', '2019-08-10', 23, 3868.68, 3868.68),
('16057', 'The Pharmacy', 'Negombo', 'CSO157304340', '2019-08-09', 24, 18165.3, 18165.3),
('16045', 'Cristal Pharmacy', 'Negombo', 'CSO157304341', '2019-08-10', 23, 10739.2, 9228.95),
('16146', 'Unique Pharmacy', 'Negombo', 'CSO157304342', '2019-08-09', 24, 35391.3, 35391.3),
('16107', 'Jayakody Pharmacy', 'Negombo', 'CSO157304344', '2019-08-09', 24, 12083.5, 12083.5),
('16088', 'Robert Pharmacy', 'Negombo', 'CSO157304345', '2019-08-09', 24, 4554.66, 4554.66),
('0052046', 'Thenuka Pharmacy', 'Negombo', 'CSO157304346', '2019-08-09', 24, 6585.05, 6585.05),
('0056685', 'Healing Pharmacy', 'Negombo', 'CSO157304350', '2019-08-10', 23, 6213.33, 1596),
('16048', 'New Leo Pharmacy', 'Negombo', 'CSO157304351', '2019-08-10', 23, 23016.2, 23016.2),
('16146', 'Unique Pharmacy', 'Negombo', 'CSO157304353', '2019-08-12', 21, 3156.52, 3156.52),
('16055', 'Silveray Pharmacy', 'Negombo', 'CSO157304355', '2019-08-12', 21, 10008.9, 10008.9),
('16074', 'Shanthi Pharmacy (Negombo)', 'Negombo', 'CSO157304356', '2019-08-12', 21, 32640.8, 32640.8),
('0059393', 'Negombo Drugs', 'Negombo', 'CSO157304358', '2019-08-12', 21, 1703.48, 1703.48),
('16142', 'Lanka Pharmacy (Negombo)', 'Negombo', 'CSO157304359', '2019-08-12', 21, 2078.3, 2078.3),
('16140', 'Better Health', 'Negombo', 'CSO157304360', '2019-08-12', 21, 14682.5, 14682.5),
('16044', 'City Pharmacy (Negombo)', 'Negombo', 'CSO157304361', '2019-08-12', 21, 7678, 7678),
('16145', 'Super Medical', 'Negombo', 'CSO157304362', '2019-08-12', 21, 30216.5, 30216.5),
('7053', 'Sethma Pharmacy (Kandana)', 'Kandana', 'CSO157304363', '2019-08-12', 21, 7866, 7866),
('16146', 'Unique Pharmacy', 'Negombo', 'CSO157304365', '2019-08-13', 20, 15756.5, 15756.5),
('7324', 'Luxsiri Pharmacy', 'Averiwatta', 'CSO157304367', '2019-08-13', 20, 19347.6, 19347.6),
('7323', 'Indra Pharmacy', 'Andiambalama', 'CSO157304370', '2019-08-13', 20, 5489.55, 5489.55),
('7425', 'Peoples Osusala', 'Minuwangoda', 'CSO157304372', '2019-08-13', 20, 3474.29, 3474.29),
('7422', 'Central Divine Phamacy', 'Minuwangoda', 'CSO157304373', '2019-08-13', 20, 98616.4, 98616.4),
('7087', 'New Nandana Pharmacy', 'Minuwangoda', 'CSO157304374', '2019-08-13', 20, 36341.2, 36341.2),
('7086', 'New Chalani Pharmacy', 'Minuwangoda', 'CSO157304376', '2019-08-13', 20, 37538.4, 37538.4),
('7390', 'Orient Pharmacy', 'Minuwangoda', 'CSO157304377', '2019-08-13', 20, 8618.57, 8618.57),
('0062140', 'Royal Pharmacy', 'Kandana', 'CSO157304380', '2019-08-15', 18, 7489.5, 7489.5),
('7370', 'Dr. Dissanayake', 'Mabole', 'CSO157304381', '2019-08-15', 18, 26220, 26220),
('7053', 'Sethma Pharmacy (Kandana)', 'Kandana', 'CSO157304382', '2019-08-15', 18, 60845.4, 60845.4),
('7412', 'Peoples Osusala', 'Mahabage', 'CSO157304384', '2019-08-15', 18, 11156.2, 11156.2),
('7162', 'Gimshani Pharmacy', 'Kandana', 'CSO157304385', '2019-08-15', 18, 3374.61, 3374.61),
('7052', 'Orient Pharmacy (Kandana)', 'Kandana', 'CSO157304386', '2019-08-15', 18, 2805.75, 2805.75),
('0062140', 'Royal Pharmacy', 'Kandana', 'CSO157304387', '2019-08-15', 18, 3984.35, 3984.35),
('7076', 'Sampath Pharmacy', 'Mahabage', 'CSO157304388', '2019-08-21', 12, 7243.2, 6682.33),
('7075', 'Relibale Pharmacy', 'Mahabage', 'CSO157304389', '2019-08-21', 12, 11490.4, 11490.4),
('7233', 'Sahana Osusala', 'Ragama', 'CSO157304390', '2019-08-16', 17, 3163.2, 3163.2),
('0041639', 'St. Joseph\'s Pharmacy', 'Jaela', 'CSO157304391', '2019-08-16', 17, 4046.34, 4046.34),
('16148', 'Negambo F & D', 'Negombo', 'CSO157304392', '2019-08-16', 17, 12315.4, 12315.4),
('16091', 'Kalidsan Pharmacy', 'Negombo', 'CSO157304394', '2019-08-16', 17, 14452.9, 14452.9),
('0031365', 'Orient Pharmacy', 'Negombo', 'CSO157304395', '2019-08-16', 17, 8936.45, 3268.61),
('16053', 'S & J Pharmacy', 'Negombo', 'CSO157304396', '2019-08-16', 17, 4742.11, 4742.11),
('16166', 'Best Way Pharmacy', 'Negombo', 'CSO157304397', '2019-08-16', 17, 2077.83, 2077.83),
('0059308', 'Ashoka Pharmacy', 'Negombo', 'CSO157304398', '2019-08-16', 17, 16262.3, 16262.3),
('0038540', 'KSA Pharmacy', 'Negombo', 'CSO157304400', '2019-08-16', 17, 7314.13, 7314.13),
('7176', 'Mahajana Pharmacy', 'Kurana', 'CSO157304401', '2019-08-19', 14, 25841.7, 24676.4),
('16047', 'JJ Pharmacy', 'Negombo', 'CSO157304402', '2019-08-19', 14, 1900.8, 1900.8),
('16146', 'Unique Pharmacy', 'Negombo', 'CSO157304403', '2019-08-21', 12, 18000, 18000),
('16146', 'Unique Pharmacy', 'Negombo', 'CSO157304405', '2019-08-21', 12, 29747.9, 29747.9),
('7175', 'Health & Glow Pharmacy', 'Wattala', 'CSO157304406', '2019-08-20', 13, 14421, 14421),
('0051966', 'Nawaloka Medicare (Pvt) Ltd', 'Negombo', 'CSO157304407', '2019-08-20', 13, 40360, 40360),
('7227', 'Samarasinghe Pharmacy', 'Ragama', 'CSO157304408', '2019-08-20', 13, 2941.75, 2941.75),
('7401', 'New Pharmacy', 'Ragama', 'CSO157304409', '2019-08-21', 12, 7985.37, 7985.37),
('7134', 'New City Pharmacy (Ragama)', 'Ragama', 'CSO157304410', '2019-08-20', 13, 2622, 2622),
('7132', 'Leesons Pharmacy', 'Ragama', 'CSO157304412', '2019-08-20', 13, 37252.3, 37252.3),
('7233', 'Sahana Osusala', 'Ragama', 'CSO157304413', '2019-08-20', 13, 12558.3, 12558.3),
('0055703', 'Imendra Pharmacy', 'Ragama', 'CSO157304415', '2019-08-21', 12, 1371.9, 1371.9),
('7135', 'Ragama Pharmacy', 'Ragama', 'CSO157304416', '2019-08-21', 12, 81396.7, 81223.6),
('0061842', 'Dr. Sanjeewa Weerasekara', 'Ragama', 'CSO157304417', '2019-08-21', 12, 13556.7, 13556.7),
('16057', 'The Pharmacy', 'Negombo', 'CSO157304420', '2019-08-21', 12, 5507.55, 5507.55),
('CPRL109000001', 'Reliance Pharma (Pvt) Ltd', 'Negombo', 'CSO157304421', '2019-08-21', 12, 14865, 13117.2),
('0056674', 'Health Care Pharmacy', 'Negombo', 'CSO157304422', '2019-08-21', 12, 6558.25, 6558.25),
('0062090', 'Nawa Lanka Pharmacy', 'Negombo', 'CSO157304423', '2019-08-21', 12, 5244, 5244),
('16146', 'Unique Pharmacy', 'Negombo', 'CSO157304424', '2019-08-21', 12, 11894.2, 9120.28),
('16088', 'Robert Pharmacy', 'Negombo', 'CSO157304425', '2019-08-21', 12, 1567.25, 1567.25),
('16056', 'Suwasarana Pharmacy', 'Negombo', 'CSO157304427', '2019-08-21', 12, 5289.91, 5289.91),
('16045', 'Cristal Pharmacy', 'Negombo', 'CSO157304428', '2019-08-21', 12, 8377.13, 8377.13),
('0057783', 'S & S Pharma', 'Negombo', 'CSO157304429', '2019-08-31', 2, 45226, 45226),
('16142', 'Lanka Pharmacy (Negombo)', 'Negombo', 'CSO157304431', '2019-08-22', 11, 51790.5, 51790.5),
('7289', 'Milan Pharmacy', 'Enderamulla', 'CSO157304432', '2019-08-22', 11, 3082.6, 3082.6),
('7354', 'Family Pharmacy', 'Enderamulla', 'CSO157304433', '2019-08-22', 11, 2813.12, 2813.12),
('7198', 'Rosevilla Pharmacy (Enderamulla)', 'Enderamulla', 'CSO157304434', '2019-08-22', 11, 8128.07, 8128.07),
('16043', 'Avemaria Pharmacy', 'Negombo', 'CSO157304435', '2019-08-22', 11, 1165.2, 1165.2),
('0057720', 'Health & Glow Pharmacy', 'Hunupitiya', 'CSO157304436', '2019-08-22', 11, 3193.28, 3193.28),
('7292', 'Pharmachemi Pharmacy', 'Hunupitiya', 'CSO157304437', '2019-08-22', 11, 4210.21, 4210.21),
('7155', 'Wattala Osuhala', 'Wattala', 'CSO157304438', '2019-08-27', 6, 25537, 23270.1),
('7330', 'Isuri Pharmacy', 'Wattala', 'CSO157304439', '2019-08-22', 11, 8492.37, 8492.37),
('7230', 'New Pharmacy (Wattala)', 'Wattala', 'CSO157304440', '2019-08-22', 11, 21324.8, 21324.8),
('7175', 'Health & Glow Pharmacy', 'Wattala', 'CSO157304441', '2019-08-27', 6, 17748.1, 17748.1),
('7326', 'Union Chemist', 'Wattala', 'CSO157304442', '2019-08-27', 6, 25200, 25200),
('7210', 'Hendala Medical', 'Hendala', 'CSO157304443', '2019-08-24', 9, 3907.22, 3907.22),
('7383', 'Krishmo Pharmacy', 'Wattala', 'CSO157304444', '2019-08-23', 10, 4361.78, 4361.78),
('0051966', 'Nawaloka Medicare (Pvt) Ltd', 'Negombo', 'CSO157304446', '2019-08-23', 10, 39381.5, 35543.5),
('7352', 'Peoples Pharmacy', 'Hendala', 'CSO157304447', '2019-08-23', 10, 87367.3, 87367.3),
('7177', 'St. Jude Pharmacy (Seeduwa)', 'Seeduwa', 'CSO157304448', '2019-08-23', 10, 22057.9, 22057.9),
('7177', 'St. Jude Pharmacy (Seeduwa)', 'Seeduwa', 'CSO157304449', '2019-08-24', 9, 21487, 21487),
('7177', 'St. Jude Pharmacy (Seeduwa)', 'Seeduwa', 'CSO157304450', '2019-08-23', 10, 7271.48, 7271.48),
('0052748', 'Srilak Pharmacy', 'Seeduwa', 'CSO157304451', '2019-08-24', 9, 5069.44, 5069.44),
('7296', 'Pamunugama Pharmacy', 'Raddolugama', 'CSO157304453', '2019-08-24', 9, 18661.5, 18661.5),
('7130', 'Raddolugama Pharmacy', 'Raddolugama', 'CSO157304454', '2019-08-26', 7, 15404.3, 15404.3),
('7130', 'Raddolugama Pharmacy', 'Raddolugama', 'CSO157304455', '2019-08-26', 7, 3672, 3672),
('7296', 'Pamunugama Pharmacy', 'Raddolugama', 'CSO157304456', '2019-08-24', 9, 3672, 3672),
('7128', 'Asiri Pharmacy (Raddolugama)', 'Raddolugama', 'CSO157304457', '2019-08-24', 9, 1046.96, 1046.96),
('7128', 'Asiri Pharmacy (Raddolugama)', 'Raddolugama', 'CSO157304458', '2019-08-24', 9, 3672, 3672),
('7418', 'Health Care Pharmacy', 'Raddolugama', 'CSO157304459', '2019-08-24', 9, 1667.82, 1667.82),
('7418', 'Health Care Pharmacy', 'Raddolugama', 'CSO157304460', '2019-08-24', 9, 1683, 1683),
('0053382', 'Lak Osusala', 'Seeduwa', 'CSO157304461', '2019-08-24', 9, 721.74, 721.74),
('7399', 'N. S. Medical', 'Seeduwa', 'CSO157304462', '2019-08-30', 3, 2365.22, 2365.22),
('7250', 'Bopitiya Pharmacy', 'Bopitiya', 'CSO157304463', '2019-08-24', 9, 11607.2, 11607.2),
('7178', 'Pamunugama Pharmacy', 'Bopitiya', 'CSO157304464', '2019-08-24', 9, 10931.5, 10931.5),
('0028821', 'St. Joseph\'s Pharmacy', 'Bopitiya', 'CSO157304465', '2019-08-24', 9, 21023.6, 21023.6),
('7046', 'Prasanna Pharmacy', 'Jaela', 'CSO157304466', '2019-08-24', 9, 17695.7, 17062.7),
('16142', 'Lanka Pharmacy (Negombo)', 'Negombo', 'CSO157304468', '2019-08-26', 7, 4983.7, 4983.7),
('7296', 'Pamunugama Pharmacy', 'Raddolugama', 'CSO157304469', '2019-08-26', 7, 2582.61, 2582.61),
('0052750', 'New St. Joseph Pharmacy & Grocery', 'Seeduwa', 'CSO157304470', '2019-08-26', 7, 6782.61, 6782.61),
('7375', 'Darshana Pharmacy', 'Jaela', 'CSO157304472', '2019-08-26', 7, 2011, 2011),
('7387', 'C & D Pharmacy', 'Weligampitiya', 'CSO157304473', '2019-08-26', 7, 16134.8, 16134.8),
('7235', 'Rilaulla Pharmacy', 'Rilaulla', 'CSO157304474', '2019-08-27', 6, 20518.9, 20518.9),
('7054', 'Health Line Pharmacy (Kapuwatte)', 'Kapuwatte', 'CSO157304475', '2019-08-30', 3, 9175.34, 9175.34),
('0041639', 'St. Joseph\'s Pharmacy', 'Jaela', 'CSO157304476', '2019-08-26', 7, 24792.2, 24028.9),
('7400', 'New Ekala Pharmacy', 'E-Kala', 'CSO157304477', '2019-08-26', 7, 1220, 1220),
('7050', 'St. Jude Pharmacy (Ja-Ela)', 'Jaela', 'CSO157304478', '2019-08-26', 7, 6453.6, 6453.6),
('7044', 'Nawa Osuhala (Ja-Ela)', 'Jaela', 'CSO157304479', '2019-08-27', 6, 27389.9, 26765.2),
('7046', 'Prasanna Pharmacy', 'Jaela', 'CSO157304480', '2019-08-27', 6, 125612, 116938),
('7324', 'Luxsiri Pharmacy', 'Averiwatta', 'CSO157304481', '2019-08-27', 6, 19493.7, 19493.7),
('7207', 'St Marys Pharmacy', 'Katunayake', 'CSO157304482', '2019-08-27', 6, 10446.9, 8364.31),
('7176', 'Mahajana Pharmacy', 'Kurana', 'CSO157304483', '2019-08-27', 6, 6724.62, 6724.62),
('7001', 'Chalani Pharmacy (Andiambalama)', 'Andiambalama', 'CSO157304484', '2019-08-27', 6, 3544.95, 3544.95),
('7323', 'Indra Pharmacy', 'Andiambalama', 'CSO157304485', '2019-08-27', 6, 28037.9, 22793.9),
('7422', 'Central Divine Phamacy', 'Minuwangoda', 'CSO157304486', '2019-08-27', 6, 8520.46, 8520.46),
('7323', 'Indra Pharmacy', 'Andiambalama', 'CSO157304487', '2019-08-27', 6, 1224, 1224),
('7425', 'Peoples Osusala', 'Minuwangoda', 'CSO157304488', '2019-08-28', 5, 11216.5, 11216.5),
('7321', 'Bandula Pharmacy', 'Minuwangoda', 'CSO157304489', '2019-08-27', 6, 5114.69, 5114.69),
('7422', 'Central Divine Phamacy', 'Minuwangoda', 'CSO157304491', '2019-08-27', 6, 20139.2, 20139.2),
('7087', 'New Nandana Pharmacy', 'Minuwangoda', 'CSO157304492', '2019-08-28', 5, 18908.7, 18908.7),
('16146', 'Unique Pharmacy', 'Negombo', 'CSO157304494', '2019-08-28', 5, 5426.1, 5426.1),
('7410', 'Dr. Herath', 'Jaela', 'CSO157304495', '2019-08-28', 5, 26220, 26220),
('16140', 'Better Health', 'Negombo', 'CSO157304497', '2019-08-28', 5, 21912.5, 21912.5),
('16044', 'City Pharmacy (Negombo)', 'Negombo', 'CSO157304498', '2019-08-28', 5, 13217, 13217),
('16141', 'Central Pharmacy (Negombo)', 'Negombo', 'CSO157304499', '2019-08-28', 5, 12652.1, 12652.1),
('0062198', 'Union Pharmacy', 'Negombo', 'CSO157304500', '2019-08-28', 5, 4480.12, 4480.12),
('0059393', 'Negombo Drugs', 'Negombo', 'CSO157304501', '2019-08-28', 5, 4777.39, 4777.39),
('16131', 'Thalahena Pharmacy', 'Negombo', 'CSO157304502', '2019-08-28', 5, 19993.8, 19993.8),
('16055', 'Silveray Pharmacy', 'Negombo', 'CSO157304503', '2019-08-28', 5, 11141.5, 11141.5),
('16074', 'Shanthi Pharmacy (Negombo)', 'Negombo', 'CSO157304504', '2019-08-29', 4, 9826.21, 9826.21),
('16146', 'Unique Pharmacy', 'Negombo', 'CSO157304505', '2019-08-30', 3, 22800, 22800),
('0051966', 'Nawaloka Medicare (Pvt) Ltd', 'Negombo', 'CSO157304506', '2019-08-30', 3, 36885.6, 36885.6),
('7429', 'Radiant Eye Hospital', 'Jaela', 'CSO157304507', '2019-08-29', 4, 5244, 5244),
('0055704', 'Aqua Pharmacy', 'Ragama', 'CSO157304508', '2019-08-29', 4, 20521.8, 20521.8),
('7075', 'Relibale Pharmacy', 'Mahabage', 'CSO157304510', '2019-08-30', 3, 13107.3, 13107.3),
('7162', 'Gimshani Pharmacy', 'Kandana', 'CSO157304511', '2019-08-30', 3, 895.95, 895.95),
('0062140', 'Royal Pharmacy', 'Kandana', 'CSO157304512', '2019-08-30', 3, 8558.43, 8558.43),
('7052', 'Orient Pharmacy (Kandana)', 'Kandana', 'CSO157304513', '2019-08-30', 3, 51004.5, 51004.5),
('7053', 'Sethma Pharmacy (Kandana)', 'Kandana', 'CSO157304514', '2019-08-30', 3, 43560.6, 43560.6),
('0055704', 'Aqua Pharmacy', 'Ragama', 'CSO157304515', '2019-08-30', 3, 7495.66, 7495.66),
('7227', 'Samarasinghe Pharmacy', 'Ragama', 'CSO157304516', '2019-08-30', 3, 4986.95, 4986.95),
('7132', 'Leesons Pharmacy', 'Ragama', 'CSO157304517', '2019-08-30', 3, 47679.8, 47679.8),
('7233', 'Sahana Osusala', 'Ragama', 'CSO157304519', '2019-08-30', 3, 12943.3, 12943.3),
('7135', 'Ragama Pharmacy', 'Ragama', 'CSO157304521', '2019-08-30', 3, 53729.9, 53729.9),
('7132', 'Leesons Pharmacy', 'Ragama', 'CSO157304522', '2019-08-30', 3, 4687, 4687),
('7135', 'Ragama Pharmacy', 'Ragama', 'CSO157304523', '2019-08-30', 3, 54000, 54000),
('7326', 'Union Chemist', 'Wattala', 'CSO157304524', '2019-08-30', 3, 105922, 105922),
('7148', 'Isuri Pharmacy', 'Wattala', 'CSO157304525', '2019-08-30', 3, 4687, 4687),
('7046', 'Prasanna Pharmacy', 'Jaela', 'CSO157304526', '2019-08-30', 3, 51554.5, 51554.5),
('7076', 'Sampath Pharmacy', 'Mahabage', 'CSO157304527', '2019-08-30', 3, 6642.8, 6642.8),
('16142', 'Lanka Pharmacy (Negombo)', 'Negombo', 'CSO157304528', '2019-08-31', 2, 65399.3, 65399.3),
('16146', 'Unique Pharmacy', 'Negombo', 'CSO157304529', '2019-08-31', 2, 124453, 124453),
('0061842', 'Dr. Sanjeewa Weerasekara', 'Ragama', 'CSO157304530', '2019-08-31', 2, 109268, 109268),
('0056674', 'Health Care Pharmacy', 'Negombo', 'CSO157304531', '2019-08-31', 2, 2000, 2000),
('16142', 'Lanka Pharmacy (Negombo)', 'Negombo', 'CSO157304532', '2019-08-31', 2, 29008.7, 29008.7),
('7177', 'St. Jude Pharmacy (Seeduwa)', 'Seeduwa', 'CSO157304533', '2019-08-31', 2, 60551.1, 60551.1),
('7250', 'Bopitiya Pharmacy', 'Bopitiya', 'CSO157304534', '2019-08-31', 2, 51956, 51956),
('0042156', 'Moon Pharmacy', 'Negombo', 'CSO157304535', '2019-08-31', 2, 26596.5, 26596.5),
('7140', 'Seeduwa Medical (Seeduwa)', 'Seeduwa', 'CSO157304536', '2019-08-31', 2, 54289.2, 54289.2),
('7326', 'Union Chemist', 'Wattala', 'CSO157304537', '2019-08-31', 2, 143636, 143636),
('7177', 'St. Jude Pharmacy (Seeduwa)', 'Seeduwa', 'CSO157304538', '2019-08-31', 2, 63014.5, 63014.5),
('7052', 'Orient Pharmacy (Kandana)', 'Kandana', 'CSO157304539', '2019-08-31', 2, 35478, 35478),
('7257', 'Dr. Chaminda Suriyaarachchi', 'Minuwangoda', 'CSO157304540', '2019-08-31', 2, 11432.5, 11432.5),
('16131', 'Thalahena Pharmacy', 'Negombo', 'CSO157304541', '2019-08-31', 2, 2597, 2597),
('7148', 'Isuri Pharmacy', 'Wattala', 'CSO157304542', '2019-08-31', 2, 282780, 282780),
('7250', 'Bopitiya Pharmacy', 'Bopitiya', 'CSO157304543', '2019-08-31', 2, 79869.2, 79869.2),
('7296', 'Pamunugama Pharmacy', 'Raddolugama', 'CSO157304544', '2019-08-31', 2, 13551.2, 13551.2),
('16146', 'Unique Pharmacy', 'Negombo', 'CSO157304545', '2019-08-31', 2, 54000, 54000),
('0028803', 'Across Healthcare', 'Ragama', 'IN157200035', '2018-08-06', 392, 2800, 2800),
('0028803', 'Across Healthcare', 'Ragama', 'IN157200036', '2018-08-11', 387, 1410.35, 1410.35);

-- --------------------------------------------------------

--
-- Table structure for table `sanofi`
--

DROP TABLE IF EXISTS `sanofi`;
CREATE TABLE IF NOT EXISTS `sanofi` (
  `sID` varchar(50) NOT NULL,
  `custName` varchar(50) NOT NULL,
  `town` varchar(20) NOT NULL,
  PRIMARY KEY (`sID`),
  UNIQUE KEY `hID` (`sID`)
) ENGINE=InnoDB DEFAULT CHARSET=latin1;

--
-- Dumping data for table `sanofi`
--

INSERT INTO `sanofi` (`sID`, `custName`, `town`) VALUES
('0 Niroga Pharmacy And Grocery-Katana', '0 Niroga Pharmacy And Grocery-Katana', 'Negombo'),
('Ajantha Medicals-Kochchikade', 'Ajantha Medicals-Kochchikade', 'Negombo'),
('Alliance Pharmacy-Ragama', 'Alliance Pharmacy-Ragama', 'Wattala'),
('Aman Pharmacy-Madampe', 'Aman Pharmacy-Madampe', 'Marawila'),
('Amila Pharmacy-Ja - Ela City', 'Amila Pharmacy-Ja - Ela City', 'Ja - Ela'),
('Angels Pharmacy-Kochchikade', 'Angels Pharmacy-Kochchikade', 'Negombo'),
('Anrita Pharmacy-Kochchikade', 'Anrita Pharmacy-Kochchikade', 'Negombo'),
('Apeksha pharmacy-Wennappuwa', 'Apeksha pharmacy-Wennappuwa', 'Wennappuwa'),
('Araliya Pharmacy-Marawila city', 'Araliya Pharmacy-Marawila city', 'Marawila'),
('Arogya Pharmacy - Ja - Ela-Ja - Ela City', 'Arogya Pharmacy - Ja - Ela-Ja - Ela City', 'Ja - Ela'),
('Asiri Pharmacy & Grocery-  Negombo-Negombo city', 'Asiri Pharmacy & Grocery-  Negombo-Negombo city', 'Negombo'),
('Asiri Pharmacy - Chilaw-Chilaw', 'Asiri Pharmacy - Chilaw-Chilaw', 'Chilaw'),
('Asiri Pharmacy - Ja-Ela-Ja - Ela City', 'Asiri Pharmacy - Ja-Ela-Ja - Ela City', 'Ja - Ela'),
('Asiri Pharmacy - Raddolugama-Raddolugama', 'Asiri Pharmacy - Raddolugama-Raddolugama', 'Ja - Ela'),
('Asiri pharmacy-Ganemulla', 'Asiri pharmacy-Ganemulla', 'Gampaha'),
('Asoka Pharmacy-Negombo city', 'Asoka Pharmacy-Negombo city', 'Negombo'),
('Ave Maria Hospital-Negombo city', 'Ave Maria Hospital-Negombo city', 'Negombo'),
('Ave Mariya Pharmacy-Negombo city', 'Ave Mariya Pharmacy-Negombo city', 'Negombo'),
('Balasooriya Pharmacy-Puttalam', 'Balasooriya Pharmacy-Puttalam', 'Puttalam'),
('Best Way Pharmacy-Negombo city', 'Best Way Pharmacy-Negombo city', 'Negombo'),
('Better Health Pharmacy-Negombo city', 'Better Health Pharmacy-Negombo city', 'Negombo'),
('Bopitiya Pharmacy-Bopitiya', 'Bopitiya Pharmacy-Bopitiya', 'Ja - Ela'),
('Browns healthcare pvt ltd-Ragama', 'Browns healthcare pvt ltd-Ragama', 'Wattala'),
('C&D Pharmacy-Ja - Ela City', 'C&D Pharmacy-Ja - Ela City', 'Ja - Ela'),
('C.N.S PHARMACY-Chilaw', 'C.N.S PHARMACY-Chilaw', 'Chilaw'),
('Calvery Medical-Ja - Ela City', 'Calvery Medical-Ja - Ela City', 'Ja - Ela'),
('CC-Cash Payment-aaaa', 'CC-Cash Payment-aaaa', 'Chilaw'),
('Central Devine Phrmacy-Minuwangoda', 'Central Devine Phrmacy-Minuwangoda', 'Minuwangoda'),
('Champika Medicals-Kochchikade', 'Champika Medicals-Kochchikade', 'Negombo'),
('Chandrika Medical-Wennappuwa', 'Chandrika Medical-Wennappuwa', 'Wennappuwa'),
('Chemie World-Wattala city', 'Chemie World-Wattala city', 'Wattala'),
('Chrishantha\'s Pharmacy-Marawila city', 'Chrishantha\'s Pharmacy-Marawila city', 'Marawila'),
('City Medicals - Negombo-Negombo city', 'City Medicals - Negombo-Negombo city', 'Negombo'),
('D&D Pharmacy-Negombo city', 'D&D Pharmacy-Negombo city', 'Negombo'),
('D.M.K Pharmacy-Thambuththegama', 'D.M.K Pharmacy-Thambuththegama', 'Thambuththegama'),
('Dankotuwa Medical Stores-Dankotuwa', 'Dankotuwa Medical Stores-Dankotuwa', 'Wennappuwa'),
('Darani Pharmacy-Bolawatta', 'Darani Pharmacy-Bolawatta', 'Wennappuwa'),
('Darshana Pharmacy-Je -Ela-Ja - Ela City', 'Darshana Pharmacy-Je -Ela-Ja - Ela City', 'Ja - Ela'),
('Digasiri Pharmacy-Ekala', 'Digasiri Pharmacy-Ekala', 'Ja - Ela'),
('Dinura Pharmacy-Ja - Ela City', 'Dinura Pharmacy-Ja - Ela City', 'Ja - Ela'),
('Dr Eranga Indragith-Bowatta', 'Dr Eranga Indragith-Bowatta', 'Chilaw'),
('Dr Laksiri lokuliyanage-Ja - Ela City', 'Dr Laksiri lokuliyanage-Ja - Ela City', 'Ja - Ela'),
('DR U.P.Daniel-Wattala city', 'DR U.P.Daniel-Wattala city', 'Wattala'),
('Dr Udara fernando Dr,-Puttalam', 'Dr Udara fernando Dr,-Puttalam', 'Puttalam'),
('Dr. Chaminda Suriyarachchi-Negombo city', 'Dr. Chaminda Suriyarachchi-Negombo city', 'Negombo'),
('Dr. Channa Perera-Dankotuwa', 'Dr. Channa Perera-Dankotuwa', 'Wennappuwa'),
('Dr. Deepal Fonseka-Ja - Ela City', 'Dr. Deepal Fonseka-Ja - Ela City', 'Ja - Ela'),
('Dr. Dhammika Abesinghe-Bopitiya', 'Dr. Dhammika Abesinghe-Bopitiya', 'Ja - Ela'),
('Dr. M.R.M.Sadeek-Puttalam', 'Dr. M.R.M.Sadeek-Puttalam', 'Puttalam'),
('Dr. Mahendra Devide-Katana', 'Dr. Mahendra Devide-Katana', 'Negombo'),
('Dr. Palitha Perera-Dankotuwa', 'Dr. Palitha Perera-Dankotuwa', 'Wennappuwa'),
('Dr. Prasanna Dissanayaka-Chilaw', 'Dr. Prasanna Dissanayaka-Chilaw', 'Chilaw'),
('Dr. Rizvi Hashan-Kandana', 'Dr. Rizvi Hashan-Kandana', 'Kandana'),
('Dr. S.S.Dayarathna-Negombo city', 'Dr. S.S.Dayarathna-Negombo city', 'Negombo'),
('Dr. S.S.Jagodage-Seeduwa', 'Dr. S.S.Jagodage-Seeduwa', 'Ja - Ela'),
('Dr. Saliya Bobuwala-Minuwangoda', 'Dr. Saliya Bobuwala-Minuwangoda', 'Minuwangoda'),
('Dr. Sanath fenando-Marawila city', 'Dr. Sanath fenando-Marawila city', 'Marawila'),
('Dr. Sarath Gamage-Chilaw', 'Dr. Sarath Gamage-Chilaw', 'Chilaw'),
('Dr. Sasitha Thenuwara-Chilaw', 'Dr. Sasitha Thenuwara-Chilaw', 'Chilaw'),
('Dr. Srimal Fernando-Negombo city', 'Dr. Srimal Fernando-Negombo city', 'Negombo'),
('Dr. Sujeewa Piyadigama-Negombo city', 'Dr. Sujeewa Piyadigama-Negombo city', 'Negombo'),
('Dr. Sundaralingam-Negombo city', 'Dr. Sundaralingam-Negombo city', 'Negombo'),
('Dr. Thilak N. Ranasinghe-Wennappuwa', 'Dr. Thilak N. Ranasinghe-Wennappuwa', 'Wennappuwa'),
('Dr. Udith Herath-Ragama', 'Dr. Udith Herath-Ragama', 'Wattala'),
('Dr. Wasantha Dissanayeka-Katunayake', 'Dr. Wasantha Dissanayeka-Katunayake', 'Ja - Ela'),
('DR.M.R.M.Sedeek-Puttalam', 'DR.M.R.M.Sedeek-Puttalam', 'Puttalam'),
('Dr.S.A.Pradeep kumara-Pannala', 'Dr.S.A.Pradeep kumara-Pannala', 'Pannala'),
('Dunagaha Osusala-Dunagaha', 'Dunagaha Osusala-Dunagaha', 'Minuwangoda'),
('Endaramulla Medicals-Wattala city', 'Endaramulla Medicals-Wattala city', 'Wattala'),
('Family Care Pharmacy-Wattala city', 'Family Care Pharmacy-Wattala city', 'Wattala'),
('G.L Pharmaceuticals-Ja - Ela City', 'G.L Pharmaceuticals-Ja - Ela City', 'Ja - Ela'),
('Gayasha Pharmacy-Waikkala', 'Gayasha Pharmacy-Waikkala', 'Wennappuwa'),
('Gimshani Pharmacy-Kandana', 'Gimshani Pharmacy-Kandana', 'Kandana'),
('Gold Crest Pharmacy-Seeduwa', 'Gold Crest Pharmacy-Seeduwa', 'Ja - Ela'),
('Golden Chemist-Nagoda', 'Golden Chemist-Nagoda', 'Kandana'),
('Handala Medical-Wattala city', 'Handala Medical-Wattala city', 'Wattala'),
('Hansi Pharmacy & Grocery.-Ja - Ela City', 'Hansi Pharmacy & Grocery.-Ja - Ela City', 'Ja - Ela'),
('Hanyu Pharmacy-Puttalam', 'Hanyu Pharmacy-Puttalam', 'Puttalam'),
('Harith Pharmacy-Kandana', 'Harith Pharmacy-Kandana', 'Kandana'),
('Healing pharmacy-Negombo city', 'Healing pharmacy-Negombo city', 'Negombo'),
('Health and Glow pharmacy Hunupitiya-Wattala city', 'Health and Glow pharmacy Hunupitiya-Wattala city', 'Wattala'),
('Health and Glow Pharmacy-Wattala city', 'Health and Glow Pharmacy-Wattala city', 'Wattala'),
('Health Care Medicals-Negombo city', 'Health Care Medicals-Negombo city', 'Negombo'),
('Health Care Pharmacy-Raddolugama', 'Health Care Pharmacy-Raddolugama', 'Ja - Ela'),
('Health Line Pharmacy-Kandana', 'Health Line Pharmacy-Kandana', 'Kandana'),
('Healthy Care Pharmacy-Chilaw', 'Healthy Care Pharmacy-Chilaw', 'Chilaw'),
('Hemas Hospital-Wattala city', 'Hemas Hospital-Wattala city', 'Wattala'),
('Hiran Pharmacy-Marawila city', 'Hiran Pharmacy-Marawila city', 'Marawila'),
('Hiru Pharmacy-Katana', 'Hiru Pharmacy-Katana', 'Negombo'),
('Home Needs Pharmacy-Wennappuwa', 'Home Needs Pharmacy-Wennappuwa', 'Wennappuwa'),
('Imedra Pharmacy-peralanda-Ragama', 'Imedra Pharmacy-peralanda-Ragama', 'Wattala'),
('Indra Pharmacy-Andiambalama-Diulapitiya', 'Indra Pharmacy-Andiambalama-Diulapitiya', 'Minuwangoda'),
('Indra Pharmacy-Minuwangoda', 'Indra Pharmacy-Minuwangoda', 'Minuwangoda'),
('International Institute Of Health Sciences (PVT) L', 'International Institute Of Health Sciences (PVT) L', 'Wattala'),
('Iresha Pharmaceuticals-Wennappuwa', 'Iresha Pharmaceuticals-Wennappuwa', 'Wennappuwa'),
('Isira Pharmacy-Dankotuwa', 'Isira Pharmacy-Dankotuwa', 'Wennappuwa'),
('Isura Pharmacy-Ragama', 'Isura Pharmacy-Ragama', 'Wattala'),
('Isuri Pharmacy - Wattala-Wattala city', 'Isuri Pharmacy - Wattala-Wattala city', 'Wattala'),
('Isuru Pharmacy-Katana', 'Isuru Pharmacy-Katana', 'Negombo'),
('J & J Pharmacy-Negombo city', 'J & J Pharmacy-Negombo city', 'Negombo'),
('J & S Pharamacy-Chilaw', 'J & S Pharamacy-Chilaw', 'Chilaw'),
('J.S Pharmacy-Bingiriya', 'J.S Pharmacy-Bingiriya', 'Chilaw'),
('Jasmine Pharmacy-Kandana', 'Jasmine Pharmacy-Kandana', 'Kandana'),
('Jaya Lanka Pharmacy-Negombo city', 'Jaya Lanka Pharmacy-Negombo city', 'Negombo'),
('Jayakodi Pharmacy-Negombo city', 'Jayakodi Pharmacy-Negombo city', 'Negombo'),
('Jayanthi Pharmacy - Katunayake-Aweriwatta', 'Jayanthi Pharmacy - Katunayake-Aweriwatta', 'Ja - Ela'),
('Jayasiri Pharmacy-Nattandiya', 'Jayasiri Pharmacy-Nattandiya', 'Marawila'),
('Jayasiri Pharmacy-Ragama', 'Jayasiri Pharmacy-Ragama', 'Wattala'),
('K&K Pharmacy-Minuwangoda', 'K&K Pharmacy-Minuwangoda', 'Minuwangoda'),
('K.F.D.(Pte) Ltd.-Kandana', 'K.F.D.(Pte) Ltd.-Kandana', 'Kandana'),
('K.S.A Medical-Negombo city', 'K.S.A Medical-Negombo city', 'Negombo'),
('Kalidson Pharmacy-Negombo city', 'Kalidson Pharmacy-Negombo city', 'Negombo'),
('Kandawala Pharmacy & Grocery-Katana', 'Kandawala Pharmacy & Grocery-Katana', 'Negombo'),
('Kapuwatta Pharmacy-Ja - Ela City', 'Kapuwatta Pharmacy-Ja - Ela City', 'Ja - Ela'),
('Krishmo Pharmacy & Grocery-Wattala city', 'Krishmo Pharmacy & Grocery-Wattala city', 'Wattala'),
('Lak Osu Sala-Seeduwa', 'Lak Osu Sala-Seeduwa', 'Ja - Ela'),
('Lakmi pharmacy-Negombo city', 'Lakmi pharmacy-Negombo city', 'Negombo'),
('Lakse Pharmacy-Paliyagoda', 'Lakse Pharmacy-Paliyagoda', 'Wattala'),
('Lakshan chemist-Wattala city', 'Lakshan chemist-Wattala city', 'Wattala'),
('Lakshi Pharmacy-Negombo city', 'Lakshi Pharmacy-Negombo city', 'Negombo'),
('Laksiri Pharmacy-Aweriwatta', 'Laksiri Pharmacy-Aweriwatta', 'Ja - Ela'),
('Lakwin international (pvt) limited-Kuliyapitiya', 'Lakwin international (pvt) limited-Kuliyapitiya', 'Kuliyapitiya'),
('Lanka Pharmacy - Negombo-Negombo city', 'Lanka Pharmacy - Negombo-Negombo city', 'Negombo'),
('Lanka Pharmacy-Wattala city', 'Lanka Pharmacy-Wattala city', 'Wattala'),
('Lasith Pharmacy-Kimbulapitiya', 'Lasith Pharmacy-Kimbulapitiya', 'Negombo'),
('Leesons Pharmacy-Raga-Ragama', 'Leesons Pharmacy-Raga-Ragama', 'Wattala'),
('Lolitha Pharmacy-Kuliyapitiya', 'Lolitha Pharmacy-Kuliyapitiya', 'Kuliyapitiya'),
('M.C Pharmacy-Minuwangoda', 'M.C Pharmacy-Minuwangoda', 'Minuwangoda'),
('Madara Pharmacy-Kuliyapitiya', 'Madara Pharmacy-Kuliyapitiya', 'Kuliyapitiya'),
('Maduri Pharmacy-Diulapitiya', 'Maduri Pharmacy-Diulapitiya', 'Minuwangoda'),
('Mahajana Osusala - Negombo-Negombo city', 'Mahajana Osusala - Negombo-Negombo city', 'Negombo'),
('Mahajana Pharmacy - Negombo-Negombo city', 'Mahajana Pharmacy - Negombo-Negombo city', 'Negombo'),
('Mahajana Pharmacy - Paliyagoda-Paliyagoda', 'Mahajana Pharmacy - Paliyagoda-Paliyagoda', 'Wattala'),
('Manthri Nursing Home-Negombo city', 'Manthri Nursing Home-Negombo city', 'Negombo'),
('Milan Pharmacy-Wattala city', 'Milan Pharmacy-Wattala city', 'Wattala'),
('Mohomed Faik-Negombo city', 'Mohomed Faik-Negombo city', 'Negombo'),
('N.S Medical-Seeduwa', 'N.S Medical-Seeduwa', 'Ja - Ela'),
('Nalaka Pharmacy-Marawila city', 'Nalaka Pharmacy-Marawila city', 'Marawila'),
('Nawa Osusala -Divlapitiya-Diulapitiya', 'Nawa Osusala -Divlapitiya-Diulapitiya', 'Minuwangoda'),
('Nawa Osusala 2-Ja - Ela City', 'Nawa Osusala 2-Ja - Ela City', 'Ja - Ela'),
('Nawa Osusala- Ja Ela-Ja - Ela City', 'Nawa Osusala- Ja Ela-Ja - Ela City', 'Ja - Ela'),
('Nawaloka Hospital-Negombo city', 'Nawaloka Hospital-Negombo city', 'Negombo'),
('Negombo Drugs-Negombo city', 'Negombo Drugs-Negombo city', 'Negombo'),
('Negombo Food & Drugs-Negombo city', 'Negombo Food & Drugs-Negombo city', 'Negombo'),
('New Central Pharmacy - Chilaw-Chilaw', 'New Central Pharmacy - Chilaw-Chilaw', 'Chilaw'),
('New Central Pharmacy - Negombo-Negombo city', 'New Central Pharmacy - Negombo-Negombo city', 'Negombo'),
('New Chalani Pharmacy-Minuwangoda', 'New Chalani Pharmacy-Minuwangoda', 'Minuwangoda'),
('New Chemist Pharmacy-Mahabage', 'New Chemist Pharmacy-Mahabage', 'Wattala'),
('New Chris Pharmacy-Aweriwatta', 'New Chris Pharmacy-Aweriwatta', 'Ja - Ela'),
('New Chris Pharmacy-Minuwangoda', 'New Chris Pharmacy-Minuwangoda', 'Minuwangoda'),
('New Chrish Pharamacy-Minuwangoda', 'New Chrish Pharamacy-Minuwangoda', 'Minuwangoda'),
('New City Pharmacy - Chilaw-Chilaw', 'New City Pharmacy - Chilaw-Chilaw', 'Chilaw'),
('New City Pharmacy - Ragama-Ragama', 'New City Pharmacy - Ragama-Ragama', 'Wattala'),
('New Crystal Pharmacy-Negombo city', 'New Crystal Pharmacy-Negombo city', 'Negombo'),
('New Ekala Pharmacy-Ekala', 'New Ekala Pharmacy-Ekala', 'Ja - Ela'),
('New Lak Medical-Puttalam', 'New Lak Medical-Puttalam', 'Puttalam'),
('New Lanka Pharmacy-Negombo city', 'New Lanka Pharmacy-Negombo city', 'Negombo'),
('New Leo Pharmacy-Negombo city', 'New Leo Pharmacy-Negombo city', 'Negombo'),
('New Medical Stores - Marawila-Marawila city', 'New Medical Stores - Marawila-Marawila city', 'Marawila'),
('New Medicare Pharmacy-Aweriwatta', 'New Medicare Pharmacy-Aweriwatta', 'Ja - Ela'),
('New Pharmacy - Negombo-Negombo city', 'New Pharmacy - Negombo-Negombo city', 'Negombo'),
('New Pharmacy - Wattala-Wattala city', 'New Pharmacy - Wattala-Wattala city', 'Wattala'),
('New Pharmacy-Chilaw', 'New Pharmacy-Chilaw', 'Chilaw'),
('New Pharmacy-Ganemulla.-Ganemulla', 'New Pharmacy-Ganemulla.-Ganemulla', 'Gampaha'),
('New Rio Pharmacy-Wattala city', 'New Rio Pharmacy-Wattala city', 'Wattala'),
('New Seth Pharmacy-Chilaw', 'New Seth Pharmacy-Chilaw', 'Chilaw'),
('New ST. Joseph pharmacy& Grocery--Seeduwa', 'New ST. Joseph pharmacy& Grocery--Seeduwa', 'Ja - Ela'),
('New Western Pharmacy-Wennappuwa', 'New Western Pharmacy-Wennappuwa', 'Wennappuwa'),
('Nimroth Pharmacy 2-Wattala city', 'Nimroth Pharmacy 2-Wattala city', 'Wattala'),
('Niroga Pharmacy-Dankotuwa', 'Niroga Pharmacy-Dankotuwa', 'Wennappuwa'),
('Niwasipura Pharmacy-Ja - Ela City', 'Niwasipura Pharmacy-Ja - Ela City', 'Ja - Ela'),
('Orient  Pharamacy -Kandana-Kandana', 'Orient  Pharamacy -Kandana-Kandana', 'Kandana'),
('Orient Pharmacy-Katunayaka-Aweriwatta', 'Orient Pharmacy-Katunayaka-Aweriwatta', 'Ja - Ela'),
('Orient Pharmacy-Negombo city', 'Orient Pharmacy-Negombo city', 'Negombo'),
('Osada Pharamacy-Dunagaha', 'Osada Pharamacy-Dunagaha', 'Minuwangoda'),
('Oshidi Medical-Dankotuwa', 'Oshidi Medical-Dankotuwa', 'Wennappuwa'),
('Osu Sala (Co-op) 1 - Negombo-Negombo city', 'Osu Sala (Co-op) 1 - Negombo-Negombo city', 'Negombo'),
('Osu sala - Kandana-Kandana', 'Osu sala - Kandana-Kandana', 'Kandana'),
('Osu Sala - Wattala-Wattala city', 'Osu Sala - Wattala-Wattala city', 'Wattala'),
('Osu Sala Mabola-Wattala city', 'Osu Sala Mabola-Wattala city', 'Wattala'),
('Pamunugama Osusala-Raddolugama', 'Pamunugama Osusala-Raddolugama', 'Ja - Ela'),
('Pamunugama Pharmacy-Bopitiya', 'Pamunugama Pharmacy-Bopitiya', 'Ja - Ela'),
('Pavithra Pharmacy & Grocery-Mahawewa', 'Pavithra Pharmacy & Grocery-Mahawewa', 'Marawila'),
('People\'s Pharmacy & Grocery-Wattala city', 'People\'s Pharmacy & Grocery-Wattala city', 'Wattala'),
('Peoples Pharmacy - Raddolugama-Raddolugama', 'Peoples Pharmacy - Raddolugama-Raddolugama', 'Ja - Ela'),
('Pharma Chemie-Wattala city', 'Pharma Chemie-Wattala city', 'Wattala'),
('PJ Enterprises ( PVT ) LTD-Ja - Ela City', 'PJ Enterprises ( PVT ) LTD-Ja - Ela City', 'Ja - Ela'),
('Pradeep Pharmcy-Waikkala', 'Pradeep Pharmcy-Waikkala', 'Wennappuwa'),
('Pradipa Pharmacy-Negombo city', 'Pradipa Pharmacy-Negombo city', 'Negombo'),
('Prasanna Pharmacy-Wennappuwa', 'Prasanna Pharmacy-Wennappuwa', 'Wennappuwa'),
('R&G Pharmacy-Negombo city', 'R&G Pharmacy-Negombo city', 'Negombo'),
('R.Mohamed Janan-Wattala city', 'R.Mohamed Janan-Wattala city', 'Wattala'),
('Raddolugama Pharmacy-Raddolugama', 'Raddolugama Pharmacy-Raddolugama', 'Ja - Ela'),
('Ragama Medical Centre Ja-ela-Ja - Ela City', 'Ragama Medical Centre Ja-ela-Ja - Ela City', 'Ja - Ela'),
('Ragama Pharmacy-Ragama', 'Ragama Pharmacy-Ragama', 'Wattala'),
('Rajapaksha Pharmacy & Grocery-Madampe', 'Rajapaksha Pharmacy & Grocery-Madampe', 'Marawila'),
('Ranmina Pharmacy-Katuneriya', 'Ranmina Pharmacy-Katuneriya', 'Wennappuwa'),
('Ranmina Pharmacy-Wennappuwa', 'Ranmina Pharmacy-Wennappuwa', 'Wennappuwa'),
('RAPHAEL CARE (PVT) LIMITED-Chilaw', 'RAPHAEL CARE (PVT) LIMITED-Chilaw', 'Chilaw'),
('Rasul Pharmacy-Negombo city', 'Rasul Pharmacy-Negombo city', 'Negombo'),
('Relaulla Pharmacy-Kandana', 'Relaulla Pharmacy-Kandana', 'Kandana'),
('Reliable Pharmacy-Mahabage', 'Reliable Pharmacy-Mahabage', 'Wattala'),
('Reliance Pharmacy(PVT).LTD-Negombo city', 'Reliance Pharmacy(PVT).LTD-Negombo city', 'Negombo'),
('Robert Medicals-Kimbulapitiya', 'Robert Medicals-Kimbulapitiya', 'Negombo'),
('Rolek Pharmaceuticals-M', 'Rolek Pharmaceuticals-M', 'Kuliyapitiya'),
('Rose Villa Pharmacy-Wattala city', 'Rose Villa Pharmacy-Wattala city', 'Wattala'),
('Roshani Pharmacy-Ja - Ela City', 'Roshani Pharmacy-Ja - Ela City', 'Ja - Ela'),
('Royal Pharmacy - Makandura-Pannala', 'Royal Pharmacy - Makandura-Pannala', 'Pannala'),
('Royal Pharmacy Lanka(Pvt)Ltd-Negombo city', 'Royal Pharmacy Lanka(Pvt)Ltd-Negombo city', 'Negombo'),
('Royal Pharmacy-Kandana', 'Royal Pharmacy-Kandana', 'Kandana'),
('Royal Pharmacy-Lunuwila', 'Royal Pharmacy-Lunuwila', 'Wennappuwa'),
('Royal Pharmacy-Negombo city', 'Royal Pharmacy-Negombo city', 'Negombo'),
('S&G Pharmacy-Kattuwa', 'S&G Pharmacy-Kattuwa', 'Negombo'),
('S&S Medical-Negombo city', 'S&S Medical-Negombo city', 'Negombo'),
('Sachee Jayalingam-Negombo city', 'Sachee Jayalingam-Negombo city', 'Negombo'),
('Saduni Pharmcy-Dankotuwa', 'Saduni Pharmcy-Dankotuwa', 'Wennappuwa'),
('Safayar Pharmacy-Kuliyapitiya', 'Safayar Pharmacy-Kuliyapitiya', 'Kuliyapitiya'),
('Sahana Osusala-Ragama', 'Sahana Osusala-Ragama', 'Wattala'),
('Sahanaya Drugs & Grocery-Mahawewa', 'Sahanaya Drugs & Grocery-Mahawewa', 'Marawila'),
('Samarashingeha Pharmacy-Ragama', 'Samarashingeha Pharmacy-Ragama', 'Wattala'),
('Sampath Pharmacy-Ragama', 'Sampath Pharmacy-Ragama', 'Wattala'),
('Samudura Pharmacy-Seeduwa', 'Samudura Pharmacy-Seeduwa', 'Ja - Ela'),
('Santhana Pharmacy-Marawila city', 'Santhana Pharmacy-Marawila city', 'Marawila'),
('Sarani Pharmacy-Waikkala', 'Sarani Pharmacy-Waikkala', 'Wennappuwa'),
('Sasithma Pharmacy-Ja - Ela City', 'Sasithma Pharmacy-Ja - Ela City', 'Ja - Ela'),
('Sea Street Osu Sala-Negombo city', 'Sea Street Osu Sala-Negombo city', 'Negombo'),
('Seeduwa Medicals Stores-Seeduwa', 'Seeduwa Medicals Stores-Seeduwa', 'Ja - Ela'),
('Seeduwa Osu sala-Seeduwa', 'Seeduwa Osu sala-Seeduwa', 'Ja - Ela'),
('Selani Pharmacy-Madampe', 'Selani Pharmacy-Madampe', 'Marawila'),
('Senarath Pharmacy-Ja - Ela City', 'Senarath Pharmacy-Ja - Ela City', 'Ja - Ela'),
('Sesatha Pharmacy-Kandana', 'Sesatha Pharmacy-Kandana', 'Kandana'),
('Sethma Pharmacy - Kandana-Kandana', 'Sethma Pharmacy - Kandana-Kandana', 'Kandana'),
('Sethsiri Pharamacy-Ganemulla', 'Sethsiri Pharamacy-Ganemulla', 'Gampaha'),
('Sethsiri Pharmacy-Bingiriya', 'Sethsiri Pharmacy-Bingiriya', 'Chilaw'),
('Shanthi Pharmacy - Katana-Katana', 'Shanthi Pharmacy - Katana-Katana', 'Negombo'),
('Shanthi Pharmacy-Negombo city', 'Shanthi Pharmacy-Negombo city', 'Negombo'),
('Shri Lanka Pharmacy-Katunayake', 'Shri Lanka Pharmacy-Katunayake', 'Ja - Ela'),
('Sidet Medical Center - Negombo-Dalupotha', 'Sidet Medical Center - Negombo-Dalupotha', 'Negombo'),
('Silveray Pharmacy-Negombo city', 'Silveray Pharmacy-Negombo city', 'Negombo'),
('Sisila Multy Shop & Pharmacy-Udubaddawa', 'Sisila Multy Shop & Pharmacy-Udubaddawa', 'Kuliyapitiya'),
('Sithara Pharmacy-Wennappuwa', 'Sithara Pharmacy-Wennappuwa', 'Wennappuwa'),
('Sithmina Pharmacy-Marndagahamula', 'Sithmina Pharmacy-Marndagahamula', 'Minuwangoda'),
('Sithumina Pharmacy 1-Madampe', 'Sithumina Pharmacy 1-Madampe', 'Marawila'),
('Siyapatha Mini Mart Pharmacy-Ragama', 'Siyapatha Mini Mart Pharmacy-Ragama', 'Wattala'),
('Sri Pharmacy-Negombo city', 'Sri Pharmacy-Negombo city', 'Negombo'),
('Sri Sathya-Wattala city', 'Sri Sathya-Wattala city', 'Wattala'),
('Srilak Pharmacy & Grocery-Seeduwa', 'Srilak Pharmacy & Grocery-Seeduwa', 'Ja - Ela'),
('St.Anthony\'s Pharmacy - Dankotuwa-Dankotuwa', 'St.Anthony\'s Pharmacy - Dankotuwa-Dankotuwa', 'Wennappuwa'),
('St.Anthony\'s Pharmacy-Mahawewa-Mahawewa', 'St.Anthony\'s Pharmacy-Mahawewa-Mahawewa', 'Marawila'),
('St.Ciciliya Pharmacy-Wennappuwa', 'St.Ciciliya Pharmacy-Wennappuwa', 'Wennappuwa'),
('St.Joseph Pharmacy-Wennappuwa', 'St.Joseph Pharmacy-Wennappuwa', 'Wennappuwa'),
('St.Joseph\'s Pharmacy-Bopitiya', 'St.Joseph\'s Pharmacy-Bopitiya', 'Ja - Ela'),
('St.Joseph\'s Pharmacy-Ja - Ela City', 'St.Joseph\'s Pharmacy-Ja - Ela City', 'Ja - Ela'),
('St.Jude Pharmacy-Katuneriya-Katuneriya', 'St.Jude Pharmacy-Katuneriya-Katuneriya', 'Wennappuwa'),
('St.Jude\'s Pharmacy - Ja-Ela-Ja - Ela City', 'St.Jude\'s Pharmacy - Ja-Ela-Ja - Ela City', 'Ja - Ela'),
('St.Jude\'s Pharmacy - Seeduwa-Seeduwa', 'St.Jude\'s Pharmacy - Seeduwa-Seeduwa', 'Ja - Ela'),
('St.Mary\'s Pharmacy - Katunayake-Katunayake', 'St.Mary\'s Pharmacy - Katunayake-Katunayake', 'Ja - Ela'),
('Suasi Pharmacy-Nattandiya', 'Suasi Pharmacy-Nattandiya', 'Marawila'),
('Subani Pharmacy-Negombo city', 'Subani Pharmacy-Negombo city', 'Negombo'),
('Sudish Pharmacy & Grocerry-Wattala city', 'Sudish Pharmacy & Grocerry-Wattala city', 'Wattala'),
('Suhada Pharmacy (Pvt) Ltd-Chilaw', 'Suhada Pharmacy (Pvt) Ltd-Chilaw', 'Chilaw'),
('Sujith Nonis Dr.-Minuwangoda', 'Sujith Nonis Dr.-Minuwangoda', 'Minuwangoda'),
('Super Medical-Negombo city', 'Super Medical-Negombo city', 'Negombo'),
('Supreme Pharmacy-Katana', 'Supreme Pharmacy-Katana', 'Negombo'),
('Suranga Pharmacy-Katana', 'Suranga Pharmacy-Katana', 'Negombo'),
('Suvini Pharmacy-Bingiriya', 'Suvini Pharmacy-Bingiriya', 'Chilaw'),
('Suwana Pharmacy-Chilaw', 'Suwana Pharmacy-Chilaw', 'Chilaw'),
('Suwaneth Pharmacy-Kuliyapitiya', 'Suwaneth Pharmacy-Kuliyapitiya', 'Kuliyapitiya'),
('Suwani Pharmacy-Hettipola', 'Suwani Pharmacy-Hettipola', 'Hettipola'),
('Suwasala Pharmacy-Kimbulapitiya', 'Suwasala Pharmacy-Kimbulapitiya', 'Negombo'),
('Suwasarana Osusala-Negombo city', 'Suwasarana Osusala-Negombo city', 'Negombo'),
('Suwasaviya medical center-Diulapitiya', 'Suwasaviya medical center-Diulapitiya', 'Minuwangoda'),
('Suwasetha Osu Sala-Diulapitiya', 'Suwasetha Osu Sala-Diulapitiya', 'Minuwangoda'),
('Thalahena Pharmacy-Thalahena', 'Thalahena Pharmacy-Thalahena', 'Negombo'),
('The Britise Stores-Nattandiya', 'The Britise Stores-Nattandiya', 'Marawila'),
('The British Pharmacy-Dankotuwa', 'The British Pharmacy-Dankotuwa', 'Wennappuwa'),
('The New Pharmacy - Galgamuwa-Galgamuwa', 'The New Pharmacy - Galgamuwa-Galgamuwa', 'Galgamuwa'),
('The New Pharmacy-Marandagahamula-Marndagahamula', 'The New Pharmacy-Marandagahamula-Marndagahamula', 'Minuwangoda'),
('The Pharma Co (Pvt) Ltd-Negombo city', 'The Pharma Co (Pvt) Ltd-Negombo city', 'Negombo'),
('The Pharmacy A.P.Y (Pvt) Ltd-Ja - Ela City', 'The Pharmacy A.P.Y (Pvt) Ltd-Ja - Ela City', 'Ja - Ela'),
('The Pharmacy-Negombo city', 'The Pharmacy-Negombo city', 'Negombo'),
('Thenuka Pharmacy-Negombo city', 'Thenuka Pharmacy-Negombo city', 'Negombo'),
('Thilina Pharmacy-Ekala', 'Thilina Pharmacy-Ekala', 'Ja - Ela'),
('Trust Chemist-Kochchikade', 'Trust Chemist-Kochchikade', 'Negombo'),
('Tudella Pharmacy-Ja - Ela City', 'Tudella Pharmacy-Ja - Ela City', 'Ja - Ela'),
('Union Chemist (pvt) Ltd-Wattala city', 'Union Chemist (pvt) Ltd-Wattala city', 'Wattala'),
('Union Pharmacy Negombo-Negombo city', 'Union Pharmacy Negombo-Negombo city', 'Negombo'),
('Union Pharmacy-Chilaw', 'Union Pharmacy-Chilaw', 'Chilaw'),
('Unique Pharmacy-Negombo city', 'Unique Pharmacy-Negombo city', 'Negombo'),
('V.M pharmacy-Negombo city', 'V.M pharmacy-Negombo city', 'Negombo'),
('W.Mendis Chemists-Lunuwila', 'W.Mendis Chemists-Lunuwila', 'Wennappuwa'),
('Welikala Chemist-Raddolugama', 'Welikala Chemist-Raddolugama', 'Ja - Ela'),
('Westan Pharmacy-Pannala', 'Westan Pharmacy-Pannala', 'Pannala'),
('Western Pharmaceuticals-Wennappuwa', 'Western Pharmaceuticals-Wennappuwa', 'Wennappuwa'),
('Western Pharmacy - Madurankuliya-Madurankuliya', 'Western Pharmacy - Madurankuliya-Madurankuliya', 'Puttalam'),
('Wijaya  Medical, Lunuwilla-Lunuwila', 'Wijaya  Medical, Lunuwilla-Lunuwila', 'Wennappuwa'),
('X-Lab Pharamacy-Negombo city', 'X-Lab Pharamacy-Negombo city', 'Negombo');

-- --------------------------------------------------------

--
-- Table structure for table `sanoutupload`
--

DROP TABLE IF EXISTS `sanoutupload`;
CREATE TABLE IF NOT EXISTS `sanoutupload` (
  `sID` varchar(50) NOT NULL,
  `sCustName` varchar(50) NOT NULL,
  `sTown` varchar(20) NOT NULL,
  `inv` varchar(20) NOT NULL,
  `date` date DEFAULT NULL,
  `age` int(11) DEFAULT NULL,
  `amount` float DEFAULT NULL,
  `balAmount` float DEFAULT NULL,
  PRIMARY KEY (`inv`),
  KEY `hID` (`sID`)
) ENGINE=InnoDB DEFAULT CHARSET=latin1;

--
-- Dumping data for table `sanoutupload`
--

INSERT INTO `sanoutupload` (`sID`, `sCustName`, `sTown`, `inv`, `date`, `age`, `amount`, `balAmount`) VALUES
('Harith Pharmacy-Kandana', 'Harith Pharmacy-Kandana', 'Kandana', 'IB-006853', '2016-10-22', 1046, NULL, 28683),
('Safayar Pharmacy-Kuliyapitiya', 'Safayar Pharmacy-Kuliyapitiya', 'Kuliyapitiya', 'IB-008810', '2017-02-28', 917, NULL, 2052.63),
('Safayar Pharmacy-Kuliyapitiya', 'Safayar Pharmacy-Kuliyapitiya', 'Kuliyapitiya', 'IB-009260', '2017-03-28', 889, NULL, 1315.8),
('Safayar Pharmacy-Kuliyapitiya', 'Safayar Pharmacy-Kuliyapitiya', 'Kuliyapitiya', 'IB-009347', '2017-04-03', 883, NULL, 13699.3),
('Sesatha Pharmacy-Kandana', 'Sesatha Pharmacy-Kandana', 'Kandana', 'IB-009387', '2017-04-05', 881, NULL, 10996.2),
('New Chris Pharmacy-Minuwangoda', 'New Chris Pharmacy-Minuwangoda', 'Minuwangoda', 'IB-012723', '2017-12-04', 638, NULL, 6794.15),
('New Chris Pharmacy-Minuwangoda', 'New Chris Pharmacy-Minuwangoda', 'Minuwangoda', 'IB-012994', '2017-12-21', 621, NULL, 7692.8),
('Sethma Pharmacy - Kandana-Kandana', 'Sethma Pharmacy - Kandana-Kandana', 'Kandana', 'IB-013221', '2018-05-31', 460, NULL, 25600.8),
('Welikala Chemist-Raddolugama', 'Welikala Chemist-Raddolugama', 'Ja - Ela', 'IB-013234', '2018-05-31', 460, NULL, 811.6),
('Super Medical-Negombo city', 'Super Medical-Negombo city', 'Negombo', 'IB-013296', '2018-06-08', 452, NULL, 17155.4),
('New Pharmacy-Ganemulla.-Ganemulla', 'New Pharmacy-Ganemulla.-Ganemulla', 'Gampaha', 'IB-013413', '2018-06-16', 444, NULL, 2334),
('Indra Pharmacy-Andiambalama-Diulapitiya', 'Indra Pharmacy-Andiambalama-Diulapitiya', 'Minuwangoda', 'IB-013446', '2018-06-18', 442, NULL, 18972.2),
('St.Jude\'s Pharmacy - Seeduwa-Seeduwa', 'St.Jude\'s Pharmacy - Seeduwa-Seeduwa', 'Ja - Ela', 'IB-013554', '2018-06-29', 431, NULL, 2377.2),
('St.Ciciliya Pharmacy-Wennappuwa', 'St.Ciciliya Pharmacy-Wennappuwa', 'Wennappuwa', 'IB-013593', '2018-06-29', 431, NULL, 6495),
('The Britise Stores-Nattandiya', 'The Britise Stores-Nattandiya', 'Marawila', 'IB-013738', '2018-07-12', 418, NULL, 1188.6),
('The New Pharmacy - Galgamuwa-Galgamuwa', 'The New Pharmacy - Galgamuwa-Galgamuwa', 'Galgamuwa', 'IB-013772', '2018-07-16', 414, NULL, 736.8),
('Roshani Pharmacy-Ja - Ela City', 'Roshani Pharmacy-Ja - Ela City', 'Ja - Ela', 'IB-013773', '2018-07-17', 413, NULL, 735.25),
('Sethma Pharmacy - Kandana-Kandana', 'Sethma Pharmacy - Kandana-Kandana', 'Kandana', 'IB-013878', '2018-07-25', 405, NULL, 40303.6),
('Suwani Pharmacy-Hettipola', 'Suwani Pharmacy-Hettipola', 'Hettipola', 'IB-013967', '2018-08-04', 395, NULL, 8532.85),
('Harith Pharmacy-Kandana', 'Harith Pharmacy-Kandana', 'Kandana', 'ID-006818', '2016-10-21', 1047, NULL, 16515.3),
('Safayar Pharmacy-Kuliyapitiya', 'Safayar Pharmacy-Kuliyapitiya', 'Kuliyapitiya', 'ID-008511', '2017-02-17', 928, NULL, 8941.75),
('New Chris Pharmacy-Minuwangoda', 'New Chris Pharmacy-Minuwangoda', 'Minuwangoda', 'ID-011821', '2017-09-25', 708, NULL, 5157.53),
('Selani Pharmacy-Madampe', 'Selani Pharmacy-Madampe', 'Marawila', 'ID-012318', '2017-10-25', 678, NULL, 1893),
('New Chris Pharmacy-Minuwangoda', 'New Chris Pharmacy-Minuwangoda', 'Minuwangoda', 'ID-012781', '2017-11-20', 652, NULL, 11001.6),
('New Chris Pharmacy-Minuwangoda', 'New Chris Pharmacy-Minuwangoda', 'Minuwangoda', 'ID-013054', '2017-12-05', 637, NULL, 5263.15),
('New Chris Pharmacy-Minuwangoda', 'New Chris Pharmacy-Minuwangoda', 'Minuwangoda', 'ID-013060', '2017-12-05', 637, NULL, 3325.8),
('Union Pharmacy Negombo-Negombo city', 'Union Pharmacy Negombo-Negombo city', 'Negombo', 'ID-013224', '2017-12-12', 630, NULL, 5263.15),
('W.Mendis Chemists-Lunuwila', 'W.Mendis Chemists-Lunuwila', 'Wennappuwa', 'ID-013240', '2017-12-13', 629, NULL, 5263.15),
('New Chris Pharmacy-Aweriwatta', 'New Chris Pharmacy-Aweriwatta', 'Ja - Ela', 'ID-013408', '2017-12-20', 622, NULL, 5294.72),
('New Chris Pharmacy-Minuwangoda', 'New Chris Pharmacy-Minuwangoda', 'Minuwangoda', 'ID-013410', '2017-12-20', 622, NULL, 10525),
('New Chrish Pharamacy-Minuwangoda', 'New Chrish Pharamacy-Minuwangoda', 'Minuwangoda', 'ID-013833', '2018-01-22', 589, NULL, 12707.1),
('X-Lab Pharamacy-Negombo city', 'X-Lab Pharamacy-Negombo city', 'Negombo', 'ID-013913', '2018-01-26', 585, NULL, 5263.15),
('C.N.S PHARMACY-Chilaw', 'C.N.S PHARMACY-Chilaw', 'Chilaw', 'ID-013980', '2018-01-30', 581, NULL, 11886),
('C.N.S PHARMACY-Chilaw', 'C.N.S PHARMACY-Chilaw', 'Chilaw', 'ID-014495', '2018-03-05', 547, NULL, 51400.8),
('J & S Pharamacy-Chilaw', 'J & S Pharamacy-Chilaw', 'Chilaw', 'ID-014599', '2018-03-14', 538, NULL, 5263),
('Home Needs Pharmacy-Wennappuwa', 'Home Needs Pharmacy-Wennappuwa', 'Wennappuwa', 'ID-014829', '2018-03-27', 525, NULL, 7669.35),
('Western Pharmaceuticals-Wennappuwa', 'Western Pharmaceuticals-Wennappuwa', 'Wennappuwa', 'ID-015060', '2018-04-11', 510, NULL, 23772),
('Anrita Pharmacy-Kochchikade', 'Anrita Pharmacy-Kochchikade', 'Negombo', 'ID-015083', '2018-04-18', 503, NULL, 5263.15),
('Anrita Pharmacy-Kochchikade', 'Anrita Pharmacy-Kochchikade', 'Negombo', 'ID-015085', '2018-04-18', 503, NULL, 2237),
('CC-Cash Payment-aaaa', 'CC-Cash Payment-aaaa', 'Chilaw', 'ID-015292', '2018-05-02', 489, NULL, 1104.83),
('Dunagaha Osusala-Dunagaha', 'Dunagaha Osusala-Dunagaha', 'Minuwangoda', 'ID-015386', '2018-05-09', 482, NULL, 5310.6),
('Dr. Prasanna Dissanayaka-Chilaw', 'Dr. Prasanna Dissanayaka-Chilaw', 'Chilaw', 'ID-015506', '2018-05-18', 473, NULL, 3757.5),
('New Medical Stores - Marawila-Marawila city', 'New Medical Stores - Marawila-Marawila city', 'Marawila', 'ID-015621', '2018-05-30', 461, NULL, 5943),
('St.Joseph Pharmacy-Wennappuwa', 'St.Joseph Pharmacy-Wennappuwa', 'Wennappuwa', 'ID-015624', '2018-05-30', 461, NULL, 3188),
('Nawa Osusala -Divlapitiya-Diulapitiya', 'Nawa Osusala -Divlapitiya-Diulapitiya', 'Minuwangoda', 'ID-015702', '2018-06-04', 456, NULL, 657.89),
('Hiru Pharmacy-Katana', 'Hiru Pharmacy-Katana', 'Negombo', 'ID-015717', '2018-06-05', 455, NULL, 22368.4),
('Dunagaha Osusala-Dunagaha', 'Dunagaha Osusala-Dunagaha', 'Minuwangoda', 'ID-015718', '2018-06-05', 455, NULL, 13375),
('Sithmina Pharmacy-Marndagahamula', 'Sithmina Pharmacy-Marndagahamula', 'Minuwangoda', 'ID-015719', '2018-06-05', 455, NULL, 22368.4),
('The New Pharmacy-Marandagahamula-Marndagahamula', 'The New Pharmacy-Marandagahamula-Marndagahamula', 'Minuwangoda', 'ID-015720', '2018-06-05', 455, NULL, 22368.4),
('S&S Medical-Negombo city', 'S&S Medical-Negombo city', 'Negombo', 'ID-015721', '2018-06-05', 455, NULL, 22368.4),
('Jayakodi Pharmacy-Negombo city', 'Jayakodi Pharmacy-Negombo city', 'Negombo', 'ID-015722', '2018-06-05', 455, NULL, 15789.5),
('Maduri Pharmacy-Diulapitiya', 'Maduri Pharmacy-Diulapitiya', 'Minuwangoda', 'ID-015746', '2018-06-06', 454, NULL, 22368.4),
('Thenuka Pharmacy-Negombo city', 'Thenuka Pharmacy-Negombo city', 'Negombo', 'ID-015748', '2018-06-06', 454, NULL, 22368.4),
('K&K Pharmacy-Minuwangoda', 'K&K Pharmacy-Minuwangoda', 'Minuwangoda', 'ID-015749', '2018-06-06', 454, NULL, 22068),
('New Chalani Pharmacy-Minuwangoda', 'New Chalani Pharmacy-Minuwangoda', 'Minuwangoda', 'ID-015750', '2018-06-06', 454, NULL, 22368.4),
('Mahajana Osusala - Negombo-Negombo city', 'Mahajana Osusala - Negombo-Negombo city', 'Negombo', 'ID-015751', '2018-06-06', 454, NULL, 15789.5),
('M.C Pharmacy-Minuwangoda', 'M.C Pharmacy-Minuwangoda', 'Minuwangoda', 'ID-015752', '2018-06-06', 454, NULL, 7456),
('Kalidson Pharmacy-Negombo city', 'Kalidson Pharmacy-Negombo city', 'Negombo', 'ID-015763', '2018-06-07', 453, NULL, 22368.4),
('Supreme Pharmacy-Katana', 'Supreme Pharmacy-Katana', 'Negombo', 'ID-015764', '2018-06-07', 453, NULL, 22368.4),
('Suranga Pharmacy-Katana', 'Suranga Pharmacy-Katana', 'Negombo', 'ID-015765', '2018-06-07', 453, NULL, 12688),
('Reliance Pharmacy(PVT).LTD-Negombo city', 'Reliance Pharmacy(PVT).LTD-Negombo city', 'Negombo', 'ID-015766', '2018-06-07', 453, NULL, 22368.4),
('Silveray Pharmacy-Negombo city', 'Silveray Pharmacy-Negombo city', 'Negombo', 'ID-015767', '2018-06-07', 453, NULL, 22368.4),
('Shanthi Pharmacy - Katana-Katana', 'Shanthi Pharmacy - Katana-Katana', 'Negombo', 'ID-015768', '2018-06-07', 453, NULL, 22368.4),
('K.S.A Medical-Negombo city', 'K.S.A Medical-Negombo city', 'Negombo', 'ID-015807', '2018-06-09', 451, NULL, 22368.4),
('Union Pharmacy Negombo-Negombo city', 'Union Pharmacy Negombo-Negombo city', 'Negombo', 'ID-015808', '2018-06-09', 451, NULL, 22368.4),
('Ajantha Medicals-Kochchikade', 'Ajantha Medicals-Kochchikade', 'Negombo', 'ID-015809', '2018-06-09', 451, NULL, 22368.4),
('The British Pharmacy-Dankotuwa', 'The British Pharmacy-Dankotuwa', 'Wennappuwa', 'ID-015810', '2018-06-09', 451, NULL, 22368.4),
('Royal Pharmacy - Makandura-Pannala', 'Royal Pharmacy - Makandura-Pannala', 'Pannala', 'ID-015811', '2018-06-09', 451, NULL, 26831),
('Oshidi Medical-Dankotuwa', 'Oshidi Medical-Dankotuwa', 'Wennappuwa', 'ID-015812', '2018-06-09', 451, NULL, 22368.4),
('Gayasha Pharmacy-Waikkala', 'Gayasha Pharmacy-Waikkala', 'Wennappuwa', 'ID-015813', '2018-06-09', 451, NULL, 3728),
('St.Anthony\'s Pharmacy - Dankotuwa-Dankotuwa', 'St.Anthony\'s Pharmacy - Dankotuwa-Dankotuwa', 'Wennappuwa', 'ID-015814', '2018-06-09', 451, NULL, 22368.4),
('New Western Pharmacy-Wennappuwa', 'New Western Pharmacy-Wennappuwa', 'Wennappuwa', 'ID-015815', '2018-06-09', 451, NULL, 22368.4),
('Rolek Pharmaceuticals-M', 'Rolek Pharmaceuticals-M', 'Kuliyapitiya', 'ID-015816', '2018-06-09', 451, NULL, 42105.2),
('Sithumina Pharmacy 1-Madampe', 'Sithumina Pharmacy 1-Madampe', 'Marawila', 'ID-015817', '2018-06-09', 451, NULL, 22368.4),
('J & S Pharamacy-Chilaw', 'J & S Pharamacy-Chilaw', 'Chilaw', 'ID-015818', '2018-06-09', 451, NULL, 10904),
('Sethsiri Pharmacy-Bingiriya', 'Sethsiri Pharmacy-Bingiriya', 'Chilaw', 'ID-015819', '2018-06-09', 451, NULL, 22368.4),
('Healthy Care Pharmacy-Chilaw', 'Healthy Care Pharmacy-Chilaw', 'Chilaw', 'ID-015820', '2018-06-09', 451, NULL, 3728),
('Union Pharmacy-Chilaw', 'Union Pharmacy-Chilaw', 'Chilaw', 'ID-015821', '2018-06-09', 451, NULL, 22368.4),
('Rajapaksha Pharmacy & Grocery-Madampe', 'Rajapaksha Pharmacy & Grocery-Madampe', 'Marawila', 'ID-015822', '2018-06-09', 451, NULL, 22368.4),
('New Pharmacy-Chilaw', 'New Pharmacy-Chilaw', 'Chilaw', 'ID-015823', '2018-06-09', 451, NULL, 22368.4),
('New Central Pharmacy - Chilaw-Chilaw', 'New Central Pharmacy - Chilaw-Chilaw', 'Chilaw', 'ID-015827', '2018-06-09', 451, NULL, 22368.4),
('Araliya Pharmacy-Marawila city', 'Araliya Pharmacy-Marawila city', 'Marawila', 'ID-015828', '2018-06-09', 451, NULL, 22368.4),
('Santhana Pharmacy-Marawila city', 'Santhana Pharmacy-Marawila city', 'Marawila', 'ID-015829', '2018-06-09', 451, NULL, 22368.4),
('New Medical Stores - Marawila-Marawila city', 'New Medical Stores - Marawila-Marawila city', 'Marawila', 'ID-015830', '2018-06-09', 451, NULL, 20293),
('The Britise Stores-Nattandiya', 'The Britise Stores-Nattandiya', 'Marawila', 'ID-015831', '2018-06-09', 451, NULL, 22368.4),
('Nalaka Pharmacy-Marawila city', 'Nalaka Pharmacy-Marawila city', 'Marawila', 'ID-015832', '2018-06-09', 451, NULL, 16562),
('C&D Pharmacy-Ja - Ela City', 'C&D Pharmacy-Ja - Ela City', 'Ja - Ela', 'ID-015836', '2018-06-11', 449, NULL, 22368.4),
('Digasiri Pharmacy-Ekala', 'Digasiri Pharmacy-Ekala', 'Ja - Ela', 'ID-015837', '2018-06-11', 449, NULL, 42105.2),
('Royal Pharmacy-Kandana', 'Royal Pharmacy-Kandana', 'Kandana', 'ID-015838', '2018-06-11', 449, NULL, 22368.4),
('New Lak Medical-Puttalam', 'New Lak Medical-Puttalam', 'Puttalam', 'ID-015841', '2018-06-11', 449, NULL, 22368.4),
('St.Joseph\'s Pharmacy-Ja - Ela City', 'St.Joseph\'s Pharmacy-Ja - Ela City', 'Ja - Ela', 'ID-015844', '2018-06-11', 449, NULL, 42105.2),
('St.Jude\'s Pharmacy - Seeduwa-Seeduwa', 'St.Jude\'s Pharmacy - Seeduwa-Seeduwa', 'Ja - Ela', 'ID-015845', '2018-06-11', 449, NULL, 3728),
('The Pharmacy A.P.Y (Pvt) Ltd-Ja - Ela City', 'The Pharmacy A.P.Y (Pvt) Ltd-Ja - Ela City', 'Ja - Ela', 'ID-015846', '2018-06-11', 449, NULL, 11184),
('Srilak Pharmacy & Grocery-Seeduwa', 'Srilak Pharmacy & Grocery-Seeduwa', 'Ja - Ela', 'ID-015847', '2018-06-11', 449, NULL, 22368.4),
('Seeduwa Medicals Stores-Seeduwa', 'Seeduwa Medicals Stores-Seeduwa', 'Ja - Ela', 'ID-015848', '2018-06-11', 449, NULL, 11968.4),
('Orient Pharmacy-Katunayaka-Aweriwatta', 'Orient Pharmacy-Katunayaka-Aweriwatta', 'Ja - Ela', 'ID-015849', '2018-06-11', 449, NULL, 22368.4),
('Shri Lanka Pharmacy-Katunayake', 'Shri Lanka Pharmacy-Katunayake', 'Ja - Ela', 'ID-015850', '2018-06-11', 449, NULL, 22368.4),
('St.Mary\'s Pharmacy - Katunayake-Katunayake', 'St.Mary\'s Pharmacy - Katunayake-Katunayake', 'Ja - Ela', 'ID-015851', '2018-06-11', 449, NULL, 22368.4),
('Suwasaviya medical center-Diulapitiya', 'Suwasaviya medical center-Diulapitiya', 'Minuwangoda', 'ID-015852', '2018-06-11', 449, NULL, 73690.4),
('Dr Eranga Indragith-Bowatta', 'Dr Eranga Indragith-Bowatta', 'Chilaw', 'ID-015853', '2018-06-11', 449, NULL, 44736.8),
('DR.M.R.M.Sedeek-Puttalam', 'DR.M.R.M.Sedeek-Puttalam', 'Puttalam', 'ID-015854', '2018-06-11', 449, NULL, 61855.4),
('Dr. Dhammika Abesinghe-Bopitiya', 'Dr. Dhammika Abesinghe-Bopitiya', 'Ja - Ela', 'ID-015856', '2018-06-11', 449, NULL, 34736.8),
('Dr Laksiri lokuliyanage-Ja - Ela City', 'Dr Laksiri lokuliyanage-Ja - Ela City', 'Ja - Ela', 'ID-015857', '2018-06-11', 449, NULL, 34736),
('Dr. Sasitha Thenuwara-Chilaw', 'Dr. Sasitha Thenuwara-Chilaw', 'Chilaw', 'ID-015858', '2018-06-11', 449, NULL, 30000),
('New Lanka Pharmacy-Negombo city', 'New Lanka Pharmacy-Negombo city', 'Negombo', 'ID-015862', '2018-06-11', 449, NULL, 126316),
('Madara Pharmacy-Kuliyapitiya', 'Madara Pharmacy-Kuliyapitiya', 'Kuliyapitiya', 'ID-015871', '2018-06-12', 448, NULL, 22368.4),
('Jayasiri Pharmacy-Nattandiya', 'Jayasiri Pharmacy-Nattandiya', 'Marawila', 'ID-015872', '2018-06-12', 448, NULL, 22368.4),
('Lolitha Pharmacy-Kuliyapitiya', 'Lolitha Pharmacy-Kuliyapitiya', 'Kuliyapitiya', 'ID-015873', '2018-06-12', 448, NULL, 22368.4),
('Suwaneth Pharmacy-Kuliyapitiya', 'Suwaneth Pharmacy-Kuliyapitiya', 'Kuliyapitiya', 'ID-015874', '2018-06-12', 448, NULL, 18640.4),
('Senarath Pharmacy-Ja - Ela City', 'Senarath Pharmacy-Ja - Ela City', 'Ja - Ela', 'ID-015902', '2018-06-13', 447, NULL, 22368.4),
('Pamunugama Pharmacy-Bopitiya', 'Pamunugama Pharmacy-Bopitiya', 'Ja - Ela', 'ID-015903', '2018-06-13', 447, NULL, 18640.4),
('St.Joseph\'s Pharmacy-Bopitiya', 'St.Joseph\'s Pharmacy-Bopitiya', 'Ja - Ela', 'ID-015904', '2018-06-13', 447, NULL, 18640),
('Thilina Pharmacy-Ekala', 'Thilina Pharmacy-Ekala', 'Ja - Ela', 'ID-015905', '2018-06-13', 447, NULL, 18640),
('Nawa Osusala 2-Ja - Ela City', 'Nawa Osusala 2-Ja - Ela City', 'Ja - Ela', 'ID-015906', '2018-06-13', 447, NULL, 22368.4),
('CC-Cash Payment-aaaa', 'CC-Cash Payment-aaaa', 'Chilaw', 'ID-015908', '2018-06-13', 447, NULL, 5972.1),
('Shri Lanka Pharmacy-Katunayake', 'Shri Lanka Pharmacy-Katunayake', 'Ja - Ela', 'ID-015922', '2018-06-14', 446, NULL, 22368.4),
('New Central Pharmacy - Negombo-Negombo city', 'New Central Pharmacy - Negombo-Negombo city', 'Negombo', 'ID-015923', '2018-06-14', 446, NULL, 22368.4),
('Better Health Pharmacy-Negombo city', 'Better Health Pharmacy-Negombo city', 'Negombo', 'ID-015924', '2018-06-14', 446, NULL, 22368.4),
('City Medicals - Negombo-Negombo city', 'City Medicals - Negombo-Negombo city', 'Negombo', 'ID-015925', '2018-06-14', 446, NULL, 22368.4),
('Raddolugama Pharmacy-Raddolugama', 'Raddolugama Pharmacy-Raddolugama', 'Ja - Ela', 'ID-015926', '2018-06-14', 446, NULL, 22368.4),
('X-Lab Pharamacy-Negombo city', 'X-Lab Pharamacy-Negombo city', 'Negombo', 'ID-015936', '2018-06-15', 445, NULL, 22368.4),
('New Crystal Pharmacy-Negombo city', 'New Crystal Pharmacy-Negombo city', 'Negombo', 'ID-015937', '2018-06-15', 445, NULL, 22368.4),
('Robert Medicals-Kimbulapitiya', 'Robert Medicals-Kimbulapitiya', 'Negombo', 'ID-015938', '2018-06-15', 445, NULL, 22368.4),
('Dr. Mahendra Devide-Katana', 'Dr. Mahendra Devide-Katana', 'Negombo', 'ID-015939', '2018-06-15', 445, NULL, 42105.2),
('Dr. Srimal Fernando-Negombo city', 'Dr. Srimal Fernando-Negombo city', 'Negombo', 'ID-015940', '2018-06-15', 445, NULL, 42105.2),
('New Pharmacy-Ganemulla.-Ganemulla', 'New Pharmacy-Ganemulla.-Ganemulla', 'Gampaha', 'ID-015952', '2018-06-16', 444, NULL, 14385.9),
('Dinura Pharmacy-Ja - Ela City', 'Dinura Pharmacy-Ja - Ela City', 'Ja - Ela', 'ID-015954', '2018-06-16', 444, NULL, 14049),
('New Pharmacy-Ganemulla.-Ganemulla', 'New Pharmacy-Ganemulla.-Ganemulla', 'Gampaha', 'ID-015955', '2018-06-16', 444, NULL, 20208.4),
('Asiri pharmacy-Ganemulla', 'Asiri pharmacy-Ganemulla', 'Gampaha', 'ID-015956', '2018-06-16', 444, NULL, 12368),
('Sethsiri Pharamacy-Ganemulla', 'Sethsiri Pharamacy-Ganemulla', 'Gampaha', 'ID-015957', '2018-06-16', 444, NULL, 22368.4),
('Sahanaya Drugs & Grocery-Mahawewa', 'Sahanaya Drugs & Grocery-Mahawewa', 'Marawila', 'ID-015968', '2018-06-18', 442, NULL, 22368.4),
('New Seth Pharmacy-Chilaw', 'New Seth Pharmacy-Chilaw', 'Chilaw', 'ID-015971', '2018-06-18', 442, NULL, 22368.4),
('Aman Pharmacy-Madampe', 'Aman Pharmacy-Madampe', 'Marawila', 'ID-015972', '2018-06-18', 442, NULL, 22368.4),
('Royal Pharmacy Lanka(Pvt)Ltd-Negombo city', 'Royal Pharmacy Lanka(Pvt)Ltd-Negombo city', 'Negombo', 'ID-015975', '2018-06-18', 442, NULL, 210526),
('Negombo Food & Drugs-Negombo city', 'Negombo Food & Drugs-Negombo city', 'Negombo', 'ID-015976', '2018-06-18', 442, NULL, 22368.4),
('Dr Laksiri lokuliyanage-Ja - Ela City', 'Dr Laksiri lokuliyanage-Ja - Ela City', 'Ja - Ela', 'ID-016007', '2018-06-20', 440, NULL, 84210.4),
('Balasooriya Pharmacy-Puttalam', 'Balasooriya Pharmacy-Puttalam', 'Puttalam', 'ID-016045', '2018-06-22', 438, NULL, 210526),
('Hanyu Pharmacy-Puttalam', 'Hanyu Pharmacy-Puttalam', 'Puttalam', 'ID-016046', '2018-06-22', 438, NULL, 101935),
('Dr Udara fernando Dr,-Puttalam', 'Dr Udara fernando Dr,-Puttalam', 'Puttalam', 'ID-016047', '2018-06-22', 438, NULL, 126316),
('Lakwin international (pvt) limited-Kuliyapitiya', 'Lakwin international (pvt) limited-Kuliyapitiya', 'Kuliyapitiya', 'ID-016049', '2018-06-22', 438, NULL, 252631),
('K.F.D.(Pte) Ltd.-Kandana', 'K.F.D.(Pte) Ltd.-Kandana', 'Kandana', 'ID-016067', '2018-06-26', 434, NULL, 421052),
('Dr Laksiri lokuliyanage-Ja - Ela City', 'Dr Laksiri lokuliyanage-Ja - Ela City', 'Ja - Ela', 'ID-016126', '2018-06-29', 431, NULL, 84210.4),
('Sethsiri Pharmacy-Bingiriya', 'Sethsiri Pharmacy-Bingiriya', 'Chilaw', 'ID-016134', '2018-06-29', 431, NULL, 42105.2),
('Unique Pharmacy-Negombo city', 'Unique Pharmacy-Negombo city', 'Negombo', 'ID-016140', '2018-06-29', 431, NULL, 56301.8),
('Suwana Pharmacy-Chilaw', 'Suwana Pharmacy-Chilaw', 'Chilaw', 'ID-016141', '2018-06-29', 431, NULL, 17961),
('G.L Pharmaceuticals-Ja - Ela City', 'G.L Pharmaceuticals-Ja - Ela City', 'Ja - Ela', 'ID-016142', '2018-06-29', 431, NULL, 200702),
('Santhana Pharmacy-Marawila city', 'Santhana Pharmacy-Marawila city', 'Marawila', 'ID-016162', '2018-06-29', 431, NULL, 8158),
('Dr. M.R.M.Sadeek-Puttalam', 'Dr. M.R.M.Sadeek-Puttalam', 'Puttalam', 'ID-016167', '2018-06-29', 431, NULL, 3508.8),
('Sisila Multy Shop & Pharmacy-Udubaddawa', 'Sisila Multy Shop & Pharmacy-Udubaddawa', 'Kuliyapitiya', 'ID-016208', '2018-07-06', 424, NULL, 6321.88),
('J & J Pharmacy-Negombo city', 'J & J Pharmacy-Negombo city', 'Negombo', 'ID-016244', '2018-07-11', 419, NULL, 2434),
('Peoples Pharmacy - Raddolugama-Raddolugama', 'Peoples Pharmacy - Raddolugama-Raddolugama', 'Ja - Ela', 'ID-016293', '2018-07-12', 418, NULL, 5263.15),
('Dr. Palitha Perera-Dankotuwa', 'Dr. Palitha Perera-Dankotuwa', 'Wennappuwa', 'ID-016514', '2018-07-26', 404, NULL, 5092),
('The British Pharmacy-Dankotuwa', 'The British Pharmacy-Dankotuwa', 'Wennappuwa', 'ID-016551', '2018-07-30', 400, NULL, 3530.7),
('Western Pharmacy - Madurankuliya-Madurankuliya', 'Western Pharmacy - Madurankuliya-Madurankuliya', 'Puttalam', 'ID-016596', '2018-07-31', 399, NULL, 16978),
('G.L Pharmaceuticals-Ja - Ela City', 'G.L Pharmaceuticals-Ja - Ela City', 'Ja - Ela', 'ID-016608', '2018-08-01', 398, NULL, 17219),
('Suvini Pharmacy-Bingiriya', 'Suvini Pharmacy-Bingiriya', 'Chilaw', 'ID-016625', '2018-08-04', 395, NULL, 2785),
('Sethsiri Pharmacy-Bingiriya', 'Sethsiri Pharmacy-Bingiriya', 'Chilaw', 'ID-016626', '2018-08-04', 395, NULL, 2237),
('Suwani Pharmacy-Hettipola', 'Suwani Pharmacy-Hettipola', 'Hettipola', 'ID-016633', '2018-08-04', 395, NULL, 2061),
('D&D Pharmacy-Negombo city', 'D&D Pharmacy-Negombo city', 'Negombo', 'IM-006873', '2018-02-27', 553, NULL, 34950),
('D.M.K Pharmacy-Thambuththegama', 'D.M.K Pharmacy-Thambuththegama', 'Thambuththegama', 'IM-006938', '2018-03-07', 545, NULL, 4880),
('Dr. Thilak N. Ranasinghe-Wennappuwa', 'Dr. Thilak N. Ranasinghe-Wennappuwa', 'Wennappuwa', 'IM-007020', '2018-03-21', 531, NULL, 2680),
('Ajantha Medicals-Kochchikade', 'Ajantha Medicals-Kochchikade', 'Negombo', 'IM-007080', '2018-03-29', 523, NULL, 14650),
('Harith Pharmacy-Kandana', 'Harith Pharmacy-Kandana', 'Kandana', 'IN-008587', '2016-10-18', 1050, NULL, 24018.4),
('Osada Pharamacy-Dunagaha', 'Osada Pharamacy-Dunagaha', 'Minuwangoda', 'IN-015271', '2017-11-09', 663, NULL, 15660),
('Sidet Medical Center - Negombo-Dalupotha', 'Sidet Medical Center - Negombo-Dalupotha', 'Negombo', 'IN-017587', '2018-04-01', 520, NULL, 33363.5),
('Mohomed Faik-Negombo city', 'Mohomed Faik-Negombo city', 'Negombo', 'IN-017629', '2018-04-04', 517, NULL, 12923.5),
('Mohomed Faik-Negombo city', 'Mohomed Faik-Negombo city', 'Negombo', 'IN-017908', '2018-04-23', 498, NULL, 7927.5),
('The British Pharmacy-Dankotuwa', 'The British Pharmacy-Dankotuwa', 'Wennappuwa', 'IN-018341', '2018-05-16', 475, NULL, 6727.75),
('J.S Pharmacy-Bingiriya', 'J.S Pharmacy-Bingiriya', 'Chilaw', 'IN-019030', '2018-06-20', 440, NULL, 3634),
('Dr. S.S.Jagodage-Seeduwa', 'Dr. S.S.Jagodage-Seeduwa', 'Ja - Ela', 'IN-019094', '2018-06-25', 435, NULL, 5120),
('New Medical Stores - Marawila-Marawila city', 'New Medical Stores - Marawila-Marawila city', 'Marawila', 'IN-019783', '2018-07-30', 400, NULL, 6282),
('New Medicare Pharmacy-Aweriwatta', 'New Medicare Pharmacy-Aweriwatta', 'Ja - Ela', 'IN-019973', '2018-08-10', 389, NULL, 1652),
('The Britise Stores-Nattandiya', 'The Britise Stores-Nattandiya', 'Marawila', 'IN-020139', '2018-08-20', 379, NULL, 894),
('Healing pharmacy-Negombo city', 'Healing pharmacy-Negombo city', 'Negombo', 'IN-020216', '2018-08-24', 375, NULL, 376.5),
('RAPHAEL CARE (PVT) LIMITED-Chilaw', 'RAPHAEL CARE (PVT) LIMITED-Chilaw', 'Chilaw', 'IN-020255', '2018-08-28', 371, NULL, 34052.3),
('Sidet Medical Center - Negombo-Dalupotha', 'Sidet Medical Center - Negombo-Dalupotha', 'Negombo', 'IN-020307', '2018-08-30', 369, NULL, 8755),
('Osu Sala - Wattala-Wattala city', 'Osu Sala - Wattala-Wattala city', 'Wattala', 'IN-020496', '2018-09-10', 358, NULL, 33089),
('Orient Pharmacy-Katunayaka-Aweriwatta', 'Orient Pharmacy-Katunayaka-Aweriwatta', 'Ja - Ela', 'IN-020964', '2018-10-04', 334, NULL, 1058.3),
('Dr. Deepal Fonseka-Ja - Ela City', 'Dr. Deepal Fonseka-Ja - Ela City', 'Ja - Ela', 'IN-021480', '2018-11-05', 302, NULL, 15717),
('Dr. Deepal Fonseka-Ja - Ela City', 'Dr. Deepal Fonseka-Ja - Ela City', 'Ja - Ela', 'IN-021615', '2018-11-12', 295, NULL, 15717),
('St.Anthony\'s Pharmacy-Mahawewa-Mahawewa', 'St.Anthony\'s Pharmacy-Mahawewa-Mahawewa', 'Marawila', 'IN-021723', '2018-11-17', 290, NULL, 1404),
('Pavithra Pharmacy & Grocery-Mahawewa', 'Pavithra Pharmacy & Grocery-Mahawewa', 'Marawila', 'IN-021801', '2018-11-23', 284, NULL, 8780),
('Dr. Saliya Bobuwala-Minuwangoda', 'Dr. Saliya Bobuwala-Minuwangoda', 'Minuwangoda', 'IN-021841', '2018-11-26', 281, NULL, 8350),
('Pavithra Pharmacy & Grocery-Mahawewa', 'Pavithra Pharmacy & Grocery-Mahawewa', 'Marawila', 'IN-021901', '2018-11-28', 279, NULL, 4820),
('Health Line Pharmacy-Kandana', 'Health Line Pharmacy-Kandana', 'Kandana', 'IN-021956', '2018-11-28', 279, NULL, 8675.55),
('CC-Cash Payment-aaaa', 'CC-Cash Payment-aaaa', 'Chilaw', 'IN-021964', '2018-11-29', 278, NULL, 8359),
('Mahajana Pharmacy - Paliyagoda-Paliyagoda', 'Mahajana Pharmacy - Paliyagoda-Paliyagoda', 'Wattala', 'IN-021978', '2018-11-29', 278, NULL, 5037.6),
('Sidet Medical Center - Negombo-Dalupotha', 'Sidet Medical Center - Negombo-Dalupotha', 'Negombo', 'IN-022057', '2018-12-03', 274, NULL, 16159.5),
('Royal Pharmacy - Makandura-Pannala', 'Royal Pharmacy - Makandura-Pannala', 'Pannala', 'IN-022145', '2018-12-07', 270, NULL, 12910.8),
('New Central Pharmacy - Negombo-Negombo city', 'New Central Pharmacy - Negombo-Negombo city', 'Negombo', 'IN-022315', '2018-12-18', 259, NULL, 5762),
('Siyapatha Mini Mart Pharmacy-Ragama', 'Siyapatha Mini Mart Pharmacy-Ragama', 'Wattala', 'IN-022464', '2018-12-28', 249, NULL, 1618.1),
('R.Mohamed Janan-Wattala city', 'R.Mohamed Janan-Wattala city', 'Wattala', 'IN-022465', '2018-12-28', 249, NULL, 11342),
('Asiri Pharmacy - Raddolugama-Raddolugama', 'Asiri Pharmacy - Raddolugama-Raddolugama', 'Ja - Ela', 'IN-022567', '2019-01-03', 243, NULL, 3261),
('New Crystal Pharmacy-Negombo city', 'New Crystal Pharmacy-Negombo city', 'Negombo', 'IN-022606', '2019-01-07', 239, NULL, 11320),
('Suhada Pharmacy (Pvt) Ltd-Chilaw', 'Suhada Pharmacy (Pvt) Ltd-Chilaw', 'Chilaw', 'IN-022674', '2019-01-10', 236, NULL, 1670),
('Leesons Pharmacy-Raga-Ragama', 'Leesons Pharmacy-Raga-Ragama', 'Wattala', 'IN-022710', '2019-01-11', 235, NULL, 115338),
('Dr. Saliya Bobuwala-Minuwangoda', 'Dr. Saliya Bobuwala-Minuwangoda', 'Minuwangoda', 'IN-022766', '2019-01-16', 230, NULL, 8350),
('CC-Cash Payment-aaaa', 'CC-Cash Payment-aaaa', 'Chilaw', 'IN-022899', '2019-01-24', 222, NULL, 1670),
('Reliance Pharmacy(PVT).LTD-Negombo city', 'Reliance Pharmacy(PVT).LTD-Negombo city', 'Negombo', 'IN-022900', '2019-01-24', 222, NULL, 4034),
('New Crystal Pharmacy-Negombo city', 'New Crystal Pharmacy-Negombo city', 'Negombo', 'IN-022933', '2019-01-25', 221, NULL, 22640),
('Jaya Lanka Pharmacy-Negombo city', 'Jaya Lanka Pharmacy-Negombo city', 'Negombo', 'IN-023031', '2019-01-31', 215, NULL, 8167),
('Rasul Pharmacy-Negombo city', 'Rasul Pharmacy-Negombo city', 'Negombo', 'IN-023143', '2019-02-07', 208, NULL, 1002),
('Mahajana Pharmacy - Negombo-Negombo city', 'Mahajana Pharmacy - Negombo-Negombo city', 'Negombo', 'IN-023226', '2019-02-11', 204, NULL, 18305.1),
('Amila Pharmacy-Ja - Ela City', 'Amila Pharmacy-Ja - Ela City', 'Ja - Ela', 'IN-023230', '2019-02-12', 203, NULL, 2457.5),
('Osu sala - Kandana-Kandana', 'Osu sala - Kandana-Kandana', 'Kandana', 'IN-023318', '2019-02-15', 200, NULL, 843.9),
('Samudura Pharmacy-Seeduwa', 'Samudura Pharmacy-Seeduwa', 'Ja - Ela', 'IN-023380', '2019-02-20', 195, NULL, 4684.75),
('New Lanka Pharmacy-Negombo city', 'New Lanka Pharmacy-Negombo city', 'Negombo', 'IN-023598', '2019-03-03', 184, NULL, 25361.6),
('Kapuwatta Pharmacy-Ja - Ela City', 'Kapuwatta Pharmacy-Ja - Ela City', 'Ja - Ela', 'IN-023619', '2019-03-03', 184, NULL, 7215.9),
('Sarani Pharmacy-Waikkala', 'Sarani Pharmacy-Waikkala', 'Wennappuwa', 'IN-023682', '2019-03-07', 180, NULL, 3732.6),
('Jayasiri Pharmacy-Ragama', 'Jayasiri Pharmacy-Ragama', 'Wattala', 'IN-023737', '2019-03-12', 175, NULL, 6572.5),
('New City Pharmacy - Ragama-Ragama', 'New City Pharmacy - Ragama-Ragama', 'Wattala', 'IN-023741', '2019-03-12', 175, NULL, 6597.5),
('Lakshan chemist-Wattala city', 'Lakshan chemist-Wattala city', 'Wattala', 'IN-023876', '2019-03-19', 168, NULL, 18549.8),
('Ragama Medical Centre Ja-ela-Ja - Ela City', 'Ragama Medical Centre Ja-ela-Ja - Ela City', 'Ja - Ela', 'IN-024048', '2019-03-30', 157, NULL, 36950),
('Jayakodi Pharmacy-Negombo city', 'Jayakodi Pharmacy-Negombo city', 'Negombo', 'IN-024066', '2019-04-01', 155, NULL, 3991),
('New Pharmacy - Negombo-Negombo city', 'New Pharmacy - Negombo-Negombo city', 'Negombo', 'IN-024209', '2019-04-09', 147, NULL, 5727.5),
('New Central Pharmacy - Negombo-Negombo city', 'New Central Pharmacy - Negombo-Negombo city', 'Negombo', 'IN-024267', '2019-04-11', 145, NULL, 14405),
('New Central Pharmacy - Negombo-Negombo city', 'New Central Pharmacy - Negombo-Negombo city', 'Negombo', 'IN-024285', '2019-04-18', 138, NULL, 14405),
('The Britise Stores-Nattandiya', 'The Britise Stores-Nattandiya', 'Marawila', 'IN-024290', '2019-04-20', 136, NULL, 5364),
('PJ Enterprises ( PVT ) LTD-Ja - Ela City', 'PJ Enterprises ( PVT ) LTD-Ja - Ela City', 'Ja - Ela', 'IN-024298', '2019-04-23', 133, NULL, 2635),
('New Central Pharmacy - Negombo-Negombo city', 'New Central Pharmacy - Negombo-Negombo city', 'Negombo', 'IN-024302', '2019-04-23', 133, NULL, 2881),
('Jayasiri Pharmacy-Ragama', 'Jayasiri Pharmacy-Ragama', 'Wattala', 'IN-024304', '2019-04-23', 133, NULL, 2391),
('Sithumina Pharmacy 1-Madampe', 'Sithumina Pharmacy 1-Madampe', 'Marawila', 'IN-024392', '2019-04-26', 130, NULL, 18004.5),
('New Central Pharmacy - Negombo-Negombo city', 'New Central Pharmacy - Negombo-Negombo city', 'Negombo', 'IN-024490', '2019-05-03', 123, NULL, 11524),
('Sea Street Osu Sala-Negombo city', 'Sea Street Osu Sala-Negombo city', 'Negombo', 'IN-024492', '2019-05-03', 123, NULL, 167),
('Isura Pharmacy-Ragama', 'Isura Pharmacy-Ragama', 'Wattala', 'IN-024496', '2019-05-03', 123, NULL, 739.1),
('Leesons Pharmacy-Raga-Ragama', 'Leesons Pharmacy-Raga-Ragama', 'Wattala', 'IN-024497', '2019-05-03', 123, NULL, 1561.1),
('Dr. Sujeewa Piyadigama-Negombo city', 'Dr. Sujeewa Piyadigama-Negombo city', 'Negombo', 'IN-024563', '2019-05-07', 119, NULL, 6520),
('Roshani Pharmacy-Ja - Ela City', 'Roshani Pharmacy-Ja - Ela City', 'Ja - Ela', 'IN-024568', '2019-05-07', 119, NULL, 1059),
('Dr. Sundaralingam-Negombo city', 'Dr. Sundaralingam-Negombo city', 'Negombo', 'IN-024578', '2019-05-07', 119, NULL, 2235),
('Relaulla Pharmacy-Kandana', 'Relaulla Pharmacy-Kandana', 'Kandana', 'IN-024609', '2019-05-09', 117, NULL, 2034),
('Hiru Pharmacy-Katana', 'Hiru Pharmacy-Katana', 'Negombo', 'IN-024631', '2019-05-10', 116, NULL, 3087),
('Browns healthcare pvt ltd-Ragama', 'Browns healthcare pvt ltd-Ragama', 'Wattala', 'IN-024638', '2019-05-13', 113, NULL, 304664),
('Health Care Medicals-Negombo city', 'Health Care Medicals-Negombo city', 'Negombo', 'IN-024675', '2019-05-15', 111, NULL, 1422),
('Asiri Pharmacy & Grocery-  Negombo-Negombo city', 'Asiri Pharmacy & Grocery-  Negombo-Negombo city', 'Negombo', 'IN-024676', '2019-05-15', 111, NULL, 201),
('Indra Pharmacy-Minuwangoda', 'Indra Pharmacy-Minuwangoda', 'Minuwangoda', 'IN-024682', '2019-05-15', 111, NULL, 7230),
('St.Jude\'s Pharmacy - Seeduwa-Seeduwa', 'St.Jude\'s Pharmacy - Seeduwa-Seeduwa', 'Ja - Ela', 'IN-024684', '2019-05-15', 111, NULL, 593),
('Jayasiri Pharmacy-Ragama', 'Jayasiri Pharmacy-Ragama', 'Wattala', 'IN-024703', '2019-05-16', 110, NULL, 542),
('St.Joseph\'s Pharmacy-Bopitiya', 'St.Joseph\'s Pharmacy-Bopitiya', 'Ja - Ela', 'IN-024739', '2019-05-17', 109, NULL, 973),
('Pamunugama Pharmacy-Bopitiya', 'Pamunugama Pharmacy-Bopitiya', 'Ja - Ela', 'IN-024740', '2019-05-17', 109, NULL, 1126),
('New Central Pharmacy - Chilaw-Chilaw', 'New Central Pharmacy - Chilaw-Chilaw', 'Chilaw', 'IN-024787', '2019-05-22', 104, NULL, 4753),
('The British Pharmacy-Dankotuwa', 'The British Pharmacy-Dankotuwa', 'Wennappuwa', 'IN-024796', '2019-05-22', 104, NULL, 913),
('St.Ciciliya Pharmacy-Wennappuwa', 'St.Ciciliya Pharmacy-Wennappuwa', 'Wennappuwa', 'IN-024801', '2019-05-22', 104, NULL, 1006),
('Pradipa Pharmacy-Negombo city', 'Pradipa Pharmacy-Negombo city', 'Negombo', 'IN-024814', '2019-05-23', 103, NULL, 190),
('Supreme Pharmacy-Katana', 'Supreme Pharmacy-Katana', 'Negombo', 'IN-024817', '2019-05-23', 103, NULL, 2300.8),
('New Central Pharmacy - Negombo-Negombo city', 'New Central Pharmacy - Negombo-Negombo city', 'Negombo', 'IN-024855', '2019-05-25', 101, NULL, 33608.1),
('Indra Pharmacy-Minuwangoda', 'Indra Pharmacy-Minuwangoda', 'Minuwangoda', 'IN-024916', '2019-05-29', 97, NULL, 24062.1),
('Jayakodi Pharmacy-Negombo city', 'Jayakodi Pharmacy-Negombo city', 'Negombo', 'IN-024930', '2019-05-30', 96, NULL, 26080),
('New Lanka Pharmacy-Negombo city', 'New Lanka Pharmacy-Negombo city', 'Negombo', 'IN-024951', '2019-05-30', 96, NULL, 2391),
('New Western Pharmacy-Wennappuwa', 'New Western Pharmacy-Wennappuwa', 'Wennappuwa', 'IN-024956', '2019-05-31', 95, NULL, 113074),
('Milan Pharmacy-Wattala city', 'Milan Pharmacy-Wattala city', 'Wattala', 'IN-025008', '2019-06-04', 91, NULL, 13712),
('New Western Pharmacy-Wennappuwa', 'New Western Pharmacy-Wennappuwa', 'Wennappuwa', 'IN-025018', '2019-06-04', 91, NULL, 10478),
('Home Needs Pharmacy-Wennappuwa', 'Home Needs Pharmacy-Wennappuwa', 'Wennappuwa', 'IN-025037', '2019-06-08', 87, NULL, 3348),
('New Western Pharmacy-Wennappuwa', 'New Western Pharmacy-Wennappuwa', 'Wennappuwa', 'IN-025038', '2019-06-08', 87, NULL, 3298),
('People\'s Pharmacy & Grocery-Wattala city', 'People\'s Pharmacy & Grocery-Wattala city', 'Wattala', 'IN-025072', '2019-06-10', 85, NULL, 6210),
('Browns healthcare pvt ltd-Ragama', 'Browns healthcare pvt ltd-Ragama', 'Wattala', 'IN-025073', '2019-06-10', 85, NULL, 28503),
('Roshani Pharmacy-Ja - Ela City', 'Roshani Pharmacy-Ja - Ela City', 'Ja - Ela', 'IN-025115', '2019-06-11', 84, NULL, 1496.5),
('New Western Pharmacy-Wennappuwa', 'New Western Pharmacy-Wennappuwa', 'Wennappuwa', 'IN-025119', '2019-06-11', 84, NULL, 6102),
('Osu Sala Mabola-Wattala city', 'Osu Sala Mabola-Wattala city', 'Wattala', 'IN-025120', '2019-06-11', 84, NULL, 420.5),
('Nawaloka Hospital-Negombo city', 'Nawaloka Hospital-Negombo city', 'Negombo', 'IN-025133', '2019-06-11', 84, NULL, 39414.7),
('Indra Pharmacy-Minuwangoda', 'Indra Pharmacy-Minuwangoda', 'Minuwangoda', 'IN-025141', '2019-06-12', 83, NULL, 7024.5),
('Shanthi Pharmacy-Negombo city', 'Shanthi Pharmacy-Negombo city', 'Negombo', 'IN-025147', '2019-06-12', 83, NULL, 17093.5),
('Ave Mariya Pharmacy-Negombo city', 'Ave Mariya Pharmacy-Negombo city', 'Negombo', 'IN-025159', '2019-06-12', 83, NULL, 5295),
('Arogya Pharmacy - Ja - Ela-Ja - Ela City', 'Arogya Pharmacy - Ja - Ela-Ja - Ela City', 'Ja - Ela', 'IN-025164', '2019-06-12', 83, NULL, 4985.75),
('New Crystal Pharmacy-Negombo city', 'New Crystal Pharmacy-Negombo city', 'Negombo', 'IN-025178', '2019-06-12', 83, NULL, 20993.8),
('New Rio Pharmacy-Wattala city', 'New Rio Pharmacy-Wattala city', 'Wattala', 'IN-025256', '2019-06-19', 76, NULL, 10395),
('Indra Pharmacy-Minuwangoda', 'Indra Pharmacy-Minuwangoda', 'Minuwangoda', 'IN-025262', '2019-06-20', 75, NULL, 5465),
('Lanka Pharmacy-Wattala city', 'Lanka Pharmacy-Wattala city', 'Wattala', 'IN-025263', '2019-06-20', 75, NULL, 1205),
('Dr. Deepal Fonseka-Ja - Ela City', 'Dr. Deepal Fonseka-Ja - Ela City', 'Ja - Ela', 'IN-025308', '2019-06-24', 71, NULL, 15717),
('New Central Pharmacy - Negombo-Negombo city', 'New Central Pharmacy - Negombo-Negombo city', 'Negombo', 'IN-025361', '2019-06-26', 69, NULL, 4175),
('Peoples Pharmacy - Raddolugama-Raddolugama', 'Peoples Pharmacy - Raddolugama-Raddolugama', 'Ja - Ela', 'IN-025369', '2019-06-26', 69, NULL, 1252.5),
('Dr. Deepal Fonseka-Ja - Ela City', 'Dr. Deepal Fonseka-Ja - Ela City', 'Ja - Ela', 'IN-025421', '2019-06-28', 67, NULL, 15717),
('The Pharmacy A.P.Y (Pvt) Ltd-Ja - Ela City', 'The Pharmacy A.P.Y (Pvt) Ltd-Ja - Ela City', 'Ja - Ela', 'IN-025425', '2019-06-28', 67, NULL, 409),
('New Western Pharmacy-Wennappuwa', 'New Western Pharmacy-Wennappuwa', 'Wennappuwa', 'IN-025444', '2019-06-29', 66, NULL, 58788.8),
('The Pharmacy-Negombo city', 'The Pharmacy-Negombo city', 'Negombo', 'IN-025452', '2019-06-29', 66, NULL, 16154.3),
('New Central Pharmacy - Negombo-Negombo city', 'New Central Pharmacy - Negombo-Negombo city', 'Negombo', 'IN-025454', '2019-07-01', 64, NULL, 27558.7),
('Roshani Pharmacy-Ja - Ela City', 'Roshani Pharmacy-Ja - Ela City', 'Ja - Ela', 'IN-025457', '2019-07-01', 64, NULL, 9610.8),
('Hiru Pharmacy-Katana', 'Hiru Pharmacy-Katana', 'Negombo', 'IN-025465', '2019-07-01', 64, NULL, 15040),
('Suwasala Pharmacy-Kimbulapitiya', 'Suwasala Pharmacy-Kimbulapitiya', 'Negombo', 'IN-025475', '2019-07-01', 64, NULL, 10794),
('Nawaloka Hospital-Negombo city', 'Nawaloka Hospital-Negombo city', 'Negombo', 'IN-025481', '2019-07-02', 63, NULL, 46766),
('Nawaloka Hospital-Negombo city', 'Nawaloka Hospital-Negombo city', 'Negombo', 'IN-025482', '2019-07-02', 63, NULL, 45140),
('W.Mendis Chemists-Lunuwila', 'W.Mendis Chemists-Lunuwila', 'Wennappuwa', 'IN-025487', '2019-07-02', 63, NULL, 13798.5),
('International Institute Of Health Sciences (PVT) L', 'International Institute Of Health Sciences (PVT) L', 'Wattala', 'IN-025510', '2019-07-03', 62, NULL, 8037),
('St.Ciciliya Pharmacy-Wennappuwa', 'St.Ciciliya Pharmacy-Wennappuwa', 'Wennappuwa', 'IN-025513', '2019-07-04', 61, NULL, 2629.59),
('International Institute Of Health Sciences (PVT) L', 'International Institute Of Health Sciences (PVT) L', 'Wattala', 'IN-025515', '2019-07-04', 61, NULL, 2532),
('Shanthi Pharmacy - Katana-Katana', 'Shanthi Pharmacy - Katana-Katana', 'Negombo', 'IN-025522', '2019-07-04', 61, NULL, 4068),
('Champika Medicals-Kochchikade', 'Champika Medicals-Kochchikade', 'Negombo', 'IN-025526', '2019-07-04', 61, NULL, 6791.61),
('New Western Pharmacy-Wennappuwa', 'New Western Pharmacy-Wennappuwa', 'Wennappuwa', 'IN-025554', '2019-07-05', 60, NULL, 19560),
('Silveray Pharmacy-Negombo city', 'Silveray Pharmacy-Negombo city', 'Negombo', 'IN-025564', '2019-07-08', 57, NULL, 17650.5),
('Dr. Deepal Fonseka-Ja - Ela City', 'Dr. Deepal Fonseka-Ja - Ela City', 'Ja - Ela', 'IN-025565', '2019-07-08', 57, NULL, 31434),
('New Central Pharmacy - Negombo-Negombo city', 'New Central Pharmacy - Negombo-Negombo city', 'Negombo', 'IN-025573', '2019-07-08', 57, NULL, 8629),
('Nawaloka Hospital-Negombo city', 'Nawaloka Hospital-Negombo city', 'Negombo', 'IN-025596', '2019-07-09', 56, NULL, 25725.1),
('City Medicals - Negombo-Negombo city', 'City Medicals - Negombo-Negombo city', 'Negombo', 'IN-025619', '2019-07-10', 55, NULL, 8572),
('Shanthi Pharmacy-Negombo city', 'Shanthi Pharmacy-Negombo city', 'Negombo', 'IN-025622', '2019-07-10', 55, NULL, 9879),
('New Crystal Pharmacy-Negombo city', 'New Crystal Pharmacy-Negombo city', 'Negombo', 'IN-025629', '2019-07-10', 55, NULL, 22058.4),
('New Central Pharmacy - Negombo-Negombo city', 'New Central Pharmacy - Negombo-Negombo city', 'Negombo', 'IN-025636', '2019-07-10', 55, NULL, 32776.5),
('New Crystal Pharmacy-Negombo city', 'New Crystal Pharmacy-Negombo city', 'Negombo', 'IN-025640', '2019-07-11', 54, NULL, 34835),
('Champika Medicals-Kochchikade', 'Champika Medicals-Kochchikade', 'Negombo', 'IN-025656', '2019-07-12', 53, NULL, 2978.25),
('New Crystal Pharmacy-Negombo city', 'New Crystal Pharmacy-Negombo city', 'Negombo', 'IN-025659', '2019-07-12', 53, NULL, 4382.65),
('Kalidson Pharmacy-Negombo city', 'Kalidson Pharmacy-Negombo city', 'Negombo', 'IN-025665', '2019-07-12', 53, NULL, 33264.2),
('Hiru Pharmacy-Katana', 'Hiru Pharmacy-Katana', 'Negombo', 'IN-025670', '2019-07-12', 53, NULL, 3688.59),
('Unique Pharmacy-Negombo city', 'Unique Pharmacy-Negombo city', 'Negombo', 'IN-025674', '2019-07-12', 53, NULL, 6099),
('Kalidson Pharmacy-Negombo city', 'Kalidson Pharmacy-Negombo city', 'Negombo', 'IN-025678', '2019-07-13', 52, NULL, 1463),
('Wijaya  Medical, Lunuwilla-Lunuwila', 'Wijaya  Medical, Lunuwilla-Lunuwila', 'Wennappuwa', 'IN-025682', '2019-07-15', 50, NULL, 20150),
('New Pharmacy - Wattala-Wattala city', 'New Pharmacy - Wattala-Wattala city', 'Wattala', 'IN-025700', '2019-07-15', 50, NULL, 19002.5),
('Nawaloka Hospital-Negombo city', 'Nawaloka Hospital-Negombo city', 'Negombo', 'IN-025706', '2019-07-17', 48, NULL, 91923.4),
('Unique Pharmacy-Negombo city', 'Unique Pharmacy-Negombo city', 'Negombo', 'IN-025707', '2019-07-17', 48, NULL, 52548),
('Handala Medical-Wattala city', 'Handala Medical-Wattala city', 'Wattala', 'IN-025709', '2019-07-17', 48, NULL, 3813.25),
('W.Mendis Chemists-Lunuwila', 'W.Mendis Chemists-Lunuwila', 'Wennappuwa', 'IN-025715', '2019-07-17', 48, NULL, 8445.8),
('Santhana Pharmacy-Marawila city', 'Santhana Pharmacy-Marawila city', 'Marawila', 'IN-025718', '2019-07-17', 48, NULL, 45763.5),
('Handala Medical-Wattala city', 'Handala Medical-Wattala city', 'Wattala', 'IN-025722', '2019-07-18', 47, NULL, 6059.5),
('Unique Pharmacy-Negombo city', 'Unique Pharmacy-Negombo city', 'Negombo', 'IN-025725', '2019-07-18', 47, NULL, 1200),
('W.Mendis Chemists-Lunuwila', 'W.Mendis Chemists-Lunuwila', 'Wennappuwa', 'IN-025727', '2019-07-18', 47, NULL, 2505),
('Santhana Pharmacy-Marawila city', 'Santhana Pharmacy-Marawila city', 'Marawila', 'IN-025729', '2019-07-18', 47, NULL, 1670),
('Champika Medicals-Kochchikade', 'Champika Medicals-Kochchikade', 'Negombo', 'IN-025735', '2019-07-18', 47, NULL, 29824.6),
('Unique Pharmacy-Negombo city', 'Unique Pharmacy-Negombo city', 'Negombo', 'IN-025743', '2019-07-19', 46, NULL, 10254.5),
('Wijaya  Medical, Lunuwilla-Lunuwila', 'Wijaya  Medical, Lunuwilla-Lunuwila', 'Wennappuwa', 'IN-025744', '2019-07-19', 46, NULL, 1266),
('New Crystal Pharmacy-Negombo city', 'New Crystal Pharmacy-Negombo city', 'Negombo', 'IN-025745', '2019-07-19', 46, NULL, 14568),
('Dr. Deepal Fonseka-Ja - Ela City', 'Dr. Deepal Fonseka-Ja - Ela City', 'Ja - Ela', 'IN-025746', '2019-07-19', 46, NULL, 31434),
('Union Chemist (pvt) Ltd-Wattala city', 'Union Chemist (pvt) Ltd-Wattala city', 'Wattala', 'IN-025749', '2019-07-19', 46, NULL, 25865),
('New Crystal Pharmacy-Negombo city', 'New Crystal Pharmacy-Negombo city', 'Negombo', 'IN-025752', '2019-07-19', 46, NULL, 31573),
('Thenuka Pharmacy-Negombo city', 'Thenuka Pharmacy-Negombo city', 'Negombo', 'IN-025755', '2019-07-19', 46, NULL, 15601.5),
('Niroga Pharmacy-Dankotuwa', 'Niroga Pharmacy-Dankotuwa', 'Wennappuwa', 'IN-025758', '2019-07-19', 46, NULL, 6211.9),
('The British Pharmacy-Dankotuwa', 'The British Pharmacy-Dankotuwa', 'Wennappuwa', 'IN-025761', '2019-07-19', 46, NULL, 13059.5),
('St.Joseph Pharmacy-Wennappuwa', 'St.Joseph Pharmacy-Wennappuwa', 'Wennappuwa', 'IN-025762', '2019-07-19', 46, NULL, 2915),
('Sarani Pharmacy-Waikkala', 'Sarani Pharmacy-Waikkala', 'Wennappuwa', 'IN-025763', '2019-07-19', 46, NULL, 17318.1),
('K.S.A Medical-Negombo city', 'K.S.A Medical-Negombo city', 'Negombo', 'IN-025765', '2019-07-19', 46, NULL, 13026.7),
('Lanka Pharmacy - Negombo-Negombo city', 'Lanka Pharmacy - Negombo-Negombo city', 'Negombo', 'IN-025768', '2019-07-19', 46, NULL, 4066),
('Unique Pharmacy-Negombo city', 'Unique Pharmacy-Negombo city', 'Negombo', 'IN-025780', '2019-07-20', 45, NULL, 19762.5),
('New Central Pharmacy - Negombo-Negombo city', 'New Central Pharmacy - Negombo-Negombo city', 'Negombo', 'IN-025784', '2019-07-22', 43, NULL, 6983.6),
('Dr. Udith Herath-Ragama', 'Dr. Udith Herath-Ragama', 'Wattala', 'IN-025786', '2019-07-22', 43, NULL, 13040),
('DR U.P.Daniel-Wattala city', 'DR U.P.Daniel-Wattala city', 'Wattala', 'IN-025788', '2019-07-22', 43, NULL, 8390),
('Ragama Pharmacy-Ragama', 'Ragama Pharmacy-Ragama', 'Wattala', 'IN-025795', '2019-07-22', 43, NULL, 89032.6),
('Hansi Pharmacy & Grocery.-Ja - Ela City', 'Hansi Pharmacy & Grocery.-Ja - Ela City', 'Ja - Ela', 'IN-025802', '2019-07-22', 43, NULL, 4622.8),
('Unique Pharmacy-Negombo city', 'Unique Pharmacy-Negombo city', 'Negombo', 'IN-025803', '2019-07-22', 43, NULL, 1200),
('Sithara Pharmacy-Wennappuwa', 'Sithara Pharmacy-Wennappuwa', 'Wennappuwa', 'IN-025805', '2019-07-23', 42, NULL, 2575.75),
('Alliance Pharmacy-Ragama', 'Alliance Pharmacy-Ragama', 'Wattala', 'IN-025809', '2019-07-23', 42, NULL, 1205),
('Pamunugama Pharmacy-Bopitiya', 'Pamunugama Pharmacy-Bopitiya', 'Ja - Ela', 'IN-025811', '2019-07-23', 42, NULL, 1478.2),
('N.S Medical-Seeduwa', 'N.S Medical-Seeduwa', 'Ja - Ela', 'IN-025815', '2019-07-23', 42, NULL, 7005),
('Gold Crest Pharmacy-Seeduwa', 'Gold Crest Pharmacy-Seeduwa', 'Ja - Ela', 'IN-025817', '2019-07-23', 42, NULL, 4162),
('Nawaloka Hospital-Negombo city', 'Nawaloka Hospital-Negombo city', 'Negombo', 'IN-025824', '2019-07-23', 42, NULL, 88537.8),
('Handala Medical-Wattala city', 'Handala Medical-Wattala city', 'Wattala', 'IN-025832', '2019-07-24', 41, NULL, 5064),
('Unique Pharmacy-Negombo city', 'Unique Pharmacy-Negombo city', 'Negombo', 'IN-025833', '2019-07-24', 41, NULL, 8765.3),
('Sarani Pharmacy-Waikkala', 'Sarani Pharmacy-Waikkala', 'Wennappuwa', 'IN-025836', '2019-07-24', 41, NULL, 5762),
('C&D Pharmacy-Ja - Ela City', 'C&D Pharmacy-Ja - Ela City', 'Ja - Ela', 'IN-025843', '2019-07-24', 41, NULL, 35349.8),
('Alliance Pharmacy-Ragama', 'Alliance Pharmacy-Ragama', 'Wattala', 'IN-025847', '2019-07-24', 41, NULL, 6520),
('Hemas Hospital-Wattala city', 'Hemas Hospital-Wattala city', 'Wattala', 'IN-025850', '2019-07-24', 41, NULL, 72989.5),
('Shanthi Pharmacy - Katana-Katana', 'Shanthi Pharmacy - Katana-Katana', 'Negombo', 'IN-025852', '2019-07-24', 41, NULL, 39865),
('Asoka Pharmacy-Negombo city', 'Asoka Pharmacy-Negombo city', 'Negombo', 'IN-025857', '2019-07-25', 40, NULL, 8537),
('Wijaya  Medical, Lunuwilla-Lunuwila', 'Wijaya  Medical, Lunuwilla-Lunuwila', 'Wennappuwa', 'IN-025859', '2019-07-25', 40, NULL, 2578.06),
('The Pharmacy-Negombo city', 'The Pharmacy-Negombo city', 'Negombo', 'IN-025861', '2019-07-25', 40, NULL, 13802.7),
('New Crystal Pharmacy-Negombo city', 'New Crystal Pharmacy-Negombo city', 'Negombo', 'IN-025862', '2019-07-25', 40, NULL, 30035.2),
('Shanthi Pharmacy-Negombo city', 'Shanthi Pharmacy-Negombo city', 'Negombo', 'IN-025864', '2019-07-25', 40, NULL, 22913.8),
('City Medicals - Negombo-Negombo city', 'City Medicals - Negombo-Negombo city', 'Negombo', 'IN-025867', '2019-07-25', 40, NULL, 8654.5),
('New Central Pharmacy - Negombo-Negombo city', 'New Central Pharmacy - Negombo-Negombo city', 'Negombo', 'IN-025868', '2019-07-25', 40, NULL, 24386.5),
('Sri Sathya-Wattala city', 'Sri Sathya-Wattala city', 'Wattala', 'IN-025876', '2019-07-26', 39, NULL, 14206.5),
('New Rio Pharmacy-Wattala city', 'New Rio Pharmacy-Wattala city', 'Wattala', 'IN-025877', '2019-07-26', 39, NULL, 4724.5),
('Chemie World-Wattala city', 'Chemie World-Wattala city', 'Wattala', 'IN-025880', '2019-07-26', 39, NULL, 8057.2),
('Lakshan chemist-Wattala city', 'Lakshan chemist-Wattala city', 'Wattala', 'IN-025885', '2019-07-26', 39, NULL, 12047.4),
('Handala Medical-Wattala city', 'Handala Medical-Wattala city', 'Wattala', 'IN-025889', '2019-07-27', 38, NULL, 9415.4),
('Unique Pharmacy-Negombo city', 'Unique Pharmacy-Negombo city', 'Negombo', 'IN-025893', '2019-07-27', 38, NULL, 15309),
('Oshidi Medical-Dankotuwa', 'Oshidi Medical-Dankotuwa', 'Wennappuwa', 'IN-025897', '2019-07-29', 36, NULL, 9300.64),
('Niroga Pharmacy-Dankotuwa', 'Niroga Pharmacy-Dankotuwa', 'Wennappuwa', 'IN-025898', '2019-07-29', 36, NULL, 9761),
('Sarani Pharmacy-Waikkala', 'Sarani Pharmacy-Waikkala', 'Wennappuwa', 'IN-025900', '2019-07-29', 36, NULL, 4473.5),
('St.Joseph Pharmacy-Wennappuwa', 'St.Joseph Pharmacy-Wennappuwa', 'Wennappuwa', 'IN-025901', '2019-07-29', 36, NULL, 4330.2),
('St.Ciciliya Pharmacy-Wennappuwa', 'St.Ciciliya Pharmacy-Wennappuwa', 'Wennappuwa', 'IN-025902', '2019-07-29', 36, NULL, 3053.25),
('Prasanna Pharmacy-Wennappuwa', 'Prasanna Pharmacy-Wennappuwa', 'Wennappuwa', 'IN-025903', '2019-07-29', 36, NULL, 7146.24),
('Ranmina Pharmacy-Katuneriya', 'Ranmina Pharmacy-Katuneriya', 'Wennappuwa', 'IN-025905', '2019-07-29', 36, NULL, 3225.5),
('St.Jude Pharmacy-Katuneriya-Katuneriya', 'St.Jude Pharmacy-Katuneriya-Katuneriya', 'Wennappuwa', 'IN-025906', '2019-07-29', 36, NULL, 10107.8),
('Roshani Pharmacy-Ja - Ela City', 'Roshani Pharmacy-Ja - Ela City', 'Ja - Ela', 'IN-025907', '2019-07-29', 36, NULL, 3053.3),
('Gayasha Pharmacy-Waikkala', 'Gayasha Pharmacy-Waikkala', 'Wennappuwa', 'IN-025908', '2019-07-29', 36, NULL, 7669.3),
('Unique Pharmacy-Negombo city', 'Unique Pharmacy-Negombo city', 'Negombo', 'IN-025910', '2019-07-29', 36, NULL, 4522),
('Unique Pharmacy-Negombo city', 'Unique Pharmacy-Negombo city', 'Negombo', 'IN-025915', '2019-07-29', 36, NULL, 117444),
('Champika Medicals-Kochchikade', 'Champika Medicals-Kochchikade', 'Negombo', 'IN-025920', '2019-07-29', 36, NULL, 13719.7),
('Trust Chemist-Kochchikade', 'Trust Chemist-Kochchikade', 'Negombo', 'IN-025921', '2019-07-29', 36, NULL, 5860.1),
('Asoka Pharmacy-Negombo city', 'Asoka Pharmacy-Negombo city', 'Negombo', 'IN-025922', '2019-07-29', 36, NULL, 2854.2),
('Best Way Pharmacy-Negombo city', 'Best Way Pharmacy-Negombo city', 'Negombo', 'IN-025923', '2019-07-29', 36, NULL, 4950.5),
('S&G Pharmacy-Kattuwa', 'S&G Pharmacy-Kattuwa', 'Negombo', 'IN-025924', '2019-07-29', 36, NULL, 6203.25),
('Health Care Medicals-Negombo city', 'Health Care Medicals-Negombo city', 'Negombo', 'IN-025926', '2019-07-29', 36, NULL, 24321.1),
('Unique Pharmacy-Negombo city', 'Unique Pharmacy-Negombo city', 'Negombo', 'IN-025927', '2019-07-29', 36, NULL, 36476),
('Mahajana Osusala - Negombo-Negombo city', 'Mahajana Osusala - Negombo-Negombo city', 'Negombo', 'IN-025928', '2019-07-29', 36, NULL, 40053.8),
('Union Chemist (pvt) Ltd-Wattala city', 'Union Chemist (pvt) Ltd-Wattala city', 'Wattala', 'IN-025930', '2019-07-29', 36, NULL, 253752),
('Arogya Pharmacy - Ja - Ela-Ja - Ela City', 'Arogya Pharmacy - Ja - Ela-Ja - Ela City', 'Ja - Ela', 'IN-025931', '2019-07-30', 35, NULL, 407),
('Osu Sala Mabola-Wattala city', 'Osu Sala Mabola-Wattala city', 'Wattala', 'IN-025933', '2019-07-30', 35, NULL, 3194.2),
('New Crystal Pharmacy-Negombo city', 'New Crystal Pharmacy-Negombo city', 'Negombo', 'IN-025934', '2019-07-30', 35, NULL, 82044.9),
('St.Joseph Pharmacy-Wennappuwa', 'St.Joseph Pharmacy-Wennappuwa', 'Wennappuwa', 'IN-025937', '2019-07-30', 35, NULL, 3683.22),
('Kapuwatta Pharmacy-Ja - Ela City', 'Kapuwatta Pharmacy-Ja - Ela City', 'Ja - Ela', 'IN-025939', '2019-07-30', 35, NULL, 4339),
('Supreme Pharmacy-Katana', 'Supreme Pharmacy-Katana', 'Negombo', 'IN-025942', '2019-07-30', 35, NULL, 9990.5),
('Ragama Pharmacy-Ragama', 'Ragama Pharmacy-Ragama', 'Wattala', 'IN-025943', '2019-07-30', 35, NULL, 82710.2),
('0 Niroga Pharmacy And Grocery-Katana', '0 Niroga Pharmacy And Grocery-Katana', 'Negombo', 'IN-025944', '2019-07-30', 35, NULL, 9858),
('Kalidson Pharmacy-Negombo city', 'Kalidson Pharmacy-Negombo city', 'Negombo', 'IN-025945', '2019-07-30', 35, NULL, 30675.8),
('Saduni Pharmcy-Dankotuwa', 'Saduni Pharmcy-Dankotuwa', 'Wennappuwa', 'IN-025947', '2019-07-30', 35, NULL, 4722.5),
('Sampath Pharmacy-Ragama', 'Sampath Pharmacy-Ragama', 'Wattala', 'IN-025949', '2019-07-30', 35, NULL, 11006.5),
('Sethma Pharmacy - Kandana-Kandana', 'Sethma Pharmacy - Kandana-Kandana', 'Kandana', 'IN-025952', '2019-07-30', 35, NULL, 66516.5),
('Health Line Pharmacy-Kandana', 'Health Line Pharmacy-Kandana', 'Kandana', 'IN-025955', '2019-07-30', 35, NULL, 12606.5),
('Reliable Pharmacy-Mahabage', 'Reliable Pharmacy-Mahabage', 'Wattala', 'IN-025957', '2019-07-30', 35, NULL, 20424.8);
INSERT INTO `sanoutupload` (`sID`, `sCustName`, `sTown`, `inv`, `date`, `age`, `amount`, `balAmount`) VALUES
('C&D Pharmacy-Ja - Ela City', 'C&D Pharmacy-Ja - Ela City', 'Ja - Ela', 'IN-025959', '2019-07-30', 35, NULL, 21784.8),
('International Institute Of Health Sciences (PVT) L', 'International Institute Of Health Sciences (PVT) L', 'Wattala', 'IN-025960', '2019-07-30', 35, NULL, 20831.8),
('Araliya Pharmacy-Marawila city', 'Araliya Pharmacy-Marawila city', 'Marawila', 'IN-025963', '2019-07-30', 35, NULL, 11109.5),
('The Britise Stores-Nattandiya', 'The Britise Stores-Nattandiya', 'Marawila', 'IN-025964', '2019-07-30', 35, NULL, 2978.25),
('Supreme Pharmacy-Katana', 'Supreme Pharmacy-Katana', 'Negombo', 'IN-025965', '2019-07-30', 35, NULL, 35448),
('Thenuka Pharmacy-Negombo city', 'Thenuka Pharmacy-Negombo city', 'Negombo', 'IN-025967', '2019-07-30', 35, NULL, 21208),
('Osu Sala - Wattala-Wattala city', 'Osu Sala - Wattala-Wattala city', 'Wattala', 'IN-025970', '2019-08-01', 33, NULL, 16387.5),
('Krishmo Pharmacy & Grocery-Wattala city', 'Krishmo Pharmacy & Grocery-Wattala city', 'Wattala', 'IN-025973', '2019-08-01', 33, NULL, 1221),
('Santhana Pharmacy-Marawila city', 'Santhana Pharmacy-Marawila city', 'Marawila', 'IN-025975', '2019-08-01', 33, NULL, 63208.5),
('Dr. Deepal Fonseka-Ja - Ela City', 'Dr. Deepal Fonseka-Ja - Ela City', 'Ja - Ela', 'IN-025977', '2019-08-01', 33, NULL, 31434),
('Unique Pharmacy-Negombo city', 'Unique Pharmacy-Negombo city', 'Negombo', 'IN-025978', '2019-08-01', 33, NULL, 7695),
('Pradipa Pharmacy-Negombo city', 'Pradipa Pharmacy-Negombo city', 'Negombo', 'IN-025980', '2019-08-01', 33, NULL, 2334.4),
('Supreme Pharmacy-Katana', 'Supreme Pharmacy-Katana', 'Negombo', 'IN-025981', '2019-08-01', 33, NULL, 14778.6),
('Kandawala Pharmacy & Grocery-Katana', 'Kandawala Pharmacy & Grocery-Katana', 'Negombo', 'IN-025982', '2019-08-01', 33, NULL, 3531.9),
('Isuru Pharmacy-Katana', 'Isuru Pharmacy-Katana', 'Negombo', 'IN-025983', '2019-08-01', 33, NULL, 3991),
('Shanthi Pharmacy - Katana-Katana', 'Shanthi Pharmacy - Katana-Katana', 'Negombo', 'IN-025985', '2019-08-01', 33, NULL, 4432.5),
('Shanthi Pharmacy - Katana-Katana', 'Shanthi Pharmacy - Katana-Katana', 'Negombo', 'IN-025986', '2019-08-01', 33, NULL, 13022.5),
('Hiru Pharmacy-Katana', 'Hiru Pharmacy-Katana', 'Negombo', 'IN-025987', '2019-08-01', 33, NULL, 10337.8),
('Suwasala Pharmacy-Kimbulapitiya', 'Suwasala Pharmacy-Kimbulapitiya', 'Negombo', 'IN-025989', '2019-08-01', 33, NULL, 13941.4),
('Thenuka Pharmacy-Negombo city', 'Thenuka Pharmacy-Negombo city', 'Negombo', 'IN-025990', '2019-08-01', 33, NULL, 14805.2),
('Robert Medicals-Kimbulapitiya', 'Robert Medicals-Kimbulapitiya', 'Negombo', 'IN-025992', '2019-08-01', 33, NULL, 13211.1),
('0 Niroga Pharmacy And Grocery-Katana', '0 Niroga Pharmacy And Grocery-Katana', 'Negombo', 'IN-025995', '2019-08-01', 33, NULL, 3644),
('V.M pharmacy-Negombo city', 'V.M pharmacy-Negombo city', 'Negombo', 'IN-025998', '2019-08-01', 33, NULL, 4779.5),
('Leesons Pharmacy-Raga-Ragama', 'Leesons Pharmacy-Raga-Ragama', 'Wattala', 'IN-025999', '2019-08-02', 32, NULL, 97120),
('PJ Enterprises ( PVT ) LTD-Ja - Ela City', 'PJ Enterprises ( PVT ) LTD-Ja - Ela City', 'Ja - Ela', 'IN-026000', '2019-08-02', 32, NULL, 39500),
('Ave Mariya Pharmacy-Negombo city', 'Ave Mariya Pharmacy-Negombo city', 'Negombo', 'IN-026001', '2019-08-02', 32, NULL, 3952.5),
('Dr. Channa Perera-Dankotuwa', 'Dr. Channa Perera-Dankotuwa', 'Wennappuwa', 'IN-026004', '2019-08-02', 32, NULL, 1649),
('Dr. Dhammika Abesinghe-Bopitiya', 'Dr. Dhammika Abesinghe-Bopitiya', 'Ja - Ela', 'IN-026005', '2019-08-02', 32, NULL, 1496.5),
('Unique Pharmacy-Negombo city', 'Unique Pharmacy-Negombo city', 'Negombo', 'IN-026006', '2019-08-02', 32, NULL, 7038),
('Suasi Pharmacy-Nattandiya', 'Suasi Pharmacy-Nattandiya', 'Marawila', 'IN-026007', '2019-08-02', 32, NULL, 2469.4),
('The Britise Stores-Nattandiya', 'The Britise Stores-Nattandiya', 'Marawila', 'IN-026012', '2019-08-02', 32, NULL, 29423.5),
('The Britise Stores-Nattandiya', 'The Britise Stores-Nattandiya', 'Marawila', 'IN-026013', '2019-08-02', 32, NULL, 447),
('Araliya Pharmacy-Marawila city', 'Araliya Pharmacy-Marawila city', 'Marawila', 'IN-026014', '2019-08-02', 32, NULL, 24005.8),
('Nalaka Pharmacy-Marawila city', 'Nalaka Pharmacy-Marawila city', 'Marawila', 'IN-026016', '2019-08-02', 32, NULL, 33711.8),
('Santhana Pharmacy-Marawila city', 'Santhana Pharmacy-Marawila city', 'Marawila', 'IN-026017', '2019-08-02', 32, NULL, 45729.5),
('Mahajana Osusala - Negombo-Negombo city', 'Mahajana Osusala - Negombo-Negombo city', 'Negombo', 'IN-026019', '2019-08-03', 31, NULL, 6105),
('Suwasarana Osusala-Negombo city', 'Suwasarana Osusala-Negombo city', 'Negombo', 'IN-026022', '2019-08-03', 31, NULL, 5762),
('Orient Pharmacy-Negombo city', 'Orient Pharmacy-Negombo city', 'Negombo', 'IN-026027', '2019-08-05', 29, NULL, 2543),
('Rose Villa Pharmacy-Wattala city', 'Rose Villa Pharmacy-Wattala city', 'Wattala', 'IN-026029', '2019-08-05', 29, NULL, 6227),
('Negombo Food & Drugs-Negombo city', 'Negombo Food & Drugs-Negombo city', 'Negombo', 'IN-026030', '2019-08-05', 29, NULL, 3577),
('Unique Pharmacy-Negombo city', 'Unique Pharmacy-Negombo city', 'Negombo', 'IN-026032', '2019-08-05', 29, NULL, 25200),
('St.Joseph\'s Pharmacy-Ja - Ela City', 'St.Joseph\'s Pharmacy-Ja - Ela City', 'Ja - Ela', 'IN-026033', '2019-08-05', 29, NULL, 4175),
('City Medicals - Negombo-Negombo city', 'City Medicals - Negombo-Negombo city', 'Negombo', 'IN-026036', '2019-08-05', 29, NULL, 8016.5),
('Suwasarana Osusala-Negombo city', 'Suwasarana Osusala-Negombo city', 'Negombo', 'IN-026037', '2019-08-05', 29, NULL, 10216.4),
('Hemas Hospital-Wattala city', 'Hemas Hospital-Wattala city', 'Wattala', 'IN-026039', '2019-08-05', 29, NULL, 159076),
('Araliya Pharmacy-Marawila city', 'Araliya Pharmacy-Marawila city', 'Marawila', 'IN-026040', '2019-08-05', 29, NULL, 5986),
('St.Joseph\'s Pharmacy-Ja - Ela City', 'St.Joseph\'s Pharmacy-Ja - Ela City', 'Ja - Ela', 'IN-026041', '2019-08-06', 28, NULL, 7578),
('Ajantha Medicals-Kochchikade', 'Ajantha Medicals-Kochchikade', 'Negombo', 'IN-026045', '2019-08-06', 28, NULL, 6673),
('Nawaloka Hospital-Negombo city', 'Nawaloka Hospital-Negombo city', 'Negombo', 'IN-026046', '2019-08-06', 28, NULL, 72440),
('Super Medical-Negombo city', 'Super Medical-Negombo city', 'Negombo', 'IN-026047', '2019-08-06', 28, NULL, 35322.8),
('Leesons Pharmacy-Raga-Ragama', 'Leesons Pharmacy-Raga-Ragama', 'Wattala', 'IN-026048', '2019-08-06', 28, NULL, 49969),
('St.Jude\'s Pharmacy - Seeduwa-Seeduwa', 'St.Jude\'s Pharmacy - Seeduwa-Seeduwa', 'Ja - Ela', 'IN-026049', '2019-08-06', 28, NULL, 23679.2),
('Srilak Pharmacy & Grocery-Seeduwa', 'Srilak Pharmacy & Grocery-Seeduwa', 'Ja - Ela', 'IN-026050', '2019-08-06', 28, NULL, 10174.5),
('Srilak Pharmacy & Grocery-Seeduwa', 'Srilak Pharmacy & Grocery-Seeduwa', 'Ja - Ela', 'IN-026051', '2019-08-06', 28, NULL, 7446.5),
('Thenuka Pharmacy-Negombo city', 'Thenuka Pharmacy-Negombo city', 'Negombo', 'IN-026052', '2019-08-06', 28, NULL, 11264),
('Health Care Pharmacy-Raddolugama', 'Health Care Pharmacy-Raddolugama', 'Ja - Ela', 'IN-026054', '2019-08-06', 28, NULL, 835),
('Asiri Pharmacy - Raddolugama-Raddolugama', 'Asiri Pharmacy - Raddolugama-Raddolugama', 'Ja - Ela', 'IN-026055', '2019-08-06', 28, NULL, 14928),
('Raddolugama Pharmacy-Raddolugama', 'Raddolugama Pharmacy-Raddolugama', 'Ja - Ela', 'IN-026056', '2019-08-06', 28, NULL, 22030.8),
('Laksiri Pharmacy-Aweriwatta', 'Laksiri Pharmacy-Aweriwatta', 'Ja - Ela', 'IN-026057', '2019-08-06', 28, NULL, 12957.3),
('Hemas Hospital-Wattala city', 'Hemas Hospital-Wattala city', 'Wattala', 'IN-026059', '2019-08-07', 27, NULL, 12348.6),
('Handala Medical-Wattala city', 'Handala Medical-Wattala city', 'Wattala', 'IN-026060', '2019-08-07', 27, NULL, 2710.4),
('New Central Pharmacy - Negombo-Negombo city', 'New Central Pharmacy - Negombo-Negombo city', 'Negombo', 'IN-026062', '2019-08-07', 27, NULL, 6859.5),
('Unique Pharmacy-Negombo city', 'Unique Pharmacy-Negombo city', 'Negombo', 'IN-026063', '2019-08-07', 27, NULL, 8068),
('New Ekala Pharmacy-Ekala', 'New Ekala Pharmacy-Ekala', 'Ja - Ela', 'IN-026065', '2019-08-07', 27, NULL, 2633.3),
('Thilina Pharmacy-Ekala', 'Thilina Pharmacy-Ekala', 'Ja - Ela', 'IN-026066', '2019-08-07', 27, NULL, 3516),
('St.Joseph\'s Pharmacy-Ja - Ela City', 'St.Joseph\'s Pharmacy-Ja - Ela City', 'Ja - Ela', 'IN-026067', '2019-08-07', 27, NULL, 5776),
('St.Jude\'s Pharmacy - Ja-Ela-Ja - Ela City', 'St.Jude\'s Pharmacy - Ja-Ela-Ja - Ela City', 'Ja - Ela', 'IN-026068', '2019-08-07', 27, NULL, 13978.5),
('Calvery Medical-Ja - Ela City', 'Calvery Medical-Ja - Ela City', 'Ja - Ela', 'IN-026069', '2019-08-07', 27, NULL, 3499),
('Ave Mariya Pharmacy-Negombo city', 'Ave Mariya Pharmacy-Negombo city', 'Negombo', 'IN-026070', '2019-08-02', 32, NULL, 3052.5),
('Darshana Pharmacy-Je -Ela-Ja - Ela City', 'Darshana Pharmacy-Je -Ela-Ja - Ela City', 'Ja - Ela', 'IN-026071', '2019-08-07', 27, NULL, 15818.4),
('C&D Pharmacy-Ja - Ela City', 'C&D Pharmacy-Ja - Ela City', 'Ja - Ela', 'IN-026072', '2019-08-07', 27, NULL, 5565.5),
('Hansi Pharmacy & Grocery.-Ja - Ela City', 'Hansi Pharmacy & Grocery.-Ja - Ela City', 'Ja - Ela', 'IN-026073', '2019-08-07', 27, NULL, 2151.6),
('Bopitiya Pharmacy-Bopitiya', 'Bopitiya Pharmacy-Bopitiya', 'Ja - Ela', 'IN-026074', '2019-08-07', 27, NULL, 14591.4),
('Pamunugama Pharmacy-Bopitiya', 'Pamunugama Pharmacy-Bopitiya', 'Ja - Ela', 'IN-026075', '2019-08-07', 27, NULL, 28662.1),
('Pamunugama Pharmacy-Bopitiya', 'Pamunugama Pharmacy-Bopitiya', 'Ja - Ela', 'IN-026076', '2019-08-07', 27, NULL, 3380),
('Nawa Osusala- Ja Ela-Ja - Ela City', 'Nawa Osusala- Ja Ela-Ja - Ela City', 'Ja - Ela', 'IN-026078', '2019-08-07', 27, NULL, 22833.8),
('Health and Glow Pharmacy-Wattala city', 'Health and Glow Pharmacy-Wattala city', 'Wattala', 'IN-026079', '2019-08-07', 27, NULL, 1556),
('Lakshan chemist-Wattala city', 'Lakshan chemist-Wattala city', 'Wattala', 'IN-026080', '2019-08-08', 26, NULL, 1404.3),
('Unique Pharmacy-Negombo city', 'Unique Pharmacy-Negombo city', 'Negombo', 'IN-026081', '2019-08-08', 26, NULL, 2661),
('New Crystal Pharmacy-Negombo city', 'New Crystal Pharmacy-Negombo city', 'Negombo', 'IN-026082', '2019-08-08', 26, NULL, 13900.3),
('People\'s Pharmacy & Grocery-Wattala city', 'People\'s Pharmacy & Grocery-Wattala city', 'Wattala', 'IN-026085', '2019-08-08', 26, NULL, 9048),
('Sri Sathya-Wattala city', 'Sri Sathya-Wattala city', 'Wattala', 'IN-026086', '2019-08-08', 26, NULL, 23746.8),
('Krishmo Pharmacy & Grocery-Wattala city', 'Krishmo Pharmacy & Grocery-Wattala city', 'Wattala', 'IN-026087', '2019-08-08', 26, NULL, 4935.6),
('Osu Sala - Wattala-Wattala city', 'Osu Sala - Wattala-Wattala city', 'Wattala', 'IN-026088', '2019-08-08', 26, NULL, 28794.5),
('Lakse Pharmacy-Paliyagoda', 'Lakse Pharmacy-Paliyagoda', 'Wattala', 'IN-026089', '2019-08-08', 26, NULL, 16000),
('Family Care Pharmacy-Wattala city', 'Family Care Pharmacy-Wattala city', 'Wattala', 'IN-026090', '2019-08-08', 26, NULL, 2484),
('Nawaloka Hospital-Negombo city', 'Nawaloka Hospital-Negombo city', 'Negombo', 'IN-026093', '2019-08-09', 25, NULL, 3912),
('St.Jude\'s Pharmacy - Seeduwa-Seeduwa', 'St.Jude\'s Pharmacy - Seeduwa-Seeduwa', 'Ja - Ela', 'IN-026095', '2019-08-09', 25, NULL, 5956.5),
('Srilak Pharmacy & Grocery-Seeduwa', 'Srilak Pharmacy & Grocery-Seeduwa', 'Ja - Ela', 'IN-026096', '2019-08-09', 25, NULL, 2978.25),
('Asiri Pharmacy - Raddolugama-Raddolugama', 'Asiri Pharmacy - Raddolugama-Raddolugama', 'Ja - Ela', 'IN-026098', '2019-08-09', 25, NULL, 7912.5),
('PJ Enterprises ( PVT ) LTD-Ja - Ela City', 'PJ Enterprises ( PVT ) LTD-Ja - Ela City', 'Ja - Ela', 'IN-026099', '2019-08-09', 25, NULL, 19750),
('Thilina Pharmacy-Ekala', 'Thilina Pharmacy-Ekala', 'Ja - Ela', 'IN-026100', '2019-08-09', 25, NULL, 2978.25),
('The Pharmacy A.P.Y (Pvt) Ltd-Ja - Ela City', 'The Pharmacy A.P.Y (Pvt) Ltd-Ja - Ela City', 'Ja - Ela', 'IN-026101', '2019-08-09', 25, NULL, 2978.25),
('Bopitiya Pharmacy-Bopitiya', 'Bopitiya Pharmacy-Bopitiya', 'Ja - Ela', 'IN-026102', '2019-08-09', 25, NULL, 6520),
('Pamunugama Pharmacy-Bopitiya', 'Pamunugama Pharmacy-Bopitiya', 'Ja - Ela', 'IN-026103', '2019-08-09', 25, NULL, 26080),
('Nawa Osusala- Ja Ela-Ja - Ela City', 'Nawa Osusala- Ja Ela-Ja - Ela City', 'Ja - Ela', 'IN-026105', '2019-08-09', 25, NULL, 25516.5),
('People\'s Pharmacy & Grocery-Wattala city', 'People\'s Pharmacy & Grocery-Wattala city', 'Wattala', 'IN-026107', '2019-08-09', 25, NULL, 1913.65),
('Handala Medical-Wattala city', 'Handala Medical-Wattala city', 'Wattala', 'IN-026109', '2019-08-09', 25, NULL, 13570.8),
('Health and Glow pharmacy Hunupitiya-Wattala city', 'Health and Glow pharmacy Hunupitiya-Wattala city', 'Wattala', 'IN-026110', '2019-08-09', 25, NULL, 5965.65),
('Rose Villa Pharmacy-Wattala city', 'Rose Villa Pharmacy-Wattala city', 'Wattala', 'IN-026111', '2019-08-09', 25, NULL, 10155.5),
('Lakshan chemist-Wattala city', 'Lakshan chemist-Wattala city', 'Wattala', 'IN-026113', '2019-08-09', 25, NULL, 10545),
('Reliable Pharmacy-Mahabage', 'Reliable Pharmacy-Mahabage', 'Wattala', 'IN-026114', '2019-08-09', 25, NULL, 8777.25),
('Health and Glow Pharmacy-Wattala city', 'Health and Glow Pharmacy-Wattala city', 'Wattala', 'IN-026115', '2019-08-09', 25, NULL, 31750.1),
('Lakshi Pharmacy-Negombo city', 'Lakshi Pharmacy-Negombo city', 'Negombo', 'IN-026116', '2019-08-09', 25, NULL, 3912),
('Hemas Hospital-Wattala city', 'Hemas Hospital-Wattala city', 'Wattala', 'IN-026117', '2019-08-09', 25, NULL, 59250),
('Asoka Pharmacy-Negombo city', 'Asoka Pharmacy-Negombo city', 'Negombo', 'IN-026118', '2019-08-09', 25, NULL, 1266),
('Browns healthcare pvt ltd-Ragama', 'Browns healthcare pvt ltd-Ragama', 'Wattala', 'IN-026120', '2019-08-09', 25, NULL, 117114),
('Browns healthcare pvt ltd-Ragama', 'Browns healthcare pvt ltd-Ragama', 'Wattala', 'IN-026121', '2019-08-09', 25, NULL, 64483),
('Chandrika Medical-Wennappuwa', 'Chandrika Medical-Wennappuwa', 'Wennappuwa', 'IN-026124', '2019-08-09', 25, NULL, 8132),
('Wijaya  Medical, Lunuwilla-Lunuwila', 'Wijaya  Medical, Lunuwilla-Lunuwila', 'Wennappuwa', 'IN-026125', '2019-08-09', 25, NULL, 7345),
('Niroga Pharmacy-Dankotuwa', 'Niroga Pharmacy-Dankotuwa', 'Wennappuwa', 'IN-026128', '2019-08-09', 25, NULL, 6239),
('Oshidi Medical-Dankotuwa', 'Oshidi Medical-Dankotuwa', 'Wennappuwa', 'IN-026129', '2019-08-09', 25, NULL, 10138.6),
('Dankotuwa Medical Stores-Dankotuwa', 'Dankotuwa Medical Stores-Dankotuwa', 'Wennappuwa', 'IN-026130', '2019-08-09', 25, NULL, 11690.8),
('The British Pharmacy-Dankotuwa', 'The British Pharmacy-Dankotuwa', 'Wennappuwa', 'IN-026131', '2019-08-09', 25, NULL, 29234),
('Sarani Pharmacy-Waikkala', 'Sarani Pharmacy-Waikkala', 'Wennappuwa', 'IN-026132', '2019-08-09', 25, NULL, 12672.3),
('Royal Pharmacy - Makandura-Pannala', 'Royal Pharmacy - Makandura-Pannala', 'Pannala', 'IN-026133', '2019-08-09', 25, NULL, 13283.6),
('St.Joseph Pharmacy-Wennappuwa', 'St.Joseph Pharmacy-Wennappuwa', 'Wennappuwa', 'IN-026134', '2019-08-09', 25, NULL, 2844.3),
('Ranmina Pharmacy-Wennappuwa', 'Ranmina Pharmacy-Wennappuwa', 'Wennappuwa', 'IN-026136', '2019-08-09', 25, NULL, 6390.8),
('Gayasha Pharmacy-Waikkala', 'Gayasha Pharmacy-Waikkala', 'Wennappuwa', 'IN-026138', '2019-08-09', 25, NULL, 9537.5),
('Browns healthcare pvt ltd-Ragama', 'Browns healthcare pvt ltd-Ragama', 'Wattala', 'IN-026140', '2019-08-09', 25, NULL, 7669.5),
('Family Care Pharmacy-Wattala city', 'Family Care Pharmacy-Wattala city', 'Wattala', 'IN-026142', '2019-08-10', 24, NULL, 1678),
('Suranga Pharmacy-Katana', 'Suranga Pharmacy-Katana', 'Negombo', 'IN-026143', '2019-08-10', 24, NULL, 11769),
('Hemas Hospital-Wattala city', 'Hemas Hospital-Wattala city', 'Wattala', 'IN-026144', '2019-08-10', 24, NULL, 5956.5),
('Isira Pharmacy-Dankotuwa', 'Isira Pharmacy-Dankotuwa', 'Wennappuwa', 'IN-026146', '2019-08-10', 24, NULL, 2978.25),
('Supreme Pharmacy-Katana', 'Supreme Pharmacy-Katana', 'Negombo', 'IN-026147', '2019-08-12', 22, NULL, 13040),
('Apeksha pharmacy-Wennappuwa', 'Apeksha pharmacy-Wennappuwa', 'Wennappuwa', 'IN-026148', '2019-08-12', 22, NULL, 15599.3),
('New Pharmacy - Wattala-Wattala city', 'New Pharmacy - Wattala-Wattala city', 'Wattala', 'IN-026149', '2019-08-12', 22, NULL, 6330),
('Champika Medicals-Kochchikade', 'Champika Medicals-Kochchikade', 'Negombo', 'IN-026150', '2019-08-12', 22, NULL, 27842.1),
('Wijaya  Medical, Lunuwilla-Lunuwila', 'Wijaya  Medical, Lunuwilla-Lunuwila', 'Wennappuwa', 'IN-026151', '2019-08-12', 22, NULL, 10472.5),
('Unique Pharmacy-Negombo city', 'Unique Pharmacy-Negombo city', 'Negombo', 'IN-026152', '2019-08-12', 22, NULL, 28921),
('Health and Glow Pharmacy-Wattala city', 'Health and Glow Pharmacy-Wattala city', 'Wattala', 'IN-026153', '2019-08-12', 22, NULL, 28304.8),
('Sahana Osusala-Ragama', 'Sahana Osusala-Ragama', 'Wattala', 'IN-026156', '2019-08-12', 22, NULL, 6330),
('Super Medical-Negombo city', 'Super Medical-Negombo city', 'Negombo', 'IN-026157', '2019-08-12', 22, NULL, 18996.5),
('Hemas Hospital-Wattala city', 'Hemas Hospital-Wattala city', 'Wattala', 'IN-026158', '2019-08-12', 22, NULL, 13815),
('S&G Pharmacy-Kattuwa', 'S&G Pharmacy-Kattuwa', 'Negombo', 'IN-026159', '2019-08-12', 22, NULL, 4530.3),
('Isira Pharmacy-Dankotuwa', 'Isira Pharmacy-Dankotuwa', 'Wennappuwa', 'IN-026160', '2019-08-12', 22, NULL, 20099.1),
('Nawaloka Hospital-Negombo city', 'Nawaloka Hospital-Negombo city', 'Negombo', 'IN-026162', '2019-08-12', 22, NULL, 77056.6),
('Royal Pharmacy-Lunuwila', 'Royal Pharmacy-Lunuwila', 'Wennappuwa', 'IN-026163', '2019-08-12', 22, NULL, 7020.4),
('Pradeep Pharmcy-Waikkala', 'Pradeep Pharmcy-Waikkala', 'Wennappuwa', 'IN-026165', '2019-08-12', 22, NULL, 1670),
('Jayasiri Pharmacy-Nattandiya', 'Jayasiri Pharmacy-Nattandiya', 'Marawila', 'IN-026167', '2019-08-12', 22, NULL, 7616.85),
('The Britise Stores-Nattandiya', 'The Britise Stores-Nattandiya', 'Marawila', 'IN-026168', '2019-08-12', 22, NULL, 13780.3),
('Nalaka Pharmacy-Marawila city', 'Nalaka Pharmacy-Marawila city', 'Marawila', 'IN-026169', '2019-08-12', 22, NULL, 15112.3),
('Hiran Pharmacy-Marawila city', 'Hiran Pharmacy-Marawila city', 'Marawila', 'IN-026171', '2019-08-12', 22, NULL, 7029.4),
('Leesons Pharmacy-Raga-Ragama', 'Leesons Pharmacy-Raga-Ragama', 'Wattala', 'IN-026172', '2019-08-12', 22, NULL, 49864.5),
('Ranmina Pharmacy-Katuneriya', 'Ranmina Pharmacy-Katuneriya', 'Wennappuwa', 'IN-026173', '2019-08-12', 22, NULL, 13012.5),
('PJ Enterprises ( PVT ) LTD-Ja - Ela City', 'PJ Enterprises ( PVT ) LTD-Ja - Ela City', 'Ja - Ela', 'IN-026175', '2019-08-13', 21, NULL, 65230.5),
('Union Pharmacy Negombo-Negombo city', 'Union Pharmacy Negombo-Negombo city', 'Negombo', 'IN-026176', '2019-08-13', 21, NULL, 5378.8),
('Health and Glow Pharmacy-Wattala city', 'Health and Glow Pharmacy-Wattala city', 'Wattala', 'IN-026177', '2019-08-13', 21, NULL, 1349),
('Prasanna Pharmacy-Wennappuwa', 'Prasanna Pharmacy-Wennappuwa', 'Wennappuwa', 'IN-026179', '2019-08-13', 21, NULL, 14402.6),
('Kandawala Pharmacy & Grocery-Katana', 'Kandawala Pharmacy & Grocery-Katana', 'Negombo', 'IN-026180', '2019-08-13', 21, NULL, 1581),
('New Central Pharmacy - Negombo-Negombo city', 'New Central Pharmacy - Negombo-Negombo city', 'Negombo', 'IN-026181', '2019-08-13', 21, NULL, 36394.5),
('City Medicals - Negombo-Negombo city', 'City Medicals - Negombo-Negombo city', 'Negombo', 'IN-026182', '2019-08-13', 21, NULL, 31626),
('Better Health Pharmacy-Negombo city', 'Better Health Pharmacy-Negombo city', 'Negombo', 'IN-026185', '2019-08-13', 21, NULL, 28976),
('Shanthi Pharmacy-Negombo city', 'Shanthi Pharmacy-Negombo city', 'Negombo', 'IN-026187', '2019-08-13', 21, NULL, 17815.9),
('Shanthi Pharmacy-Negombo city', 'Shanthi Pharmacy-Negombo city', 'Negombo', 'IN-026188', '2019-08-13', 21, NULL, 3982),
('Silveray Pharmacy-Negombo city', 'Silveray Pharmacy-Negombo city', 'Negombo', 'IN-026189', '2019-08-13', 21, NULL, 7764.63),
('Osu Sala Mabola-Wattala city', 'Osu Sala Mabola-Wattala city', 'Wattala', 'IN-026190', '2019-08-13', 21, NULL, 5727.85),
('New Crystal Pharmacy-Negombo city', 'New Crystal Pharmacy-Negombo city', 'Negombo', 'IN-026191', '2019-08-13', 21, NULL, 17500.6),
('Reliance Pharmacy(PVT).LTD-Negombo city', 'Reliance Pharmacy(PVT).LTD-Negombo city', 'Negombo', 'IN-026192', '2019-08-13', 21, NULL, 7120.26),
('New Lanka Pharmacy-Negombo city', 'New Lanka Pharmacy-Negombo city', 'Negombo', 'IN-026193', '2019-08-13', 21, NULL, 13178.6),
('New Lanka Pharmacy-Negombo city', 'New Lanka Pharmacy-Negombo city', 'Negombo', 'IN-026194', '2019-08-13', 21, NULL, 4524),
('Unique Pharmacy-Negombo city', 'Unique Pharmacy-Negombo city', 'Negombo', 'IN-026196', '2019-08-13', 21, NULL, 83929.3),
('Mahajana Osusala - Negombo-Negombo city', 'Mahajana Osusala - Negombo-Negombo city', 'Negombo', 'IN-026197', '2019-08-13', 21, NULL, 26712.7),
('Health Care Medicals-Negombo city', 'Health Care Medicals-Negombo city', 'Negombo', 'IN-026198', '2019-08-13', 21, NULL, 16151.7),
('Dr. Deepal Fonseka-Ja - Ela City', 'Dr. Deepal Fonseka-Ja - Ela City', 'Ja - Ela', 'IN-026200', '2019-08-15', 19, NULL, 31434),
('Sahana Osusala-Ragama', 'Sahana Osusala-Ragama', 'Wattala', 'IN-026201', '2019-08-15', 19, NULL, 1046.9),
('Thilina Pharmacy-Ekala', 'Thilina Pharmacy-Ekala', 'Ja - Ela', 'IN-026202', '2019-08-15', 19, NULL, 8721.25),
('K.S.A Medical-Negombo city', 'K.S.A Medical-Negombo city', 'Negombo', 'IN-026203', '2019-08-15', 19, NULL, 11318.7),
('International Institute Of Health Sciences (PVT) L', 'International Institute Of Health Sciences (PVT) L', 'Wattala', 'IN-026205', '2019-08-15', 19, NULL, 7600.25),
('St.Joseph\'s Pharmacy-Ja - Ela City', 'St.Joseph\'s Pharmacy-Ja - Ela City', 'Ja - Ela', 'IN-026207', '2019-08-15', 19, NULL, 13040),
('Unique Pharmacy-Negombo city', 'Unique Pharmacy-Negombo city', 'Negombo', 'IN-026208', '2019-08-15', 19, NULL, 12000),
('Best Way Pharmacy-Negombo city', 'Best Way Pharmacy-Negombo city', 'Negombo', 'IN-026209', '2019-08-15', 19, NULL, 2029.8),
('Asoka Pharmacy-Negombo city', 'Asoka Pharmacy-Negombo city', 'Negombo', 'IN-026210', '2019-08-15', 19, NULL, 12037.5),
('Asoka Pharmacy-Negombo city', 'Asoka Pharmacy-Negombo city', 'Negombo', 'IN-026211', '2019-08-15', 19, NULL, 2859),
('Angels Pharmacy-Kochchikade', 'Angels Pharmacy-Kochchikade', 'Negombo', 'IN-026212', '2019-08-15', 19, NULL, 5707.8),
('Anrita Pharmacy-Kochchikade', 'Anrita Pharmacy-Kochchikade', 'Negombo', 'IN-026213', '2019-08-15', 19, NULL, 2359.3),
('Hemas Hospital-Wattala city', 'Hemas Hospital-Wattala city', 'Wattala', 'IN-026214', '2019-08-15', 19, NULL, 10478),
('Champika Medicals-Kochchikade', 'Champika Medicals-Kochchikade', 'Negombo', 'IN-026216', '2019-08-15', 19, NULL, 5239),
('Trust Chemist-Kochchikade', 'Trust Chemist-Kochchikade', 'Negombo', 'IN-026217', '2019-08-15', 19, NULL, 3785.8),
('Orient Pharmacy-Negombo city', 'Orient Pharmacy-Negombo city', 'Negombo', 'IN-026219', '2019-08-15', 19, NULL, 1535.9),
('Healing pharmacy-Negombo city', 'Healing pharmacy-Negombo city', 'Negombo', 'IN-026222', '2019-08-15', 19, NULL, 5745.2),
('S&G Pharmacy-Kattuwa', 'S&G Pharmacy-Kattuwa', 'Negombo', 'IN-026223', '2019-08-15', 19, NULL, 11492.1),
('Royal Pharmacy-Kandana', 'Royal Pharmacy-Kandana', 'Kandana', 'IN-026224', '2019-08-16', 18, NULL, 7433.75),
('Health Care Pharmacy-Raddolugama', 'Health Care Pharmacy-Raddolugama', 'Ja - Ela', 'IN-026226', '2019-08-16', 18, NULL, 6520),
('Union Pharmacy Negombo-Negombo city', 'Union Pharmacy Negombo-Negombo city', 'Negombo', 'IN-026227', '2019-08-16', 18, NULL, 5956.5),
('Lanka Pharmacy - Negombo-Negombo city', 'Lanka Pharmacy - Negombo-Negombo city', 'Negombo', 'IN-026228', '2019-08-16', 18, NULL, 11085.5),
('International Institute Of Health Sciences (PVT) L', 'International Institute Of Health Sciences (PVT) L', 'Wattala', 'IN-026229', '2019-08-16', 18, NULL, 20945),
('Kandawala Pharmacy & Grocery-Katana', 'Kandawala Pharmacy & Grocery-Katana', 'Negombo', 'IN-026232', '2019-08-16', 18, NULL, 2311),
('Health and Glow Pharmacy-Wattala city', 'Health and Glow Pharmacy-Wattala city', 'Wattala', 'IN-026233', '2019-08-16', 18, NULL, 10757.6),
('Ajantha Medicals-Kochchikade', 'Ajantha Medicals-Kochchikade', 'Negombo', 'IN-026236', '2019-08-16', 18, NULL, 5259.18),
('Sethma Pharmacy - Kandana-Kandana', 'Sethma Pharmacy - Kandana-Kandana', 'Kandana', 'IN-026237', '2019-08-16', 18, NULL, 76546.6),
('Pradipa Pharmacy-Negombo city', 'Pradipa Pharmacy-Negombo city', 'Negombo', 'IN-026239', '2019-08-16', 18, NULL, 1796.5),
('Kandawala Pharmacy & Grocery-Katana', 'Kandawala Pharmacy & Grocery-Katana', 'Negombo', 'IN-026240', '2019-08-16', 18, NULL, 4657.5),
('Suranga Pharmacy-Katana', 'Suranga Pharmacy-Katana', 'Negombo', 'IN-026241', '2019-08-16', 18, NULL, 2531.5),
('Hiru Pharmacy-Katana', 'Hiru Pharmacy-Katana', 'Negombo', 'IN-026242', '2019-08-16', 18, NULL, 13654.3),
('Rasul Pharmacy-Negombo city', 'Rasul Pharmacy-Negombo city', 'Negombo', 'IN-026243', '2019-08-16', 18, NULL, 9660.8),
('Isuru Pharmacy-Katana', 'Isuru Pharmacy-Katana', 'Negombo', 'IN-026244', '2019-08-16', 18, NULL, 6742.3),
('Suwasala Pharmacy-Kimbulapitiya', 'Suwasala Pharmacy-Kimbulapitiya', 'Negombo', 'IN-026245', '2019-08-16', 18, NULL, 9023.8),
('Thenuka Pharmacy-Negombo city', 'Thenuka Pharmacy-Negombo city', 'Negombo', 'IN-026247', '2019-08-16', 18, NULL, 20946),
('Hemas Hospital-Wattala city', 'Hemas Hospital-Wattala city', 'Wattala', 'IN-026248', '2019-08-16', 18, NULL, 120994),
('Robert Medicals-Kimbulapitiya', 'Robert Medicals-Kimbulapitiya', 'Negombo', 'IN-026249', '2019-08-16', 18, NULL, 12515.9),
('V.M pharmacy-Negombo city', 'V.M pharmacy-Negombo city', 'Negombo', 'IN-026250', '2019-08-16', 18, NULL, 2442.2),
('New Central Pharmacy - Negombo-Negombo city', 'New Central Pharmacy - Negombo-Negombo city', 'Negombo', 'IN-026251', '2019-08-16', 18, NULL, 39050),
('Pamunugama Osusala-Raddolugama', 'Pamunugama Osusala-Raddolugama', 'Ja - Ela', 'IN-026253', '2019-08-17', 17, NULL, 9678),
('St.Ciciliya Pharmacy-Wennappuwa', 'St.Ciciliya Pharmacy-Wennappuwa', 'Wennappuwa', 'IN-026255', '2019-08-17', 17, NULL, 1670),
('Leesons Pharmacy-Raga-Ragama', 'Leesons Pharmacy-Raga-Ragama', 'Wattala', 'IN-026258', '2019-08-19', 15, NULL, 75333.4),
('Ragama Pharmacy-Ragama', 'Ragama Pharmacy-Ragama', 'Wattala', 'IN-026259', '2019-08-19', 15, NULL, 57994.6),
('New City Pharmacy - Ragama-Ragama', 'New City Pharmacy - Ragama-Ragama', 'Wattala', 'IN-026261', '2019-08-19', 15, NULL, 7784.5),
('Sahana Osusala-Ragama', 'Sahana Osusala-Ragama', 'Wattala', 'IN-026262', '2019-08-19', 15, NULL, 20018.7),
('Sampath Pharmacy-Ragama', 'Sampath Pharmacy-Ragama', 'Wattala', 'IN-026263', '2019-08-19', 15, NULL, 32404.2),
('Gimshani Pharmacy-Kandana', 'Gimshani Pharmacy-Kandana', 'Kandana', 'IN-026264', '2019-08-19', 15, NULL, 11040),
('Orient  Pharamacy -Kandana-Kandana', 'Orient  Pharamacy -Kandana-Kandana', 'Kandana', 'IN-026265', '2019-08-19', 15, NULL, 5777.25),
('Royal Pharmacy-Kandana', 'Royal Pharmacy-Kandana', 'Kandana', 'IN-026266', '2019-08-19', 15, NULL, 11786.8),
('Osu sala - Kandana-Kandana', 'Osu sala - Kandana-Kandana', 'Kandana', 'IN-026267', '2019-08-19', 15, NULL, 5781.55),
('Hansi Pharmacy & Grocery.-Ja - Ela City', 'Hansi Pharmacy & Grocery.-Ja - Ela City', 'Ja - Ela', 'IN-026268', '2019-08-19', 15, NULL, 3577),
('Wijaya  Medical, Lunuwilla-Lunuwila', 'Wijaya  Medical, Lunuwilla-Lunuwila', 'Wennappuwa', 'IN-026269', '2019-08-19', 15, NULL, 2993),
('International Institute Of Health Sciences (PVT) L', 'International Institute Of Health Sciences (PVT) L', 'Wattala', 'IN-026270', '2019-08-19', 15, NULL, 9339.5),
('Sethma Pharmacy - Kandana-Kandana', 'Sethma Pharmacy - Kandana-Kandana', 'Kandana', 'IN-026271', '2019-08-19', 15, NULL, 35448),
('Bopitiya Pharmacy-Bopitiya', 'Bopitiya Pharmacy-Bopitiya', 'Ja - Ela', 'IN-026272', '2019-08-19', 15, NULL, 10909.8),
('Tudella Pharmacy-Ja - Ela City', 'Tudella Pharmacy-Ja - Ela City', 'Ja - Ela', 'IN-026274', '2019-08-19', 15, NULL, 1205),
('Chrishantha\'s Pharmacy-Marawila city', 'Chrishantha\'s Pharmacy-Marawila city', 'Marawila', 'IN-026275', '2019-08-19', 15, NULL, 6969.05),
('New Ekala Pharmacy-Ekala', 'New Ekala Pharmacy-Ekala', 'Ja - Ela', 'IN-026276', '2019-08-19', 15, NULL, 2394.3),
('St.Joseph\'s Pharmacy-Ja - Ela City', 'St.Joseph\'s Pharmacy-Ja - Ela City', 'Ja - Ela', 'IN-026278', '2019-08-19', 15, NULL, 13875.8),
('St.Jude\'s Pharmacy - Ja-Ela-Ja - Ela City', 'St.Jude\'s Pharmacy - Ja-Ela-Ja - Ela City', 'Ja - Ela', 'IN-026279', '2019-08-19', 15, NULL, 3292.5),
('Darshana Pharmacy-Je -Ela-Ja - Ela City', 'Darshana Pharmacy-Je -Ela-Ja - Ela City', 'Ja - Ela', 'IN-026281', '2019-08-19', 15, NULL, 18872.7),
('C&D Pharmacy-Ja - Ela City', 'C&D Pharmacy-Ja - Ela City', 'Ja - Ela', 'IN-026282', '2019-08-19', 15, NULL, 51434.3),
('PJ Enterprises ( PVT ) LTD-Ja - Ela City', 'PJ Enterprises ( PVT ) LTD-Ja - Ela City', 'Ja - Ela', 'IN-026283', '2019-08-19', 15, NULL, 134855),
('Bopitiya Pharmacy-Bopitiya', 'Bopitiya Pharmacy-Bopitiya', 'Ja - Ela', 'IN-026284', '2019-08-19', 15, NULL, 2861),
('St.Joseph\'s Pharmacy-Bopitiya', 'St.Joseph\'s Pharmacy-Bopitiya', 'Ja - Ela', 'IN-026285', '2019-08-19', 15, NULL, 9032.66),
('Pamunugama Pharmacy-Bopitiya', 'Pamunugama Pharmacy-Bopitiya', 'Ja - Ela', 'IN-026286', '2019-08-19', 15, NULL, 35512.4),
('Pamunugama Osusala-Raddolugama', 'Pamunugama Osusala-Raddolugama', 'Ja - Ela', 'IN-026287', '2019-08-20', 14, NULL, 3052.5),
('Isura Pharmacy-Ragama', 'Isura Pharmacy-Ragama', 'Wattala', 'IN-026288', '2019-08-20', 14, NULL, 822),
('Unique Pharmacy-Negombo city', 'Unique Pharmacy-Negombo city', 'Negombo', 'IN-026289', '2019-08-20', 14, NULL, 10469),
('St.Jude\'s Pharmacy - Seeduwa-Seeduwa', 'St.Jude\'s Pharmacy - Seeduwa-Seeduwa', 'Ja - Ela', 'IN-026290', '2019-08-20', 14, NULL, 18196.2),
('Ave Mariya Pharmacy-Negombo city', 'Ave Mariya Pharmacy-Negombo city', 'Negombo', 'IN-026291', '2019-08-20', 14, NULL, 2311),
('Nawaloka Hospital-Negombo city', 'Nawaloka Hospital-Negombo city', 'Negombo', 'IN-026292', '2019-08-20', 14, NULL, 75805.8),
('Ajantha Medicals-Kochchikade', 'Ajantha Medicals-Kochchikade', 'Negombo', 'IN-026294', '2019-08-20', 14, NULL, 15800),
('St.Jude\'s Pharmacy - Seeduwa-Seeduwa', 'St.Jude\'s Pharmacy - Seeduwa-Seeduwa', 'Ja - Ela', 'IN-026295', '2019-08-20', 14, NULL, 23317.2),
('Gold Crest Pharmacy-Seeduwa', 'Gold Crest Pharmacy-Seeduwa', 'Ja - Ela', 'IN-026296', '2019-08-20', 14, NULL, 2217.4),
('Laksiri Pharmacy-Aweriwatta', 'Laksiri Pharmacy-Aweriwatta', 'Ja - Ela', 'IN-026297', '2019-08-20', 14, NULL, 16292.4),
('Shri Lanka Pharmacy-Katunayake', 'Shri Lanka Pharmacy-Katunayake', 'Ja - Ela', 'IN-026300', '2019-08-19', 15, NULL, 9255.3),
('Asiri Pharmacy - Raddolugama-Raddolugama', 'Asiri Pharmacy - Raddolugama-Raddolugama', 'Ja - Ela', 'IN-026301', '2019-08-20', 14, NULL, 15520.5),
('Peoples Pharmacy - Raddolugama-Raddolugama', 'Peoples Pharmacy - Raddolugama-Raddolugama', 'Ja - Ela', 'IN-026302', '2019-08-20', 14, NULL, 2562.25),
('Raddolugama Pharmacy-Raddolugama', 'Raddolugama Pharmacy-Raddolugama', 'Ja - Ela', 'IN-026303', '2019-08-20', 14, NULL, 20561.5),
('Health Care Pharmacy-Raddolugama', 'Health Care Pharmacy-Raddolugama', 'Ja - Ela', 'IN-026304', '2019-08-20', 14, NULL, 2609.3),
('Pamunugama Osusala-Raddolugama', 'Pamunugama Osusala-Raddolugama', 'Ja - Ela', 'IN-026305', '2019-08-20', 14, NULL, 12021.9),
('Srilak Pharmacy & Grocery-Seeduwa', 'Srilak Pharmacy & Grocery-Seeduwa', 'Ja - Ela', 'IN-026306', '2019-08-20', 14, NULL, 16166.8),
('Santhana Pharmacy-Marawila city', 'Santhana Pharmacy-Marawila city', 'Marawila', 'IN-026308', '2019-08-20', 14, NULL, 19750),
('N.S Medical-Seeduwa', 'N.S Medical-Seeduwa', 'Ja - Ela', 'IN-026309', '2019-08-20', 14, NULL, 8788),
('Lakmi pharmacy-Negombo city', 'Lakmi pharmacy-Negombo city', 'Negombo', 'IN-026310', '2019-08-20', 14, NULL, 9237.4),
('Shanthi Pharmacy - Katana-Katana', 'Shanthi Pharmacy - Katana-Katana', 'Negombo', 'IN-026311', '2019-08-20', 14, NULL, 33434.2),
('Kalidson Pharmacy-Negombo city', 'Kalidson Pharmacy-Negombo city', 'Negombo', 'IN-026312', '2019-08-21', 13, NULL, 29036.1),
('Hemas Hospital-Wattala city', 'Hemas Hospital-Wattala city', 'Wattala', 'IN-026313', '2019-08-21', 13, NULL, 4668),
('Wijaya  Medical, Lunuwilla-Lunuwila', 'Wijaya  Medical, Lunuwilla-Lunuwila', 'Wennappuwa', 'IN-026315', '2019-08-21', 13, NULL, 8854),
('Lanka Pharmacy - Negombo-Negombo city', 'Lanka Pharmacy - Negombo-Negombo city', 'Negombo', 'IN-026316', '2019-08-21', 13, NULL, 95898.4),
('Sasithma Pharmacy-Ja - Ela City', 'Sasithma Pharmacy-Ja - Ela City', 'Ja - Ela', 'IN-026317', '2019-08-21', 13, NULL, 8879.4),
('Pharma Chemie-Wattala city', 'Pharma Chemie-Wattala city', 'Wattala', 'IN-026318', '2019-08-21', 13, NULL, 2469.4),
('Krishmo Pharmacy & Grocery-Wattala city', 'Krishmo Pharmacy & Grocery-Wattala city', 'Wattala', 'IN-026319', '2019-08-21', 13, NULL, 1838),
('Isuri Pharmacy - Wattala-Wattala city', 'Isuri Pharmacy - Wattala-Wattala city', 'Wattala', 'IN-026320', '2019-08-21', 13, NULL, 7025.5),
('Osu Sala - Wattala-Wattala city', 'Osu Sala - Wattala-Wattala city', 'Wattala', 'IN-026321', '2019-08-21', 13, NULL, 33960.5),
('Health and Glow pharmacy Hunupitiya-Wattala city', 'Health and Glow pharmacy Hunupitiya-Wattala city', 'Wattala', 'IN-026322', '2019-08-21', 13, NULL, 11777.8),
('New Pharmacy - Wattala-Wattala city', 'New Pharmacy - Wattala-Wattala city', 'Wattala', 'IN-026323', '2019-08-21', 13, NULL, 4332.2),
('Health and Glow Pharmacy-Wattala city', 'Health and Glow Pharmacy-Wattala city', 'Wattala', 'IN-026324', '2019-08-21', 13, NULL, 24590.6),
('Lakshan chemist-Wattala city', 'Lakshan chemist-Wattala city', 'Wattala', 'IN-026325', '2019-08-21', 13, NULL, 18289.2),
('Gold Crest Pharmacy-Seeduwa', 'Gold Crest Pharmacy-Seeduwa', 'Ja - Ela', 'IN-026326', '2019-08-21', 13, NULL, 2017),
('New ST. Joseph pharmacy& Grocery--Seeduwa', 'New ST. Joseph pharmacy& Grocery--Seeduwa', 'Ja - Ela', 'IN-026327', '2019-08-22', 12, NULL, 6707),
('Family Care Pharmacy-Wattala city', 'Family Care Pharmacy-Wattala city', 'Wattala', 'IN-026328', '2019-08-22', 12, NULL, 8535.5),
('Browns healthcare pvt ltd-Ragama', 'Browns healthcare pvt ltd-Ragama', 'Wattala', 'IN-026329', '2019-08-22', 12, NULL, 104690),
('Handala Medical-Wattala city', 'Handala Medical-Wattala city', 'Wattala', 'IN-026330', '2019-08-22', 12, NULL, 8505.5),
('Negombo Drugs-Negombo city', 'Negombo Drugs-Negombo city', 'Negombo', 'IN-026332', '2019-08-22', 12, NULL, 2410),
('Hemas Hospital-Wattala city', 'Hemas Hospital-Wattala city', 'Wattala', 'IN-026333', '2019-08-22', 12, NULL, 91820),
('Osu Sala Mabola-Wattala city', 'Osu Sala Mabola-Wattala city', 'Wattala', 'IN-026334', '2019-08-22', 12, NULL, 8130),
('Shanthi Pharmacy - Katana-Katana', 'Shanthi Pharmacy - Katana-Katana', 'Negombo', 'IN-026335', '2019-08-22', 12, NULL, 22821),
('Oshidi Medical-Dankotuwa', 'Oshidi Medical-Dankotuwa', 'Wennappuwa', 'IN-026336', '2019-08-22', 12, NULL, 4278.4),
('Niroga Pharmacy-Dankotuwa', 'Niroga Pharmacy-Dankotuwa', 'Wennappuwa', 'IN-026337', '2019-08-22', 12, NULL, 9552.7),
('Dankotuwa Medical Stores-Dankotuwa', 'Dankotuwa Medical Stores-Dankotuwa', 'Wennappuwa', 'IN-026338', '2019-08-22', 12, NULL, 8677.75),
('Sarani Pharmacy-Waikkala', 'Sarani Pharmacy-Waikkala', 'Wennappuwa', 'IN-026339', '2019-08-22', 12, NULL, 4744.43),
('Ranmina Pharmacy-Wennappuwa', 'Ranmina Pharmacy-Wennappuwa', 'Wennappuwa', 'IN-026340', '2019-08-22', 12, NULL, 3830.5),
('Saduni Pharmcy-Dankotuwa', 'Saduni Pharmcy-Dankotuwa', 'Wennappuwa', 'IN-026341', '2019-08-22', 12, NULL, 5956.5),
('Wijaya  Medical, Lunuwilla-Lunuwila', 'Wijaya  Medical, Lunuwilla-Lunuwila', 'Wennappuwa', 'IN-026342', '2019-08-22', 12, NULL, 6751.33),
('Prasanna Pharmacy-Wennappuwa', 'Prasanna Pharmacy-Wennappuwa', 'Wennappuwa', 'IN-026343', '2019-08-22', 12, NULL, 11356.5),
('Iresha Pharmaceuticals-Wennappuwa', 'Iresha Pharmaceuticals-Wennappuwa', 'Wennappuwa', 'IN-026345', '2019-08-22', 12, NULL, 37640.1),
('Leesons Pharmacy-Raga-Ragama', 'Leesons Pharmacy-Raga-Ragama', 'Wattala', 'IN-026346', '2019-08-22', 12, NULL, 15703.5),
('Royal Pharmacy - Makandura-Pannala', 'Royal Pharmacy - Makandura-Pannala', 'Pannala', 'IN-026348', '2019-08-22', 12, NULL, 11931.5),
('Araliya Pharmacy-Marawila city', 'Araliya Pharmacy-Marawila city', 'Marawila', 'IN-026349', '2019-08-23', 11, NULL, 12678),
('Iresha Pharmaceuticals-Wennappuwa', 'Iresha Pharmaceuticals-Wennappuwa', 'Wennappuwa', 'IN-026350', '2019-08-23', 11, NULL, 3600),
('St.Jude Pharmacy-Katuneriya-Katuneriya', 'St.Jude Pharmacy-Katuneriya-Katuneriya', 'Wennappuwa', 'IN-026351', '2019-08-23', 11, NULL, 5956.5),
('Asoka Pharmacy-Negombo city', 'Asoka Pharmacy-Negombo city', 'Negombo', 'IN-026352', '2019-08-23', 11, NULL, 1956),
('Ajantha Medicals-Kochchikade', 'Ajantha Medicals-Kochchikade', 'Negombo', 'IN-026353', '2019-08-23', 11, NULL, 12098),
('New Central Pharmacy - Negombo-Negombo city', 'New Central Pharmacy - Negombo-Negombo city', 'Negombo', 'IN-026354', '2019-08-23', 11, NULL, 4236),
('Reliable Pharmacy-Mahabage', 'Reliable Pharmacy-Mahabage', 'Wattala', 'IN-026355', '2019-08-23', 11, NULL, 15350.6),
('Better Health Pharmacy-Negombo city', 'Better Health Pharmacy-Negombo city', 'Negombo', 'IN-026356', '2019-08-23', 11, NULL, 13441),
('Negombo Drugs-Negombo city', 'Negombo Drugs-Negombo city', 'Negombo', 'IN-026357', '2019-08-23', 11, NULL, 11050.2),
('Shanthi Pharmacy-Negombo city', 'Shanthi Pharmacy-Negombo city', 'Negombo', 'IN-026358', '2019-08-23', 11, NULL, 16005.5),
('Silveray Pharmacy-Negombo city', 'Silveray Pharmacy-Negombo city', 'Negombo', 'IN-026359', '2019-08-23', 11, NULL, 21347.5),
('Thalahena Pharmacy-Thalahena', 'Thalahena Pharmacy-Thalahena', 'Negombo', 'IN-026360', '2019-08-23', 11, NULL, 5036.25),
('City Medicals - Negombo-Negombo city', 'City Medicals - Negombo-Negombo city', 'Negombo', 'IN-026361', '2019-08-23', 11, NULL, 24843.5),
('Rose Villa Pharmacy-Wattala city', 'Rose Villa Pharmacy-Wattala city', 'Wattala', 'IN-026362', '2019-08-24', 10, NULL, 3563.5),
('Araliya Pharmacy-Marawila city', 'Araliya Pharmacy-Marawila city', 'Marawila', 'IN-026363', '2019-08-24', 10, NULL, 2532),
('Unique Pharmacy-Negombo city', 'Unique Pharmacy-Negombo city', 'Negombo', 'IN-026364', '2019-08-24', 10, NULL, 3518.4),
('Hemas Hospital-Wattala city', 'Hemas Hospital-Wattala city', 'Wattala', 'IN-026365', '2019-08-26', 8, NULL, 5113),
('Thilina Pharmacy-Ekala', 'Thilina Pharmacy-Ekala', 'Ja - Ela', 'IN-026366', '2019-08-26', 8, NULL, 8853),
('Dr. Channa Perera-Dankotuwa', 'Dr. Channa Perera-Dankotuwa', 'Wennappuwa', 'IN-026367', '2019-08-26', 8, NULL, 10477.5),
('Royal Pharmacy-Lunuwila', 'Royal Pharmacy-Lunuwila', 'Wennappuwa', 'IN-026368', '2019-08-26', 8, NULL, 4165),
('W.Mendis Chemists-Lunuwila', 'W.Mendis Chemists-Lunuwila', 'Wennappuwa', 'IN-026369', '2019-08-26', 8, NULL, 24033.5),
('Indra Pharmacy-Minuwangoda', 'Indra Pharmacy-Minuwangoda', 'Minuwangoda', 'IN-026370', '2019-08-26', 8, NULL, 25941.8),
('Jayasiri Pharmacy-Nattandiya', 'Jayasiri Pharmacy-Nattandiya', 'Marawila', 'IN-026372', '2019-08-26', 8, NULL, 6202),
('The Britise Stores-Nattandiya', 'The Britise Stores-Nattandiya', 'Marawila', 'IN-026373', '2019-08-26', 8, NULL, 12344.2),
('Araliya Pharmacy-Marawila city', 'Araliya Pharmacy-Marawila city', 'Marawila', 'IN-026374', '2019-08-26', 8, NULL, 27355.8),
('St.Jude Pharmacy-Katuneriya-Katuneriya', 'St.Jude Pharmacy-Katuneriya-Katuneriya', 'Wennappuwa', 'IN-026376', '2019-08-26', 8, NULL, 1711.53),
('St.Joseph\'s Pharmacy-Ja - Ela City', 'St.Joseph\'s Pharmacy-Ja - Ela City', 'Ja - Ela', 'IN-026377', '2019-08-26', 8, NULL, 6691),
('Unique Pharmacy-Negombo city', 'Unique Pharmacy-Negombo city', 'Negombo', 'IN-026378', '2019-08-26', 8, NULL, 18075),
('Krishmo Pharmacy & Grocery-Wattala city', 'Krishmo Pharmacy & Grocery-Wattala city', 'Wattala', 'IN-026379', '2019-08-26', 8, NULL, 1928),
('Union Chemist (pvt) Ltd-Wattala city', 'Union Chemist (pvt) Ltd-Wattala city', 'Wattala', 'IN-026380', '2019-08-26', 8, NULL, 11817),
('Darani Pharmacy-Bolawatta', 'Darani Pharmacy-Bolawatta', 'Wennappuwa', 'IN-026382', '2019-08-26', 8, NULL, 14476.4),
('Union Pharmacy Negombo-Negombo city', 'Union Pharmacy Negombo-Negombo city', 'Negombo', 'IN-026383', '2019-08-26', 8, NULL, 5634.35),
('Krishmo Pharmacy & Grocery-Wattala city', 'Krishmo Pharmacy & Grocery-Wattala city', 'Wattala', 'IN-026384', '2019-08-26', 8, NULL, 2045.2),
('Union Chemist (pvt) Ltd-Wattala city', 'Union Chemist (pvt) Ltd-Wattala city', 'Wattala', 'IN-026385', '2019-08-26', 8, NULL, 5113),
('Nawa Osusala- Ja Ela-Ja - Ela City', 'Nawa Osusala- Ja Ela-Ja - Ela City', 'Ja - Ela', 'IN-026386', '2019-08-26', 8, NULL, 94013.6),
('Lanka Pharmacy - Negombo-Negombo city', 'Lanka Pharmacy - Negombo-Negombo city', 'Negombo', 'IN-026387', '2019-08-26', 8, NULL, 17405.5),
('J & J Pharmacy-Negombo city', 'J & J Pharmacy-Negombo city', 'Negombo', 'IN-026388', '2019-08-26', 8, NULL, 3026.25),
('Pradipa Pharmacy-Negombo city', 'Pradipa Pharmacy-Negombo city', 'Negombo', 'IN-026389', '2019-08-26', 8, NULL, 373),
('Supreme Pharmacy-Katana', 'Supreme Pharmacy-Katana', 'Negombo', 'IN-026390', '2019-08-26', 8, NULL, 21850.5),
('Kandawala Pharmacy & Grocery-Katana', 'Kandawala Pharmacy & Grocery-Katana', 'Negombo', 'IN-026391', '2019-08-26', 8, NULL, 2329.65),
('Suranga Pharmacy-Katana', 'Suranga Pharmacy-Katana', 'Negombo', 'IN-026392', '2019-08-26', 8, NULL, 15620.5),
('Thenuka Pharmacy-Negombo city', 'Thenuka Pharmacy-Negombo city', 'Negombo', 'IN-026393', '2019-08-26', 8, NULL, 4001),
('Shanthi Pharmacy - Katana-Katana', 'Shanthi Pharmacy - Katana-Katana', 'Negombo', 'IN-026394', '2019-08-26', 8, NULL, 3026.25),
('Shanthi Pharmacy - Katana-Katana', 'Shanthi Pharmacy - Katana-Katana', 'Negombo', 'IN-026395', '2019-08-26', 8, NULL, 5718),
('Robert Medicals-Kimbulapitiya', 'Robert Medicals-Kimbulapitiya', 'Negombo', 'IN-026396', '2019-08-26', 8, NULL, 8098.5),
('Kalidson Pharmacy-Negombo city', 'Kalidson Pharmacy-Negombo city', 'Negombo', 'IN-026397', '2019-08-26', 8, NULL, 3698.25),
('Nawaloka Hospital-Negombo city', 'Nawaloka Hospital-Negombo city', 'Negombo', 'IN-026398', '2019-08-26', 8, NULL, 107000),
('Lasith Pharmacy-Kimbulapitiya', 'Lasith Pharmacy-Kimbulapitiya', 'Negombo', 'IN-026399', '2019-08-26', 8, NULL, 2619.5),
('Lakshan chemist-Wattala city', 'Lakshan chemist-Wattala city', 'Wattala', 'IN-026400', '2019-08-26', 8, NULL, 2978.25),
('New Rio Pharmacy-Wattala city', 'New Rio Pharmacy-Wattala city', 'Wattala', 'IN-026401', '2019-08-26', 8, NULL, 3090.5),
('CC-Cash Payment-aaaa', 'CC-Cash Payment-aaaa', 'Chilaw', 'IN-026402', '2019-08-26', 8, NULL, 2421),
('Leesons Pharmacy-Raga-Ragama', 'Leesons Pharmacy-Raga-Ragama', 'Wattala', 'IN-026403', '2019-08-27', 7, NULL, 20938),
('St.Jude\'s Pharmacy - Seeduwa-Seeduwa', 'St.Jude\'s Pharmacy - Seeduwa-Seeduwa', 'Ja - Ela', 'IN-026405', '2019-08-27', 7, NULL, 6520),
('Ajantha Medicals-Kochchikade', 'Ajantha Medicals-Kochchikade', 'Negombo', 'IN-026406', '2019-08-27', 7, NULL, 66120),
('Unique Pharmacy-Negombo city', 'Unique Pharmacy-Negombo city', 'Negombo', 'IN-026407', '2019-08-27', 7, NULL, 66120),
('Central Devine Phrmacy-Minuwangoda', 'Central Devine Phrmacy-Minuwangoda', 'Minuwangoda', 'IN-026408', '2019-08-27', 7, NULL, 15339),
('Unique Pharmacy-Negombo city', 'Unique Pharmacy-Negombo city', 'Negombo', 'IN-026409', '2019-08-27', 7, NULL, 15339),
('Lakshan chemist-Wattala city', 'Lakshan chemist-Wattala city', 'Wattala', 'IN-026410', '2019-08-27', 7, NULL, 2471),
('Imedra Pharmacy-peralanda-Ragama', 'Imedra Pharmacy-peralanda-Ragama', 'Wattala', 'IN-026411', '2019-08-27', 7, NULL, 2292),
('Leesons Pharmacy-Raga-Ragama', 'Leesons Pharmacy-Raga-Ragama', 'Wattala', 'IN-026413', '2019-08-27', 7, NULL, 42396.1),
('New City Pharmacy - Ragama-Ragama', 'New City Pharmacy - Ragama-Ragama', 'Wattala', 'IN-026414', '2019-08-27', 7, NULL, 2732.5),
('Ragama Pharmacy-Ragama', 'Ragama Pharmacy-Ragama', 'Wattala', 'IN-026415', '2019-08-27', 7, NULL, 178112),
('Sahana Osusala-Ragama', 'Sahana Osusala-Ragama', 'Wattala', 'IN-026416', '2019-08-27', 7, NULL, 15264.8),
('Sampath Pharmacy-Ragama', 'Sampath Pharmacy-Ragama', 'Wattala', 'IN-026417', '2019-08-27', 7, NULL, 15797.2),
('Gimshani Pharmacy-Kandana', 'Gimshani Pharmacy-Kandana', 'Kandana', 'IN-026418', '2019-08-27', 7, NULL, 7131.25),
('Royal Pharmacy-Kandana', 'Royal Pharmacy-Kandana', 'Kandana', 'IN-026419', '2019-08-27', 7, NULL, 12977),
('Osu sala - Kandana-Kandana', 'Osu sala - Kandana-Kandana', 'Kandana', 'IN-026420', '2019-08-27', 7, NULL, 2415.6),
('Relaulla Pharmacy-Kandana', 'Relaulla Pharmacy-Kandana', 'Kandana', 'IN-026421', '2019-08-27', 7, NULL, 23166.5),
('Health Line Pharmacy-Kandana', 'Health Line Pharmacy-Kandana', 'Kandana', 'IN-026422', '2019-08-27', 7, NULL, 11131.5),
('PJ Enterprises ( PVT ) LTD-Ja - Ela City', 'PJ Enterprises ( PVT ) LTD-Ja - Ela City', 'Ja - Ela', 'IN-026423', '2019-08-27', 7, NULL, 134482),
('Reliance Pharmacy(PVT).LTD-Negombo city', 'Reliance Pharmacy(PVT).LTD-Negombo city', 'Negombo', 'IN-026424', '2019-08-28', 6, NULL, 6959),
('Alliance Pharmacy-Ragama', 'Alliance Pharmacy-Ragama', 'Wattala', 'IN-026425', '2019-08-28', 6, NULL, 4370),
('Handala Medical-Wattala city', 'Handala Medical-Wattala city', 'Wattala', 'IN-026426', '2019-08-28', 6, NULL, 2457.5),
('Silveray Pharmacy-Negombo city', 'Silveray Pharmacy-Negombo city', 'Negombo', 'IN-026427', '2019-08-28', 6, NULL, 5239),
('Ave Mariya Pharmacy-Negombo city', 'Ave Mariya Pharmacy-Negombo city', 'Negombo', 'IN-026428', '2019-08-28', 6, NULL, 6052.5),
('St.Jude\'s Pharmacy - Seeduwa-Seeduwa', 'St.Jude\'s Pharmacy - Seeduwa-Seeduwa', 'Ja - Ela', 'IN-026429', '2019-08-28', 6, NULL, 6025),
('Pamunugama Osusala-Raddolugama', 'Pamunugama Osusala-Raddolugama', 'Ja - Ela', 'IN-026431', '2019-08-28', 6, NULL, 6205.05),
('Dr. Rizvi Hashan-Kandana', 'Dr. Rizvi Hashan-Kandana', 'Kandana', 'IN-026432', '2019-08-28', 6, NULL, 6330),
('Ave Maria Hospital-Negombo city', 'Ave Maria Hospital-Negombo city', 'Negombo', 'IN-026433', '2019-08-28', 6, NULL, 22640),
('Niwasipura Pharmacy-Ja - Ela City', 'Niwasipura Pharmacy-Ja - Ela City', 'Ja - Ela', 'IN-026435', '2019-08-28', 6, NULL, 3756.6),
('St.Joseph\'s Pharmacy-Ja - Ela City', 'St.Joseph\'s Pharmacy-Ja - Ela City', 'Ja - Ela', 'IN-026436', '2019-08-28', 6, NULL, 7454.9),
('St.Jude\'s Pharmacy - Seeduwa-Seeduwa', 'St.Jude\'s Pharmacy - Seeduwa-Seeduwa', 'Ja - Ela', 'IN-026437', '2019-08-28', 6, NULL, 4696),
('Nawa Osusala- Ja Ela-Ja - Ela City', 'Nawa Osusala- Ja Ela-Ja - Ela City', 'Ja - Ela', 'IN-026438', '2019-08-28', 6, NULL, 6052.5),
('Calvery Medical-Ja - Ela City', 'Calvery Medical-Ja - Ela City', 'Ja - Ela', 'IN-026439', '2019-08-28', 6, NULL, 5126.05),
('Arogya Pharmacy - Ja - Ela-Ja - Ela City', 'Arogya Pharmacy - Ja - Ela-Ja - Ela City', 'Ja - Ela', 'IN-026440', '2019-08-28', 6, NULL, 2259.3),
('Darshana Pharmacy-Je -Ela-Ja - Ela City', 'Darshana Pharmacy-Je -Ela-Ja - Ela City', 'Ja - Ela', 'IN-026441', '2019-08-28', 6, NULL, 20073),
('C&D Pharmacy-Ja - Ela City', 'C&D Pharmacy-Ja - Ela City', 'Ja - Ela', 'IN-026442', '2019-08-28', 6, NULL, 9579.94),
('PJ Enterprises ( PVT ) LTD-Ja - Ela City', 'PJ Enterprises ( PVT ) LTD-Ja - Ela City', 'Ja - Ela', 'IN-026443', '2019-08-28', 6, NULL, 30388),
('Dr. Deepal Fonseka-Ja - Ela City', 'Dr. Deepal Fonseka-Ja - Ela City', 'Ja - Ela', 'IN-026444', '2019-08-28', 6, NULL, 104780),
('New Central Pharmacy - Negombo-Negombo city', 'New Central Pharmacy - Negombo-Negombo city', 'Negombo', 'IN-026445', '2019-08-28', 6, NULL, 10478),
('St.Joseph\'s Pharmacy-Bopitiya', 'St.Joseph\'s Pharmacy-Bopitiya', 'Ja - Ela', 'IN-026446', '2019-08-28', 6, NULL, 22056.7),
('Bopitiya Pharmacy-Bopitiya', 'Bopitiya Pharmacy-Bopitiya', 'Ja - Ela', 'IN-026447', '2019-08-28', 6, NULL, 9098.55),
('Laksiri Pharmacy-Aweriwatta', 'Laksiri Pharmacy-Aweriwatta', 'Ja - Ela', 'IN-026448', '2019-08-29', 5, NULL, 5041.6),
('Pharma Chemie-Wattala city', 'Pharma Chemie-Wattala city', 'Wattala', 'IN-026449', '2019-08-29', 5, NULL, 1899),
('St.Joseph\'s Pharmacy-Ja - Ela City', 'St.Joseph\'s Pharmacy-Ja - Ela City', 'Ja - Ela', 'IN-026450', '2019-08-29', 5, NULL, 13040),
('Raddolugama Pharmacy-Raddolugama', 'Raddolugama Pharmacy-Raddolugama', 'Ja - Ela', 'IN-026451', '2019-08-29', 5, NULL, 3644),
('Ajantha Medicals-Kochchikade', 'Ajantha Medicals-Kochchikade', 'Negombo', 'IN-026452', '2019-08-29', 5, NULL, 81950.5),
('Health Care Medicals-Negombo city', 'Health Care Medicals-Negombo city', 'Negombo', 'IN-026453', '2019-08-29', 5, NULL, 3715.3),
('Srilak Pharmacy & Grocery-Seeduwa', 'Srilak Pharmacy & Grocery-Seeduwa', 'Ja - Ela', 'IN-026454', '2019-08-29', 5, NULL, 3067.8),
('Hemas Hospital-Wattala city', 'Hemas Hospital-Wattala city', 'Wattala', 'IN-026455', '2019-08-29', 5, NULL, 10128),
('Hemas Hospital-Wattala city', 'Hemas Hospital-Wattala city', 'Wattala', 'IN-026456', '2019-08-29', 5, NULL, 126999),
('Unique Pharmacy-Negombo city', 'Unique Pharmacy-Negombo city', 'Negombo', 'IN-026457', '2019-08-29', 5, NULL, 141670),
('New Pharmacy - Wattala-Wattala city', 'New Pharmacy - Wattala-Wattala city', 'Wattala', 'IN-026458', '2019-08-29', 5, NULL, 16657.6),
('Pharma Chemie-Wattala city', 'Pharma Chemie-Wattala city', 'Wattala', 'IN-026459', '2019-08-29', 5, NULL, 2948.6),
('Health and Glow pharmacy Hunupitiya-Wattala city', 'Health and Glow pharmacy Hunupitiya-Wattala city', 'Wattala', 'IN-026460', '2019-08-29', 5, NULL, 9042.25),
('People\'s Pharmacy & Grocery-Wattala city', 'People\'s Pharmacy & Grocery-Wattala city', 'Wattala', 'IN-026461', '2019-08-29', 5, NULL, 126523),
('Milan Pharmacy-Wattala city', 'Milan Pharmacy-Wattala city', 'Wattala', 'IN-026462', '2019-08-29', 5, NULL, 9651.3),
('Isuri Pharmacy - Wattala-Wattala city', 'Isuri Pharmacy - Wattala-Wattala city', 'Wattala', 'IN-026463', '2019-08-29', 5, NULL, 7540.5),
('Trust Chemist-Kochchikade', 'Trust Chemist-Kochchikade', 'Negombo', 'IN-026464', '2019-08-29', 5, NULL, 4135.5),
('Osu Sala - Wattala-Wattala city', 'Osu Sala - Wattala-Wattala city', 'Wattala', 'IN-026465', '2019-08-29', 5, NULL, 34009.2),
('Golden Chemist-Nagoda', 'Golden Chemist-Nagoda', 'Kandana', 'IN-026466', '2019-08-29', 5, NULL, 13059.9),
('Reliable Pharmacy-Mahabage', 'Reliable Pharmacy-Mahabage', 'Wattala', 'IN-026467', '2019-08-29', 5, NULL, 39540.9),
('Lakshan chemist-Wattala city', 'Lakshan chemist-Wattala city', 'Wattala', 'IN-026468', '2019-08-29', 5, NULL, 5421.5);
INSERT INTO `sanoutupload` (`sID`, `sCustName`, `sTown`, `inv`, `date`, `age`, `amount`, `balAmount`) VALUES
('Health and Glow Pharmacy-Wattala city', 'Health and Glow Pharmacy-Wattala city', 'Wattala', 'IN-026469', '2019-08-29', 5, NULL, 30736.7),
('Santhana Pharmacy-Marawila city', 'Santhana Pharmacy-Marawila city', 'Marawila', 'IN-026470', '2019-08-30', 4, NULL, 19750),
('The Pharmacy-Negombo city', 'The Pharmacy-Negombo city', 'Negombo', 'IN-026471', '2019-08-30', 4, NULL, 4622),
('Hemas Hospital-Wattala city', 'Hemas Hospital-Wattala city', 'Wattala', 'IN-026472', '2019-08-30', 4, NULL, 605.25),
('Hansi Pharmacy & Grocery.-Ja - Ela City', 'Hansi Pharmacy & Grocery.-Ja - Ela City', 'Ja - Ela', 'IN-026473', '2019-08-30', 4, NULL, 2619.5),
('Golden Chemist-Nagoda', 'Golden Chemist-Nagoda', 'Kandana', 'IN-026474', '2019-08-30', 4, NULL, 2625),
('People\'s Pharmacy & Grocery-Wattala city', 'People\'s Pharmacy & Grocery-Wattala city', 'Wattala', 'IN-026475', '2019-08-30', 4, NULL, 2625),
('Kapuwatta Pharmacy-Ja - Ela City', 'Kapuwatta Pharmacy-Ja - Ela City', 'Ja - Ela', 'IN-026476', '2019-08-30', 4, NULL, 10287.8),
('Negombo Drugs-Negombo city', 'Negombo Drugs-Negombo city', 'Negombo', 'IN-026477', '2019-08-30', 4, NULL, 2808.6),
('Angels Pharmacy-Kochchikade', 'Angels Pharmacy-Kochchikade', 'Negombo', 'IN-026478', '2019-08-30', 4, NULL, 3824.5),
('Champika Medicals-Kochchikade', 'Champika Medicals-Kochchikade', 'Negombo', 'IN-026479', '2019-08-30', 4, NULL, 25568.5),
('Ajantha Medicals-Kochchikade', 'Ajantha Medicals-Kochchikade', 'Negombo', 'IN-026480', '2019-08-30', 4, NULL, 30780.2),
('K.S.A Medical-Negombo city', 'K.S.A Medical-Negombo city', 'Negombo', 'IN-026482', '2019-08-30', 4, NULL, 2179.35),
('International Institute Of Health Sciences (PVT) L', 'International Institute Of Health Sciences (PVT) L', 'Wattala', 'IN-026483', '2019-08-30', 4, NULL, 19343.3),
('Best Way Pharmacy-Negombo city', 'Best Way Pharmacy-Negombo city', 'Negombo', 'IN-026484', '2019-08-30', 4, NULL, 746),
('Asoka Pharmacy-Negombo city', 'Asoka Pharmacy-Negombo city', 'Negombo', 'IN-026485', '2019-08-30', 4, NULL, 6416.55),
('S&G Pharmacy-Kattuwa', 'S&G Pharmacy-Kattuwa', 'Negombo', 'IN-026486', '2019-08-30', 4, NULL, 10457.3),
('X-Lab Pharamacy-Negombo city', 'X-Lab Pharamacy-Negombo city', 'Negombo', 'IN-026487', '2019-08-30', 4, NULL, 6955.3),
('The Pharmacy-Negombo city', 'The Pharmacy-Negombo city', 'Negombo', 'IN-026488', '2019-08-30', 4, NULL, 23931.6),
('Nawaloka Hospital-Negombo city', 'Nawaloka Hospital-Negombo city', 'Negombo', 'IN-026489', '2019-08-30', 4, NULL, 134042),
('Suwasarana Osusala-Negombo city', 'Suwasarana Osusala-Negombo city', 'Negombo', 'IN-026490', '2019-08-30', 4, NULL, 7304),
('New Crystal Pharmacy-Negombo city', 'New Crystal Pharmacy-Negombo city', 'Negombo', 'IN-026491', '2019-08-30', 4, NULL, 39150.8),
('Health and Glow Pharmacy-Wattala city', 'Health and Glow Pharmacy-Wattala city', 'Wattala', 'IN-026492', '2019-08-30', 4, NULL, 34270),
('Ave Mariya Pharmacy-Negombo city', 'Ave Mariya Pharmacy-Negombo city', 'Negombo', 'IN-026493', '2019-08-30', 4, NULL, 23480),
('Isuri Pharmacy - Wattala-Wattala city', 'Isuri Pharmacy - Wattala-Wattala city', 'Wattala', 'IN-026494', '2019-08-30', 4, NULL, 2174),
('The Pharmacy-Negombo city', 'The Pharmacy-Negombo city', 'Negombo', 'IN-026495', '2019-08-31', 3, NULL, 15928),
('Sethma Pharmacy - Kandana-Kandana', 'Sethma Pharmacy - Kandana-Kandana', 'Kandana', 'IN-026496', '2019-08-31', 3, NULL, 134911),
('Union Chemist (pvt) Ltd-Wattala city', 'Union Chemist (pvt) Ltd-Wattala city', 'Wattala', 'IN-026497', '2019-08-31', 3, NULL, 162632),
('Health and Glow Pharmacy-Wattala city', 'Health and Glow Pharmacy-Wattala city', 'Wattala', 'IN-026498', '2019-08-31', 3, NULL, 5239),
('Iresha Pharmaceuticals-Wennappuwa', 'Iresha Pharmaceuticals-Wennappuwa', 'Wennappuwa', 'IN-026499', '2019-08-31', 3, NULL, 4947),
('Handala Medical-Wattala city', 'Handala Medical-Wattala city', 'Wattala', 'IN-026500', '2019-08-31', 3, NULL, 11000.2),
('Ranmina Pharmacy-Katuneriya', 'Ranmina Pharmacy-Katuneriya', 'Wennappuwa', 'IN-026501', '2019-08-31', 3, NULL, 2978.25),
('City Medicals - Negombo-Negombo city', 'City Medicals - Negombo-Negombo city', 'Negombo', 'IN-026502', '2019-08-31', 3, NULL, 17243.4),
('Better Health Pharmacy-Negombo city', 'Better Health Pharmacy-Negombo city', 'Negombo', 'IN-026503', '2019-08-31', 3, NULL, 9416),
('Lanka Pharmacy - Negombo-Negombo city', 'Lanka Pharmacy - Negombo-Negombo city', 'Negombo', 'IN-026504', '2019-08-31', 3, NULL, 122443),
('Mahajana Osusala - Negombo-Negombo city', 'Mahajana Osusala - Negombo-Negombo city', 'Negombo', 'IN-026505', '2019-08-31', 3, NULL, 16820.5),
('Health Care Medicals-Negombo city', 'Health Care Medicals-Negombo city', 'Negombo', 'IN-026506', '2019-08-31', 3, NULL, 13387.2),
('Hemas Hospital-Wattala city', 'Hemas Hospital-Wattala city', 'Wattala', 'IN-026507', '2019-08-31', 3, NULL, 9498.25),
('Union Chemist (pvt) Ltd-Wattala city', 'Union Chemist (pvt) Ltd-Wattala city', 'Wattala', 'IN-026508', '2019-08-31', 3, NULL, 35192.2),
('Isura Pharmacy-Ragama', 'Isura Pharmacy-Ragama', 'Wattala', 'IN-026509', '2019-08-31', 3, NULL, 19869.2),
('Sethma Pharmacy - Kandana-Kandana', 'Sethma Pharmacy - Kandana-Kandana', 'Kandana', 'IN-026510', '2019-09-01', 2, NULL, 7263),
('Reliable Pharmacy-Mahabage', 'Reliable Pharmacy-Mahabage', 'Wattala', 'IN-026511', '2019-09-01', 2, NULL, 3631.5),
('Union Chemist (pvt) Ltd-Wattala city', 'Union Chemist (pvt) Ltd-Wattala city', 'Wattala', 'IN-026512', '2019-09-01', 2, NULL, 6052.5),
('City Medicals - Negombo-Negombo city', 'City Medicals - Negombo-Negombo city', 'Negombo', 'IN-026513', '2019-09-01', 2, NULL, 2421),
('Better Health Pharmacy-Negombo city', 'Better Health Pharmacy-Negombo city', 'Negombo', 'IN-026514', '2019-09-01', 2, NULL, 2421),
('Lanka Pharmacy - Negombo-Negombo city', 'Lanka Pharmacy - Negombo-Negombo city', 'Negombo', 'IN-026515', '2019-09-01', 2, NULL, 12105),
('Sampath Pharmacy-Ragama', 'Sampath Pharmacy-Ragama', 'Wattala', 'IN-026516', '2019-09-01', 2, NULL, 10500),
('Sampath Pharmacy-Ragama', 'Sampath Pharmacy-Ragama', 'Wattala', 'IN-026517', '2019-09-01', 2, NULL, 1130),
('Thilina Pharmacy-Ekala', 'Thilina Pharmacy-Ekala', 'Ja - Ela', 'IN-026518', '2019-09-01', 2, NULL, 3553),
('Jasmine Pharmacy-Kandana', 'Jasmine Pharmacy-Kandana', 'Kandana', 'IN-026519', '2019-09-01', 2, NULL, 18212.5),
('Rose Villa Pharmacy-Wattala city', 'Rose Villa Pharmacy-Wattala city', 'Wattala', 'IN-026520', '2019-09-01', 2, NULL, 10413.7),
('PJ Enterprises ( PVT ) LTD-Ja - Ela City', 'PJ Enterprises ( PVT ) LTD-Ja - Ela City', 'Ja - Ela', 'IN-026521', '2019-09-01', 2, NULL, 6052.5),
('Unique Pharmacy-Negombo city', 'Unique Pharmacy-Negombo city', 'Negombo', 'IN-026522', '2019-09-01', 2, NULL, 4560),
('St.Jude\'s Pharmacy - Seeduwa-Seeduwa', 'St.Jude\'s Pharmacy - Seeduwa-Seeduwa', 'Ja - Ela', 'IN-026523', '2019-09-01', 2, NULL, 7085),
('Sethma Pharmacy - Kandana-Kandana', 'Sethma Pharmacy - Kandana-Kandana', 'Kandana', 'IN-026524', '2019-09-01', 2, NULL, 1678),
('St.Jude\'s Pharmacy - Seeduwa-Seeduwa', 'St.Jude\'s Pharmacy - Seeduwa-Seeduwa', 'Ja - Ela', 'IN-026525', '2019-09-02', 1, NULL, 34018.9),
('Srilak Pharmacy & Grocery-Seeduwa', 'Srilak Pharmacy & Grocery-Seeduwa', 'Ja - Ela', 'IN-026526', '2019-09-02', 1, NULL, 15313),
('Srilak Pharmacy & Grocery-Seeduwa', 'Srilak Pharmacy & Grocery-Seeduwa', 'Ja - Ela', 'IN-026527', '2019-09-02', 1, NULL, 4524),
('New ST. Joseph pharmacy& Grocery--Seeduwa', 'New ST. Joseph pharmacy& Grocery--Seeduwa', 'Ja - Ela', 'IN-026528', '2019-09-02', 1, NULL, 15966),
('New ST. Joseph pharmacy& Grocery--Seeduwa', 'New ST. Joseph pharmacy& Grocery--Seeduwa', 'Ja - Ela', 'IN-026529', '2019-09-02', 1, NULL, 3459),
('St.Mary\'s Pharmacy - Katunayake-Katunayake', 'St.Mary\'s Pharmacy - Katunayake-Katunayake', 'Ja - Ela', 'IN-026530', '2019-09-02', 1, NULL, 22897.8),
('Peoples Pharmacy - Raddolugama-Raddolugama', 'Peoples Pharmacy - Raddolugama-Raddolugama', 'Ja - Ela', 'IN-026531', '2019-09-02', 1, NULL, 1006.8),
('Pamunugama Osusala-Raddolugama', 'Pamunugama Osusala-Raddolugama', 'Ja - Ela', 'IN-026532', '2019-09-02', 1, NULL, 31444),
('Raddolugama Pharmacy-Raddolugama', 'Raddolugama Pharmacy-Raddolugama', 'Ja - Ela', 'IN-026533', '2019-09-02', 1, NULL, 23721.3),
('Asiri Pharmacy - Raddolugama-Raddolugama', 'Asiri Pharmacy - Raddolugama-Raddolugama', 'Ja - Ela', 'IN-026534', '2019-09-02', 1, NULL, 17360.8),
('Seeduwa Medicals Stores-Seeduwa', 'Seeduwa Medicals Stores-Seeduwa', 'Ja - Ela', 'IN-026535', '2019-09-02', 1, NULL, 38938),
('Hemas Hospital-Wattala city', 'Hemas Hospital-Wattala city', 'Wattala', 'IN-026536', '2019-09-02', 1, NULL, 91820),
('New Chris Pharmacy-Minuwangoda', 'New Chris Pharmacy-Minuwangoda', 'Minuwangoda', 'IO-000666', '2017-09-25', 708, NULL, 10631),
('Dr. Wasantha Dissanayeka-Katunayake', 'Dr. Wasantha Dissanayeka-Katunayake', 'Ja - Ela', 'IO-001084', '2017-10-17', 686, NULL, 34485),
('New Chris Pharmacy-Minuwangoda', 'New Chris Pharmacy-Minuwangoda', 'Minuwangoda', 'IO-001481', '2017-11-20', 652, NULL, 23334.7),
('Dr. Sanath fenando-Marawila city', 'Dr. Sanath fenando-Marawila city', 'Marawila', 'IO-001572', '2017-11-23', 649, NULL, 4166.7),
('New Chris Pharmacy-Minuwangoda', 'New Chris Pharmacy-Minuwangoda', 'Minuwangoda', 'IO-001753', '2017-12-05', 637, NULL, 9693.8),
('New Chris Pharmacy-Minuwangoda', 'New Chris Pharmacy-Minuwangoda', 'Minuwangoda', 'IO-001998', '2017-12-21', 621, NULL, 25356.1),
('New Chris Pharmacy-Aweriwatta', 'New Chris Pharmacy-Aweriwatta', 'Ja - Ela', 'IO-002422', '2018-01-22', 589, NULL, 23006.8),
('Dr. Chaminda Suriyarachchi-Negombo city', 'Dr. Chaminda Suriyarachchi-Negombo city', 'Negombo', 'IO-002581', '2018-02-03', 577, NULL, 156943),
('Lanka Pharmacy - Negombo-Negombo city', 'Lanka Pharmacy - Negombo-Negombo city', 'Negombo', 'IO-002697', '2018-02-13', 567, NULL, 10090),
('Westan Pharmacy-Pannala', 'Westan Pharmacy-Pannala', 'Pannala', 'IO-002750', '2018-02-16', 564, NULL, 6085.5),
('C.N.S PHARMACY-Chilaw', 'C.N.S PHARMACY-Chilaw', 'Chilaw', 'IO-002974', '2018-03-05', 547, NULL, 16289),
('New ST. Joseph pharmacy& Grocery--Seeduwa', 'New ST. Joseph pharmacy& Grocery--Seeduwa', 'Ja - Ela', 'IO-003075', '2018-03-14', 538, NULL, 5264),
('St.Jude\'s Pharmacy - Seeduwa-Seeduwa', 'St.Jude\'s Pharmacy - Seeduwa-Seeduwa', 'Ja - Ela', 'IO-003470', '2018-04-10', 511, NULL, 1755),
('CC-Cash Payment-aaaa', 'CC-Cash Payment-aaaa', 'Chilaw', 'IO-003503', '2018-04-13', 508, NULL, 5786.2),
('Anrita Pharmacy-Kochchikade', 'Anrita Pharmacy-Kochchikade', 'Negombo', 'IO-003514', '2018-04-18', 503, NULL, 548.25),
('Asiri Pharmacy - Chilaw-Chilaw', 'Asiri Pharmacy - Chilaw-Chilaw', 'Chilaw', 'IO-003780', '2018-05-04', 487, NULL, 1260),
('Jasmine Pharmacy-Kandana', 'Jasmine Pharmacy-Kandana', 'Kandana', 'IO-003801', '2018-05-08', 483, NULL, 1053),
('CC-Cash Payment-aaaa', 'CC-Cash Payment-aaaa', 'Chilaw', 'IO-003829', '2018-05-09', 482, NULL, 1897.4),
('Dunagaha Osusala-Dunagaha', 'Dunagaha Osusala-Dunagaha', 'Minuwangoda', 'IO-003833', '2018-05-09', 482, NULL, 4827.8),
('Suwana Pharmacy-Chilaw', 'Suwana Pharmacy-Chilaw', 'Chilaw', 'IO-003934', '2018-05-16', 475, NULL, 2553),
('Dr. Prasanna Dissanayaka-Chilaw', 'Dr. Prasanna Dissanayaka-Chilaw', 'Chilaw', 'IO-003988', '2018-05-22', 469, NULL, 8330),
('Dr. Prasanna Dissanayaka-Chilaw', 'Dr. Prasanna Dissanayaka-Chilaw', 'Chilaw', 'IO-004021', '2018-05-25', 466, NULL, 8072),
('Subani Pharmacy-Negombo city', 'Subani Pharmacy-Negombo city', 'Negombo', 'IO-004137', '2018-06-04', 456, NULL, 4540.3),
('CC-Cash Payment-aaaa', 'CC-Cash Payment-aaaa', 'Chilaw', 'IO-004141', '2018-06-04', 456, NULL, 1897.4),
('Lakshi Pharmacy-Negombo city', 'Lakshi Pharmacy-Negombo city', 'Negombo', 'IO-004307', '2018-06-18', 442, NULL, 923),
('Dr. Prasanna Dissanayaka-Chilaw', 'Dr. Prasanna Dissanayaka-Chilaw', 'Chilaw', 'IO-004416', '2018-06-28', 432, NULL, 26670),
('Sachee Jayalingam-Negombo city', 'Sachee Jayalingam-Negombo city', 'Negombo', 'IO-004455', '2018-06-30', 430, NULL, 6550.5),
('Central Devine Phrmacy-Minuwangoda', 'Central Devine Phrmacy-Minuwangoda', 'Minuwangoda', 'IO-004556', '2018-07-11', 419, NULL, 24387.1),
('Dr. Sarath Gamage-Chilaw', 'Dr. Sarath Gamage-Chilaw', 'Chilaw', 'IO-004612', '2018-07-13', 417, NULL, 8072),
('Santhana Pharmacy-Marawila city', 'Santhana Pharmacy-Marawila city', 'Marawila', 'IO-004687', '2018-07-18', 412, NULL, 2785.2),
('Central Devine Phrmacy-Minuwangoda', 'Central Devine Phrmacy-Minuwangoda', 'Minuwangoda', 'IO-004726', '2018-07-21', 409, NULL, 659.6),
('Osu sala - Kandana-Kandana', 'Osu sala - Kandana-Kandana', 'Kandana', 'IO-004738', '2018-07-23', 407, NULL, 1306.65),
('Dr. Palitha Perera-Dankotuwa', 'Dr. Palitha Perera-Dankotuwa', 'Wennappuwa', 'IO-004822', '2018-07-28', 402, NULL, 3000),
('Ranmina Pharmacy-Wennappuwa', 'Ranmina Pharmacy-Wennappuwa', 'Wennappuwa', 'IO-004832', '2018-07-30', 400, NULL, 11924.1),
('The Britise Stores-Nattandiya', 'The Britise Stores-Nattandiya', 'Marawila', 'IO-004849', '2018-07-31', 399, NULL, 18149.8),
('Sujith Nonis Dr.-Minuwangoda', 'Sujith Nonis Dr.-Minuwangoda', 'Minuwangoda', 'IO-004871', '2018-07-31', 399, NULL, 4830),
('Darani Pharmacy-Bolawatta', 'Darani Pharmacy-Bolawatta', 'Wennappuwa', 'IQ-000163', '2018-06-12', 448, NULL, 6482.5),
('Health Line Pharmacy-Kandana', 'Health Line Pharmacy-Kandana', 'Kandana', 'IQ-000222', '2018-06-15', 445, NULL, 2487),
('Indra Pharmacy-Andiambalama-Diulapitiya', 'Indra Pharmacy-Andiambalama-Diulapitiya', 'Minuwangoda', 'IQ-000248', '2018-06-18', 442, NULL, 2947.6),
('PJ Enterprises ( PVT ) LTD-Ja - Ela City', 'PJ Enterprises ( PVT ) LTD-Ja - Ela City', 'Ja - Ela', 'IQ-000363', '2018-07-07', 423, NULL, 13070),
('The Britise Stores-Nattandiya', 'The Britise Stores-Nattandiya', 'Marawila', 'IQ-000401', '2018-07-11', 419, NULL, 7844.96),
('Dr.S.A.Pradeep kumara-Pannala', 'Dr.S.A.Pradeep kumara-Pannala', 'Pannala', 'IQ-000412', '2018-07-12', 418, NULL, 17285.6),
('K&K Pharmacy-Minuwangoda', 'K&K Pharmacy-Minuwangoda', 'Minuwangoda', 'IQ-000415', '2018-07-12', 418, NULL, 27650),
('Dr. Sanath fenando-Marawila city', 'Dr. Sanath fenando-Marawila city', 'Marawila', 'IQ-000427', '2018-07-13', 417, NULL, 16895.1),
('New City Pharmacy - Chilaw-Chilaw', 'New City Pharmacy - Chilaw-Chilaw', 'Chilaw', 'IQ-000431', '2018-07-14', 416, NULL, 6587.5),
('Dr. Prasanna Dissanayaka-Chilaw', 'Dr. Prasanna Dissanayaka-Chilaw', 'Chilaw', 'IQ-000449', '2018-07-16', 414, NULL, 24870),
('Roshani Pharmacy-Ja - Ela City', 'Roshani Pharmacy-Ja - Ela City', 'Ja - Ela', 'IQ-000453', '2018-07-17', 413, NULL, 2519.72),
('Suwasarana Osusala-Negombo city', 'Suwasarana Osusala-Negombo city', 'Negombo', 'IQ-000521', '2018-07-23', 407, NULL, 1645.1),
('Roshani Pharmacy-Ja - Ela City', 'Roshani Pharmacy-Ja - Ela City', 'Ja - Ela', 'IQ-000526', '2018-07-23', 407, NULL, 2354.3),
('Suwani Pharmacy-Hettipola', 'Suwani Pharmacy-Hettipola', 'Hettipola', 'IQ-000618', '2018-08-04', 395, NULL, 1751.7),
('Manthri Nursing Home-Negombo city', 'Manthri Nursing Home-Negombo city', 'Negombo', 'IS-000001', '2017-10-20', 683, NULL, 824),
('Ave Mariya Pharmacy-Negombo city', 'Ave Mariya Pharmacy-Negombo city', 'Negombo', 'IS-000002', '2017-10-20', 683, NULL, 2010),
('Leesons Pharmacy-Raga-Ragama', 'Leesons Pharmacy-Raga-Ragama', 'Wattala', 'IS-000004', '2017-10-20', 683, NULL, 34920),
('Unique Pharmacy-Negombo city', 'Unique Pharmacy-Negombo city', 'Negombo', 'IS-000006', '2017-10-20', 683, NULL, 27020),
('Leesons Pharmacy-Raga-Ragama', 'Leesons Pharmacy-Raga-Ragama', 'Wattala', 'IT-005813', '2018-04-23', 498, NULL, 38100),
('CC-Cash Payment-aaaa', 'CC-Cash Payment-aaaa', 'Chilaw', 'IT-006075', '2018-05-28', 463, NULL, 6200),
('Orient Pharmacy-Negombo city', 'Orient Pharmacy-Negombo city', 'Negombo', 'IT-006299', '2018-07-02', 428, NULL, 23605.8),
('Siyapatha Mini Mart Pharmacy-Ragama', 'Siyapatha Mini Mart Pharmacy-Ragama', 'Wattala', 'IT-006578', '2018-08-08', 391, NULL, 1515),
('Asiri Pharmacy - Ja-Ela-Ja - Ela City', 'Asiri Pharmacy - Ja-Ela-Ja - Ela City', 'Ja - Ela', 'IT-006700', '2018-08-27', 372, NULL, 4075.13),
('X-Lab Pharamacy-Negombo city', 'X-Lab Pharamacy-Negombo city', 'Negombo', 'IT-007216', '2018-10-31', 307, NULL, 6800),
('Health Line Pharmacy-Kandana', 'Health Line Pharmacy-Kandana', 'Kandana', 'IT-007305', '2018-11-12', 295, NULL, 1400),
('Thenuka Pharmacy-Negombo city', 'Thenuka Pharmacy-Negombo city', 'Negombo', 'IT-007309', '2018-11-13', 294, NULL, 2177),
('New Crystal Pharmacy-Negombo city', 'New Crystal Pharmacy-Negombo city', 'Negombo', 'IT-007316', '2018-11-13', 294, NULL, 22465.9),
('Suwasala Pharmacy-Kimbulapitiya', 'Suwasala Pharmacy-Kimbulapitiya', 'Negombo', 'IT-007417', '2018-11-27', 280, NULL, 5890),
('St.Jude\'s Pharmacy - Seeduwa-Seeduwa', 'St.Jude\'s Pharmacy - Seeduwa-Seeduwa', 'Ja - Ela', 'IT-007457', '2018-11-30', 277, NULL, 11842),
('Super Medical-Negombo city', 'Super Medical-Negombo city', 'Negombo', 'IT-007460', '2018-11-30', 277, NULL, 5594.78),
('Sri Pharmacy-Negombo city', 'Sri Pharmacy-Negombo city', 'Negombo', 'IT-007472', '2018-11-30', 277, NULL, 24057),
('Nawa Osusala- Ja Ela-Ja - Ela City', 'Nawa Osusala- Ja Ela-Ja - Ela City', 'Ja - Ela', 'IT-007482', '2018-11-30', 277, NULL, 14000),
('Unique Pharmacy-Negombo city', 'Unique Pharmacy-Negombo city', 'Negombo', 'IT-007614', '2018-12-24', 253, NULL, 7472.4),
('Sri Sathya-Wattala city', 'Sri Sathya-Wattala city', 'Wattala', 'IT-007638', '2018-12-29', 248, NULL, 3810),
('Nimroth Pharmacy 2-Wattala city', 'Nimroth Pharmacy 2-Wattala city', 'Wattala', 'IT-007668', '2019-01-04', 242, NULL, 3506.09),
('Endaramulla Medicals-Wattala city', 'Endaramulla Medicals-Wattala city', 'Wattala', 'IT-007670', '2019-01-04', 242, NULL, 3070),
('New Chemist Pharmacy-Mahabage', 'New Chemist Pharmacy-Mahabage', 'Wattala', 'IT-007699', '2019-01-09', 237, NULL, 3214.35),
('Bopitiya Pharmacy-Bopitiya', 'Bopitiya Pharmacy-Bopitiya', 'Ja - Ela', 'IT-007720', '2019-01-10', 236, NULL, 1305),
('Negombo Food & Drugs-Negombo city', 'Negombo Food & Drugs-Negombo city', 'Negombo', 'IT-007721', '2019-01-11', 235, NULL, 10495.7),
('Handala Medical-Wattala city', 'Handala Medical-Wattala city', 'Wattala', 'IT-007745', '2019-03-22', 165, NULL, 3214.35),
('S&S Medical-Negombo city', 'S&S Medical-Negombo city', 'Negombo', 'IT-007753', '2019-03-22', 165, NULL, 3600),
('X-Lab Pharamacy-Negombo city', 'X-Lab Pharamacy-Negombo city', 'Negombo', 'IT-007786', '2019-03-27', 160, NULL, 4110),
('Relaulla Pharmacy-Kandana', 'Relaulla Pharmacy-Kandana', 'Kandana', 'IT-007789', '2019-03-28', 159, NULL, 1844.35),
('N.S Medical-Seeduwa', 'N.S Medical-Seeduwa', 'Ja - Ela', 'IT-007857', '2019-04-06', 150, NULL, 6038),
('Browns healthcare pvt ltd-Ragama', 'Browns healthcare pvt ltd-Ragama', 'Wattala', 'IT-007872', '2019-04-08', 148, NULL, 4476),
('Darshana Pharmacy-Je -Ela-Ja - Ela City', 'Darshana Pharmacy-Je -Ela-Ja - Ela City', 'Ja - Ela', 'IT-007875', '2019-04-08', 148, NULL, 3080.35),
('Milan Pharmacy-Wattala city', 'Milan Pharmacy-Wattala city', 'Wattala', 'IT-007910', '2019-04-20', 136, NULL, 3787),
('Orient  Pharamacy -Kandana-Kandana', 'Orient  Pharamacy -Kandana-Kandana', 'Kandana', 'IT-007924', '2019-04-24', 132, NULL, 6),
('Leesons Pharmacy-Raga-Ragama', 'Leesons Pharmacy-Raga-Ragama', 'Wattala', 'IT-007935', '2019-04-25', 131, NULL, 20411.3),
('S&S Medical-Negombo city', 'S&S Medical-Negombo city', 'Negombo', 'IT-007950', '2019-04-30', 126, NULL, 6600),
('Super Medical-Negombo city', 'Super Medical-Negombo city', 'Negombo', 'IT-008073', '2019-05-21', 105, NULL, 15389.1),
('Ragama Pharmacy-Ragama', 'Ragama Pharmacy-Ragama', 'Wattala', 'IT-008138', '2019-05-29', 97, NULL, 24082.4),
('Leesons Pharmacy-Raga-Ragama', 'Leesons Pharmacy-Raga-Ragama', 'Wattala', 'IT-008140', '2019-05-30', 96, NULL, 2556.52),
('Handala Medical-Wattala city', 'Handala Medical-Wattala city', 'Wattala', 'IT-008144', '2019-05-30', 96, NULL, 863),
('R&G Pharmacy-Negombo city', 'R&G Pharmacy-Negombo city', 'Negombo', 'IT-008158', '2019-05-31', 95, NULL, 5091.3),
('Reliable Pharmacy-Mahabage', 'Reliable Pharmacy-Mahabage', 'Wattala', 'IT-008159', '2019-05-31', 95, NULL, 171987),
('S&S Medical-Negombo city', 'S&S Medical-Negombo city', 'Negombo', 'IT-008174', '2019-06-04', 91, NULL, 21400),
('N.S Medical-Seeduwa', 'N.S Medical-Seeduwa', 'Ja - Ela', 'IT-008196', '2019-06-07', 88, NULL, 3447),
('N.S Medical-Seeduwa', 'N.S Medical-Seeduwa', 'Ja - Ela', 'IT-008235', '2019-06-15', 80, NULL, 3926.52),
('Gimshani Pharmacy-Kandana', 'Gimshani Pharmacy-Kandana', 'Kandana', 'IT-008253', '2019-06-17', 78, NULL, 3454.35),
('S&S Medical-Negombo city', 'S&S Medical-Negombo city', 'Negombo', 'IT-008283', '2019-06-20', 75, NULL, 21400),
('The Pharma Co (Pvt) Ltd-Negombo city', 'The Pharma Co (Pvt) Ltd-Negombo city', 'Negombo', 'IT-008284', '2019-06-20', 75, NULL, 42800),
('CC-Cash Payment-aaaa', 'CC-Cash Payment-aaaa', 'Chilaw', 'IT-008286', '2019-06-20', 75, NULL, 171),
('PJ Enterprises ( PVT ) LTD-Ja - Ela City', 'PJ Enterprises ( PVT ) LTD-Ja - Ela City', 'Ja - Ela', 'IT-008287', '2019-06-20', 75, NULL, 135160),
('St.Jude\'s Pharmacy - Seeduwa-Seeduwa', 'St.Jude\'s Pharmacy - Seeduwa-Seeduwa', 'Ja - Ela', 'IT-008288', '2019-06-20', 75, NULL, 176885),
('Lak Osu Sala-Seeduwa', 'Lak Osu Sala-Seeduwa', 'Ja - Ela', 'IT-008290', '2019-06-21', 74, NULL, 3430),
('Lanka Pharmacy - Negombo-Negombo city', 'Lanka Pharmacy - Negombo-Negombo city', 'Negombo', 'IT-008292', '2019-06-21', 74, NULL, 44346.9),
('Royal Pharmacy Lanka(Pvt)Ltd-Negombo city', 'Royal Pharmacy Lanka(Pvt)Ltd-Negombo city', 'Negombo', 'IT-008298', '2019-06-22', 73, NULL, 61800),
('New Central Pharmacy - Negombo-Negombo city', 'New Central Pharmacy - Negombo-Negombo city', 'Negombo', 'IT-008301', '2019-06-25', 70, NULL, 10341),
('Asoka Pharmacy-Negombo city', 'Asoka Pharmacy-Negombo city', 'Negombo', 'IT-008317', '2019-06-25', 70, NULL, 6860),
('New Central Pharmacy - Negombo-Negombo city', 'New Central Pharmacy - Negombo-Negombo city', 'Negombo', 'IT-008320', '2019-06-25', 70, NULL, 16080),
('The Pharmacy-Negombo city', 'The Pharmacy-Negombo city', 'Negombo', 'IT-008324', '2019-06-25', 70, NULL, 4280),
('Leesons Pharmacy-Raga-Ragama', 'Leesons Pharmacy-Raga-Ragama', 'Wattala', 'IT-008330', '2019-06-26', 69, NULL, 10148),
('Unique Pharmacy-Negombo city', 'Unique Pharmacy-Negombo city', 'Negombo', 'IT-008337', '2019-06-26', 69, NULL, 34470),
('Nawaloka Hospital-Negombo city', 'Nawaloka Hospital-Negombo city', 'Negombo', 'IT-008341', '2019-06-28', 67, NULL, 3810),
('Unique Pharmacy-Negombo city', 'Unique Pharmacy-Negombo city', 'Negombo', 'IT-008352', '2019-06-29', 66, NULL, 119452),
('Royal Pharmacy Lanka(Pvt)Ltd-Negombo city', 'Royal Pharmacy Lanka(Pvt)Ltd-Negombo city', 'Negombo', 'IT-008353', '2019-06-29', 66, NULL, 120878),
('New Central Pharmacy - Negombo-Negombo city', 'New Central Pharmacy - Negombo-Negombo city', 'Negombo', 'IT-008360', '2019-06-29', 66, NULL, 18359.9),
('Unique Pharmacy-Negombo city', 'Unique Pharmacy-Negombo city', 'Negombo', 'IT-008362', '2019-06-29', 66, NULL, 12880),
('Hansi Pharmacy & Grocery.-Ja - Ela City', 'Hansi Pharmacy & Grocery.-Ja - Ela City', 'Ja - Ela', 'IT-008379', '2019-07-03', 62, NULL, 900),
('Leesons Pharmacy-Raga-Ragama', 'Leesons Pharmacy-Raga-Ragama', 'Wattala', 'IT-008384', '2019-07-03', 62, NULL, 6174.52),
('S&S Medical-Negombo city', 'S&S Medical-Negombo city', 'Negombo', 'IT-008387', '2019-07-04', 61, NULL, 38500),
('Royal Pharmacy Lanka(Pvt)Ltd-Negombo city', 'Royal Pharmacy Lanka(Pvt)Ltd-Negombo city', 'Negombo', 'IT-008391', '2019-07-05', 60, NULL, 2900),
('Nawaloka Hospital-Negombo city', 'Nawaloka Hospital-Negombo city', 'Negombo', 'IT-008396', '2019-07-06', 59, NULL, 211769),
('Rose Villa Pharmacy-Wattala city', 'Rose Villa Pharmacy-Wattala city', 'Wattala', 'IT-008401', '2019-07-06', 59, NULL, 7122.96),
('S&S Medical-Negombo city', 'S&S Medical-Negombo city', 'Negombo', 'IT-008409', '2019-07-06', 59, NULL, 38500),
('Orient Pharmacy-Katunayaka-Aweriwatta', 'Orient Pharmacy-Katunayaka-Aweriwatta', 'Ja - Ela', 'IT-008415', '2019-07-08', 57, NULL, 12789),
('New Central Pharmacy - Negombo-Negombo city', 'New Central Pharmacy - Negombo-Negombo city', 'Negombo', 'IT-008417', '2019-07-08', 57, NULL, 10000),
('New Central Pharmacy - Negombo-Negombo city', 'New Central Pharmacy - Negombo-Negombo city', 'Negombo', 'IT-008428', '2019-07-10', 55, NULL, 8415),
('Shanthi Pharmacy-Negombo city', 'Shanthi Pharmacy-Negombo city', 'Negombo', 'IT-008430', '2019-07-10', 55, NULL, 21472.5),
('Nawaloka Hospital-Negombo city', 'Nawaloka Hospital-Negombo city', 'Negombo', 'IT-008438', '2019-07-11', 54, NULL, 63461.6),
('Lak Osu Sala-Seeduwa', 'Lak Osu Sala-Seeduwa', 'Ja - Ela', 'IT-008447', '2019-07-12', 53, NULL, 3565),
('Ragama Pharmacy-Ragama', 'Ragama Pharmacy-Ragama', 'Wattala', 'IT-008452', '2019-07-12', 53, NULL, 49356.4),
('Osu Sala - Wattala-Wattala city', 'Osu Sala - Wattala-Wattala city', 'Wattala', 'IT-008454', '2019-07-13', 52, NULL, 10655),
('Health Care Pharmacy-Raddolugama', 'Health Care Pharmacy-Raddolugama', 'Ja - Ela', 'IT-008458', '2019-07-17', 48, NULL, 1630),
('New Central Pharmacy - Negombo-Negombo city', 'New Central Pharmacy - Negombo-Negombo city', 'Negombo', 'IT-008477', '2019-07-17', 48, NULL, 8700),
('Ragama Pharmacy-Ragama', 'Ragama Pharmacy-Ragama', 'Wattala', 'IT-008481', '2019-07-17', 48, NULL, 28122.9),
('Isura Pharmacy-Ragama', 'Isura Pharmacy-Ragama', 'Wattala', 'IT-008484', '2019-07-17', 48, NULL, 2744),
('Alliance Pharmacy-Ragama', 'Alliance Pharmacy-Ragama', 'Wattala', 'IT-008486', '2019-07-18', 47, NULL, 4040),
('Nawaloka Hospital-Negombo city', 'Nawaloka Hospital-Negombo city', 'Negombo', 'IT-008487', '2019-07-18', 47, NULL, 4307),
('Handala Medical-Wattala city', 'Handala Medical-Wattala city', 'Wattala', 'IT-008488', '2019-07-18', 47, NULL, 9942),
('Ragama Pharmacy-Ragama', 'Ragama Pharmacy-Ragama', 'Wattala', 'IT-008498', '2019-07-19', 46, NULL, 7472.4),
('City Medicals - Negombo-Negombo city', 'City Medicals - Negombo-Negombo city', 'Negombo', 'IT-008505', '2019-07-22', 43, NULL, 4483.44),
('Mahajana Osusala - Negombo-Negombo city', 'Mahajana Osusala - Negombo-Negombo city', 'Negombo', 'IT-008514', '2019-07-24', 41, NULL, 40755.4),
('Robert Medicals-Kimbulapitiya', 'Robert Medicals-Kimbulapitiya', 'Negombo', 'IT-008516', '2019-07-24', 41, NULL, 30382.9),
('Thenuka Pharmacy-Negombo city', 'Thenuka Pharmacy-Negombo city', 'Negombo', 'IT-008517', '2019-07-24', 41, NULL, 7968.41),
('The Pharmacy-Negombo city', 'The Pharmacy-Negombo city', 'Negombo', 'IT-008521', '2019-07-24', 41, NULL, 7893.48),
('Suwasarana Osusala-Negombo city', 'Suwasarana Osusala-Negombo city', 'Negombo', 'IT-008522', '2019-07-24', 41, NULL, 10891),
('Kalidson Pharmacy-Negombo city', 'Kalidson Pharmacy-Negombo city', 'Negombo', 'IT-008523', '2019-07-24', 41, NULL, 13018),
('New Crystal Pharmacy-Negombo city', 'New Crystal Pharmacy-Negombo city', 'Negombo', 'IT-008527', '2019-07-24', 41, NULL, 28934.9),
('New Lanka Pharmacy-Negombo city', 'New Lanka Pharmacy-Negombo city', 'Negombo', 'IT-008529', '2019-07-24', 41, NULL, 39712.1),
('New ST. Joseph pharmacy& Grocery--Seeduwa', 'New ST. Joseph pharmacy& Grocery--Seeduwa', 'Ja - Ela', 'IT-008531', '2019-07-24', 41, NULL, 24150),
('Unique Pharmacy-Negombo city', 'Unique Pharmacy-Negombo city', 'Negombo', 'IT-008533', '2019-07-24', 41, NULL, 61199.6),
('Reliable Pharmacy-Mahabage', 'Reliable Pharmacy-Mahabage', 'Wattala', 'IT-008536', '2019-07-25', 40, NULL, 11460),
('Ragama Pharmacy-Ragama', 'Ragama Pharmacy-Ragama', 'Wattala', 'IT-008539', '2019-07-25', 40, NULL, 50869.6),
('Reliable Pharmacy-Mahabage', 'Reliable Pharmacy-Mahabage', 'Wattala', 'IT-008540', '2019-07-25', 40, NULL, 2109),
('K.S.A Medical-Negombo city', 'K.S.A Medical-Negombo city', 'Negombo', 'IT-008541', '2019-07-25', 40, NULL, 13150.5),
('Nawaloka Hospital-Negombo city', 'Nawaloka Hospital-Negombo city', 'Negombo', 'IT-008543', '2019-07-25', 40, NULL, 112349),
('Rose Villa Pharmacy-Wattala city', 'Rose Villa Pharmacy-Wattala city', 'Wattala', 'IT-008545', '2019-07-25', 40, NULL, 1962),
('Raddolugama Pharmacy-Raddolugama', 'Raddolugama Pharmacy-Raddolugama', 'Ja - Ela', 'IT-008551', '2019-07-27', 38, NULL, 3801.52),
('Asiri Pharmacy - Raddolugama-Raddolugama', 'Asiri Pharmacy - Raddolugama-Raddolugama', 'Ja - Ela', 'IT-008552', '2019-07-27', 38, NULL, 20174),
('N.S Medical-Seeduwa', 'N.S Medical-Seeduwa', 'Ja - Ela', 'IT-008557', '2019-07-27', 38, NULL, 1450),
('Central Devine Phrmacy-Minuwangoda', 'Central Devine Phrmacy-Minuwangoda', 'Minuwangoda', 'IT-008561', '2019-07-29', 36, NULL, 41150),
('Union Pharmacy Negombo-Negombo city', 'Union Pharmacy Negombo-Negombo city', 'Negombo', 'IT-008565', '2019-07-30', 35, NULL, 5387),
('City Medicals - Negombo-Negombo city', 'City Medicals - Negombo-Negombo city', 'Negombo', 'IT-008568', '2019-07-30', 35, NULL, 17629.4),
('Super Medical-Negombo city', 'Super Medical-Negombo city', 'Negombo', 'IT-008569', '2019-07-30', 35, NULL, 37442.3),
('C&D Pharmacy-Ja - Ela City', 'C&D Pharmacy-Ja - Ela City', 'Ja - Ela', 'IT-008574', '2019-07-30', 35, NULL, 11227),
('Hansi Pharmacy & Grocery.-Ja - Ela City', 'Hansi Pharmacy & Grocery.-Ja - Ela City', 'Ja - Ela', 'IT-008577', '2019-07-30', 35, NULL, 6076),
('Nawa Osusala- Ja Ela-Ja - Ela City', 'Nawa Osusala- Ja Ela-Ja - Ela City', 'Ja - Ela', 'IT-008578', '2019-07-30', 35, NULL, 652),
('The Pharma Co (Pvt) Ltd-Negombo city', 'The Pharma Co (Pvt) Ltd-Negombo city', 'Negombo', 'IT-008579', '2019-07-30', 35, NULL, 19800),
('Unique Pharmacy-Negombo city', 'Unique Pharmacy-Negombo city', 'Negombo', 'IT-008584', '2019-07-30', 35, NULL, 61199.6),
('Sethma Pharmacy - Kandana-Kandana', 'Sethma Pharmacy - Kandana-Kandana', 'Kandana', 'IT-008585', '2019-07-30', 35, NULL, 10700),
('Unique Pharmacy-Negombo city', 'Unique Pharmacy-Negombo city', 'Negombo', 'IT-008588', '2019-07-31', 34, NULL, 67130.2),
('Osu Sala (Co-op) 1 - Negombo-Negombo city', 'Osu Sala (Co-op) 1 - Negombo-Negombo city', 'Negombo', 'IT-008590', '2019-07-31', 34, NULL, 3390),
('Unique Pharmacy-Negombo city', 'Unique Pharmacy-Negombo city', 'Negombo', 'IT-008591', '2019-07-31', 34, NULL, 18050),
('New Lanka Pharmacy-Negombo city', 'New Lanka Pharmacy-Negombo city', 'Negombo', 'IT-008592', '2019-07-31', 34, NULL, 190020),
('Royal Pharmacy Lanka(Pvt)Ltd-Negombo city', 'Royal Pharmacy Lanka(Pvt)Ltd-Negombo city', 'Negombo', 'IT-008597', '2019-07-31', 34, NULL, 135140),
('New Central Pharmacy - Negombo-Negombo city', 'New Central Pharmacy - Negombo-Negombo city', 'Negombo', 'IT-008600', '2019-07-31', 34, NULL, 11452),
('Royal Pharmacy Lanka(Pvt)Ltd-Negombo city', 'Royal Pharmacy Lanka(Pvt)Ltd-Negombo city', 'Negombo', 'IT-008601', '2019-07-31', 34, NULL, 103152),
('New Lanka Pharmacy-Negombo city', 'New Lanka Pharmacy-Negombo city', 'Negombo', 'IT-008603', '2019-07-31', 34, NULL, 48300),
('Leesons Pharmacy-Raga-Ragama', 'Leesons Pharmacy-Raga-Ragama', 'Wattala', 'IT-008606', '2019-07-31', 34, NULL, 118880),
('New Central Pharmacy - Negombo-Negombo city', 'New Central Pharmacy - Negombo-Negombo city', 'Negombo', 'IT-008607', '2019-07-31', 34, NULL, 12073.9),
('Handala Medical-Wattala city', 'Handala Medical-Wattala city', 'Wattala', 'IT-008615', '2019-07-31', 34, NULL, 6119.96),
('Raddolugama Pharmacy-Raddolugama', 'Raddolugama Pharmacy-Raddolugama', 'Ja - Ela', 'IT-008619', '2019-07-31', 34, NULL, 9551.41),
('Ave Mariya Pharmacy-Negombo city', 'Ave Mariya Pharmacy-Negombo city', 'Negombo', 'IT-008620', '2019-07-31', 34, NULL, 3145.52),
('Bopitiya Pharmacy-Bopitiya', 'Bopitiya Pharmacy-Bopitiya', 'Ja - Ela', 'IT-008623', '2019-08-06', 28, NULL, 2109),
('Pamunugama Pharmacy-Bopitiya', 'Pamunugama Pharmacy-Bopitiya', 'Ja - Ela', 'IT-008624', '2019-08-06', 28, NULL, 12051.4),
('Health Line Pharmacy-Kandana', 'Health Line Pharmacy-Kandana', 'Kandana', 'IT-008626', '2019-08-06', 28, NULL, 8201.96),
('Unique Pharmacy-Negombo city', 'Unique Pharmacy-Negombo city', 'Negombo', 'IT-008627', '2019-08-06', 28, NULL, 3960),
('Mahajana Osusala - Negombo-Negombo city', 'Mahajana Osusala - Negombo-Negombo city', 'Negombo', 'IT-008629', '2019-08-07', 27, NULL, 27860.9),
('Jayakodi Pharmacy-Negombo city', 'Jayakodi Pharmacy-Negombo city', 'Negombo', 'IT-008630', '2019-08-07', 27, NULL, 9650),
('Reliance Pharmacy(PVT).LTD-Negombo city', 'Reliance Pharmacy(PVT).LTD-Negombo city', 'Negombo', 'IT-008631', '2019-08-07', 27, NULL, 3458),
('New Lanka Pharmacy-Negombo city', 'New Lanka Pharmacy-Negombo city', 'Negombo', 'IT-008632', '2019-08-07', 27, NULL, 19831.4),
('Robert Medicals-Kimbulapitiya', 'Robert Medicals-Kimbulapitiya', 'Negombo', 'IT-008633', '2019-08-07', 27, NULL, 4050),
('X-Lab Pharamacy-Negombo city', 'X-Lab Pharamacy-Negombo city', 'Negombo', 'IT-008634', '2019-08-07', 27, NULL, 34790),
('X-Lab Pharamacy-Negombo city', 'X-Lab Pharamacy-Negombo city', 'Negombo', 'IT-008635', '2019-08-07', 27, NULL, 47575.6),
('The Pharmacy-Negombo city', 'The Pharmacy-Negombo city', 'Negombo', 'IT-008636', '2019-08-07', 27, NULL, 6850),
('Kalidson Pharmacy-Negombo city', 'Kalidson Pharmacy-Negombo city', 'Negombo', 'IT-008637', '2019-08-07', 27, NULL, 3605),
('Orient Pharmacy-Negombo city', 'Orient Pharmacy-Negombo city', 'Negombo', 'IT-008638', '2019-08-07', 27, NULL, 8739.96),
('Asoka Pharmacy-Negombo city', 'Asoka Pharmacy-Negombo city', 'Negombo', 'IT-008640', '2019-08-07', 27, NULL, 25854),
('Gimshani Pharmacy-Kandana', 'Gimshani Pharmacy-Kandana', 'Kandana', 'IT-008643', '2019-08-08', 26, NULL, 5813.96),
('S&G Pharmacy-Kattuwa', 'S&G Pharmacy-Kattuwa', 'Negombo', 'IT-008644', '2019-08-08', 26, NULL, 8586.52),
('International Institute Of Health Sciences (PVT) L', 'International Institute Of Health Sciences (PVT) L', 'Wattala', 'IT-008645', '2019-08-08', 26, NULL, 12968),
('Sahana Osusala-Ragama', 'Sahana Osusala-Ragama', 'Wattala', 'IT-008646', '2019-08-08', 26, NULL, 2109),
('Sahana Osusala-Ragama', 'Sahana Osusala-Ragama', 'Wattala', 'IT-008647', '2019-08-08', 26, NULL, 4797),
('Ragama Pharmacy-Ragama', 'Ragama Pharmacy-Ragama', 'Wattala', 'IT-008648', '2019-08-08', 26, NULL, 47292.4),
('Leesons Pharmacy-Raga-Ragama', 'Leesons Pharmacy-Raga-Ragama', 'Wattala', 'IT-008649', '2019-08-08', 26, NULL, 22503),
('New City Pharmacy - Ragama-Ragama', 'New City Pharmacy - Ragama-Ragama', 'Wattala', 'IT-008651', '2019-08-08', 26, NULL, 6047),
('Nawaloka Hospital-Negombo city', 'Nawaloka Hospital-Negombo city', 'Negombo', 'IT-008652', '2019-08-08', 26, NULL, 37704.7),
('Health and Glow Pharmacy-Wattala city', 'Health and Glow Pharmacy-Wattala city', 'Wattala', 'IT-008655', '2019-08-08', 26, NULL, 13747.1),
('Health and Glow pharmacy Hunupitiya-Wattala city', 'Health and Glow pharmacy Hunupitiya-Wattala city', 'Wattala', 'IT-008656', '2019-08-08', 26, NULL, 4260.5),
('Family Care Pharmacy-Wattala city', 'Family Care Pharmacy-Wattala city', 'Wattala', 'IT-008657', '2019-08-08', 26, NULL, 10297.9),
('Ave Mariya Pharmacy-Negombo city', 'Ave Mariya Pharmacy-Negombo city', 'Negombo', 'IT-008659', '2019-08-09', 25, NULL, 1372),
('Srilak Pharmacy & Grocery-Seeduwa', 'Srilak Pharmacy & Grocery-Seeduwa', 'Ja - Ela', 'IT-008661', '2019-08-09', 25, NULL, 6705.5),
('N.S Medical-Seeduwa', 'N.S Medical-Seeduwa', 'Ja - Ela', 'IT-008662', '2019-08-09', 25, NULL, 6318),
('Browns healthcare pvt ltd-Ragama', 'Browns healthcare pvt ltd-Ragama', 'Wattala', 'IT-008663', '2019-08-09', 25, NULL, 355227),
('Srilak Pharmacy & Grocery-Seeduwa', 'Srilak Pharmacy & Grocery-Seeduwa', 'Ja - Ela', 'IT-008664', '2019-08-09', 25, NULL, 6420),
('St.Jude\'s Pharmacy - Seeduwa-Seeduwa', 'St.Jude\'s Pharmacy - Seeduwa-Seeduwa', 'Ja - Ela', 'IT-008666', '2019-08-09', 25, NULL, 6403.66),
('Handala Medical-Wattala city', 'Handala Medical-Wattala city', 'Wattala', 'IT-008667', '2019-08-09', 25, NULL, 4192),
('Leesons Pharmacy-Raga-Ragama', 'Leesons Pharmacy-Raga-Ragama', 'Wattala', 'IT-008669', '2019-08-10', 24, NULL, 74899.6),
('Raddolugama Pharmacy-Raddolugama', 'Raddolugama Pharmacy-Raddolugama', 'Ja - Ela', 'IT-008670', '2019-08-12', 22, NULL, 3462),
('Peoples Pharmacy - Raddolugama-Raddolugama', 'Peoples Pharmacy - Raddolugama-Raddolugama', 'Ja - Ela', 'IT-008671', '2019-08-12', 22, NULL, 1178),
('Asiri Pharmacy - Raddolugama-Raddolugama', 'Asiri Pharmacy - Raddolugama-Raddolugama', 'Ja - Ela', 'IT-008672', '2019-08-12', 22, NULL, 1767),
('X-Lab Pharamacy-Negombo city', 'X-Lab Pharamacy-Negombo city', 'Negombo', 'IT-008675', '2019-08-12', 22, NULL, 6956),
('New Lanka Pharmacy-Negombo city', 'New Lanka Pharmacy-Negombo city', 'Negombo', 'IT-008676', '2019-08-12', 22, NULL, 1739),
('Nawa Osusala- Ja Ela-Ja - Ela City', 'Nawa Osusala- Ja Ela-Ja - Ela City', 'Ja - Ela', 'IT-008677', '2019-08-12', 22, NULL, 34038),
('Reliable Pharmacy-Mahabage', 'Reliable Pharmacy-Mahabage', 'Wattala', 'IT-008678', '2019-08-12', 22, NULL, 708),
('Reliable Pharmacy-Mahabage', 'Reliable Pharmacy-Mahabage', 'Wattala', 'IT-008679', '2019-08-12', 22, NULL, 3173.91),
('Reliable Pharmacy-Mahabage', 'Reliable Pharmacy-Mahabage', 'Wattala', 'IT-008680', '2019-08-12', 22, NULL, 1828.41),
('St.Joseph\'s Pharmacy-Ja - Ela City', 'St.Joseph\'s Pharmacy-Ja - Ela City', 'Ja - Ela', 'IT-008681', '2019-08-12', 22, NULL, 708),
('Darshana Pharmacy-Je -Ela-Ja - Ela City', 'Darshana Pharmacy-Je -Ela-Ja - Ela City', 'Ja - Ela', 'IT-008682', '2019-08-12', 22, NULL, 16436),
('Hansi Pharmacy & Grocery.-Ja - Ela City', 'Hansi Pharmacy & Grocery.-Ja - Ela City', 'Ja - Ela', 'IT-008683', '2019-08-12', 22, NULL, 4010.96),
('PJ Enterprises ( PVT ) LTD-Ja - Ela City', 'PJ Enterprises ( PVT ) LTD-Ja - Ela City', 'Ja - Ela', 'IT-008684', '2019-08-12', 22, NULL, 83923.6),
('Thilina Pharmacy-Ekala', 'Thilina Pharmacy-Ekala', 'Ja - Ela', 'IT-008685', '2019-08-12', 22, NULL, 6119.96),
('Bopitiya Pharmacy-Bopitiya', 'Bopitiya Pharmacy-Bopitiya', 'Ja - Ela', 'IT-008686', '2019-08-12', 22, NULL, 2109),
('Royal Pharmacy-Kandana', 'Royal Pharmacy-Kandana', 'Kandana', 'IT-008687', '2019-08-12', 22, NULL, 4758),
('Health Line Pharmacy-Kandana', 'Health Line Pharmacy-Kandana', 'Kandana', 'IT-008688', '2019-08-12', 22, NULL, 7569.96),
('Bopitiya Pharmacy-Bopitiya', 'Bopitiya Pharmacy-Bopitiya', 'Ja - Ela', 'IT-008689', '2019-08-12', 22, NULL, 12830),
('Sri Pharmacy-Negombo city', 'Sri Pharmacy-Negombo city', 'Negombo', 'IT-008691', '2019-08-20', 14, NULL, 27407.5),
('New Central Pharmacy - Negombo-Negombo city', 'New Central Pharmacy - Negombo-Negombo city', 'Negombo', 'IT-008693', '2019-08-15', 19, NULL, 6916.82),
('City Medicals - Negombo-Negombo city', 'City Medicals - Negombo-Negombo city', 'Negombo', 'IT-008694', '2019-08-15', 19, NULL, 13126.3),
('Negombo Drugs-Negombo city', 'Negombo Drugs-Negombo city', 'Negombo', 'IT-008695', '2019-08-15', 19, NULL, 3067.38),
('Thalahena Pharmacy-Thalahena', 'Thalahena Pharmacy-Thalahena', 'Negombo', 'IT-008697', '2019-08-15', 19, NULL, 6475.96),
('New Pharmacy - Wattala-Wattala city', 'New Pharmacy - Wattala-Wattala city', 'Wattala', 'IT-008698', '2019-08-15', 19, NULL, 14633.9),
('Handala Medical-Wattala city', 'Handala Medical-Wattala city', 'Wattala', 'IT-008699', '2019-08-15', 19, NULL, 8136.96),
('Shanthi Pharmacy-Negombo city', 'Shanthi Pharmacy-Negombo city', 'Negombo', 'IT-008700', '2019-08-15', 19, NULL, 25327.1),
('Pamunugama Pharmacy-Bopitiya', 'Pamunugama Pharmacy-Bopitiya', 'Ja - Ela', 'IT-008701', '2019-08-15', 19, NULL, 11819.4),
('Reliable Pharmacy-Mahabage', 'Reliable Pharmacy-Mahabage', 'Wattala', 'IT-008702', '2019-08-15', 19, NULL, 2691),
('Royal Pharmacy Lanka(Pvt)Ltd-Negombo city', 'Royal Pharmacy Lanka(Pvt)Ltd-Negombo city', 'Negombo', 'IT-008704', '2019-08-16', 18, NULL, 234474),
('New Lanka Pharmacy-Negombo city', 'New Lanka Pharmacy-Negombo city', 'Negombo', 'IT-008705', '2019-08-16', 18, NULL, 65310),
('Raddolugama Pharmacy-Raddolugama', 'Raddolugama Pharmacy-Raddolugama', 'Ja - Ela', 'IT-008707', '2019-08-16', 18, NULL, 2206.7),
('Unique Pharmacy-Negombo city', 'Unique Pharmacy-Negombo city', 'Negombo', 'IT-008709', '2019-08-16', 18, NULL, 44790),
('Leesons Pharmacy-Raga-Ragama', 'Leesons Pharmacy-Raga-Ragama', 'Wattala', 'IT-008710', '2019-08-16', 18, NULL, 24194),
('Health and Glow pharmacy Hunupitiya-Wattala city', 'Health and Glow pharmacy Hunupitiya-Wattala city', 'Wattala', 'IT-008711', '2019-08-17', 17, NULL, 7590),
('Health and Glow Pharmacy-Wattala city', 'Health and Glow Pharmacy-Wattala city', 'Wattala', 'IT-008712', '2019-08-17', 17, NULL, 9492.96),
('Osu Sala - Wattala-Wattala city', 'Osu Sala - Wattala-Wattala city', 'Wattala', 'IT-008713', '2019-08-17', 17, NULL, 26832.4),
('Sri Sathya-Wattala city', 'Sri Sathya-Wattala city', 'Wattala', 'IT-008714', '2019-08-17', 17, NULL, 25063.5),
('Lakshan chemist-Wattala city', 'Lakshan chemist-Wattala city', 'Wattala', 'IT-008717', '2019-08-17', 17, NULL, 2109),
('Bopitiya Pharmacy-Bopitiya', 'Bopitiya Pharmacy-Bopitiya', 'Ja - Ela', 'IT-008719', '2019-08-17', 17, NULL, 1345.5),
('Laksiri Pharmacy-Aweriwatta', 'Laksiri Pharmacy-Aweriwatta', 'Ja - Ela', 'IT-008721', '2019-08-19', 15, NULL, 1178),
('Leesons Pharmacy-Raga-Ragama', 'Leesons Pharmacy-Raga-Ragama', 'Wattala', 'IT-008722', '2019-08-20', 14, NULL, 52185),
('Sethma Pharmacy - Kandana-Kandana', 'Sethma Pharmacy - Kandana-Kandana', 'Kandana', 'IT-008723', '2019-08-20', 14, NULL, 152486),
('Royal Pharmacy-Kandana', 'Royal Pharmacy-Kandana', 'Kandana', 'IT-008725', '2019-08-20', 14, NULL, 1859),
('Mahajana Osusala - Negombo-Negombo city', 'Mahajana Osusala - Negombo-Negombo city', 'Negombo', 'IT-008726', '2019-08-20', 14, NULL, 20071.4),
('New Crystal Pharmacy-Negombo city', 'New Crystal Pharmacy-Negombo city', 'Negombo', 'IT-008727', '2019-08-20', 14, NULL, 18161.2),
('Orient Pharmacy-Negombo city', 'Orient Pharmacy-Negombo city', 'Negombo', 'IT-008728', '2019-08-20', 14, NULL, 2001),
('S&G Pharmacy-Kattuwa', 'S&G Pharmacy-Kattuwa', 'Negombo', 'IT-008729', '2019-08-20', 14, NULL, 10024.5),
('K.S.A Medical-Negombo city', 'K.S.A Medical-Negombo city', 'Negombo', 'IT-008730', '2019-08-20', 14, NULL, 14193.5),
('Kalidson Pharmacy-Negombo city', 'Kalidson Pharmacy-Negombo city', 'Negombo', 'IT-008731', '2019-08-20', 14, NULL, 9993.96),
('Robert Medicals-Kimbulapitiya', 'Robert Medicals-Kimbulapitiya', 'Negombo', 'IT-008732', '2019-08-20', 14, NULL, 10837),
('New Lanka Pharmacy-Negombo city', 'New Lanka Pharmacy-Negombo city', 'Negombo', 'IT-008733', '2019-08-20', 14, NULL, 24356.9),
('Reliance Pharmacy(PVT).LTD-Negombo city', 'Reliance Pharmacy(PVT).LTD-Negombo city', 'Negombo', 'IT-008734', '2019-08-20', 14, NULL, 7805.96),
('Royal Pharmacy-Negombo city', 'Royal Pharmacy-Negombo city', 'Negombo', 'IT-008738', '2019-08-21', 13, NULL, 7317),
('Unique Pharmacy-Negombo city', 'Unique Pharmacy-Negombo city', 'Negombo', 'IT-008739', '2019-08-21', 13, NULL, 72979.6),
('Leesons Pharmacy-Raga-Ragama', 'Leesons Pharmacy-Raga-Ragama', 'Wattala', 'IT-008740', '2019-08-22', 12, NULL, 62023.4),
('Nawaloka Hospital-Negombo city', 'Nawaloka Hospital-Negombo city', 'Negombo', 'IT-008741', '2019-08-22', 12, NULL, 114011),
('Sudish Pharmacy & Grocerry-Wattala city', 'Sudish Pharmacy & Grocerry-Wattala city', 'Wattala', 'IT-008742', '2019-08-22', 12, NULL, 4116.5),
('Osu Sala - Wattala-Wattala city', 'Osu Sala - Wattala-Wattala city', 'Wattala', 'IT-008743', '2019-08-22', 12, NULL, 4720),
('Pharma Chemie-Wattala city', 'Pharma Chemie-Wattala city', 'Wattala', 'IT-008744', '2019-08-22', 12, NULL, 3029),
('Gimshani Pharmacy-Kandana', 'Gimshani Pharmacy-Kandana', 'Kandana', 'IT-008745', '2019-08-22', 12, NULL, 7614),
('Alliance Pharmacy-Ragama', 'Alliance Pharmacy-Ragama', 'Wattala', 'IT-008746', '2019-08-22', 12, NULL, 3430),
('Isuri Pharmacy - Wattala-Wattala city', 'Isuri Pharmacy - Wattala-Wattala city', 'Wattala', 'IT-008748', '2019-08-22', 12, NULL, 1345.5),
('St.Jude\'s Pharmacy - Seeduwa-Seeduwa', 'St.Jude\'s Pharmacy - Seeduwa-Seeduwa', 'Ja - Ela', 'IT-008749', '2019-08-23', 11, NULL, 6750.96),
('Seeduwa Medicals Stores-Seeduwa', 'Seeduwa Medicals Stores-Seeduwa', 'Ja - Ela', 'IT-008750', '2019-08-23', 11, NULL, 4218),
('Pamunugama Osusala-Raddolugama', 'Pamunugama Osusala-Raddolugama', 'Ja - Ela', 'IT-008751', '2019-08-23', 11, NULL, 25615.2),
('Bopitiya Pharmacy-Bopitiya', 'Bopitiya Pharmacy-Bopitiya', 'Ja - Ela', 'IT-008753', '2019-08-27', 7, NULL, 5749.96),
('St.Joseph\'s Pharmacy-Bopitiya', 'St.Joseph\'s Pharmacy-Bopitiya', 'Ja - Ela', 'IT-008754', '2019-08-27', 7, NULL, 1767),
('Pamunugama Pharmacy-Bopitiya', 'Pamunugama Pharmacy-Bopitiya', 'Ja - Ela', 'IT-008755', '2019-08-27', 7, NULL, 9634),
('Relaulla Pharmacy-Kandana', 'Relaulla Pharmacy-Kandana', 'Kandana', 'IT-008756', '2019-08-27', 7, NULL, 2740),
('Orient  Pharamacy -Kandana-Kandana', 'Orient  Pharamacy -Kandana-Kandana', 'Kandana', 'IT-008757', '2019-08-27', 7, NULL, 6119.96),
('Royal Pharmacy-Kandana', 'Royal Pharmacy-Kandana', 'Kandana', 'IT-008758', '2019-08-27', 7, NULL, 3559),
('Raddolugama Pharmacy-Raddolugama', 'Raddolugama Pharmacy-Raddolugama', 'Ja - Ela', 'IT-008760', '2019-08-27', 7, NULL, 4879),
('Sasithma Pharmacy-Ja - Ela City', 'Sasithma Pharmacy-Ja - Ela City', 'Ja - Ela', 'IT-008763', '2019-08-27', 7, NULL, 11242.8),
('Nawa Osusala- Ja Ela-Ja - Ela City', 'Nawa Osusala- Ja Ela-Ja - Ela City', 'Ja - Ela', 'IT-008764', '2019-08-27', 7, NULL, 6930),
('PJ Enterprises ( PVT ) LTD-Ja - Ela City', 'PJ Enterprises ( PVT ) LTD-Ja - Ela City', 'Ja - Ela', 'IT-008765', '2019-08-27', 7, NULL, 46853.4),
('Nawa Osusala- Ja Ela-Ja - Ela City', 'Nawa Osusala- Ja Ela-Ja - Ela City', 'Ja - Ela', 'IT-008766', '2019-08-27', 7, NULL, 13978.9),
('C&D Pharmacy-Ja - Ela City', 'C&D Pharmacy-Ja - Ela City', 'Ja - Ela', 'IT-008767', '2019-08-27', 7, NULL, 11569),
('St.Jude\'s Pharmacy - Ja-Ela-Ja - Ela City', 'St.Jude\'s Pharmacy - Ja-Ela-Ja - Ela City', 'Ja - Ela', 'IT-008768', '2019-08-27', 7, NULL, 16209),
('Niwasipura Pharmacy-Ja - Ela City', 'Niwasipura Pharmacy-Ja - Ela City', 'Ja - Ela', 'IT-008769', '2019-08-27', 7, NULL, 1178),
('Union Pharmacy Negombo-Negombo city', 'Union Pharmacy Negombo-Negombo city', 'Negombo', 'IT-008770', '2019-08-28', 6, NULL, 4010.96),
('Thalahena Pharmacy-Thalahena', 'Thalahena Pharmacy-Thalahena', 'Negombo', 'IT-008771', '2019-08-28', 6, NULL, 6119.96),
('Silveray Pharmacy-Negombo city', 'Silveray Pharmacy-Negombo city', 'Negombo', 'IT-008772', '2019-08-28', 6, NULL, 5033.66),
('Shanthi Pharmacy-Negombo city', 'Shanthi Pharmacy-Negombo city', 'Negombo', 'IT-008773', '2019-08-28', 6, NULL, 4441),
('Better Health Pharmacy-Negombo city', 'Better Health Pharmacy-Negombo city', 'Negombo', 'IT-008774', '2019-08-28', 6, NULL, 10794),
('New Central Pharmacy - Negombo-Negombo city', 'New Central Pharmacy - Negombo-Negombo city', 'Negombo', 'IT-008775', '2019-08-28', 6, NULL, 12233.4),
('City Medicals - Negombo-Negombo city', 'City Medicals - Negombo-Negombo city', 'Negombo', 'IT-008776', '2019-08-28', 6, NULL, 10109.9),
('Lanka Pharmacy - Negombo-Negombo city', 'Lanka Pharmacy - Negombo-Negombo city', 'Negombo', 'IT-008777', '2019-08-28', 6, NULL, 53124),
('Osu Sala (Co-op) 1 - Negombo-Negombo city', 'Osu Sala (Co-op) 1 - Negombo-Negombo city', 'Negombo', 'IT-008778', '2019-08-28', 6, NULL, 8483.37),
('Super Medical-Negombo city', 'Super Medical-Negombo city', 'Negombo', 'IT-008779', '2019-08-28', 6, NULL, 33384.3),
('Sri Pharmacy-Negombo city', 'Sri Pharmacy-Negombo city', 'Negombo', 'IT-008780', '2019-08-28', 6, NULL, 23047),
('Laksiri Pharmacy-Aweriwatta', 'Laksiri Pharmacy-Aweriwatta', 'Ja - Ela', 'IT-008781', '2019-08-28', 6, NULL, 6860),
('Sampath Pharmacy-Ragama', 'Sampath Pharmacy-Ragama', 'Wattala', 'IT-008782', '2019-08-29', 5, NULL, 19593),
('New City Pharmacy - Ragama-Ragama', 'New City Pharmacy - Ragama-Ragama', 'Wattala', 'IT-008783', '2019-08-29', 5, NULL, 5584),
('Leesons Pharmacy-Raga-Ragama', 'Leesons Pharmacy-Raga-Ragama', 'Wattala', 'IT-008784', '2019-08-29', 5, NULL, 19554.1),
('Sahana Osusala-Ragama', 'Sahana Osusala-Ragama', 'Wattala', 'IT-008786', '2019-08-29', 5, NULL, 13534),
('Samarashingeha Pharmacy-Ragama', 'Samarashingeha Pharmacy-Ragama', 'Wattala', 'IT-008787', '2019-08-29', 5, NULL, 3916),
('Reliable Pharmacy-Mahabage', 'Reliable Pharmacy-Mahabage', 'Wattala', 'IT-008788', '2019-08-29', 5, NULL, 5488),
('Nawaloka Hospital-Negombo city', 'Nawaloka Hospital-Negombo city', 'Negombo', 'IT-008789', '2019-08-29', 5, NULL, 89339),
('New Lanka Pharmacy-Negombo city', 'New Lanka Pharmacy-Negombo city', 'Negombo', 'IT-008790', '2019-08-29', 5, NULL, 1400),
('People\'s Pharmacy & Grocery-Wattala city', 'People\'s Pharmacy & Grocery-Wattala city', 'Wattala', 'IT-008792', '2019-08-29', 5, NULL, 40686.5),
('Unique Pharmacy-Negombo city', 'Unique Pharmacy-Negombo city', 'Negombo', 'IT-008794', '2019-08-31', 3, NULL, 40890),
('New Leo Pharmacy-Negombo city', 'New Leo Pharmacy-Negombo city', 'Negombo', 'IT-008795', '2019-08-31', 3, NULL, 199100),
('Royal Pharmacy Lanka(Pvt)Ltd-Negombo city', 'Royal Pharmacy Lanka(Pvt)Ltd-Negombo city', 'Negombo', 'IT-008796', '2019-08-31', 3, NULL, 199100),
('Health and Glow Pharmacy-Wattala city', 'Health and Glow Pharmacy-Wattala city', 'Wattala', 'IT-008797', '2019-08-31', 3, NULL, 15661),
('Pamunugama Osusala-Raddolugama', 'Pamunugama Osusala-Raddolugama', 'Ja - Ela', 'IT-008798', '2019-08-31', 3, NULL, 9062.96),
('St.Jude\'s Pharmacy - Seeduwa-Seeduwa', 'St.Jude\'s Pharmacy - Seeduwa-Seeduwa', 'Ja - Ela', 'IT-008799', '2019-08-31', 3, NULL, 5442),
('St.Mary\'s Pharmacy - Katunayake-Katunayake', 'St.Mary\'s Pharmacy - Katunayake-Katunayake', 'Ja - Ela', 'IT-008800', '2019-08-31', 3, NULL, 4549),
('PJ Enterprises ( PVT ) LTD-Ja - Ela City', 'PJ Enterprises ( PVT ) LTD-Ja - Ela City', 'Ja - Ela', 'IT-008801', '2019-08-31', 3, NULL, 14944.8),
('Seeduwa Osu sala-Seeduwa', 'Seeduwa Osu sala-Seeduwa', 'Ja - Ela', 'IT-008802', '2019-08-31', 3, NULL, 35244.8),
('New ST. Joseph pharmacy& Grocery--Seeduwa', 'New ST. Joseph pharmacy& Grocery--Seeduwa', 'Ja - Ela', 'IT-008803', '2019-08-31', 3, NULL, 5877),
('New Lanka Pharmacy-Negombo city', 'New Lanka Pharmacy-Negombo city', 'Negombo', 'IT-008804', '2019-08-31', 3, NULL, 130160),
('Royal Pharmacy-Negombo city', 'Royal Pharmacy-Negombo city', 'Negombo', 'IT-008805', '2019-08-31', 3, NULL, 38100),
('Seeduwa Medicals Stores-Seeduwa', 'Seeduwa Medicals Stores-Seeduwa', 'Ja - Ela', 'IT-008806', '2019-08-31', 3, NULL, 13059),
('Jayanthi Pharmacy - Katunayake-Aweriwatta', 'Jayanthi Pharmacy - Katunayake-Aweriwatta', 'Ja - Ela', 'IT-008807', '2019-08-31', 3, NULL, 3848);
INSERT INTO `sanoutupload` (`sID`, `sCustName`, `sTown`, `inv`, `date`, `age`, `amount`, `balAmount`) VALUES
('PJ Enterprises ( PVT ) LTD-Ja - Ela City', 'PJ Enterprises ( PVT ) LTD-Ja - Ela City', 'Ja - Ela', 'IT-008808', '2019-08-31', 3, NULL, 42495),
('Bopitiya Pharmacy-Bopitiya', 'Bopitiya Pharmacy-Bopitiya', 'Ja - Ela', 'IT-008809', '2019-08-31', 3, NULL, 2109),
('Health Line Pharmacy-Kandana', 'Health Line Pharmacy-Kandana', 'Kandana', 'IT-008810', '2019-08-31', 3, NULL, 3479),
('Thilina Pharmacy-Ekala', 'Thilina Pharmacy-Ekala', 'Ja - Ela', 'IT-008811', '2019-08-31', 3, NULL, 1372),
('Gimshani Pharmacy-Kandana', 'Gimshani Pharmacy-Kandana', 'Kandana', 'IT-008812', '2019-08-31', 3, NULL, 3694),
('Royal Pharmacy-Kandana', 'Royal Pharmacy-Kandana', 'Kandana', 'IT-008813', '2019-08-31', 3, NULL, 6235.37),
('Osu sala - Kandana-Kandana', 'Osu sala - Kandana-Kandana', 'Kandana', 'IT-008814', '2019-08-31', 3, NULL, 6792.71),
('Pamunugama Pharmacy-Bopitiya', 'Pamunugama Pharmacy-Bopitiya', 'Ja - Ela', 'IT-008815', '2019-08-31', 3, NULL, 2955.5),
('St.Joseph\'s Pharmacy-Bopitiya', 'St.Joseph\'s Pharmacy-Bopitiya', 'Ja - Ela', 'IT-008816', '2019-08-31', 3, NULL, 3810),
('Leesons Pharmacy-Raga-Ragama', 'Leesons Pharmacy-Raga-Ragama', 'Wattala', 'IT-008817', '2019-08-31', 3, NULL, 112349),
('New Lanka Pharmacy-Negombo city', 'New Lanka Pharmacy-Negombo city', 'Negombo', 'IT-008818', '2019-08-31', 3, NULL, 34780),
('Harith Pharmacy-Kandana', 'Harith Pharmacy-Kandana', 'Kandana', 'IV-009200', '2016-10-22', 1046, NULL, 13783.2),
('Sea Street Osu Sala-Negombo city', 'Sea Street Osu Sala-Negombo city', 'Negombo', 'IV-009776', '2016-11-28', 1009, NULL, 7947),
('Dr. S.S.Dayarathna-Negombo city', 'Dr. S.S.Dayarathna-Negombo city', 'Negombo', 'IV-010062', '2016-12-16', 991, NULL, 22100),
('Dr. S.S.Dayarathna-Negombo city', 'Dr. S.S.Dayarathna-Negombo city', 'Negombo', 'IV-010638', '2017-01-31', 945, NULL, 14020),
('Safayar Pharmacy-Kuliyapitiya', 'Safayar Pharmacy-Kuliyapitiya', 'Kuliyapitiya', 'IV-011358', '2017-03-21', 896, NULL, 9607.5),
('Safayar Pharmacy-Kuliyapitiya', 'Safayar Pharmacy-Kuliyapitiya', 'Kuliyapitiya', 'IV-011462', '2017-03-29', 888, NULL, 10925.1),
('Suwasetha Osu Sala-Diulapitiya', 'Suwasetha Osu Sala-Diulapitiya', 'Minuwangoda', 'IV-011828', '2017-04-27', 859, NULL, 5201.45),
('Suwasetha Osu Sala-Diulapitiya', 'Suwasetha Osu Sala-Diulapitiya', 'Minuwangoda', 'IV-012272', '2017-05-30', 826, NULL, 9647.6),
('Suwasetha Osu Sala-Diulapitiya', 'Suwasetha Osu Sala-Diulapitiya', 'Minuwangoda', 'IV-012388', '2017-06-05', 820, NULL, 4843),
('Darshana Pharmacy-Je -Ela-Ja - Ela City', 'Darshana Pharmacy-Je -Ela-Ja - Ela City', 'Ja - Ela', 'IV-012901', '2017-07-06', 789, NULL, 26777),
('K.F.D.(Pte) Ltd.-Kandana', 'K.F.D.(Pte) Ltd.-Kandana', 'Kandana', 'IV-012902', '2017-07-06', 789, NULL, 45770.2),
('Dr. Sanath fenando-Marawila city', 'Dr. Sanath fenando-Marawila city', 'Marawila', 'IV-014468', '2017-10-17', 686, NULL, 4956.5);

-- --------------------------------------------------------

--
-- Table structure for table `temp`
--

DROP TABLE IF EXISTS `temp`;
CREATE TABLE IF NOT EXISTS `temp` (
  `aaa` varchar(20) NOT NULL,
  `bbb` varchar(20) NOT NULL,
  `ccc` varchar(20) NOT NULL,
  `ddd` varchar(20) NOT NULL,
  `eee` date NOT NULL,
  `nn` float NOT NULL,
  `bb` float NOT NULL,
  PRIMARY KEY (`ddd`)
) ENGINE=InnoDB DEFAULT CHARSET=latin1;

--
-- Dumping data for table `temp`
--

INSERT INTO `temp` (`aaa`, `bbb`, `ccc`, `ddd`, `eee`, `nn`, `bb`) VALUES
('sd', 'as', 'as', 'asc', '2019-07-01', 45, 56),
('sd', 'as', 'as', 'asd', '2019-07-01', 45, 56),
('sd', 'as', 'as', 'zxc', '2019-07-01', 45, 56);

--
-- Constraints for dumped tables
--

--
-- Constraints for table `customer`
--
ALTER TABLE `customer`
  ADD CONSTRAINT `customer_ibfk_1` FOREIGN KEY (`cpID`) REFERENCES `cipla` (`cID`) ON DELETE SET NULL ON UPDATE CASCADE,
  ADD CONSTRAINT `customer_ibfk_10` FOREIGN KEY (`sID2`) REFERENCES `sanofi` (`sID`) ON DELETE SET NULL ON UPDATE CASCADE,
  ADD CONSTRAINT `customer_ibfk_2` FOREIGN KEY (`hID`) REFERENCES `hemas` (`hID`) ON DELETE SET NULL ON UPDATE CASCADE,
  ADD CONSTRAINT `customer_ibfk_3` FOREIGN KEY (`gsID`) REFERENCES `gs` (`gID`) ON DELETE SET NULL ON UPDATE CASCADE,
  ADD CONSTRAINT `customer_ibfk_4` FOREIGN KEY (`jID`) REFERENCES `jlm` (`jID`) ON DELETE SET NULL ON UPDATE CASCADE,
  ADD CONSTRAINT `customer_ibfk_5` FOREIGN KEY (`hID2`) REFERENCES `hemas` (`hID`) ON DELETE SET NULL ON UPDATE CASCADE,
  ADD CONSTRAINT `customer_ibfk_6` FOREIGN KEY (`cpID2`) REFERENCES `cipla` (`cID`) ON DELETE SET NULL ON UPDATE CASCADE,
  ADD CONSTRAINT `customer_ibfk_7` FOREIGN KEY (`gsID2`) REFERENCES `gs` (`gID`) ON DELETE SET NULL ON UPDATE CASCADE,
  ADD CONSTRAINT `customer_ibfk_8` FOREIGN KEY (`jID2`) REFERENCES `jlm` (`jID`) ON DELETE SET NULL ON UPDATE CASCADE,
  ADD CONSTRAINT `customer_ibfk_9` FOREIGN KEY (`sID`) REFERENCES `sanofi` (`sID`) ON DELETE SET NULL ON UPDATE CASCADE;
COMMIT;

/*!40101 SET CHARACTER_SET_CLIENT=@OLD_CHARACTER_SET_CLIENT */;
/*!40101 SET CHARACTER_SET_RESULTS=@OLD_CHARACTER_SET_RESULTS */;
/*!40101 SET COLLATION_CONNECTION=@OLD_COLLATION_CONNECTION */;
