-- phpMyAdmin SQL Dump
-- version 4.8.4
-- https://www.phpmyadmin.net/
--
-- Host: 127.0.0.1:3306
-- Generation Time: Jan 25, 2023 at 01:31 PM
-- Server version: 5.7.24
-- PHP Version: 7.2.14

SET SQL_MODE = "NO_AUTO_VALUE_ON_ZERO";
SET AUTOCOMMIT = 0;
START TRANSACTION;
SET time_zone = "+00:00";


/*!40101 SET @OLD_CHARACTER_SET_CLIENT=@@CHARACTER_SET_CLIENT */;
/*!40101 SET @OLD_CHARACTER_SET_RESULTS=@@CHARACTER_SET_RESULTS */;
/*!40101 SET @OLD_COLLATION_CONNECTION=@@COLLATION_CONNECTION */;
/*!40101 SET NAMES utf8mb4 */;

--
-- Database: `westcen`
--

-- --------------------------------------------------------

--
-- Table structure for table `cipla`
--

DROP TABLE IF EXISTS `cipla`;
CREATE TABLE IF NOT EXISTS `cipla` (
  `cID` varchar(20) NOT NULL,
  `custName` varchar(50) NOT NULL,
  `town` varchar(20) NOT NULL,
  PRIMARY KEY (`cID`),
  UNIQUE KEY `hID` (`cID`)
) ENGINE=InnoDB DEFAULT CHARSET=latin1;

--
-- Dumping data for table `cipla`
--

INSERT INTO `cipla` (`cID`, `custName`, `town`) VALUES
('', '', ''),
('CD0002', 'Abeysinghe Dr.', 'Bopitiya'),
('CD0006', 'Amila Pharmacy', 'Ja-Ela'),
('CD0012', 'Asiri Pharmacy', 'Ja-Ela'),
('CD0013', 'Asiri Pharmacy', 'Raddolugama'),
('CD0016', 'Ave Maria Pharmacy', 'Negombo'),
('CD0018', 'Better Health Pharmacy', 'Negombo'),
('CD0020', 'Cash Customer - Colombo D', 'Negombo'),
('CD0023', 'City Medical', 'Negombo'),
('CD0024', 'City Pharmacy', 'Ja-Ela'),
('CD0025', 'City Pharmacy', 'Ragama'),
('CD0032', 'Digasiri Pharmacy', 'Ja-Ela'),
('CD0035', 'Ekala Pharmacy', 'Ja-Ela'),
('CD0036', 'Enderamulla Asiri Pharmacy', 'Wattala'),
('CD0040', 'Fernando Lakshman Dr.', 'Wattala'),
('CD0044', 'Gimshani Pharmacy', 'Kandana'),
('CD0045', 'Gold Crest Pharmacy', 'Seeduwa'),
('CD0046', 'Gunaratne Neville Dr.', 'Ja-Ela'),
('CD0052', 'Health  Glow Pharmacy', 'Wattala'),
('CD0053', 'Health Care Medicla', 'Negombo'),
('CD0055', 'Healthline Pharmacy', 'Kandana'),
('CD0057', 'Hendala Pharmacy', 'Wattala'),
('CD0062', 'Isuri Pharmacy', 'Wattala'),
('CD0063', 'J  J Pharmacy', 'Negombo'),
('CD0065', 'Javahir Dr.', 'Wattala'),
('CD0071', 'Kalidson Pharmacy', 'Negombo'),
('CD0072', 'Kandana Food  Drugs', 'Kandana'),
('CD0073', 'Kapuwatha Pharmacy', 'Ja-Ela'),
('CD0078', 'Krishmo Pharmacy', 'Wattala'),
('CD0080', 'Lanka Pharmacy', 'Negombo'),
('CD0081', 'Laxsri Pharmacy', 'Katunayake'),
('CD0083', 'Leesons Pharmacy', 'Ragama'),
('CD0087', 'M.P.C.S. (Osu Sala)', 'Negombo'),
('CD0088', 'Mahajana Osu Sala', 'Negombo'),
('CD0099', 'Milan Pharmacy', 'Wattala'),
('CD0104', 'Nawa Osusala', 'Ja-Ela'),
('CD0105', 'Negombo Food  Drugs', 'Negombo'),
('CD0107', 'New Central Pharmacy', 'Negombo'),
('CD0111', 'New Pharmacy', 'Wattala'),
('CD0121', 'Nishantha Herath Dr.', 'Kandana'),
('CD0123', 'Niwasi Pharmacy', 'Ja-Ela'),
('CD0124', 'Orient Pharmacy', 'Averiwatta'),
('CD0125', 'Orient Pharmacy', 'Kandana'),
('CD0126', 'Osu Sala', 'Kandana'),
('CD0128', 'Osu Sala Wattala', 'Wattala'),
('CD0130', 'Pamunugama Pharmacy', 'Bopitiya'),
('CD0132', 'Peoples Pharmacy', 'Raddolugama'),
('CD0133', 'Peoples Pharmacy  Grocery', 'Wattala'),
('CD0136', 'Pharma Chemi', 'Wattala'),
('CD0138', 'P.J. ENTERPRISES (PVT) Ltd.', 'Ja-Ela'),
('CD0140', 'Raddolugama Pharmacy', 'Raddolugama'),
('CD0141', 'Ragama Pharmacy', 'Ragama'),
('CD0145', 'Reliable Pharmacy', 'Ragama'),
('CD0146', 'Rio Pharmacy', 'Hendala'),
('CD0147', 'Robert Medical', 'Negombo'),
('CD0149', 'Roswila Pharmacy', 'Wattala'),
('CD0151', 'S  G Medicals', 'Negombo'),
('CD0154', 'Sampath Pharmacy', 'Ragama'),
('CD0155', 'Sarana Osusala', 'Badalgama'),
('CD0158', 'Sathya Pharmacy', 'Wattala'),
('CD0160', 'Seeduwa Medicals', 'Seeduwa'),
('CD0163', 'Sethma Pharmacy', 'Kandana'),
('CD0164', 'Shanthi Vidya Nivasa', 'Katana'),
('CD0167', 'Silveray Pharmacy', 'Negombo'),
('CD0168', 'Sriee Pharmacy', 'Negombo'),
('CD0173', 'St. Jude Pharmacy', 'Ja-Ela'),
('CD0174', 'St. Judes Pharmacy', 'Seeduwa'),
('CD0176', 'St. Marrys Pharmacy - KA', 'Katunayake'),
('CD0181', 'Super Medical', 'Negombo'),
('CD0182', 'Supreem Pharmacy', 'Negombo'),
('CD0183', 'Suranga Pharmacy', 'Katana'),
('CD0185', 'Suwasala Pharmacy', 'Wattala'),
('CD0189', 'Thalahena Pharmacy', 'Negombo'),
('CD0194', 'Unique Pharmacy', 'Negombo'),
('CD0205', 'Wijesinghe Laksman Dr.', 'Negombo'),
('CD0220', 'The Pharmacy', 'Negombo'),
('CD0228', 'Shanthi Pharmacy', 'Negombo'),
('CD0231', 'Mendis N. S. M. Dr.', 'Ragama'),
('CD0240', 'Hiru Pharmacy', 'Katana'),
('CD0242', 'K. S. A. Medical', 'Negombo'),
('CD0243', 'Suwa Setha Pharmacy', 'Badalgama'),
('CD0249', 'Roshini Pharmacy', 'Ja-Ela'),
('CD0250', 'New Pharmacy', 'Negombo'),
('CD0253', 'Chemi World', 'Enderamulla'),
('CD0254', 'Sahana Pharmacy', 'Ragama'),
('CD0256', 'X  Lab Pharmacy', 'Negombo'),
('CD0257', 'Nirodha Pharmacy', 'Badalgama'),
('CD0258', 'Rilaulla Pharmacy', 'Kandana'),
('CD0259', 'Crystal Pharmacy', 'Negombo'),
('CD0263', 'Dissanayaka N.M.Dr.', 'Wattala'),
('CD0264', 'Daya Fernando A.T.Dr.', 'Kandana'),
('CD0265', 'Anoma J.Wejesinghe dr.', 'Wattala'),
('CD0266', 'Mapitigama O.N.H.Dr.', 'Bopitiya'),
('CD0274', 'Nimali Tissera Dr.', 'Ragama'),
('CD0276', 'Manik De Mel Dr.', 'Ragama'),
('CD0284', 'D. M. D. Madawala Dr.', 'Wattala'),
('CD0285', 'Chinthaka Rathnayaka Dr.', 'Wattala'),
('CD0286', 'Jayakodi Super Market', 'Negombo'),
('CD0293', 'St. Joshep Pharmacy', 'Bopitiya'),
('CD0294', 'Bopitiya Pharmacy', 'Bopitiya'),
('CD0300', 'Senaka Herath Dr.', 'Wattala'),
('CD0306', 'Mohamed Ziyad M.S.Dr.', 'Negombo'),
('CD0316', 'KFD Distributors', 'Negombo'),
('CD0335', 'Calvary Medicals', 'Ja-Ela'),
('CD0336', 'Family Care Pharmacy  Groceries', 'Wattala'),
('CD0339', 'Lasantha Somaratne Dr.', 'Kandana'),
('CD0346', 'Laksi Pharmacy', 'Peliyagoda'),
('CD0348', 'Golden Chemist', 'Ragama'),
('CD0356', 'Rusal Pharmacy - (Aloka Dr.)', 'Katana'),
('CD0365', 'Seeduwa Osusala', 'Seeduwa'),
('CD0390', 'Lasith Pharmacy', 'Negombo'),
('CD0393', 'Kumar Senadeera Dr.', 'Negombo'),
('CD0396', 'Hansi Pharmacy', 'Ja-Ela'),
('CD0402', 'Pamunugama Osu Sala', 'Raddolugama'),
('CD0406', 'Browns Healthcare (Pvt) Ltd', 'Ragama'),
('CD0408', 'International Institute of Health of Science', 'Mahabage'),
('CD0410', 'Sey Medi Pharmacy', 'Ragama'),
('CD0412', 'New Kalani Pharmacy', 'Ja-Ela'),
('CD0422', 'Sujeewa Rodrigo Dr.', 'Ragama'),
('CD0426', 'Jayasri Pharmacy', 'Ragama'),
('CD0441', 'Isura Pharmacy', 'Ragama'),
('CD0444', 'Chandana Rajakaruna Dr.', 'Wattala'),
('CD0446', 'The Pharmacy APY (Pvt) Ltd', 'Ja-Ela'),
('CD0447', 'N.S. Medical', 'Seeduwa'),
('CD0449', 'Rashanthi Wijethunga Dr.', 'Raddolugama'),
('CD0450', 'Royal Pharmacy', 'Negombo'),
('CD0452', 'Welikala G. A. J. Dr.', 'Raddolugama'),
('CD0455', 'Suwasala Pharmacy', 'Negombo'),
('CD0460', 'Darshana Pharmacy', 'Ja-Ela'),
('CD0467', 'Laksiri Lokuliayana Dr.', 'Ja-Ela'),
('CD0468', 'Kandawala Pharmacy', 'Katana'),
('CD0469', 'Asiri Pharmacy  Grocery', 'Negombo'),
('CD0470', 'Best Way Pharmacy', 'Negombo'),
('CD0474', 'Pradipa Osusala  Grocery', 'Negombo'),
('CD0476', 'Dagonna Pharmacy  Mini Mart', 'Negombo'),
('CD0480', 'Thilana Pharmacy', 'Ja-Ela'),
('CD0481', 'Reliance Pharmacy', 'Negombo'),
('CD0486', 'Royal Pharmacy Lanka (Pvt) Ltd.', 'Negombo'),
('CD0487', 'Healthcare Pharmacy  Family Needs', 'Raddolugama'),
('CD0490', 'Moon Pharmacy', 'Negombo'),
('CD0494', 'Sudesh Pharmacy  Grocery', 'Wattala'),
('CD0496', 'Alliance Pharmacy', 'Ragama'),
('CD0497', 'Nimal Sovis Dr.', 'Ja-Ela'),
('CD0498', 'Isura Pharmacy  Grocery', 'Katana'),
('CD0499', 'Shris Lanka Pharmacy', 'Seeduwa'),
('CD0500', 'Dinura Pharmacy', 'Ragama'),
('CD0501', 'Jasmin Pharmacy  Grocery', 'Kandana'),
('CD0507', 'Sujith Pulukkuttiarachchui Dr.', 'Kandana'),
('CD0508', 'St. Joseph Pharmacy  Grocery', 'Ja-Ela'),
('CD0510', 'Sri Lak Pharmacy', 'Seeduwa'),
('CD0521', 'Keerthi Rathnayake Dr.', 'Katana'),
('CD0525', 'Health  Glow Pharmacy - 2', 'Wattala'),
('CD0528', 'Orient Pharmacy', 'Negombo'),
('CD0529', 'Darshana Mohotti Dr.', 'Kandana'),
('CD0538', 'Ranmina Osusala', 'Negombo'),
('CD0539', 'Thenuka Pharmacy', 'Negombo'),
('CD0541', 'Mabola Osusala', 'Wattala'),
('CD0547', 'New St. Joseph Pharmacy', 'Seeduwa'),
('CD0548', 'Sanath Galgamuwa Dr.', 'Negombo'),
('CD0549', 'Lakshan Chemist', 'Wattala'),
('CD0551', 'Lalith B. Halabarachchi Dr.', 'Elakanda'),
('CD0552', 'Wasantha Hearath Dr.', 'Ja-Ela'),
('CD0554', 'Janan R.M.Dr.', 'Wattala'),
('CD0555', 'Imedra Medicals(Pvt)Ltd', 'Ragama'),
('CD0561', 'Union Pharmacy', 'Negombo'),
('CD0568', 'Healing Pharmacy', 'Negombo'),
('COLD12316', 'Lakshman Fernando Dr.', 'Hunupitiya'),
('COLD13639', 'Suneth Wijewardana Dr.', 'Badalgama'),
('COLD13646', 'Nishaka perera Dr.', 'Ragama'),
('COLD13684', 'Lorita warnakulasuriya Dr.', 'Negombo'),
('COLD13750', 'Poojani Illangasinghe Dr.', 'Wattala'),
('COLD13777', 'Royal Pharmacy - Kanda', 'Kandana'),
('COLD13779', 'Prasanna Fernando Dr.', 'Ja-Ela'),
('COLD13809', 'Lakshi Pharmacy', 'Negombo'),
('COLD13901', 'Siyapatha Pharmacy', 'Ragama'),
('COLD13910', 'Sunimal Jayakody Dr.', 'Negombo'),
('COLD13951', 'Dammika Pathirana Dr.', 'Ragama'),
('COLD13957', 'Negombo Drugs', 'Negombo'),
('COLD13972', 'Upul Karunarathne Dr.', 'Katana'),
('COLD14005', 'Anuja Fernando Dr.', 'Seeduwa'),
('COLD14032', 'Himali Gunasena (Mrs).Dr.', 'Ragama'),
('COLD14123', 'Rathnayake R.C.Dr.', 'Badalgama'),
('COLD14133', 'Perera H.N.T.Dr.', 'Ja-Ela'),
('COLD14155', 'Glorious Medicare', 'Kandana'),
('COLD14165', 'Daniel U.P.Dr.', 'Wattala'),
('COLD14166', 'Thudella Pharmacy', 'Ja-Ela'),
('COLD14180', 'Soft Life Pharmacy', 'Seeduwa'),
('COLD14189', 'Thiline Rupasinghe (Mrs)Dr.', 'Ja-Ela'),
('COLD14197', 'Arogya Pharmacy and Grocery', 'Ja-Ela'),
('COLD14267', 'Iranthi Adikarama Dr.', 'Badalgama'),
('COLD14348', 'Ashoka Pharmacy', 'Negombo'),
('COLD14443', 'Sanjaya Wimalarathna Dr.', 'Wattala'),
('COLD14499', 'Jayalath A.Dr.', 'Wattala'),
('COLD14541', 'Sreetharan Dr.', 'Wattala'),
('COLD14555', 'Nawa Lanka Pharmacy', 'Negombo'),
('COLD14561', 'Nimali Karannagoda(Mrs).Dr.', 'Pamunugama'),
('COLD14591', 'V.M. Pharmacy', 'Katana'),
('COLD14611', 'Sasithma Pharmacy & Grocery', 'Ja-Ela'),
('COLD14764', 'Sisira Vidanagamage Dr.', 'Seeduwa'),
('COLD14793', 'Peoples Pharmacy-Magabage', 'Mahabage'),
('COLD14861', 'Jayanath A.A.K.Dr.', 'Katana'),
('COLD14893', 'Fernando K.A.N.J.Dr.', 'Ja-Ela'),
('COLD14921', 'Asanka De Silva Dr.', 'Ragama'),
('COLD15046', 'Lakmi Pharmacy & Grocery', 'Negombo'),
('COLD15059', 'Jayamaha Distributors', 'Pamunugama'),
('COLD15133', 'Well Care Pharmacy', 'Katana');

-- --------------------------------------------------------

--
-- Table structure for table `ciplaoutupload`
--

DROP TABLE IF EXISTS `ciplaoutupload`;
CREATE TABLE IF NOT EXISTS `ciplaoutupload` (
  `cID` varchar(20) NOT NULL,
  `cCustName` varchar(50) NOT NULL,
  `cTown` varchar(20) NOT NULL,
  `inv` varchar(20) NOT NULL,
  `date` date DEFAULT NULL,
  `age` int(11) DEFAULT NULL,
  `amount` float DEFAULT NULL,
  `balAmount` float DEFAULT NULL,
  PRIMARY KEY (`inv`),
  KEY `hID` (`cID`)
) ENGINE=InnoDB DEFAULT CHARSET=latin1;

--
-- Dumping data for table `ciplaoutupload`
--

INSERT INTO `ciplaoutupload` (`cID`, `cCustName`, `cTown`, `inv`, `date`, `age`, `amount`, `balAmount`) VALUES
('', '', '', '', NULL, 0, 0, 24),
('COLD13639', 'Suneth Wijewardana Dr.', 'Badalgama', 'CSO180100894', '2018-02-01', 578, 20400, 20400),
('CD0410', 'Sey Medi Pharmacy', 'Ragama', 'CSO180102254', '2018-04-23', 497, 6728, 6728),
('CD0521', 'Keerthi Rathnayake Dr.', 'Katana', 'CSO180102412', '2018-04-28', 492, 13500, 13500),
('CD0020', 'Cash Customer - Colombo D', 'Negombo', 'CSO180103040', '2018-06-08', 451, 3473, 3473),
('CD0220', 'The Pharmacy', 'Negombo', 'CSO180103234', '2018-06-19', 440, 8657, 8657),
('CD0020', 'Cash Customer - Colombo D', 'Negombo', 'CSO180103500', '2018-07-06', 423, 3600, 3600),
('CD0020', 'Cash Customer - Colombo D', 'Negombo', 'CSO180103570', '2018-07-10', 419, 19383, 996),
('COLD13809', 'Lakshi Pharmacy', 'Negombo', 'CSO180103735', '2018-07-18', 411, 10986, 1921),
('CD0020', 'Cash Customer - Colombo D', 'Negombo', 'CSO180103737', '2018-07-18', 411, 6074, 854),
('CD0393', 'Kumar Senadeera Dr.', 'Negombo', 'CSO180104004', '2018-08-15', 383, 36600, 16600),
('CD0220', 'The Pharmacy', 'Negombo', 'CSO180104008', '2018-08-18', 380, 27018, 27018),
('CD0393', 'Kumar Senadeera Dr.', 'Negombo', 'CSO180104265', '2018-09-10', 357, 44080, 11950),
('CD0107', 'New Central Pharmacy', 'Negombo', 'CSO180104496', '2018-10-01', 336, 6259, 6259),
('CD0561', 'Union Pharmacy', 'Negombo', 'CSO180104713', '2018-10-23', 314, 18869.1, 18869.1),
('CD0521', 'Keerthi Rathnayake Dr.', 'Katana', 'CSO180104786', '2018-10-30', 307, 11600, 11600),
('COLD14555', 'Nawa Lanka Pharmacy', 'Negombo', 'CSO180105070', '2018-11-27', 279, 46460.6, 46460.6),
('CD0286', 'Jayakodi Super Market', 'Negombo', 'CSO180105154', '2018-12-03', 273, 5107, 3297),
('CD0155', 'Sarana Osusala', 'Badalgama', 'CSO180105160', '2018-12-03', 273, 5107, 5107),
('CD0182', 'Supreem Pharmacy', 'Negombo', 'CSO180105383', '2018-12-27', 249, 24954, 24954),
('COLD14555', 'Nawa Lanka Pharmacy', 'Negombo', 'CSO180105543', '2019-01-08', 237, 14397, 14397),
('CD0168', 'Sriee Pharmacy', 'Negombo', 'CSO180105558', '2019-01-08', 237, 23136, 23136),
('CD0174', 'St. Judes Pharmacy', 'Seeduwa', 'CSO180105748', '2019-01-18', 227, 3620, 3620),
('CD0020', 'Cash Customer - Colombo D', 'Negombo', 'CSO180105831', '2019-01-24', 221, 3366, 3366),
('CD0036', 'Enderamulla Asiri Pharmacy', 'Wattala', 'CSO180105871', '2019-01-28', 217, 2880, 2880),
('CD0447', 'N.S. Medical', 'Seeduwa', 'CSO180105937', '2019-01-30', 215, 4130, 4130),
('CD0339', 'Lasantha Somaratne Dr.', 'Kandana', 'CSO180106043', '2019-02-06', 208, 3575, 3575),
('CD0063', 'J  J Pharmacy', 'Negombo', 'CSO180106113', '2019-02-08', 206, 2043, 2043),
('COLD13809', 'Lakshi Pharmacy', 'Negombo', 'CSO180106129', '2019-02-11', 203, 2457, 2457),
('CD0422', 'Sujeewa Rodrigo Dr.', 'Ragama', 'CSO180106218', '2019-02-16', 198, 11210, 11210),
('COLD14166', 'Thudella Pharmacy', 'Ja-Ela', 'CSO180106288', '2019-02-21', 193, 2880, 2880),
('COLD14133', 'Perera H.N.T.Dr.', 'Ja-Ela', 'CSO180106430', '2019-03-01', 185, 5150, 5150),
('CD0348', 'Golden Chemist', 'Ragama', 'CSO180106550', '2019-03-07', 179, 13589, 4136),
('CD0158', 'Sathya Pharmacy', 'Wattala', 'CSO180106593', '2019-03-11', 175, 5049, 5049),
('CD0025', 'City Pharmacy', 'Ragama', 'CSO180106666', '2019-03-14', 172, 1128.8, 956.8),
('COLD13646', 'Nishaka perera Dr.', 'Ragama', 'CSO180106683', '2019-03-18', 168, 18211, 18211),
('CD0083', 'Leesons Pharmacy', 'Ragama', 'CSO180106763', '2019-03-22', 164, 131627, 11085),
('COLD14155', 'Glorious Medicare', 'Kandana', 'CSO180106858', '2019-03-28', 158, 9702.01, 9702.01),
('CD0052', 'Health  Glow Pharmacy', 'Wattala', 'CSO180106871', '2019-03-28', 158, 3285.01, 3285.01),
('CD0486', 'Royal Pharmacy Lanka (Pvt) Ltd.', 'Negombo', 'CSO180106911', '2019-04-01', 154, 111200, 111200),
('CD0455', 'Suwasala Pharmacy', 'Negombo', 'CSO180107050', '2019-04-09', 146, 10966, 906),
('CD0446', 'The Pharmacy APY (Pvt) Ltd', 'Ja-Ela', 'CSO180107071', '2019-04-09', 146, 18480.9, 18480.9),
('CD0063', 'J  J Pharmacy', 'Negombo', 'CSO180107129', '2019-04-23', 132, 3258, 3258),
('CD0087', 'M.P.C.S. (Osu Sala)', 'Negombo', 'CSO180107250', '2019-04-29', 126, 42857, 1890),
('CD0080', 'Lanka Pharmacy', 'Negombo', 'CSO180107255', '2019-04-29', 126, 4294, 4294),
('COLD13957', 'Negombo Drugs', 'Negombo', 'CSO180107260', '2019-04-29', 126, 3285.01, 3285.01),
('CD0474', 'Pradipa Osusala  Grocery', 'Negombo', 'CSO180107329', '2019-05-06', 119, 6947, 1132),
('CD0220', 'The Pharmacy', 'Negombo', 'CSO180107342', '2019-05-06', 119, 28100, 870),
('CD0549', 'Lakshan Chemist', 'Wattala', 'CSO180107382', '2019-05-07', 118, 5399, 400),
('CD0132', 'Peoples Pharmacy', 'Raddolugama', 'CSO180107403', '2019-05-08', 117, 7430, 1201),
('CD0494', 'Sudesh Pharmacy  Grocery', 'Wattala', 'CSO180107501', '2019-05-15', 110, 1848, 1848),
('CD0194', 'Unique Pharmacy', 'Negombo', 'CSO180107574', '2019-05-21', 104, 135516, 1201),
('CD0539', 'Thenuka Pharmacy', 'Negombo', 'CSO180107636', '2019-05-27', 98, 22381, 4464),
('CD0259', 'Crystal Pharmacy', 'Negombo', 'CSO180107675', '2019-05-31', 94, 9668, 9668),
('CD0250', 'New Pharmacy', 'Negombo', 'CSO180107680', '2019-05-28', 97, 11464, 11464),
('CD0500', 'Dinura Pharmacy', 'Ragama', 'CSO180107727', '2019-05-31', 94, 49035, 49035),
('CD0500', 'Dinura Pharmacy', 'Ragama', 'CSO180107728', '2019-05-31', 94, 3414.03, 3414.03),
('CD0194', 'Unique Pharmacy', 'Negombo', 'CSO180107773', '2019-06-03', 91, 57191, 1681),
('CD0194', 'Unique Pharmacy', 'Negombo', 'CSO180107775', '2019-06-03', 91, 1293, 1293),
('CD0476', 'Dagonna Pharmacy  Mini Mart', 'Negombo', 'CSO180107811', '2019-06-07', 87, 1273, 1273),
('CD0486', 'Royal Pharmacy Lanka (Pvt) Ltd.', 'Negombo', 'CSO180107813', '2019-06-18', 76, 1273, 1273),
('CD0500', 'Dinura Pharmacy', 'Ragama', 'CSO180107822', '2019-06-06', 88, 9490, 9490),
('CD0316', 'KFD Distributors', 'Negombo', 'CSO180107837', '2019-06-18', 76, 1273, 1273),
('CD0500', 'Dinura Pharmacy', 'Ragama', 'CSO180107940', '2019-06-14', 80, 7974, 7974),
('CD0455', 'Suwasala Pharmacy', 'Negombo', 'CSO180107941', '2019-06-14', 80, 27099, 1052),
('COLD13809', 'Lakshi Pharmacy', 'Negombo', 'CSO180107961', '2019-06-14', 80, 3054, 3054),
('CD0500', 'Dinura Pharmacy', 'Ragama', 'CSO180107969', '2019-06-14', 80, 11850, 11850),
('CD0316', 'KFD Distributors', 'Negombo', 'CSO180108030', '2019-06-17', 77, 160500, 160500),
('CD0220', 'The Pharmacy', 'Negombo', 'CSO180108033', '2019-06-17', 77, 9804, 2632),
('CD0141', 'Ragama Pharmacy', 'Ragama', 'CSO180108057', '2019-06-18', 76, 1273, 1273),
('CD0469', 'Asiri Pharmacy  Grocery', 'Negombo', 'CSO180108078', '2019-06-19', 75, 8735, 7791),
('CD0549', 'Lakshan Chemist', 'Wattala', 'CSO180108096', '2019-06-20', 74, 2564, 2564),
('CD0455', 'Suwasala Pharmacy', 'Negombo', 'CSO180108105', '2019-06-20', 74, 16050, 16050),
('COLD14348', 'Ashoka Pharmacy', 'Negombo', 'CSO180108170', '2019-06-24', 70, 15862, 15862),
('CD0107', 'New Central Pharmacy', 'Negombo', 'CSO180108176', '2019-06-24', 70, 7329, 7329),
('CD0249', 'Roshini Pharmacy', 'Ja-Ela', 'CSO180108206', '2019-06-26', 68, 2715, 2715),
('CD0128', 'Osu Sala Wattala', 'Wattala', 'CSO180108215', '2019-07-01', 63, 14385, 14385),
('CD0316', 'KFD Distributors', 'Negombo', 'CSO180108224', '2019-06-27', 67, 720310, 216210),
('CD0316', 'KFD Distributors', 'Negombo', 'CSO180108225', '2019-06-29', 65, 1373600, 1373600),
('CD0083', 'Leesons Pharmacy', 'Ragama', 'CSO180108238', '2019-06-28', 66, 2990, 2990),
('CD0356', 'Rusal Pharmacy - (Aloka Dr.)', 'Katana', 'CSO180108246', '2019-06-29', 65, 4938, 4938),
('CD0194', 'Unique Pharmacy', 'Negombo', 'CSO180108252', '2019-06-28', 66, 12930, 12930),
('CD0194', 'Unique Pharmacy', 'Negombo', 'CSO180108262', '2019-06-29', 65, 42650, 42650),
('CD0107', 'New Central Pharmacy', 'Negombo', 'CSO180108269', '2019-06-29', 65, 17060, 17060),
('CD0402', 'Pamunugama Osu Sala', 'Raddolugama', 'CSO180108273', '2019-06-29', 65, 12795, 12795),
('CD0124', 'Orient Pharmacy', 'Averiwatta', 'CSO180108276', '2019-07-01', 63, 6824, 2559),
('CD0316', 'KFD Distributors', 'Negombo', 'CSO180108287', '2019-06-29', 65, 727790, 727790),
('CD0107', 'New Central Pharmacy', 'Negombo', 'CSO180108290', '2019-07-01', 63, 16160, 16160),
('CD0080', 'Lanka Pharmacy', 'Negombo', 'CSO180108299', '2019-07-01', 63, 32205, 32205),
('CD0455', 'Suwasala Pharmacy', 'Negombo', 'CSO180108317', '2019-07-01', 63, 16050, 16050),
('CD0508', 'St. Joseph Pharmacy  Grocery', 'Ja-Ela', 'CSO180108327', '2019-07-01', 63, 32205, 32205),
('CD0194', 'Unique Pharmacy', 'Negombo', 'CSO180108328', '2019-07-01', 63, 15080, 15080),
('CD0501', 'Jasmin Pharmacy  Grocery', 'Kandana', 'CSO180108341', '2019-07-02', 62, 21120, 21120),
('CD0194', 'Unique Pharmacy', 'Negombo', 'CSO180108349', '2019-07-03', 61, 11840, 11840),
('CD0249', 'Roshini Pharmacy', 'Ja-Ela', 'CSO180108358', '2019-07-03', 61, 1605, 1605),
('CD0164', 'Shanthi Vidya Nivasa', 'Katana', 'CSO180108367', '2019-07-04', 60, 2649, 2649),
('CD0426', 'Jayasri Pharmacy', 'Ragama', 'CSO180108368', '2019-07-04', 60, 12276, 7542),
('CD0164', 'Shanthi Vidya Nivasa', 'Katana', 'CSO180108380', '2019-07-05', 59, 8530, 8530),
('CD0194', 'Unique Pharmacy', 'Negombo', 'CSO180108392', '2019-07-08', 56, 4940, 4940),
('CD0476', 'Dagonna Pharmacy  Mini Mart', 'Negombo', 'CSO180108402', '2019-07-08', 56, 12312, 12312),
('CD0408', 'International Institute of Health of Science', 'Mahabage', 'CSO180108404', '2019-07-08', 56, 7123, 7123),
('CD0107', 'New Central Pharmacy', 'Negombo', 'CSO180108410', '2019-07-08', 56, 8014, 8014),
('CD0194', 'Unique Pharmacy', 'Negombo', 'CSO180108413', '2019-07-08', 56, 75837, 74222),
('CD0259', 'Crystal Pharmacy', 'Negombo', 'CSO180108414', '2019-07-10', 54, 2503, 2503),
('COLD14793', 'Peoples Pharmacy-Magabage', 'Mahabage', 'CSO180108426', '2019-07-08', 56, 6464, 6464),
('CD0107', 'New Central Pharmacy', 'Negombo', 'CSO180108427', '2019-07-08', 56, 16794, 16794),
('CD0194', 'Unique Pharmacy', 'Negombo', 'CSO180108428', '2019-07-08', 56, 7710, 7710),
('CD0455', 'Suwasala Pharmacy', 'Negombo', 'CSO180108435', '2019-07-09', 55, 11204, 11204),
('CD0455', 'Suwasala Pharmacy', 'Negombo', 'CSO180108436', '2019-07-11', 53, 3232, 3232),
('CD0402', 'Pamunugama Osu Sala', 'Raddolugama', 'CSO180108446', '2019-07-09', 55, 22671, 22671),
('COLD12316', 'Lakshman Fernando Dr.', 'Hunupitiya', 'CSO180108451', '2019-07-10', 54, 7317, 7317),
('CD0539', 'Thenuka Pharmacy', 'Negombo', 'CSO180108456', '2019-07-17', 47, 17930, 17930),
('CD0057', 'Hendala Pharmacy', 'Wattala', 'CSO180108465', '2019-07-10', 54, 2177, 884),
('COLD14793', 'Peoples Pharmacy-Magabage', 'Mahabage', 'CSO180108468', '2019-07-10', 54, 6464, 6464),
('CD0083', 'Leesons Pharmacy', 'Ragama', 'CSO180108478', '2019-07-11', 53, 6420, 6420),
('CD0496', 'Alliance Pharmacy', 'Ragama', 'CSO180108492', '2019-07-12', 52, 1616, 1616),
('CD0053', 'Health Care Medicla', 'Negombo', 'CSO180108500', '2019-07-12', 52, 4283, 4283),
('CD0155', 'Sarana Osusala', 'Badalgama', 'CSO180108501', '2019-07-12', 52, 5513, 5513),
('CD0124', 'Orient Pharmacy', 'Averiwatta', 'CSO180108504', '2019-07-17', 47, 22396, 22396),
('CD0071', 'Kalidson Pharmacy', 'Negombo', 'CSO180108508', '2019-07-12', 52, 838, 838),
('CD0194', 'Unique Pharmacy', 'Negombo', 'CSO180108515', '2019-07-13', 51, 3230, 3230),
('CD0498', 'Isura Pharmacy  Grocery', 'Katana', 'CSO180108537', '2019-07-15', 49, 6229, 6229),
('CD0242', 'K. S. A. Medical', 'Negombo', 'CSO180108543', '2019-07-15', 49, 4965, 4965),
('CD0470', 'Best Way Pharmacy', 'Negombo', 'CSO180108545', '2019-07-15', 49, 2825, 2825),
('CD0107', 'New Central Pharmacy', 'Negombo', 'CSO180108548', '2019-07-17', 47, 5076, 5076),
('CD0023', 'City Medical', 'Negombo', 'CSO180108549', '2019-07-17', 47, 2538, 2538),
('CD0194', 'Unique Pharmacy', 'Negombo', 'CSO180108561', '2019-07-17', 47, 16800, 16800),
('CD0469', 'Asiri Pharmacy  Grocery', 'Negombo', 'CSO180108566', '2019-07-20', 44, 9662, 9662),
('CD0469', 'Asiri Pharmacy  Grocery', 'Negombo', 'CSO180108567', '2019-07-20', 44, 6598, 6598),
('CD0164', 'Shanthi Vidya Nivasa', 'Katana', 'CSO180108569', '2019-07-18', 46, 915, 915),
('CD0132', 'Peoples Pharmacy', 'Raddolugama', 'CSO180108576', '2019-07-18', 46, 3079, 1396),
('CD0249', 'Roshini Pharmacy', 'Ja-Ela', 'CSO180108581', '2019-07-18', 46, 3210, 3210),
('CD0497', 'Nimal Sovis Dr.', 'Ja-Ela', 'CSO180108583', '2019-07-23', 41, 4060, 4060),
('CD0194', 'Unique Pharmacy', 'Negombo', 'CSO180108586', '2019-07-18', 46, 15340, 15340),
('CD0194', 'Unique Pharmacy', 'Negombo', 'CSO180108600', '2019-07-19', 45, 21470, 21470),
('CD0057', 'Hendala Pharmacy', 'Wattala', 'CSO180108601', '2019-07-19', 45, 3873, 1471),
('CD0541', 'Mabola Osusala', 'Wattala', 'CSO180108602', '2019-07-19', 45, 1695, 1695),
('CD0541', 'Mabola Osusala', 'Wattala', 'CSO180108603', '2019-07-19', 45, 1616, 1616),
('CD0496', 'Alliance Pharmacy', 'Ragama', 'CSO180108604', '2019-07-19', 45, 2845, 2845),
('CD0194', 'Unique Pharmacy', 'Negombo', 'CSO180108614', '2019-07-20', 44, 42300, 42300),
('CD0259', 'Crystal Pharmacy', 'Negombo', 'CSO180108618', '2019-07-19', 45, 6441, 6441),
('CD0121', 'Nishantha Herath Dr.', 'Kandana', 'CSO180108633', '2019-07-20', 44, 34810, 34810),
('CD0125', 'Orient Pharmacy', 'Kandana', 'CSO180108638', '2019-07-22', 42, 2978, 2978),
('CD0147', 'Robert Medical', 'Negombo', 'CSO180108642', '2019-07-22', 42, 9640, 9640),
('CD0071', 'Kalidson Pharmacy', 'Negombo', 'CSO180108647', '2019-07-22', 42, 18823.2, 18823.2),
('CD0474', 'Pradipa Osusala  Grocery', 'Negombo', 'CSO180108649', '2019-07-25', 39, 8525, 8525),
('CD0182', 'Supreem Pharmacy', 'Negombo', 'CSO180108650', '2019-07-22', 42, 4190.6, 4190.6),
('CD0164', 'Shanthi Vidya Nivasa', 'Katana', 'CSO180108651', '2019-07-22', 42, 6210, 6210),
('CD0257', 'Nirodha Pharmacy', 'Badalgama', 'CSO180108653', '2019-07-22', 42, 20433, 20433),
('CD0124', 'Orient Pharmacy', 'Averiwatta', 'CSO180108654', '2019-08-01', 32, 16947, 16947),
('CD0155', 'Sarana Osusala', 'Badalgama', 'CSO180108655', '2019-07-22', 42, 3696, 3696),
('CD0396', 'Hansi Pharmacy', 'Ja-Ela', 'CSO180108661', '2019-07-22', 42, 3843, 3843),
('COLD14166', 'Thudella Pharmacy', 'Ja-Ela', 'CSO180108669', '2019-07-22', 42, 3923, 3923),
('CD0182', 'Supreem Pharmacy', 'Negombo', 'CSO180108673', '2019-07-23', 41, 3050, 3050),
('CD0561', 'Union Pharmacy', 'Negombo', 'CSO180108678', '2019-07-23', 41, 10810, 10810),
('CD0194', 'Unique Pharmacy', 'Negombo', 'CSO180108683', '2019-07-24', 40, 74310, 74310),
('CD0023', 'City Medical', 'Negombo', 'CSO180108685', '2019-07-23', 41, 18700, 18700),
('CD0107', 'New Central Pharmacy', 'Negombo', 'CSO180108686', '2019-07-23', 41, 13215, 13215),
('CD0470', 'Best Way Pharmacy', 'Negombo', 'CSO180108689', '2019-07-24', 40, 1600, 1600),
('CD0339', 'Lasantha Somaratne Dr.', 'Kandana', 'CSO180108693', '2019-07-24', 40, 6010, 6010),
('CD0402', 'Pamunugama Osu Sala', 'Raddolugama', 'CSO180108695', '2019-07-24', 40, 21194, 21194),
('COLD14348', 'Ashoka Pharmacy', 'Negombo', 'CSO180108697', '2019-07-24', 40, 977, 977),
('CD0164', 'Shanthi Vidya Nivasa', 'Katana', 'CSO180108699', '2019-07-24', 40, 2845, 2845),
('COLD14267', 'Iranthi Adikarama Dr.', 'Badalgama', 'CSO180108702', '2019-07-24', 40, 1688, 1688),
('CD0240', 'Hiru Pharmacy', 'Katana', 'CSO180108705', '2019-07-24', 40, 7539, 7539),
('COLD14180', 'Soft Life Pharmacy', 'Seeduwa', 'CSO180108706', '2019-07-24', 40, 7545.9, 7545.9),
('COLD14555', 'Nawa Lanka Pharmacy', 'Negombo', 'CSO180108710', '2019-07-25', 39, 5042.2, 5042.2),
('CD0447', 'N.S. Medical', 'Seeduwa', 'CSO180108711', '2019-07-25', 39, 3146, 3146),
('CD0164', 'Shanthi Vidya Nivasa', 'Katana', 'CSO180108713', '2019-07-25', 39, 6465, 6465),
('CD0346', 'Laksi Pharmacy', 'Peliyagoda', 'CSO180108716', '2019-07-25', 39, 8813, 7520),
('CD0158', 'Sathya Pharmacy', 'Wattala', 'CSO180108718', '2019-08-01', 32, 17786, 17786),
('CD0253', 'Chemi World', 'Enderamulla', 'CSO180108720', '2019-07-25', 39, 12449, 12449),
('CD0149', 'Roswila Pharmacy', 'Wattala', 'CSO180108724', '2019-07-25', 39, 3984, 3984),
('CD0549', 'Lakshan Chemist', 'Wattala', 'CSO180108725', '2019-07-25', 39, 8757, 8757),
('CD0194', 'Unique Pharmacy', 'Negombo', 'CSO180108726', '2019-07-25', 39, 21470, 21470),
('CD0541', 'Mabola Osusala', 'Wattala', 'CSO180108727', '2019-07-25', 39, 2799, 2799),
('CD0128', 'Osu Sala Wattala', 'Wattala', 'CSO180108728', '2019-07-25', 39, 4666, 4666),
('CD0145', 'Reliable Pharmacy', 'Ragama', 'CSO180108730', '2019-07-25', 39, 8088, 8088),
('CD0083', 'Leesons Pharmacy', 'Ragama', 'CSO180108738', '2019-07-31', 33, 7040, 7040),
('CD0163', 'Sethma Pharmacy', 'Kandana', 'CSO180108741', '2019-07-27', 37, 53766, 53766),
('CD0496', 'Alliance Pharmacy', 'Ragama', 'CSO180108746', '2019-07-31', 33, 4330, 1928),
('CD0057', 'Hendala Pharmacy', 'Wattala', 'CSO180108747', '2019-07-27', 37, 853, 853),
('CD0140', 'Raddolugama Pharmacy', 'Raddolugama', 'CSO180108749', '2019-07-27', 37, 2559, 2559),
('COLD14267', 'Iranthi Adikarama Dr.', 'Badalgama', 'CSO180108751', '2019-07-31', 33, 2964, 2964),
('CD0071', 'Kalidson Pharmacy', 'Negombo', 'CSO180108752', '2019-07-29', 35, 4980, 4980),
('CD0257', 'Nirodha Pharmacy', 'Badalgama', 'CSO180108753', '2019-07-29', 35, 5883, 5883),
('CD0164', 'Shanthi Vidya Nivasa', 'Katana', 'CSO180108754', '2019-07-29', 35, 11652, 11652),
('CD0088', 'Mahajana Osu Sala', 'Negombo', 'CSO180108755', '2019-07-29', 35, 569, 569),
('CD0498', 'Isura Pharmacy  Grocery', 'Katana', 'CSO180108756', '2019-07-29', 35, 12056, 12056),
('COLD14555', 'Nawa Lanka Pharmacy', 'Negombo', 'CSO180108758', '2019-07-29', 35, 3879, 3879),
('CD0182', 'Supreem Pharmacy', 'Negombo', 'CSO180108759', '2019-07-29', 35, 5576, 5576),
('CD0147', 'Robert Medical', 'Negombo', 'CSO180108760', '2019-07-29', 35, 2821, 2821),
('CD0539', 'Thenuka Pharmacy', 'Negombo', 'CSO180108761', '2019-07-29', 35, 5635, 5635),
('CD0088', 'Mahajana Osu Sala', 'Negombo', 'CSO180108767', '2019-07-29', 35, 13742, 13742),
('COLD12316', 'Lakshman Fernando Dr.', 'Hunupitiya', 'CSO180108769', '2019-07-29', 35, 8035, 8035),
('CD0497', 'Nimal Sovis Dr.', 'Ja-Ela', 'CSO180108770', '2019-07-29', 35, 6687, 6687),
('CD0055', 'Healthline Pharmacy', 'Kandana', 'CSO180108773', '2019-07-29', 35, 8257, 8257),
('CD0107', 'New Central Pharmacy', 'Negombo', 'CSO180108774', '2019-07-29', 35, 4726, 1676),
('CD0253', 'Chemi World', 'Enderamulla', 'CSO180108775', '2019-08-01', 32, 997.5, 997.5),
('CD0507', 'Sujith Pulukkuttiarachchui Dr.', 'Kandana', 'CSO180108780', '2019-07-29', 35, 11350, 11350),
('CD0104', 'Nawa Osusala', 'Ja-Ela', 'CSO180108784', '2019-07-29', 35, 26266.5, 24973.5),
('CD0508', 'St. Joseph Pharmacy  Grocery', 'Ja-Ela', 'CSO180108788', '2019-07-30', 34, 2070, 2070),
('CD0035', 'Ekala Pharmacy', 'Ja-Ela', 'CSO180108790', '2019-07-30', 34, 4178.2, 4178.2),
('CD0128', 'Osu Sala Wattala', 'Wattala', 'CSO180108792', '2019-07-30', 34, 948, 948),
('CD0220', 'The Pharmacy', 'Negombo', 'CSO180108794', '2019-07-31', 33, 15668, 15668),
('CD0256', 'X  Lab Pharmacy', 'Negombo', 'CSO180108795', '2019-08-01', 32, 13431, 11336),
('CD0259', 'Crystal Pharmacy', 'Negombo', 'CSO180108796', '2019-08-01', 32, 18909, 18909),
('CD0470', 'Best Way Pharmacy', 'Negombo', 'CSO180108799', '2019-07-30', 34, 2458, 2458),
('CD0242', 'K. S. A. Medical', 'Negombo', 'CSO180108803', '2019-07-30', 34, 12500, 12500),
('COLD14348', 'Ashoka Pharmacy', 'Negombo', 'CSO180108804', '2019-07-30', 34, 16406, 16406),
('CD0151', 'S  G Medicals', 'Negombo', 'CSO180108806', '2019-07-30', 34, 18452, 16760),
('CD0194', 'Unique Pharmacy', 'Negombo', 'CSO180108807', '2019-07-30', 34, 100659, 92379),
('CD0107', 'New Central Pharmacy', 'Negombo', 'CSO180108808', '2019-07-30', 34, 21661, 21661),
('CD0154', 'Sampath Pharmacy', 'Ragama', 'CSO180108809', '2019-07-30', 34, 14596, 14596),
('CD0408', 'International Institute of Health of Science', 'Mahabage', 'CSO180108813', '2019-07-30', 34, 16681, 16681),
('CD0145', 'Reliable Pharmacy', 'Ragama', 'CSO180108814', '2019-07-30', 34, 6687, 6687),
('CD0496', 'Alliance Pharmacy', 'Ragama', 'CSO180108815', '2019-07-31', 33, 9989, 9989),
('CD0181', 'Super Medical', 'Negombo', 'CSO180108817', '2019-07-31', 33, 51022, 51022),
('CD0023', 'City Medical', 'Negombo', 'CSO180108818', '2019-07-31', 33, 6441, 6441),
('CD0045', 'Gold Crest Pharmacy', 'Seeduwa', 'CSO180108819', '2019-07-31', 33, 19429, 19429),
('CD0497', 'Nimal Sovis Dr.', 'Ja-Ela', 'CSO180108821', '2019-07-31', 33, 32145, 32145),
('CD0013', 'Asiri Pharmacy', 'Raddolugama', 'CSO180108822', '2019-07-31', 33, 3412, 3412),
('CD0133', 'Peoples Pharmacy  Grocery', 'Wattala', 'CSO180108823', '2019-07-31', 33, 57320, 57320),
('CD0476', 'Dagonna Pharmacy  Mini Mart', 'Negombo', 'CSO180108824', '2019-07-31', 33, 267040, 267040),
('CD0507', 'Sujith Pulukkuttiarachchui Dr.', 'Kandana', 'CSO180108825', '2019-07-31', 33, 8880, 8880),
('CD0140', 'Raddolugama Pharmacy', 'Raddolugama', 'CSO180108827', '2019-07-31', 33, 6543, 6543),
('CD0163', 'Sethma Pharmacy', 'Kandana', 'CSO180108830', '2019-07-31', 33, 34839, 34839),
('CD0486', 'Royal Pharmacy Lanka (Pvt) Ltd.', 'Negombo', 'CSO180108831', '2019-08-01', 32, 31264, 31264),
('CD0023', 'City Medical', 'Negombo', 'CSO180108832', '2019-07-31', 33, 2094, 2094),
('CD0228', 'Shanthi Pharmacy', 'Negombo', 'CSO180108833', '2019-07-31', 33, 6363, 6363),
('CD0561', 'Union Pharmacy', 'Negombo', 'CSO180108834', '2019-07-31', 33, 14116, 14116),
('COLD14555', 'Nawa Lanka Pharmacy', 'Negombo', 'CSO180108835', '2019-07-31', 33, 9944, 9944),
('CD0088', 'Mahajana Osu Sala', 'Negombo', 'CSO180108836', '2019-08-01', 32, 12320, 12320),
('CD0316', 'KFD Distributors', 'Negombo', 'CSO180108837', '2019-08-01', 32, 205810, 205810),
('CD0080', 'Lanka Pharmacy', 'Negombo', 'CSO180108842', '2019-08-01', 32, 10735, 10735),
('COLD14555', 'Nawa Lanka Pharmacy', 'Negombo', 'CSO180108845', '2019-08-01', 32, 2147, 2147),
('CD0194', 'Unique Pharmacy', 'Negombo', 'CSO180108851', '2019-08-01', 32, 760106, 760106),
('CD0057', 'Hendala Pharmacy', 'Wattala', 'CSO180108852', '2019-08-01', 32, 2538, 2538),
('CD0316', 'KFD Distributors', 'Negombo', 'CSO180108853', '2019-08-01', 32, 678800, 678800),
('CD0497', 'Nimal Sovis Dr.', 'Ja-Ela', 'CSO180108854', '2019-08-02', 31, 8460, 8460),
('CD0016', 'Ave Maria Pharmacy', 'Negombo', 'CSO180108855', '2019-08-03', 30, 1232, 1232),
('CD0052', 'Health  Glow Pharmacy', 'Wattala', 'CSO180108856', '2019-08-03', 30, 1294, 1294),
('CD0194', 'Unique Pharmacy', 'Negombo', 'CSO180108857', '2019-08-03', 30, 6460, 6460),
('CD0123', 'Niwasi Pharmacy', 'Ja-Ela', 'CSO180108858', '2019-08-05', 28, 6759, 846),
('CD0035', 'Ekala Pharmacy', 'Ja-Ela', 'CSO180108859', '2019-08-05', 28, 3500.7, 3057),
('CD0396', 'Hansi Pharmacy', 'Ja-Ela', 'CSO180108865', '2019-08-05', 28, 4499, 4499),
('CD0406', 'Browns Healthcare (Pvt) Ltd', 'Ragama', 'CSO180108866', '2019-08-05', 28, 3235, 3235),
('CD0081', 'Laxsri Pharmacy', 'Katunayake', 'CSO180108867', '2019-08-05', 28, 7955, 7955),
('CD0194', 'Unique Pharmacy', 'Negombo', 'CSO180108868', '2019-08-05', 28, 2240, 560),
('CD0182', 'Supreem Pharmacy', 'Negombo', 'CSO180108870', '2019-08-05', 28, 1746, 1746),
('CD0130', 'Pamunugama Pharmacy', 'Bopitiya', 'CSO180108871', '2019-08-05', 28, 3505, 3505),
('CD0151', 'S  G Medicals', 'Negombo', 'CSO180108874', '2019-08-07', 26, 11499, 10206),
('CD0470', 'Best Way Pharmacy', 'Negombo', 'CSO180108875', '2019-08-05', 28, 1232, 1232),
('COLD14348', 'Ashoka Pharmacy', 'Negombo', 'CSO180108877', '2019-08-05', 28, 11120.2, 11120.2),
('CD0194', 'Unique Pharmacy', 'Negombo', 'CSO180108879', '2019-08-06', 27, 13315, 13315),
('CD0194', 'Unique Pharmacy', 'Negombo', 'CSO180108880', '2019-08-05', 28, 33620, 33620),
('COLD14793', 'Peoples Pharmacy-Magabage', 'Mahabage', 'CSO180108882', '2019-08-05', 28, 3366, 3366),
('CD0194', 'Unique Pharmacy', 'Negombo', 'CSO180108884', '2019-08-06', 27, 20710, 20710),
('CD0194', 'Unique Pharmacy', 'Negombo', 'CSO180108885', '2019-08-06', 27, 8280, 8280),
('CD0140', 'Raddolugama Pharmacy', 'Raddolugama', 'CSO180108886', '2019-08-10', 23, 10673, 10673),
('CD0487', 'Healthcare Pharmacy  Family Needs', 'Raddolugama', 'CSO180108888', '2019-08-06', 27, 4866, 1691),
('CD0499', 'Shris Lanka Pharmacy', 'Seeduwa', 'CSO180108889', '2019-08-06', 27, 2683, 2683),
('COLD14180', 'Soft Life Pharmacy', 'Seeduwa', 'CSO180108890', '2019-08-06', 27, 4628, 4628),
('CD0510', 'Sri Lak Pharmacy', 'Seeduwa', 'CSO180108891', '2019-08-06', 27, 12762.8, 12762.8),
('CD0507', 'Sujith Pulukkuttiarachchui Dr.', 'Kandana', 'CSO180108892', '2019-08-06', 27, 11144, 11144),
('CD0183', 'Suranga Pharmacy', 'Katana', 'CSO180108893', '2019-08-06', 27, 3222, 3222),
('CD0481', 'Reliance Pharmacy', 'Negombo', 'CSO180108895', '2019-08-06', 27, 9045, 9045),
('CD0088', 'Mahajana Osu Sala', 'Negombo', 'CSO180108896', '2019-08-06', 27, 4516, 4516),
('CD0045', 'Gold Crest Pharmacy', 'Seeduwa', 'CSO180108897', '2019-08-13', 20, 3210, 3210),
('CD0164', 'Shanthi Vidya Nivasa', 'Katana', 'CSO180108898', '2019-08-07', 26, 2900, 2900),
('CD0346', 'Laksi Pharmacy', 'Peliyagoda', 'CSO180108901', '2019-08-08', 25, 16447, 16447),
('CD0078', 'Krishmo Pharmacy', 'Wattala', 'CSO180108902', '2019-08-07', 26, 4570, 4570),
('CD0336', 'Family Care Pharmacy  Groceries', 'Wattala', 'CSO180108907', '2019-08-07', 26, 3067, 3067),
('CD0149', 'Roswila Pharmacy', 'Wattala', 'CSO180108908', '2019-08-08', 25, 3508, 3508),
('CD0111', 'New Pharmacy', 'Wattala', 'CSO180108911', '2019-08-07', 26, 11615, 11615),
('CD0052', 'Health  Glow Pharmacy', 'Wattala', 'CSO180108912', '2019-08-07', 26, 17519, 17519),
('CD0057', 'Hendala Pharmacy', 'Wattala', 'CSO180108913', '2019-08-08', 25, 1692, 1692),
('CD0294', 'Bopitiya Pharmacy', 'Bopitiya', 'CSO180108914', '2019-08-08', 25, 1615, 1615),
('CD0111', 'New Pharmacy', 'Wattala', 'CSO180108917', '2019-08-07', 26, 4140, 4140),
('CD0549', 'Lakshan Chemist', 'Wattala', 'CSO180108918', '2019-08-08', 25, 8974.2, 8974.2),
('CD0541', 'Mabola Osusala', 'Wattala', 'CSO180108919', '2019-08-07', 26, 2462, 2462),
('CD0174', 'St. Judes Pharmacy', 'Seeduwa', 'CSO180108922', '2019-08-08', 25, 2964, 2964),
('CD0468', 'Kandawala Pharmacy', 'Katana', 'CSO180108923', '2019-08-08', 25, 1586, 1586),
('CD0083', 'Leesons Pharmacy', 'Ragama', 'CSO180108925', '2019-08-08', 25, 85725, 85725),
('CD0254', 'Sahana Pharmacy', 'Ragama', 'CSO180108926', '2019-08-08', 25, 9846, 9846),
('CD0025', 'City Pharmacy', 'Ragama', 'CSO180108927', '2019-08-08', 25, 5261.2, 3968.2),
('COLD13777', 'Royal Pharmacy - Kanda', 'Kandana', 'CSO180108930', '2019-08-12', 21, 5340, 2754),
('CD0194', 'Unique Pharmacy', 'Negombo', 'CSO180108931', '2019-08-08', 25, 16810, 16810),
('CD0044', 'Gimshani Pharmacy', 'Kandana', 'CSO180108932', '2019-08-08', 25, 8326, 7033),
('CD0145', 'Reliable Pharmacy', 'Ragama', 'CSO180108934', '2019-08-08', 25, 10182, 10182),
('COLD14793', 'Peoples Pharmacy-Magabage', 'Mahabage', 'CSO180108937', '2019-08-08', 25, 5118, 5118),
('CD0496', 'Alliance Pharmacy', 'Ragama', 'CSO180108939', '2019-08-08', 25, 5712, 5712),
('CD0406', 'Browns Healthcare (Pvt) Ltd', 'Ragama', 'CSO180108940', '2019-08-09', 24, 109761, 108054),
('CD0138', 'P.J. ENTERPRISES (PVT) Ltd.', 'Ja-Ela', 'CSO180108943', '2019-08-09', 24, 28680, 28680),
('CD0147', 'Robert Medical', 'Negombo', 'CSO180108944', '2019-08-09', 24, 3765, 3765),
('CD0476', 'Dagonna Pharmacy  Mini Mart', 'Negombo', 'CSO180108947', '2019-08-09', 24, 13256, 13256),
('CD0396', 'Hansi Pharmacy', 'Ja-Ela', 'CSO180108948', '2019-08-09', 24, 323, 323),
('CD0053', 'Health Care Medicla', 'Negombo', 'CSO180108949', '2019-08-09', 24, 9704, 9704),
('CD0240', 'Hiru Pharmacy', 'Katana', 'CSO180108950', '2019-08-09', 24, 5646, 5646),
('CD0356', 'Rusal Pharmacy - (Aloka Dr.)', 'Katana', 'CSO180108951', '2019-08-09', 24, 18059, 18059),
('CD0183', 'Suranga Pharmacy', 'Katana', 'CSO180108952', '2019-08-09', 24, 5334, 5334),
('COLD14591', 'V.M. Pharmacy', 'Katana', 'CSO180108953', '2019-08-09', 24, 9835, 9835),
('CD0498', 'Isura Pharmacy  Grocery', 'Katana', 'CSO180108954', '2019-08-10', 23, 6311, 6311),
('CD0468', 'Kandawala Pharmacy', 'Katana', 'CSO180108955', '2019-08-10', 23, 17843, 17843),
('CD0249', 'Roshini Pharmacy', 'Ja-Ela', 'CSO180108957', '2019-08-10', 23, 3210, 3210),
('CD0130', 'Pamunugama Pharmacy', 'Bopitiya', 'CSO180108958', '2019-08-10', 23, 8711, 8711),
('CD0406', 'Browns Healthcare (Pvt) Ltd', 'Ragama', 'CSO180108960', '2019-08-17', 16, 26212, 26212),
('CD0294', 'Bopitiya Pharmacy', 'Bopitiya', 'CSO180108961', '2019-08-12', 21, 17351, 17351),
('CD0104', 'Nawa Osusala', 'Ja-Ela', 'CSO180108964', '2019-08-12', 21, 14664, 14664),
('CD0508', 'St. Joseph Pharmacy  Grocery', 'Ja-Ela', 'CSO180108965', '2019-08-12', 21, 1740, 1740),
('CD0231', 'Mendis N. S. M. Dr.', 'Ragama', 'CSO180108966', '2019-08-12', 21, 9320, 9320),
('CD0035', 'Ekala Pharmacy', 'Ja-Ela', 'CSO180108967', '2019-08-12', 21, 3830.7, 3830.7),
('CD0259', 'Crystal Pharmacy', 'Negombo', 'CSO180108969', '2019-08-13', 20, 2373, 2373),
('CD0242', 'K. S. A. Medical', 'Negombo', 'CSO180108971', '2019-08-13', 20, 18257, 18257),
('COLD14348', 'Ashoka Pharmacy', 'Negombo', 'CSO180108976', '2019-08-13', 20, 8972.4, 8972.4),
('CD0194', 'Unique Pharmacy', 'Negombo', 'CSO180108977', '2019-08-12', 21, 61612, 61612),
('CD0023', 'City Medical', 'Negombo', 'CSO180108979', '2019-08-12', 21, 26076, 26076),
('CD0163', 'Sethma Pharmacy', 'Kandana', 'CSO180108980', '2019-08-12', 21, 72102, 72102),
('CD0040', 'Fernando Lakshman Dr.', 'Wattala', 'CSO180108981', '2019-08-13', 20, 4230, 4230),
('CD0228', 'Shanthi Pharmacy', 'Negombo', 'CSO180108982', '2019-08-13', 20, 17899, 17899),
('CD0286', 'Jayakodi Super Market', 'Negombo', 'CSO180108983', '2019-08-15', 18, 6217, 6217),
('CD0138', 'P.J. ENTERPRISES (PVT) Ltd.', 'Ja-Ela', 'CSO180108984', '2019-08-13', 20, 43630, 43630),
('CD0408', 'International Institute of Health of Science', 'Mahabage', 'CSO180108985', '2019-08-13', 20, 883, 883),
('CD0081', 'Laxsri Pharmacy', 'Katunayake', 'CSO180108986', '2019-08-13', 20, 7342, 7342),
('CD0548', 'Sanath Galgamuwa Dr.', 'Negombo', 'CSO180108987', '2019-08-13', 20, 11980, 11980),
('COLD14555', 'Nawa Lanka Pharmacy', 'Negombo', 'CSO180108988', '2019-08-13', 20, 22448.7, 22448.7),
('CD0481', 'Reliance Pharmacy', 'Negombo', 'CSO180108989', '2019-08-13', 20, 1707, 1707),
('CD0013', 'Asiri Pharmacy', 'Raddolugama', 'CSO180108991', '2019-08-13', 20, 4160, 4160),
('CD0487', 'Healthcare Pharmacy  Family Needs', 'Raddolugama', 'CSO180108992', '2019-08-13', 20, 6392, 4130),
('CD0499', 'Shris Lanka Pharmacy', 'Seeduwa', 'CSO180108993', '2019-08-13', 20, 9379, 9379),
('CD0510', 'Sri Lak Pharmacy', 'Seeduwa', 'CSO180108994', '2019-08-13', 20, 10349, 10349),
('CD0182', 'Supreem Pharmacy', 'Negombo', 'CSO180108996', '2019-08-15', 18, 1542, 1542),
('CD0254', 'Sahana Pharmacy', 'Ragama', 'CSO180108997', '2019-08-15', 18, 19821, 19821),
('CD0083', 'Leesons Pharmacy', 'Ragama', 'CSO180108998', '2019-08-15', 18, 20169, 20169),
('CD0083', 'Leesons Pharmacy', 'Ragama', 'CSO180108999', '2019-08-19', 14, 9480, 9480),
('CD0025', 'City Pharmacy', 'Ragama', 'CSO180109000', '2019-08-15', 18, 6537, 6537),
('CD0426', 'Jayasri Pharmacy', 'Ragama', 'CSO180109002', '2019-08-15', 18, 5690, 5690),
('CD0138', 'P.J. ENTERPRISES (PVT) Ltd.', 'Ja-Ela', 'CSO180109004', '2019-08-15', 18, 37180, 37180),
('COLD13777', 'Royal Pharmacy - Kanda', 'Kandana', 'CSO180109006', '2019-08-15', 18, 5673, 5673),
('CD0044', 'Gimshani Pharmacy', 'Kandana', 'CSO180109007', '2019-08-15', 18, 2320, 2320),
('CD0145', 'Reliable Pharmacy', 'Ragama', 'CSO180109008', '2019-08-15', 18, 9028, 9028),
('COLD14793', 'Peoples Pharmacy-Magabage', 'Mahabage', 'CSO180109010', '2019-08-15', 18, 35935, 30020),
('COLD14793', 'Peoples Pharmacy-Magabage', 'Mahabage', 'CSO180109011', '2019-08-15', 18, 29567, 25297),
('CD0408', 'International Institute of Health of Science', 'Mahabage', 'CSO180109012', '2019-08-15', 18, 11759, 11759),
('CD0154', 'Sampath Pharmacy', 'Ragama', 'CSO180109014', '2019-08-16', 17, 6076, 6076),
('CD0182', 'Supreem Pharmacy', 'Negombo', 'CSO180109015', '2019-08-17', 16, 28450, 28450),
('CD0174', 'St. Judes Pharmacy', 'Seeduwa', 'CSO180109016', '2019-08-16', 17, 11654, 11654),
('CD0071', 'Kalidson Pharmacy', 'Negombo', 'CSO180109017', '2019-08-16', 17, 24031, 24031),
('CD0243', 'Suwa Setha Pharmacy', 'Badalgama', 'CSO180109019', '2019-08-16', 17, 16025, 16025),
('CD0155', 'Sarana Osusala', 'Badalgama', 'CSO180109020', '2019-08-16', 17, 10537, 10537),
('CD0257', 'Nirodha Pharmacy', 'Badalgama', 'CSO180109021', '2019-08-16', 17, 5822, 5822),
('CD0183', 'Suranga Pharmacy', 'Katana', 'CSO180109022', '2019-08-16', 17, 9514, 9514),
('CD0468', 'Kandawala Pharmacy', 'Katana', 'CSO180109023', '2019-08-16', 17, 3602, 3602),
('CD0181', 'Super Medical', 'Negombo', 'CSO180109025', '2019-08-17', 16, 32676, 32676),
('CD0023', 'City Medical', 'Negombo', 'CSO180109026', '2019-08-16', 17, 6441, 6441),
('CD0182', 'Supreem Pharmacy', 'Negombo', 'CSO180109027', '2019-08-16', 17, 3835, 3835),
('CD0107', 'New Central Pharmacy', 'Negombo', 'CSO180109028', '2019-08-16', 17, 1398, 1398),
('CD0182', 'Supreem Pharmacy', 'Negombo', 'CSO180109029', '2019-08-16', 17, 12279.6, 12279.6),
('CD0240', 'Hiru Pharmacy', 'Katana', 'CSO180109030', '2019-08-16', 17, 14679, 13386),
('CD0147', 'Robert Medical', 'Negombo', 'CSO180109034', '2019-08-16', 17, 6337, 6337),
('CD0111', 'New Pharmacy', 'Wattala', 'CSO180109035', '2019-08-17', 16, 4917, 4917),
('CD0194', 'Unique Pharmacy', 'Negombo', 'CSO180109036', '2019-08-17', 16, 11840, 11840),
('COLD14197', 'Arogya Pharmacy and Grocery', 'Ja-Ela', 'CSO180109037', '2019-08-17', 16, 1706, 1706),
('CD0335', 'Calvary Medicals', 'Ja-Ela', 'CSO180109038', '2019-08-19', 14, 4659, 4659),
('CD0396', 'Hansi Pharmacy', 'Ja-Ela', 'CSO180109039', '2019-08-19', 14, 2453.3, 2453.3),
('CD0055', 'Healthline Pharmacy', 'Kandana', 'CSO180109041', '2019-08-19', 14, 7894, 7161),
('CD0294', 'Bopitiya Pharmacy', 'Bopitiya', 'CSO180109043', '2019-08-19', 14, 5873, 5873),
('CD0138', 'P.J. ENTERPRISES (PVT) Ltd.', 'Ja-Ela', 'CSO180109046', '2019-08-19', 14, 99102, 99102),
('CD0104', 'Nawa Osusala', 'Ja-Ela', 'CSO180109047', '2019-08-19', 14, 4389, 4389),
('CD0125', 'Orient Pharmacy', 'Kandana', 'CSO180109048', '2019-08-19', 14, 6238, 6238),
('CD0035', 'Ekala Pharmacy', 'Ja-Ela', 'CSO180109049', '2019-08-19', 14, 3262, 3262),
('CD0138', 'P.J. ENTERPRISES (PVT) Ltd.', 'Ja-Ela', 'CSO180109051', '2019-08-19', 14, 94446, 94446),
('CD0160', 'Seeduwa Medicals', 'Seeduwa', 'CSO180109053', '2019-08-19', 14, 1941, 1941),
('CD0402', 'Pamunugama Osu Sala', 'Raddolugama', 'CSO180109054', '2019-08-19', 14, 1398, 1398),
('CD0081', 'Laxsri Pharmacy', 'Katunayake', 'CSO180109055', '2019-08-19', 14, 12546, 12546),
('COLD13777', 'Royal Pharmacy - Kanda', 'Kandana', 'CSO180109056', '2019-08-19', 14, 948, 948),
('CD0474', 'Pradipa Osusala  Grocery', 'Negombo', 'CSO180109058', '2019-08-19', 14, 10053, 8437),
('CD0174', 'St. Judes Pharmacy', 'Seeduwa', 'CSO180109059', '2019-08-19', 14, 5792, 5792),
('CD0088', 'Mahajana Osu Sala', 'Negombo', 'CSO180109060', '2019-08-20', 13, 50642, 50642),
('CD0140', 'Raddolugama Pharmacy', 'Raddolugama', 'CSO180109061', '2019-08-20', 13, 18244, 17329),
('CD0256', 'X  Lab Pharmacy', 'Negombo', 'CSO180109062', '2019-08-24', 9, 2800, 2800),
('CD0220', 'The Pharmacy', 'Negombo', 'CSO180109063', '2019-08-21', 12, 23650, 23650),
('CD0450', 'Royal Pharmacy', 'Negombo', 'CSO180109066', '2019-08-20', 13, 22750.7, 22750.7),
('CD0242', 'K. S. A. Medical', 'Negombo', 'CSO180109067', '2019-08-22', 11, 4996, 4996),
('COLD14348', 'Ashoka Pharmacy', 'Negombo', 'CSO180109068', '2019-08-24', 9, 7827.3, 7827.3),
('CD0470', 'Best Way Pharmacy', 'Negombo', 'CSO180109069', '2019-08-20', 13, 7953, 7953),
('CD0194', 'Unique Pharmacy', 'Negombo', 'CSO180109070', '2019-08-21', 12, 29401, 29401),
('CD0259', 'Crystal Pharmacy', 'Negombo', 'CSO180109071', '2019-08-20', 13, 16202.3, 16202.3),
('CD0080', 'Lanka Pharmacy', 'Negombo', 'CSO180109072', '2019-08-20', 13, 47741, 43906),
('CD0018', 'Better Health Pharmacy', 'Negombo', 'CSO180109073', '2019-08-20', 13, 19105.3, 18190.3),
('CD0189', 'Thalahena Pharmacy', 'Negombo', 'CSO180109074', '2019-08-20', 13, 22606, 22606),
('COLD15046', 'Lakmi Pharmacy & Grocery', 'Negombo', 'CSO180109075', '2019-08-20', 13, 13204, 11738),
('CD0167', 'Silveray Pharmacy', 'Negombo', 'CSO180109076', '2019-08-20', 13, 11798, 11798),
('CD0228', 'Shanthi Pharmacy', 'Negombo', 'CSO180109077', '2019-08-20', 13, 14733, 14733),
('CD0181', 'Super Medical', 'Negombo', 'CSO180109078', '2019-08-20', 13, 8920, 8920),
('CD0561', 'Union Pharmacy', 'Negombo', 'CSO180109079', '2019-08-20', 13, 2604, 2604),
('COLD13957', 'Negombo Drugs', 'Negombo', 'CSO180109080', '2019-08-20', 13, 4634, 4634),
('CD0023', 'City Medical', 'Negombo', 'CSO180109081', '2019-08-20', 13, 7166, 7166),
('CD0107', 'New Central Pharmacy', 'Negombo', 'CSO180109082', '2019-08-21', 12, 11026, 11026),
('CD0496', 'Alliance Pharmacy', 'Ragama', 'CSO180109083', '2019-08-21', 12, 6332, 6332),
('CD0346', 'Laksi Pharmacy', 'Peliyagoda', 'CSO180109085', '2019-08-21', 12, 5834, 5834),
('CD0078', 'Krishmo Pharmacy', 'Wattala', 'CSO180109086', '2019-08-21', 12, 2057, 2057),
('CD0133', 'Peoples Pharmacy  Grocery', 'Wattala', 'CSO180109087', '2019-08-21', 12, 22036, 22036),
('CD0158', 'Sathya Pharmacy', 'Wattala', 'CSO180109088', '2019-08-22', 11, 3717, 3717),
('CD0146', 'Rio Pharmacy', 'Hendala', 'CSO180109089', '2019-08-22', 11, 2594, 2594),
('CD0099', 'Milan Pharmacy', 'Wattala', 'CSO180109090', '2019-08-21', 12, 12889, 12889),
('CD0062', 'Isuri Pharmacy', 'Wattala', 'CSO180109094', '2019-08-21', 12, 7855, 7855),
('CD0111', 'New Pharmacy', 'Wattala', 'CSO180109095', '2019-08-21', 12, 4871, 4871),
('CD0104', 'Nawa Osusala', 'Ja-Ela', 'CSO180109096', '2019-08-22', 11, 5433, 5433),
('CD0052', 'Health  Glow Pharmacy', 'Wattala', 'CSO180109097', '2019-08-21', 12, 17838, 17838),
('CD0549', 'Lakshan Chemist', 'Wattala', 'CSO180109098', '2019-08-22', 11, 8449, 5985),
('CD0541', 'Mabola Osusala', 'Wattala', 'CSO180109099', '2019-08-22', 11, 3220, 3220),
('CD0136', 'Pharma Chemi', 'Wattala', 'CSO180109100', '2019-08-22', 11, 12684, 12684),
('CD0525', 'Health  Glow Pharmacy - 2', 'Wattala', 'CSO180109101', '2019-08-22', 11, 3166, 3166),
('CD0510', 'Sri Lak Pharmacy', 'Seeduwa', 'CSO180109102', '2019-08-22', 11, 16675, 16675),
('CD0555', 'Imedra Medicals(Pvt)Ltd', 'Ragama', 'CSO180109103', '2019-08-22', 11, 9696.1, 9696.1),
('CD0426', 'Jayasri Pharmacy', 'Ragama', 'CSO180109104', '2019-08-22', 11, 5690, 5690),
('CD0441', 'Isura Pharmacy', 'Ragama', 'CSO180109105', '2019-08-24', 9, 32930.1, 32930.1),
('CD0254', 'Sahana Pharmacy', 'Ragama', 'CSO180109106', '2019-08-22', 11, 13747.1, 13747.1),
('CD0025', 'City Pharmacy', 'Ragama', 'CSO180109107', '2019-08-22', 11, 6263, 6263),
('CD0194', 'Unique Pharmacy', 'Negombo', 'CSO180109108', '2019-08-22', 11, 9150, 9150),
('CD0083', 'Leesons Pharmacy', 'Ragama', 'CSO180109109', '2019-08-24', 9, 83592, 83592),
('CD0044', 'Gimshani Pharmacy', 'Kandana', 'CSO180109110', '2019-08-22', 11, 5958.3, 5958.3),
('CD0016', 'Ave Maria Pharmacy', 'Negombo', 'CSO180109111', '2019-08-22', 11, 2729, 2729),
('CD0163', 'Sethma Pharmacy', 'Kandana', 'CSO180109112', '2019-08-23', 10, 60887, 53129),
('COLD13777', 'Royal Pharmacy - Kanda', 'Kandana', 'CSO180109114', '2019-08-24', 9, 10494.3, 10494.3),
('CD0173', 'St. Jude Pharmacy', 'Ja-Ela', 'CSO180109115', '2019-08-22', 11, 15664, 15664),
('CD0496', 'Alliance Pharmacy', 'Ragama', 'CSO180109116', '2019-08-23', 10, 3324.1, 3324.1),
('CD0408', 'International Institute of Health of Science', 'Mahabage', 'CSO180109117', '2019-08-22', 11, 2089, 2089),
('CD0408', 'International Institute of Health of Science', 'Mahabage', 'CSO180109118', '2019-08-23', 10, 6985, 6985),
('CD0154', 'Sampath Pharmacy', 'Ragama', 'CSO180109119', '2019-08-23', 10, 4748.1, 4748.1),
('CD0099', 'Milan Pharmacy', 'Wattala', 'CSO180109121', '2019-08-23', 10, 5690, 5690),
('CD0071', 'Kalidson Pharmacy', 'Negombo', 'CSO180109123', '2019-08-23', 10, 8407.5, 8407.5),
('CD0286', 'Jayakodi Super Market', 'Negombo', 'CSO180109124', '2019-08-23', 10, 14137.1, 14137.1),
('CD0147', 'Robert Medical', 'Negombo', 'CSO180109125', '2019-08-23', 10, 6639.1, 6639.1),
('CD0538', 'Ranmina Osusala', 'Negombo', 'CSO180109127', '2019-08-23', 10, 4432, 4432),
('CD0356', 'Rusal Pharmacy - (Aloka Dr.)', 'Katana', 'CSO180109128', '2019-08-24', 9, 9668, 9668),
('COLD14591', 'V.M. Pharmacy', 'Katana', 'CSO180109129', '2019-08-23', 10, 7750, 7750),
('CD0183', 'Suranga Pharmacy', 'Katana', 'CSO180109130', '2019-08-23', 10, 13987, 13682),
('CD0468', 'Kandawala Pharmacy', 'Katana', 'CSO180109131', '2019-08-23', 10, 10404.1, 7818.1),
('CD0182', 'Supreem Pharmacy', 'Negombo', 'CSO180109132', '2019-08-23', 10, 2586, 2586),
('CD0182', 'Supreem Pharmacy', 'Negombo', 'CSO180109133', '2019-08-23', 10, 5563, 5563),
('CD0147', 'Robert Medical', 'Negombo', 'CSO180109134', '2019-08-24', 9, 1720, 1720),
('CD0508', 'St. Joseph Pharmacy  Grocery', 'Ja-Ela', 'CSO180109135', '2019-08-24', 9, 4162, 4162),
('CD0240', 'Hiru Pharmacy', 'Katana', 'CSO180109136', '2019-08-24', 9, 3103.1, 3103.1),
('CD0476', 'Dagonna Pharmacy  Mini Mart', 'Negombo', 'CSO180109137', '2019-08-24', 9, 24731.1, 24426.1),
('CD0487', 'Healthcare Pharmacy  Family Needs', 'Raddolugama', 'CSO180109138', '2019-08-24', 9, 4063, 4063),
('CD0468', 'Kandawala Pharmacy', 'Katana', 'CSO180109139', '2019-08-24', 9, 598, 598),
('CD0480', 'Thilana Pharmacy', 'Ja-Ela', 'CSO180109140', '2019-08-24', 9, 10082, 10082),
('CD0080', 'Lanka Pharmacy', 'Negombo', 'CSO180109142', '2019-08-24', 9, 28450, 28450),
('CD0182', 'Supreem Pharmacy', 'Negombo', 'CSO180109144', '2019-08-28', 5, 3050, 3050),
('CD0335', 'Calvary Medicals', 'Ja-Ela', 'CSO180109145', '2019-08-26', 7, 9425.1, 9425.1),
('CD0024', 'City Pharmacy', 'Ja-Ela', 'CSO180109146', '2019-08-26', 7, 18317, 18317),
('CD0073', 'Kapuwatha Pharmacy', 'Ja-Ela', 'CSO180109147', '2019-08-26', 7, 17465.3, 17465.3),
('CD0396', 'Hansi Pharmacy', 'Ja-Ela', 'CSO180109148', '2019-08-26', 7, 6507.1, 6184.1),
('CD0055', 'Healthline Pharmacy', 'Kandana', 'CSO180109149', '2019-08-26', 7, 6455, 6455),
('COLD14611', 'Sasithma Pharmacy & Grocery', 'Ja-Ela', 'CSO180109150', '2019-08-26', 7, 16253.1, 16253.1),
('CD0294', 'Bopitiya Pharmacy', 'Bopitiya', 'CSO180109151', '2019-08-26', 7, 10008.1, 10008.1),
('CD0130', 'Pamunugama Pharmacy', 'Bopitiya', 'CSO180109152', '2019-08-26', 7, 22699.1, 22699.1),
('CD0293', 'St. Joshep Pharmacy', 'Bopitiya', 'CSO180109153', '2019-08-26', 7, 2413, 2413),
('CD0138', 'P.J. ENTERPRISES (PVT) Ltd.', 'Ja-Ela', 'CSO180109154', '2019-08-26', 7, 10351, 10351),
('CD0104', 'Nawa Osusala', 'Ja-Ela', 'CSO180109156', '2019-08-26', 7, 3361.2, 3361.2),
('CD0078', 'Krishmo Pharmacy', 'Wattala', 'CSO180109157', '2019-08-26', 7, 969, 969),
('CD0508', 'St. Joseph Pharmacy  Grocery', 'Ja-Ela', 'CSO180109158', '2019-08-26', 7, 10162, 5053),
('CD0035', 'Ekala Pharmacy', 'Ja-Ela', 'CSO180109159', '2019-08-26', 7, 5184, 5184),
('CD0508', 'St. Joseph Pharmacy  Grocery', 'Ja-Ela', 'CSO180109160', '2019-08-26', 7, 6364.1, 1792.1),
('CD0508', 'St. Joseph Pharmacy  Grocery', 'Ja-Ela', 'CSO180109162', '2019-08-26', 7, 5640, 5640),
('COLD14166', 'Thudella Pharmacy', 'Ja-Ela', 'CSO180109163', '2019-08-26', 7, 6059.1, 6059.1),
('CD0006', 'Amila Pharmacy', 'Ja-Ela', 'CSO180109164', '2019-08-26', 7, 1805, 1805),
('CD0259', 'Crystal Pharmacy', 'Negombo', 'CSO180109165', '2019-08-28', 5, 10457, 10457),
('CD0250', 'New Pharmacy', 'Negombo', 'CSO180109166', '2019-08-26', 7, 7337, 7337),
('CD0568', 'Healing Pharmacy', 'Negombo', 'CSO180109167', '2019-08-26', 7, 2733, 2733),
('CD0194', 'Unique Pharmacy', 'Negombo', 'CSO180109170', '2019-08-26', 7, 75865, 70175),
('COLD13957', 'Negombo Drugs', 'Negombo', 'CSO180109172', '2019-08-26', 7, 7005.5, 7005.5),
('CD0018', 'Better Health Pharmacy', 'Negombo', 'CSO180109173', '2019-08-26', 7, 11820, 11820),
('CD0228', 'Shanthi Pharmacy', 'Negombo', 'CSO180109174', '2019-08-26', 7, 3291, 3291),
('CD0167', 'Silveray Pharmacy', 'Negombo', 'CSO180109175', '2019-08-27', 6, 18288, 18288),
('CD0163', 'Sethma Pharmacy', 'Kandana', 'CSO180109176', '2019-08-27', 6, 48395, 48395),
('CD0561', 'Union Pharmacy', 'Negombo', 'CSO180109178', '2019-08-31', 2, 5690, 5690),
('CD0555', 'Imedra Medicals(Pvt)Ltd', 'Ragama', 'CSO180109179', '2019-09-02', 0, 1938, 1938),
('COLD12316', 'Lakshman Fernando Dr.', 'Hunupitiya', 'CSO180109180', '2019-08-27', 6, 3366, 1683),
('CD0548', 'Sanath Galgamuwa Dr.', 'Negombo', 'CSO180109184', '2019-08-27', 6, 25829, 25829),
('CD0140', 'Raddolugama Pharmacy', 'Raddolugama', 'CSO180109185', '2019-08-27', 6, 3879, 3879),
('CD0013', 'Asiri Pharmacy', 'Raddolugama', 'CSO180109186', '2019-08-27', 6, 13047, 13047),
('CD0402', 'Pamunugama Osu Sala', 'Raddolugama', 'CSO180109187', '2019-08-28', 5, 55924.6, 55924.6),
('CD0140', 'Raddolugama Pharmacy', 'Raddolugama', 'CSO180109188', '2019-08-27', 6, 5552.1, 5552.1),
('CD0487', 'Healthcare Pharmacy  Family Needs', 'Raddolugama', 'CSO180109189', '2019-08-27', 6, 6925, 4183),
('CD0132', 'Peoples Pharmacy', 'Raddolugama', 'CSO180109190', '2019-08-27', 6, 4656, 4656),
('CD0499', 'Shris Lanka Pharmacy', 'Seeduwa', 'CSO180109191', '2019-08-27', 6, 6854, 6854),
('CD0081', 'Laxsri Pharmacy', 'Katunayake', 'CSO180109192', '2019-08-27', 6, 3419, 3419),
('CD0547', 'New St. Joseph Pharmacy', 'Seeduwa', 'CSO180109193', '2019-08-27', 6, 9693, 9693),
('CD0510', 'Sri Lak Pharmacy', 'Seeduwa', 'CSO180109195', '2019-08-27', 6, 8483.3, 8483.3),
('CD0365', 'Seeduwa Osusala', 'Seeduwa', 'CSO180109196', '2019-08-27', 6, 27477, 27477),
('CD0176', 'St. Marrys Pharmacy - KA', 'Katunayake', 'CSO180109197', '2019-08-28', 5, 8453, 7160),
('COLD14555', 'Nawa Lanka Pharmacy', 'Negombo', 'CSO180109198', '2019-08-28', 5, 24303, 24303),
('CD0107', 'New Central Pharmacy', 'Negombo', 'CSO180109199', '2019-08-27', 6, 8530, 8530),
('CD0088', 'Mahajana Osu Sala', 'Negombo', 'CSO180109200', '2019-08-28', 5, 16773, 16773),
('CD0481', 'Reliance Pharmacy', 'Negombo', 'CSO180109202', '2019-08-28', 5, 8913, 8913),
('CD0316', 'KFD Distributors', 'Negombo', 'CSO180109203', '2019-08-28', 5, 2071, 2071),
('CD0078', 'Krishmo Pharmacy', 'Wattala', 'CSO180109204', '2019-08-28', 5, 2170, 2170),
('CD0133', 'Peoples Pharmacy  Grocery', 'Wattala', 'CSO180109205', '2019-08-28', 5, 66448, 66448),
('CD0128', 'Osu Sala Wattala', 'Wattala', 'CSO180109206', '2019-08-28', 5, 77179, 77179),
('CD0099', 'Milan Pharmacy', 'Wattala', 'CSO180109207', '2019-08-28', 5, 5632, 5632),
('CD0253', 'Chemi World', 'Enderamulla', 'CSO180109208', '2019-08-28', 5, 18957, 18957),
('CD0062', 'Isuri Pharmacy', 'Wattala', 'CSO180109210', '2019-08-31', 2, 7681, 7681),
('CD0071', 'Kalidson Pharmacy', 'Negombo', 'CSO180109211', '2019-08-28', 5, 1680, 1680),
('CD0549', 'Lakshan Chemist', 'Wattala', 'CSO180109212', '2019-08-28', 5, 2909, 2909),
('CD0541', 'Mabola Osusala', 'Wattala', 'CSO180109213', '2019-08-28', 5, 2026, 2026),
('CD0525', 'Health  Glow Pharmacy - 2', 'Wattala', 'CSO180109214', '2019-08-29', 4, 853, 853),
('CD0080', 'Lanka Pharmacy', 'Negombo', 'CSO180109215', '2019-08-29', 4, 42626, 42626),
('CD0083', 'Leesons Pharmacy', 'Ragama', 'CSO180109216', '2019-08-29', 4, 79105, 79105),
('CD0220', 'The Pharmacy', 'Negombo', 'CSO180109217', '2019-08-31', 2, 7334, 7334),
('CD0259', 'Crystal Pharmacy', 'Negombo', 'CSO180109218', '2019-08-29', 4, 5581, 5581),
('CD0254', 'Sahana Pharmacy', 'Ragama', 'CSO180109219', '2019-08-29', 4, 31966, 31966),
('CD0025', 'City Pharmacy', 'Ragama', 'CSO180109220', '2019-08-29', 4, 2499, 2499),
('COLD13777', 'Royal Pharmacy - Kanda', 'Kandana', 'CSO180109222', '2019-08-29', 4, 6240, 6240),
('CD0242', 'K. S. A. Medical', 'Negombo', 'CSO180109223', '2019-08-29', 4, 5209, 5209),
('CD0107', 'New Central Pharmacy', 'Negombo', 'CSO180109224', '2019-08-29', 4, 915, 915),
('CD0044', 'Gimshani Pharmacy', 'Kandana', 'CSO180109225', '2019-08-29', 4, 5076, 5076),
('CD0145', 'Reliable Pharmacy', 'Ragama', 'CSO180109226', '2019-08-30', 3, 11134, 11134),
('CD0508', 'St. Joseph Pharmacy  Grocery', 'Ja-Ela', 'CSO180109228', '2019-08-30', 3, 4265, 4265),
('CD0147', 'Robert Medical', 'Negombo', 'CSO180109229', '2019-08-30', 3, 7680, 7680),
('CD0539', 'Thenuka Pharmacy', 'Negombo', 'CSO180109230', '2019-08-30', 3, 60883, 60883),
('CD0539', 'Thenuka Pharmacy', 'Negombo', 'CSO180109231', '2019-08-30', 3, 6005, 6005),
('CD0568', 'Healing Pharmacy', 'Negombo', 'CSO180109232', '2019-08-30', 3, 414.2, 414.2),
('CD0390', 'Lasith Pharmacy', 'Negombo', 'CSO180109233', '2019-08-30', 3, 2370, 2370),
('CD0080', 'Lanka Pharmacy', 'Negombo', 'CSO180109234', '2019-08-30', 3, 14871, 14871),
('CD0257', 'Nirodha Pharmacy', 'Badalgama', 'CSO180109236', '2019-09-02', 0, 1482, 1482),
('CD0176', 'St. Marrys Pharmacy - KA', 'Katunayake', 'CSO180109237', '2019-08-31', 2, 2402, 2402),
('CD0130', 'Pamunugama Pharmacy', 'Bopitiya', 'CSO180109238', '2019-08-31', 2, 1479, 1479),
('CD0228', 'Shanthi Pharmacy', 'Negombo', 'CSO180109239', '2019-08-31', 2, 10243, 10243),
('CD0151', 'S  G Medicals', 'Negombo', 'CSO180109240', '2019-08-31', 2, 20295.5, 20295.5),
('COLD14611', 'Sasithma Pharmacy & Grocery', 'Ja-Ela', 'CSO180109241', '2019-09-02', 0, 860, 860),
('CD0396', 'Hansi Pharmacy', 'Ja-Ela', 'CSO180109242', '2019-09-02', 0, 1707, 1707),
('CD0258', 'Rilaulla Pharmacy', 'Kandana', 'CSO180109243', '2019-09-02', 0, 9669, 9669),
('CD0508', 'St. Joseph Pharmacy  Grocery', 'Ja-Ela', 'CSO180109244', '2019-09-02', 0, 28450, 28450),
('CD0294', 'Bopitiya Pharmacy', 'Bopitiya', 'CSO180109245', '2019-09-02', 0, 12553, 12553),
('CD0111', 'New Pharmacy', 'Wattala', 'CSO180109246', '2019-09-02', 0, 14608, 14608),
('CD0035', 'Ekala Pharmacy', 'Ja-Ela', 'CSO180109247', '2019-09-02', 0, 2806, 2806),
('CD0293', 'St. Joshep Pharmacy', 'Bopitiya', 'CSO180109249', '2019-09-02', 0, 6598, 6598),
('CD0104', 'Nawa Osusala', 'Ja-Ela', 'CSO180109250', '2019-09-02', 0, 1293, 1293),
('CD0163', 'Sethma Pharmacy', 'Kandana', 'CSO180109251', '2019-09-02', 0, 46441, 46441),
('CD0181', 'Super Medical', 'Negombo', 'CSO180109254', '2019-09-02', 0, 51003, 51003),
('COLD15059', 'Jayamaha Distributors', 'Pamunugama', 'CSO180109255', '2019-09-02', 0, 13165, 13165),
('CD0476', 'Dagonna Pharmacy  Mini Mart', 'Negombo', 'CSO180109257', '2019-09-02', 0, 22160, 22160),
('CD0441', 'Isura Pharmacy', 'Ragama', 'CSO180109258', '2019-09-02', 0, 5965, 5965),
('CD0194', 'Unique Pharmacy', 'Negombo', 'CSO180109259', '2019-09-02', 0, 41105, 41105),
('CD0136', 'Pharma Chemi', 'Wattala', 'CSO180109260', '2019-09-02', 0, 2925.2, 2925.2),
('CD0099', 'Milan Pharmacy', 'Wattala', 'CSO180109261', '2019-09-02', 0, 4056.2, 4056.2),
('CD0128', 'Osu Sala Wattala', 'Wattala', 'CSO180109262', '2019-09-02', 0, 1462.5, 1462.5),
('CD0146', 'Rio Pharmacy', 'Hendala', 'CSO180109263', '2019-09-02', 0, 4903.1, 4903.1),
('CD0525', 'Health  Glow Pharmacy - 2', 'Wattala', 'CSO180109264', '2019-09-02', 0, 6034.1, 6034.1),
('CD0176', 'St. Marrys Pharmacy - KA', 'Katunayake', 'CSO180109266', '2019-09-02', 0, 5827, 5827);
INSERT INTO `ciplaoutupload` (`cID`, `cCustName`, `cTown`, `inv`, `date`, `age`, `amount`, `balAmount`) VALUES
('CD0045', 'Gold Crest Pharmacy', 'Seeduwa', 'CSO180109267', '2019-09-02', 0, 5400, 5400),
('COLD14348', 'Ashoka Pharmacy', 'Negombo', 'CSO180109268', '2019-09-02', 0, 427, 427),
('CD0228', 'Shanthi Pharmacy', 'Negombo', 'CSO180109271', '2019-09-02', 0, 3492.3, 3492.3),
('CD0018', 'Better Health Pharmacy', 'Negombo', 'CSO180109273', '2019-09-02', 0, 2938, 2938),
('CD0032', 'Digasiri Pharmacy', 'Ja-Ela', 'CSO180109275', '2019-09-02', 0, 5400, 5400),
('CD0173', 'St. Jude Pharmacy', 'Ja-Ela', 'CSO180109276', '2019-09-02', 0, 1532, 1532),
('CD0104', 'Nawa Osusala', 'Ja-Ela', 'CSO180109277', '2019-09-02', 0, 5400, 5400),
('CD0258', 'Rilaulla Pharmacy', 'Kandana', 'CSO180109278', '2019-09-02', 0, 5400, 5400),
('COLD14555', 'Nawa Lanka Pharmacy', 'Negombo', 'CSO180109279', '2019-09-02', 0, 1273, 1273),
('CD0107', 'New Central Pharmacy', 'Negombo', 'CSO180109285', '2019-09-02', 0, 4572, 4572),
('CD0080', 'Lanka Pharmacy', 'Negombo', 'CSO180109286', '2019-09-02', 0, 19854, 19854),
('CD0390', 'Lasith Pharmacy', 'Negombo', 'CSO180109301', '2019-09-02', 0, 704, 704),
('CD0549', 'Lakshan Chemist', 'Wattala', 'CSO180109302', '2019-09-02', 0, 5690, 5690),
('CD0240', 'Hiru Pharmacy', 'Katana', 'CSO183001947', '2018-04-02', 518, 8600, 8600),
('CD0410', 'Sey Medi Pharmacy', 'Ragama', 'CSO183002240', '2018-04-23', 497, 2141, 2141),
('COLD14005', 'Anuja Fernando Dr.', 'Seeduwa', 'CSO183002298', '2018-04-24', 496, 10300, 10300),
('CD0020', 'Cash Customer - Colombo D', 'Negombo', 'CSO183002799', '2018-05-28', 462, 3474, 3474),
('CD0020', 'Cash Customer - Colombo D', 'Negombo', 'CSO183002879', '2018-06-02', 457, 1707, 1707),
('CD0020', 'Cash Customer - Colombo D', 'Negombo', 'CSO183002974', '2018-06-08', 451, 840, 840),
('CD0020', 'Cash Customer - Colombo D', 'Negombo', 'CSO183003437', '2018-07-06', 423, 2646, 2646),
('CD0529', 'Darshana Mohotti Dr.', 'Kandana', 'CSO183003787', '2018-08-02', 396, 10370, 10370),
('CD0020', 'Cash Customer - Colombo D', 'Negombo', 'CSO183004252', '2018-09-14', 353, 3414, 3414),
('CD0412', 'New Kalani Pharmacy', 'Ja-Ela', 'CSO183004456', '2018-10-02', 335, 3915, 3915),
('CD0020', 'Cash Customer - Colombo D', 'Negombo', 'CSO183004464', '2018-10-03', 334, 4708, 4708),
('COLD13750', 'Poojani Illangasinghe Dr.', 'Wattala', 'CSO183004806', '2018-11-01', 305, 6900, 2850),
('CD0552', 'Wasantha Hearath Dr.', 'Ja-Ela', 'CSO183005084', '2018-11-23', 283, 1380, 1380),
('CD0339', 'Lasantha Somaratne Dr.', 'Kandana', 'CSO183005122', '2018-11-27', 279, 35765, 17870),
('COLD13901', 'Siyapatha Pharmacy', 'Ragama', 'CSO183005146', '2018-11-28', 278, 18729, 18729),
('COLD12316', 'Lakshman Fernando Dr.', 'Hunupitiya', 'CSO183005211', '2018-12-03', 273, 8530, 8530),
('CD0264', 'Daya Fernando A.T.Dr.', 'Kandana', 'CSO183005326', '2018-12-13', 263, 4525, 4525),
('CD0012', 'Asiri Pharmacy', 'Ja-Ela', 'CSO183005342', '2018-12-28', 248, 38300, 15457),
('CD0104', 'Nawa Osusala', 'Ja-Ela', 'CSO183005471', '2018-12-27', 249, 28346, 603),
('CD0020', 'Cash Customer - Colombo D', 'Negombo', 'CSO183005626', '2019-01-05', 240, 4850, 4850),
('CD0293', 'St. Joshep Pharmacy', 'Bopitiya', 'CSO183005890', '2019-01-21', 224, 17305, 17305),
('CD0107', 'New Central Pharmacy', 'Negombo', 'CSO183005928', '2019-01-22', 223, 2559, 2559),
('CD0138', 'P.J. ENTERPRISES (PVT) Ltd.', 'Ja-Ela', 'CSO183006109', '2019-02-01', 213, 4225, 4225),
('CD0052', 'Health  Glow Pharmacy', 'Wattala', 'CSO183006115', '2019-02-01', 213, 8450, 8450),
('CD0469', 'Asiri Pharmacy  Grocery', 'Negombo', 'CSO183006144', '2019-02-02', 212, 2262, 1810),
('CD0265', 'Anoma J.Wejesinghe dr.', 'Wattala', 'CSO183006248', '2019-02-15', 199, 13500, 13500),
('CD0063', 'J  J Pharmacy', 'Negombo', 'CSO183006268', '2019-02-08', 206, 948, 948),
('COLD13809', 'Lakshi Pharmacy', 'Negombo', 'CSO183006282', '2019-02-11', 203, 14869, 14869),
('CD0220', 'The Pharmacy', 'Negombo', 'CSO183006298', '2019-02-11', 203, 1293, 1293),
('COLD14764', 'Sisira Vidanagamage Dr.', 'Seeduwa', 'CSO183006364', '2019-02-15', 199, 8325, 8325),
('CD0441', 'Isura Pharmacy', 'Ragama', 'CSO183006366', '2019-02-15', 199, 2526, 1681),
('CD0276', 'Manik De Mel Dr.', 'Ragama', 'CSO183006527', '2019-03-01', 185, 28810, 25185),
('CD0002', 'Abeysinghe Dr.', 'Bopitiya', 'CSO183006554', '2019-02-27', 187, 19160, 19160),
('CD0194', 'Unique Pharmacy', 'Negombo', 'CSO183006636', '2019-03-01', 185, 32205, 32205),
('COLD14155', 'Glorious Medicare', 'Kandana', 'CSO183007047', '2019-03-28', 158, 8024, 6000),
('CD0147', 'Robert Medical', 'Negombo', 'CSO183007051', '2019-03-27', 159, 27480, 2176),
('CD0539', 'Thenuka Pharmacy', 'Negombo', 'CSO183007164', '2019-04-01', 154, 108600, 108600),
('CD0476', 'Dagonna Pharmacy  Mini Mart', 'Negombo', 'CSO183007166', '2019-04-01', 154, 141000, 141000),
('CD0164', 'Shanthi Vidya Nivasa', 'Katana', 'CSO183007167', '2019-04-01', 154, 141000, 141000),
('CD0052', 'Health  Glow Pharmacy', 'Wattala', 'CSO183007213', '2019-04-05', 150, 1681, 1681),
('CD0497', 'Nimal Sovis Dr.', 'Ja-Ela', 'CSO183007281', '2019-04-11', 144, 18176, 494),
('CD0249', 'Roshini Pharmacy', 'Ja-Ela', 'CSO183007338', '2019-04-20', 135, 494, 494),
('CD0490', 'Moon Pharmacy', 'Negombo', 'CSO183007371', '2019-04-23', 132, 3563, 3563),
('COLD13646', 'Nishaka perera Dr.', 'Ragama', 'CSO183007397', '2019-04-25', 130, 5094, 5094),
('CD0083', 'Leesons Pharmacy', 'Ragama', 'CSO183007452', '2019-04-29', 126, 1293, 1293),
('CD0231', 'Mendis N. S. M. Dr.', 'Ragama', 'CSO183007494', '2019-05-03', 122, 20690, 20690),
('COLD14561', 'Nimali Karannagoda(Mrs).Dr.', 'Pamunugama', 'CSO183007517', '2019-05-04', 121, 4050, 4050),
('CD0284', 'D. M. D. Madawala Dr.', 'Wattala', 'CSO183007666', '2019-05-15', 110, 13500, 13500),
('CD0194', 'Unique Pharmacy', 'Negombo', 'CSO183007684', '2019-05-15', 110, 1293, 1293),
('CD0258', 'Rilaulla Pharmacy', 'Kandana', 'CSO183007798', '2019-05-24', 101, 9234, 9234),
('CD0176', 'St. Marrys Pharmacy - KA', 'Katunayake', 'CSO183007843', '2019-05-27', 98, 32205, 32205),
('COLD14921', 'Asanka De Silva Dr.', 'Ragama', 'CSO183007846', '2019-05-27', 98, 17600, 17600),
('CD0133', 'Peoples Pharmacy  Grocery', 'Wattala', 'CSO183007856', '2019-05-27', 98, 32205, 32205),
('CD0220', 'The Pharmacy', 'Negombo', 'CSO183007895', '2019-05-29', 96, 24672, 1437),
('CD0256', 'X  Lab Pharmacy', 'Negombo', 'CSO183007945', '2019-06-01', 93, 5811.01, 5811.01),
('CD0231', 'Mendis N. S. M. Dr.', 'Ragama', 'CSO183007960', '2019-06-03', 91, 8480, 8480),
('COLD14165', 'Daniel U.P.Dr.', 'Wattala', 'CSO183007969', '2019-06-03', 91, 15500, 15500),
('CD0500', 'Dinura Pharmacy', 'Ragama', 'CSO183007975', '2019-06-03', 91, 2069, 2069),
('CD0294', 'Bopitiya Pharmacy', 'Bopitiya', 'CSO183008005', '2019-06-07', 87, 1821, 1821),
('CD0476', 'Dagonna Pharmacy  Mini Mart', 'Negombo', 'CSO183008006', '2019-06-07', 87, 1821, 1821),
('CD0071', 'Kalidson Pharmacy', 'Negombo', 'CSO183008007', '2019-06-07', 87, 1066, 1066),
('CD0072', 'Kandana Food  Drugs', 'Kandana', 'CSO183008008', '2019-06-07', 87, 755, 755),
('CD0390', 'Lasith Pharmacy', 'Negombo', 'CSO183008009', '2019-06-07', 87, 1066, 1066),
('CD0130', 'Pamunugama Pharmacy', 'Bopitiya', 'CSO183008011', '2019-06-07', 87, 755, 755),
('CD0141', 'Ragama Pharmacy', 'Ragama', 'CSO183008012', '2019-06-18', 76, 1821, 1821),
('CD0258', 'Rilaulla Pharmacy', 'Kandana', 'CSO183008013', '2019-06-18', 76, 755, 755),
('CD0486', 'Royal Pharmacy Lanka (Pvt) Ltd.', 'Negombo', 'CSO183008015', '2019-06-18', 76, 755, 755),
('CD0356', 'Rusal Pharmacy - (Aloka Dr.)', 'Katana', 'CSO183008016', '2019-06-07', 87, 755, 755),
('CD0151', 'S  G Medicals', 'Negombo', 'CSO183008017', '2019-06-07', 87, 1066, 1066),
('CD0293', 'St. Joshep Pharmacy', 'Bopitiya', 'CSO183008018', '2019-06-18', 76, 755, 755),
('CD0455', 'Suwasala Pharmacy', 'Negombo', 'CSO183008019', '2019-06-18', 76, 755, 755),
('CD0539', 'Thenuka Pharmacy', 'Negombo', 'CSO183008020', '2019-06-07', 87, 1066, 1066),
('CD0167', 'Silveray Pharmacy', 'Negombo', 'CSO183008025', '2019-06-06', 88, 3726, 3726),
('CD0316', 'KFD Distributors', 'Negombo', 'CSO183008030', '2019-06-07', 87, 1821, 1821),
('COLD14861', 'Jayanath A.A.K.Dr.', 'Katana', 'CSO183008045', '2019-06-08', 86, 10360, 10360),
('CD0396', 'Hansi Pharmacy', 'Ja-Ela', 'CSO183008066', '2019-06-10', 84, 1659, 1659),
('CD0500', 'Dinura Pharmacy', 'Ragama', 'CSO183008079', '2019-06-10', 84, 3832, 3832),
('CD0500', 'Dinura Pharmacy', 'Ragama', 'CSO183008080', '2019-06-10', 84, 26650, 26650),
('CD0259', 'Crystal Pharmacy', 'Negombo', 'CSO183008140', '2019-06-13', 81, 6974, 6974),
('CD0259', 'Crystal Pharmacy', 'Negombo', 'CSO183008141', '2019-06-14', 80, 6983, 6983),
('COLD13951', 'Dammika Pathirana Dr.', 'Ragama', 'CSO183008160', '2019-06-14', 80, 8450, 8450),
('CD0151', 'S  G Medicals', 'Negombo', 'CSO183008163', '2019-06-14', 80, 2526, 2526),
('CD0356', 'Rusal Pharmacy - (Aloka Dr.)', 'Katana', 'CSO183008183', '2019-06-15', 79, 7883, 7883),
('CD0469', 'Asiri Pharmacy  Grocery', 'Negombo', 'CSO183008234', '2019-06-19', 75, 13915, 13915),
('CD0294', 'Bopitiya Pharmacy', 'Bopitiya', 'CSO183008238', '2019-06-19', 75, 1681, 1681),
('CD0455', 'Suwasala Pharmacy', 'Negombo', 'CSO183008252', '2019-06-20', 74, 27800, 27800),
('CD0107', 'New Central Pharmacy', 'Negombo', 'CSO183008279', '2019-06-20', 74, 27330, 27330),
('CD0452', 'Welikala G. A. J. Dr.', 'Raddolugama', 'CSO183008290', '2019-06-21', 73, 845, 845),
('CD0189', 'Thalahena Pharmacy', 'Negombo', 'CSO183008299', '2019-06-21', 73, 1293, 1293),
('CD0455', 'Suwasala Pharmacy', 'Negombo', 'CSO183008307', '2019-06-21', 73, 10638, 10638),
('CD0316', 'KFD Distributors', 'Negombo', 'CSO183008338', '2019-06-24', 70, 165000, 165000),
('CD0455', 'Suwasala Pharmacy', 'Negombo', 'CSO183008341', '2019-06-25', 69, 45780, 45780),
('CD0452', 'Welikala G. A. J. Dr.', 'Raddolugama', 'CSO183008345', '2019-06-24', 70, 6660, 6660),
('CD0455', 'Suwasala Pharmacy', 'Negombo', 'CSO183008354', '2019-06-25', 69, 9038, 8190),
('CD0083', 'Leesons Pharmacy', 'Ragama', 'CSO183008359', '2019-06-25', 69, 850, 850),
('CD0013', 'Asiri Pharmacy', 'Raddolugama', 'CSO183008365', '2019-06-25', 69, 845, 845),
('CD0083', 'Leesons Pharmacy', 'Ragama', 'CSO183008368', '2019-06-25', 69, 1690, 1690),
('CD0455', 'Suwasala Pharmacy', 'Negombo', 'CSO183008369', '2019-06-25', 69, 23312, 14098),
('CD0467', 'Laksiri Lokuliayana Dr.', 'Ja-Ela', 'CSO183008375', '2019-06-25', 69, 18600, 18600),
('CD0293', 'St. Joshep Pharmacy', 'Bopitiya', 'CSO183008398', '2019-06-27', 67, 19654, 17244),
('CD0316', 'KFD Distributors', 'Negombo', 'CSO183008404', '2019-06-27', 67, 115000, 115000),
('CD0316', 'KFD Distributors', 'Negombo', 'CSO183008405', '2019-06-29', 65, 621000, 621000),
('CD0402', 'Pamunugama Osu Sala', 'Raddolugama', 'CSO183008406', '2019-06-27', 67, 4225, 4225),
('CD0231', 'Mendis N. S. M. Dr.', 'Ragama', 'CSO183008409', '2019-06-27', 67, 16500, 16500),
('CD0259', 'Crystal Pharmacy', 'Negombo', 'CSO183008410', '2019-06-27', 67, 17291, 17291),
('CD0194', 'Unique Pharmacy', 'Negombo', 'CSO183008411', '2019-06-27', 67, 26880, 26880),
('COLD14165', 'Daniel U.P.Dr.', 'Wattala', 'CSO183008430', '2019-06-29', 65, 8450, 8450),
('CD0274', 'Nimali Tissera Dr.', 'Ragama', 'CSO183008432', '2019-06-28', 66, 31080, 31080),
('CD0231', 'Mendis N. S. M. Dr.', 'Ragama', 'CSO183008433', '2019-06-28', 66, 3300, 3300),
('CD0231', 'Mendis N. S. M. Dr.', 'Ragama', 'CSO183008434', '2019-06-29', 65, 19400, 19400),
('CD0231', 'Mendis N. S. M. Dr.', 'Ragama', 'CSO183008435', '2019-06-28', 66, 18600, 18600),
('CD0231', 'Mendis N. S. M. Dr.', 'Ragama', 'CSO183008436', '2019-06-29', 65, 12680, 12680),
('CD0231', 'Mendis N. S. M. Dr.', 'Ragama', 'CSO183008439', '2019-06-29', 65, 27800, 27800),
('COLD13972', 'Upul Karunarathne Dr.', 'Katana', 'CSO183008440', '2019-06-28', 66, 44400, 44400),
('CD0220', 'The Pharmacy', 'Negombo', 'CSO183008468', '2019-06-29', 65, 16538, 16538),
('CD0316', 'KFD Distributors', 'Negombo', 'CSO183008477', '2019-06-29', 65, 554600, 471200),
('CD0316', 'KFD Distributors', 'Negombo', 'CSO183008480', '2019-06-29', 65, 150100, 150100),
('CD0455', 'Suwasala Pharmacy', 'Negombo', 'CSO183008487', '2019-07-01', 63, 11750, 11750),
('CD0249', 'Roshini Pharmacy', 'Ja-Ela', 'CSO183008489', '2019-07-01', 63, 10660, 10660),
('COLD14443', 'Sanjaya Wimalarathna Dr.', 'Wattala', 'CSO183008493', '2019-07-01', 63, 31100, 31100),
('CD0194', 'Unique Pharmacy', 'Negombo', 'CSO183008497', '2019-07-01', 63, 5690.05, 5690.05),
('CD0128', 'Osu Sala Wattala', 'Wattala', 'CSO183008510', '2019-07-01', 63, 12600, 12600),
('CD0285', 'Chinthaka Rathnayaka Dr.', 'Wattala', 'CSO183008517', '2019-07-01', 63, 21550, 21550),
('COLD13951', 'Dammika Pathirana Dr.', 'Ragama', 'CSO183008519', '2019-07-01', 63, 49700, 49700),
('CD0455', 'Suwasala Pharmacy', 'Negombo', 'CSO183008520', '2019-07-01', 63, 55880, 55880),
('COLD14348', 'Ashoka Pharmacy', 'Negombo', 'CSO183008525', '2019-07-01', 63, 10769, 6163),
('CD0083', 'Leesons Pharmacy', 'Ragama', 'CSO183008545', '2019-07-01', 63, 12420, 12420),
('CD0176', 'St. Marrys Pharmacy - KA', 'Katunayake', 'CSO183008570', '2019-07-01', 63, 53300, 53300),
('CD0228', 'Shanthi Pharmacy', 'Negombo', 'CSO183008572', '2019-07-01', 63, 31980, 31980),
('COLD14561', 'Nimali Karannagoda(Mrs).Dr.', 'Pamunugama', 'CSO183008574', '2019-07-02', 62, 7750, 7750),
('CD0507', 'Sujith Pulukkuttiarachchui Dr.', 'Kandana', 'CSO183008575', '2019-07-02', 62, 31370, 31370),
('CD0194', 'Unique Pharmacy', 'Negombo', 'CSO183008578', '2019-07-02', 62, 7750, 7750),
('CD0147', 'Robert Medical', 'Negombo', 'CSO183008585', '2019-07-02', 62, 4403, 4403),
('CD0455', 'Suwasala Pharmacy', 'Negombo', 'CSO183008588', '2019-07-02', 62, 2552, 2552),
('CD0390', 'Lasith Pharmacy', 'Negombo', 'CSO183008590', '2019-07-02', 62, 15423, 15423),
('CD0455', 'Suwasala Pharmacy', 'Negombo', 'CSO183008636', '2019-07-05', 59, 15500, 15500),
('CD0455', 'Suwasala Pharmacy', 'Negombo', 'CSO183008643', '2019-07-06', 58, 19530, 19530),
('COLD14166', 'Thudella Pharmacy', 'Ja-Ela', 'CSO183008659', '2019-07-08', 56, 8860, 8860),
('CD0107', 'New Central Pharmacy', 'Negombo', 'CSO183008661', '2019-07-08', 56, 21708, 21708),
('CD0194', 'Unique Pharmacy', 'Negombo', 'CSO183008662', '2019-07-08', 56, 3880, 3880),
('CD0259', 'Crystal Pharmacy', 'Negombo', 'CSO183008670', '2019-07-10', 54, 2580, 2580),
('CD0474', 'Pradipa Osusala  Grocery', 'Negombo', 'CSO183008686', '2019-07-09', 55, 20952, 20952),
('CD0455', 'Suwasala Pharmacy', 'Negombo', 'CSO183008691', '2019-07-09', 55, 13708, 13708),
('COLD12316', 'Lakshman Fernando Dr.', 'Hunupitiya', 'CSO183008695', '2019-07-09', 55, 13290.1, 13290.1),
('COLD14499', 'Jayalath A.Dr.', 'Wattala', 'CSO183008700', '2019-07-10', 54, 26590, 26590),
('CD0073', 'Kapuwatha Pharmacy', 'Ja-Ela', 'CSO183008701', '2019-07-10', 54, 16374, 16374),
('CD0053', 'Health Care Medicla', 'Negombo', 'CSO183008708', '2019-07-11', 53, 845, 845),
('CD0496', 'Alliance Pharmacy', 'Ragama', 'CSO183008709', '2019-07-11', 53, 1242, 1242),
('CD0220', 'The Pharmacy', 'Negombo', 'CSO183008713', '2019-07-11', 53, 14152.5, 14152.5),
('CD0259', 'Crystal Pharmacy', 'Negombo', 'CSO183008714', '2019-07-11', 53, 8044, 6179),
('CD0470', 'Best Way Pharmacy', 'Negombo', 'CSO183008716', '2019-07-11', 53, 7389, 7389),
('COLD13809', 'Lakshi Pharmacy', 'Negombo', 'CSO183008718', '2019-07-11', 53, 10086, 5804),
('CD0018', 'Better Health Pharmacy', 'Negombo', 'CSO183008720', '2019-07-11', 53, 14383, 14383),
('CD0107', 'New Central Pharmacy', 'Negombo', 'CSO183008721', '2019-07-11', 53, 22640, 22640),
('CD0023', 'City Medical', 'Negombo', 'CSO183008722', '2019-07-11', 53, 21000, 21000),
('COLD13957', 'Negombo Drugs', 'Negombo', 'CSO183008724', '2019-07-11', 53, 13498, 13498),
('CD0147', 'Robert Medical', 'Negombo', 'CSO183008730', '2019-07-12', 52, 2328, 2328),
('CD0124', 'Orient Pharmacy', 'Averiwatta', 'CSO183008736', '2019-07-17', 47, 19844, 19844),
('CD0194', 'Unique Pharmacy', 'Negombo', 'CSO183008750', '2019-07-13', 51, 8800, 8800),
('CD0444', 'Chandana Rajakaruna Dr.', 'Wattala', 'CSO183008765', '2019-07-15', 49, 10360, 10360),
('CD0498', 'Isura Pharmacy  Grocery', 'Katana', 'CSO183008767', '2019-07-15', 49, 3105, 3105),
('CD0125', 'Orient Pharmacy', 'Kandana', 'CSO183008783', '2019-07-15', 49, 2200, 2200),
('CD0444', 'Chandana Rajakaruna Dr.', 'Wattala', 'CSO183008786', '2019-07-18', 46, 11780, 11780),
('CD0071', 'Kalidson Pharmacy', 'Negombo', 'CSO183008787', '2019-07-18', 46, 11781, 10687),
('CD0194', 'Unique Pharmacy', 'Negombo', 'CSO183008788', '2019-07-17', 47, 18630, 18630),
('CD0164', 'Shanthi Vidya Nivasa', 'Katana', 'CSO183008791', '2019-07-18', 46, 1430, 1430),
('CD0155', 'Sarana Osusala', 'Badalgama', 'CSO183008793', '2019-07-18', 46, 3781.02, 3781.02),
('CD0243', 'Suwa Setha Pharmacy', 'Badalgama', 'CSO183008794', '2019-07-23', 41, 32836, 32836),
('CD0257', 'Nirodha Pharmacy', 'Badalgama', 'CSO183008796', '2019-07-18', 46, 3000, 3000),
('CD0356', 'Rusal Pharmacy - (Aloka Dr.)', 'Katana', 'CSO183008802', '2019-07-29', 35, 39431, 39431),
('CD0455', 'Suwasala Pharmacy', 'Negombo', 'CSO183008806', '2019-07-18', 46, 9990, 9990),
('CD0470', 'Best Way Pharmacy', 'Negombo', 'CSO183008808', '2019-07-18', 46, 3110, 3110),
('CD0088', 'Mahajana Osu Sala', 'Negombo', 'CSO183008813', '2019-07-18', 46, 12930, 12930),
('COLD12316', 'Lakshman Fernando Dr.', 'Hunupitiya', 'CSO183008825', '2019-07-19', 45, 3100, 3100),
('CD0024', 'City Pharmacy', 'Ja-Ela', 'CSO183008836', '2019-07-19', 45, 28234, 28234),
('CD0469', 'Asiri Pharmacy  Grocery', 'Negombo', 'CSO183008837', '2019-07-20', 44, 14597, 14597),
('CD0194', 'Unique Pharmacy', 'Negombo', 'CSO183008839', '2019-07-20', 44, 41570.1, 41570.1),
('CD0259', 'Crystal Pharmacy', 'Negombo', 'CSO183008840', '2019-07-19', 45, 3506, 3506),
('CD0194', 'Unique Pharmacy', 'Negombo', 'CSO183008845', '2019-07-20', 44, 12420, 12420),
('CD0107', 'New Central Pharmacy', 'Negombo', 'CSO183008848', '2019-07-20', 44, 44734, 44734),
('CD0107', 'New Central Pharmacy', 'Negombo', 'CSO183008855', '2019-07-20', 44, 1660, 1660),
('CD0164', 'Shanthi Vidya Nivasa', 'Katana', 'CSO183008857', '2019-07-20', 44, 6210, 6210),
('COLD14555', 'Nawa Lanka Pharmacy', 'Negombo', 'CSO183008864', '2019-07-22', 42, 8219, 8219),
('CD0124', 'Orient Pharmacy', 'Averiwatta', 'CSO183008869', '2019-08-01', 32, 7932.5, 7932.5),
('CD0149', 'Roswila Pharmacy', 'Wattala', 'CSO183008877', '2019-07-22', 42, 5325, 5325),
('CD0346', 'Laksi Pharmacy', 'Peliyagoda', 'CSO183008881', '2019-07-22', 42, 4479.5, 4479.5),
('CD0549', 'Lakshan Chemist', 'Wattala', 'CSO183008884', '2019-07-22', 42, 10088, 10088),
('CD0316', 'KFD Distributors', 'Negombo', 'CSO183008885', '2019-07-24', 40, 591130, 555380),
('COLD13639', 'Suneth Wijewardana Dr.', 'Badalgama', 'CSO183008886', '2019-07-23', 41, 15500, 15500),
('CD0194', 'Unique Pharmacy', 'Negombo', 'CSO183008896', '2019-07-24', 40, 15520, 15520),
('CD0496', 'Alliance Pharmacy', 'Ragama', 'CSO183008897', '2019-08-01', 32, 3618, 3618),
('CD0145', 'Reliable Pharmacy', 'Ragama', 'CSO183008899', '2019-07-23', 41, 6832, 6832),
('CD0194', 'Unique Pharmacy', 'Negombo', 'CSO183008905', '2019-07-24', 40, 11190, 11190),
('CD0541', 'Mabola Osusala', 'Wattala', 'CSO183008906', '2019-07-24', 40, 18590, 18590),
('CD0339', 'Lasantha Somaratne Dr.', 'Kandana', 'CSO183008908', '2019-07-24', 40, 32660, 32660),
('CD0071', 'Kalidson Pharmacy', 'Negombo', 'CSO183008910', '2019-07-24', 40, 18464, 18464),
('CD0164', 'Shanthi Vidya Nivasa', 'Katana', 'CSO183008914', '2019-07-24', 40, 19541.1, 19541.1),
('COLD14348', 'Ashoka Pharmacy', 'Negombo', 'CSO183008915', '2019-07-24', 40, 3513, 3513),
('CD0497', 'Nimal Sovis Dr.', 'Ja-Ela', 'CSO183008917', '2019-07-24', 40, 8800, 8800),
('COLD14267', 'Iranthi Adikarama Dr.', 'Badalgama', 'CSO183008919', '2019-07-24', 40, 1550, 1550),
('CD0240', 'Hiru Pharmacy', 'Katana', 'CSO183008922', '2019-07-24', 40, 32483, 32483),
('CD0406', 'Browns Healthcare (Pvt) Ltd', 'Ragama', 'CSO183008924', '2019-07-24', 40, 3480, 3480),
('COLD12316', 'Lakshman Fernando Dr.', 'Hunupitiya', 'CSO183008926', '2019-07-24', 40, 1160, 1160),
('COLD14165', 'Daniel U.P.Dr.', 'Wattala', 'CSO183008928', '2019-07-25', 39, 15500, 15500),
('CD0335', 'Calvary Medicals', 'Ja-Ela', 'CSO183008931', '2019-07-25', 39, 4043, 4043),
('CD0346', 'Laksi Pharmacy', 'Peliyagoda', 'CSO183008936', '2019-07-25', 39, 600, 600),
('CD0158', 'Sathya Pharmacy', 'Wattala', 'CSO183008939', '2019-08-01', 32, 23051, 23051),
('CD0396', 'Hansi Pharmacy', 'Ja-Ela', 'CSO183008940', '2019-07-25', 39, 563.01, 563.01),
('COLD13646', 'Nishaka perera Dr.', 'Ragama', 'CSO183008942', '2019-07-26', 38, 18795, 18795),
('COLD13646', 'Nishaka perera Dr.', 'Ragama', 'CSO183008951', '2019-07-26', 38, 13990, 13990),
('CD0194', 'Unique Pharmacy', 'Negombo', 'CSO183008952', '2019-07-26', 38, 12930, 12930),
('CD0259', 'Crystal Pharmacy', 'Negombo', 'CSO183008955', '2019-07-26', 38, 16225, 16225),
('CD0194', 'Unique Pharmacy', 'Negombo', 'CSO183008956', '2019-07-26', 38, 28450, 28450),
('CD0083', 'Leesons Pharmacy', 'Ragama', 'CSO183008958', '2019-07-26', 38, 6220, 6220),
('COLD14348', 'Ashoka Pharmacy', 'Negombo', 'CSO183008959', '2019-07-26', 38, 11134, 11134),
('CD0242', 'K. S. A. Medical', 'Negombo', 'CSO183008961', '2019-07-26', 38, 15271, 15271),
('CD0151', 'S  G Medicals', 'Negombo', 'CSO183008962', '2019-07-27', 37, 8874.01, 8874.01),
('COLD15059', 'Jayamaha Distributors', 'Pamunugama', 'CSO183008963', '2019-07-27', 37, 19530, 19530),
('CD0107', 'New Central Pharmacy', 'Negombo', 'CSO183008966', '2019-07-27', 37, 6210, 6210),
('CD0498', 'Isura Pharmacy  Grocery', 'Katana', 'CSO183008967', '2019-07-27', 37, 1293, 1293),
('CD0140', 'Raddolugama Pharmacy', 'Raddolugama', 'CSO183008970', '2019-07-27', 37, 27500, 27500),
('CD0088', 'Mahajana Osu Sala', 'Negombo', 'CSO183008971', '2019-07-29', 35, 651, 651),
('COLD14555', 'Nawa Lanka Pharmacy', 'Negombo', 'CSO183008972', '2019-07-29', 35, 11929, 11929),
('CD0071', 'Kalidson Pharmacy', 'Negombo', 'CSO183008974', '2019-07-29', 35, 4985, 4985),
('CD0045', 'Gold Crest Pharmacy', 'Seeduwa', 'CSO183008976', '2019-07-29', 35, 6969, 2569),
('CD0147', 'Robert Medical', 'Negombo', 'CSO183008978', '2019-07-29', 35, 2456, 2456),
('CD0194', 'Unique Pharmacy', 'Negombo', 'CSO183008981', '2019-07-29', 35, 3015, 3015),
('CD0055', 'Healthline Pharmacy', 'Kandana', 'CSO183008984', '2019-07-29', 35, 8600, 8600),
('CD0253', 'Chemi World', 'Enderamulla', 'CSO183008985', '2019-08-01', 32, 27589, 27589),
('CD0396', 'Hansi Pharmacy', 'Ja-Ela', 'CSO183008988', '2019-07-29', 35, 1380, 1380),
('CD0128', 'Osu Sala Wattala', 'Wattala', 'CSO183008990', '2019-07-29', 35, 6210, 6210),
('CD0507', 'Sujith Pulukkuttiarachchui Dr.', 'Kandana', 'CSO183008994', '2019-07-30', 34, 28629, 28629),
('CD0164', 'Shanthi Vidya Nivasa', 'Katana', 'CSO183008997', '2019-07-30', 34, 79930, 79930),
('CD0104', 'Nawa Osusala', 'Ja-Ela', 'CSO183008998', '2019-07-30', 34, 31142, 31142),
('CD0046', 'Gunaratne Neville Dr.', 'Ja-Ela', 'CSO183009003', '2019-07-30', 34, 31100, 31100),
('CD0132', 'Peoples Pharmacy', 'Raddolugama', 'CSO183009005', '2019-07-30', 34, 1164, 1164),
('CD0220', 'The Pharmacy', 'Negombo', 'CSO183009006', '2019-07-31', 33, 11719, 11719),
('CD0256', 'X  Lab Pharmacy', 'Negombo', 'CSO183009008', '2019-08-01', 32, 5461, 5461),
('CD0083', 'Leesons Pharmacy', 'Ragama', 'CSO183009009', '2019-07-30', 34, 86355, 86355),
('CD0259', 'Crystal Pharmacy', 'Negombo', 'CSO183009010', '2019-07-31', 33, 6082, 6082),
('CD0154', 'Sampath Pharmacy', 'Ragama', 'CSO183009014', '2019-07-30', 34, 3333, 3333),
('CD0242', 'K. S. A. Medical', 'Negombo', 'CSO183009015', '2019-07-30', 34, 3264, 3264),
('CD0145', 'Reliable Pharmacy', 'Ragama', 'CSO183009017', '2019-07-30', 34, 425, 425),
('CD0408', 'International Institute of Health of Science', 'Mahabage', 'CSO183009018', '2019-07-30', 34, 14380, 14380),
('CD0163', 'Sethma Pharmacy', 'Kandana', 'CSO183009021', '2019-07-31', 33, 91382, 91382),
('CD0181', 'Super Medical', 'Negombo', 'CSO183009026', '2019-07-31', 33, 51400.1, 51400.1),
('COLD13639', 'Suneth Wijewardana Dr.', 'Badalgama', 'CSO183009028', '2019-07-31', 33, 18350, 18350),
('CD0023', 'City Medical', 'Negombo', 'CSO183009030', '2019-07-31', 33, 8600, 8600),
('CD0455', 'Suwasala Pharmacy', 'Negombo', 'CSO183009031', '2019-07-31', 33, 7874, 7874),
('CD0539', 'Thenuka Pharmacy', 'Negombo', 'CSO183009032', '2019-07-31', 33, 2586, 2586),
('CD0045', 'Gold Crest Pharmacy', 'Seeduwa', 'CSO183009034', '2019-07-31', 33, 651, 651),
('CD0140', 'Raddolugama Pharmacy', 'Raddolugama', 'CSO183009035', '2019-07-31', 33, 1810, 1810),
('CD0507', 'Sujith Pulukkuttiarachchui Dr.', 'Kandana', 'CSO183009038', '2019-07-31', 33, 4225, 4225),
('CD0160', 'Seeduwa Medicals', 'Seeduwa', 'CSO183009039', '2019-07-31', 33, 4225, 4225),
('CD0501', 'Jasmin Pharmacy  Grocery', 'Kandana', 'CSO183009041', '2019-08-01', 32, 8450, 8450),
('CD0467', 'Laksiri Lokuliayana Dr.', 'Ja-Ela', 'CSO183009042', '2019-07-31', 33, 7750, 7750),
('CD0046', 'Gunaratne Neville Dr.', 'Ja-Ela', 'CSO183009043', '2019-07-31', 33, 32760, 32760),
('CD0194', 'Unique Pharmacy', 'Negombo', 'CSO183009044', '2019-07-31', 33, 4225, 4225),
('CD0539', 'Thenuka Pharmacy', 'Negombo', 'CSO183009048', '2019-07-31', 33, 4225, 4225),
('CD0497', 'Nimal Sovis Dr.', 'Ja-Ela', 'CSO183009052', '2019-08-01', 32, 6465, 6465),
('CD0258', 'Rilaulla Pharmacy', 'Kandana', 'CSO183009054', '2019-08-01', 32, 67201, 64201),
('CD0107', 'New Central Pharmacy', 'Negombo', 'CSO183009060', '2019-08-01', 32, 1164, 1164),
('COLD14555', 'Nawa Lanka Pharmacy', 'Negombo', 'CSO183009061', '2019-08-01', 32, 776, 776),
('CD0231', 'Mendis N. S. M. Dr.', 'Ragama', 'CSO183009063', '2019-08-01', 32, 23274, 23274),
('CD0194', 'Unique Pharmacy', 'Negombo', 'CSO183009065', '2019-08-01', 32, 100908, 81108),
('CD0083', 'Leesons Pharmacy', 'Ragama', 'CSO183009066', '2019-08-01', 32, 683968, 667468),
('CD0316', 'KFD Distributors', 'Negombo', 'CSO183009068', '2019-08-01', 32, 687880, 687880),
('COLD13910', 'Sunimal Jayakody Dr.', 'Negombo', 'CSO183009069', '2019-08-03', 30, 14280, 14280),
('CD0052', 'Health  Glow Pharmacy', 'Wattala', 'CSO183009070', '2019-08-03', 30, 15167, 15167),
('CD0525', 'Health  Glow Pharmacy - 2', 'Wattala', 'CSO183009073', '2019-08-05', 28, 7260, 7260),
('CD0549', 'Lakshan Chemist', 'Wattala', 'CSO183009076', '2019-08-05', 28, 7746.02, 7746.02),
('CD0081', 'Laxsri Pharmacy', 'Katunayake', 'CSO183009077', '2019-08-05', 28, 3300, 3300),
('CD0130', 'Pamunugama Pharmacy', 'Bopitiya', 'CSO183009079', '2019-08-05', 28, 15624, 15624),
('COLD13779', 'Prasanna Fernando Dr.', 'Ja-Ela', 'CSO183009080', '2019-08-05', 28, 16500, 16500),
('CD0163', 'Sethma Pharmacy', 'Kandana', 'CSO183009081', '2019-08-09', 24, 16540, 16540),
('CD0044', 'Gimshani Pharmacy', 'Kandana', 'CSO183009083', '2019-08-05', 28, 2584, 2584),
('CD0408', 'International Institute of Health of Science', 'Mahabage', 'CSO183009084', '2019-08-05', 28, 7482, 7482),
('CD0130', 'Pamunugama Pharmacy', 'Bopitiya', 'CSO183009085', '2019-08-05', 28, 3880, 3880),
('CD0496', 'Alliance Pharmacy', 'Ragama', 'CSO183009086', '2019-08-08', 25, 5845, 5845),
('CD0154', 'Sampath Pharmacy', 'Ragama', 'CSO183009087', '2019-08-05', 28, 15180, 15180),
('COLD14793', 'Peoples Pharmacy-Magabage', 'Mahabage', 'CSO183009088', '2019-08-05', 28, 7658, 7658),
('CD0254', 'Sahana Pharmacy', 'Ragama', 'CSO183009089', '2019-08-05', 28, 3541, 3541),
('CD0449', 'Rashanthi Wijethunga Dr.', 'Raddolugama', 'CSO183009092', '2019-08-06', 27, 42890, 42890),
('CD0164', 'Shanthi Vidya Nivasa', 'Katana', 'CSO183009093', '2019-08-06', 27, 3000, 3000),
('CD0147', 'Robert Medical', 'Negombo', 'CSO183009094', '2019-08-06', 27, 14166, 14166),
('CD0539', 'Thenuka Pharmacy', 'Negombo', 'CSO183009095', '2019-08-07', 26, 17179, 15129),
('CD0240', 'Hiru Pharmacy', 'Katana', 'CSO183009098', '2019-08-07', 26, 5800, 5800),
('CD0183', 'Suranga Pharmacy', 'Katana', 'CSO183009101', '2019-08-06', 27, 22810, 22810),
('CD0194', 'Unique Pharmacy', 'Negombo', 'CSO183009102', '2019-08-06', 27, 31050, 31050),
('COLD15059', 'Jayamaha Distributors', 'Pamunugama', 'CSO183009103', '2019-08-06', 27, 17200, 17200),
('CD0468', 'Kandawala Pharmacy', 'Katana', 'CSO183009104', '2019-08-06', 27, 10850, 10850),
('CD0474', 'Pradipa Osusala  Grocery', 'Negombo', 'CSO183009105', '2019-08-06', 27, 24584.5, 24584.5),
('CD0510', 'Sri Lak Pharmacy', 'Seeduwa', 'CSO183009109', '2019-08-06', 27, 3000, 3000),
('CD0508', 'St. Joseph Pharmacy  Grocery', 'Ja-Ela', 'CSO183009113', '2019-08-07', 26, 6880, 4290),
('CD0035', 'Ekala Pharmacy', 'Ja-Ela', 'CSO183009115', '2019-08-07', 26, 3753, 3753),
('CD0173', 'St. Jude Pharmacy', 'Ja-Ela', 'CSO183009116', '2019-08-07', 26, 6214, 6214),
('CD0335', 'Calvary Medicals', 'Ja-Ela', 'CSO183009117', '2019-08-07', 26, 1349, 1349),
('CD0294', 'Bopitiya Pharmacy', 'Bopitiya', 'CSO183009119', '2019-08-08', 25, 22097, 22097),
('CD0336', 'Family Care Pharmacy  Groceries', 'Wattala', 'CSO183009121', '2019-08-07', 26, 3104, 3104),
('CD0508', 'St. Joseph Pharmacy  Grocery', 'Ja-Ela', 'CSO183009124', '2019-08-08', 25, 17720, 17720),
('CD0259', 'Crystal Pharmacy', 'Negombo', 'CSO183009126', '2019-08-09', 24, 8044, 8044),
('CD0194', 'Unique Pharmacy', 'Negombo', 'CSO183009127', '2019-08-08', 25, 36424, 36424),
('CD0107', 'New Central Pharmacy', 'Negombo', 'CSO183009128', '2019-08-08', 25, 2586.5, 2586.5),
('CD0163', 'Sethma Pharmacy', 'Kandana', 'CSO183009129', '2019-08-09', 24, 7758, 7758),
('CD0065', 'Javahir Dr.', 'Wattala', 'CSO183009131', '2019-08-08', 25, 26110, 26110),
('CD0018', 'Better Health Pharmacy', 'Negombo', 'CSO183009132', '2019-08-08', 25, 6733, 6733),
('COLD13957', 'Negombo Drugs', 'Negombo', 'CSO183009133', '2019-08-08', 25, 9051.5, 9051.5),
('CD0151', 'S  G Medicals', 'Negombo', 'CSO183009135', '2019-08-08', 25, 9207, 9207),
('CD0470', 'Best Way Pharmacy', 'Negombo', 'CSO183009136', '2019-08-09', 24, 6804, 6804),
('COLD14348', 'Ashoka Pharmacy', 'Negombo', 'CSO183009137', '2019-08-08', 25, 10112, 10112),
('CD0242', 'K. S. A. Medical', 'Negombo', 'CSO183009140', '2019-08-08', 25, 26920, 25270),
('CD0561', 'Union Pharmacy', 'Negombo', 'CSO183009141', '2019-08-08', 25, 4350, 4118),
('CD0228', 'Shanthi Pharmacy', 'Negombo', 'CSO183009142', '2019-08-08', 25, 23638, 23638),
('CD0140', 'Raddolugama Pharmacy', 'Raddolugama', 'CSO183009145', '2019-08-10', 23, 15570, 15570),
('CD0406', 'Browns Healthcare (Pvt) Ltd', 'Ragama', 'CSO183009147', '2019-08-09', 24, 288010, 288010),
('CD0174', 'St. Judes Pharmacy', 'Seeduwa', 'CSO183009148', '2019-08-09', 24, 3105, 3105),
('CD0138', 'P.J. ENTERPRISES (PVT) Ltd.', 'Ja-Ela', 'CSO183009149', '2019-08-09', 24, 4100, 4100),
('COLD14555', 'Nawa Lanka Pharmacy', 'Negombo', 'CSO183009150', '2019-08-09', 24, 27848.5, 27848.5),
('CD0053', 'Health Care Medicla', 'Negombo', 'CSO183009151', '2019-08-09', 24, 3105, 3105),
('CD0549', 'Lakshan Chemist', 'Wattala', 'CSO183009152', '2019-08-09', 24, 8600, 8600),
('CD0476', 'Dagonna Pharmacy  Mini Mart', 'Negombo', 'CSO183009153', '2019-08-09', 24, 10463, 10463),
('CD0365', 'Seeduwa Osusala', 'Seeduwa', 'CSO183009155', '2019-08-10', 23, 67918, 67918),
('CD0140', 'Raddolugama Pharmacy', 'Raddolugama', 'CSO183009156', '2019-08-10', 23, 2135, 2135),
('CD0145', 'Reliable Pharmacy', 'Ragama', 'CSO183009157', '2019-08-10', 23, 9810, 9810),
('CD0498', 'Isura Pharmacy  Grocery', 'Katana', 'CSO183009158', '2019-08-10', 23, 2586, 2586),
('CD0130', 'Pamunugama Pharmacy', 'Bopitiya', 'CSO183009159', '2019-08-12', 21, 15498, 15498),
('CD0104', 'Nawa Osusala', 'Ja-Ela', 'CSO183009160', '2019-08-12', 21, 22710, 16500),
('CD0276', 'Manik De Mel Dr.', 'Ragama', 'CSO183009162', '2019-08-12', 21, 18870, 18870),
('CD0555', 'Imedra Medicals(Pvt)Ltd', 'Ragama', 'CSO183009164', '2019-08-13', 20, 3873, 3873),
('CD0083', 'Leesons Pharmacy', 'Ragama', 'CSO183009166', '2019-08-13', 20, 70802, 70802),
('CD0254', 'Sahana Pharmacy', 'Ragama', 'CSO183009167', '2019-08-12', 21, 5838, 5838),
('CD0154', 'Sampath Pharmacy', 'Ragama', 'CSO183009168', '2019-08-12', 21, 19593, 19593),
('CD0496', 'Alliance Pharmacy', 'Ragama', 'CSO183009170', '2019-08-16', 17, 4032, 4032),
('CD0145', 'Reliable Pharmacy', 'Ragama', 'CSO183009171', '2019-08-12', 21, 9075, 9075),
('COLD14793', 'Peoples Pharmacy-Magabage', 'Mahabage', 'CSO183009172', '2019-08-12', 21, 6447, 6447),
('CD0044', 'Gimshani Pharmacy', 'Kandana', 'CSO183009173', '2019-08-12', 21, 17393, 17393),
('CD0045', 'Gold Crest Pharmacy', 'Seeduwa', 'CSO183009174', '2019-08-13', 20, 26650, 26650),
('COLD13777', 'Royal Pharmacy - Kanda', 'Kandana', 'CSO183009176', '2019-08-12', 21, 3496, 3496),
('CD0163', 'Sethma Pharmacy', 'Kandana', 'CSO183009177', '2019-08-12', 21, 74520, 74520),
('CD0023', 'City Medical', 'Negombo', 'CSO183009178', '2019-08-12', 21, 8860, 8860),
('CD0408', 'International Institute of Health of Science', 'Mahabage', 'CSO183009179', '2019-08-13', 20, 3102, 3102),
('CD0396', 'Hansi Pharmacy', 'Ja-Ela', 'CSO183009180', '2019-08-13', 20, 3300, 3300),
('CD0081', 'Laxsri Pharmacy', 'Katunayake', 'CSO183009181', '2019-08-13', 20, 8600, 8600),
('CD0147', 'Robert Medical', 'Negombo', 'CSO183009182', '2019-08-13', 20, 25188, 25188),
('CD0539', 'Thenuka Pharmacy', 'Negombo', 'CSO183009183', '2019-08-15', 18, 5840, 5840),
('CD0240', 'Hiru Pharmacy', 'Katana', 'CSO183009185', '2019-08-13', 20, 21556, 21556),
('CD0183', 'Suranga Pharmacy', 'Katana', 'CSO183009186', '2019-08-13', 20, 1164, 1164),
('CD0182', 'Supreem Pharmacy', 'Negombo', 'CSO183009187', '2019-08-13', 20, 1332, 1332),
('CD0510', 'Sri Lak Pharmacy', 'Seeduwa', 'CSO183009188', '2019-08-13', 20, 3105, 3105),
('COLD14861', 'Jayanath A.A.K.Dr.', 'Katana', 'CSO183009189', '2019-08-15', 18, 10360, 10360),
('CD0182', 'Supreem Pharmacy', 'Negombo', 'CSO183009190', '2019-08-15', 18, 3300, 3300),
('CD0194', 'Unique Pharmacy', 'Negombo', 'CSO183009192', '2019-08-15', 18, 3880, 3880),
('CD0460', 'Darshana Pharmacy', 'Ja-Ela', 'CSO183009196', '2019-08-15', 18, 3356, 2511),
('CD0055', 'Healthline Pharmacy', 'Kandana', 'CSO183009197', '2019-08-15', 18, 9894, 9894),
('CD0396', 'Hansi Pharmacy', 'Ja-Ela', 'CSO183009198', '2019-08-15', 18, 4193.01, 4193.01),
('CD0138', 'P.J. ENTERPRISES (PVT) Ltd.', 'Ja-Ela', 'CSO183009199', '2019-08-15', 18, 98620, 98620),
('CD0294', 'Bopitiya Pharmacy', 'Bopitiya', 'CSO183009200', '2019-08-15', 18, 20407, 20407),
('CD0130', 'Pamunugama Pharmacy', 'Bopitiya', 'CSO183009201', '2019-08-15', 18, 8314.1, 8314.1),
('CD0104', 'Nawa Osusala', 'Ja-Ela', 'CSO183009204', '2019-08-15', 18, 16053.5, 16053.5),
('CD0508', 'St. Joseph Pharmacy  Grocery', 'Ja-Ela', 'CSO183009205', '2019-08-15', 18, 2218, 666),
('CD0173', 'St. Jude Pharmacy', 'Ja-Ela', 'CSO183009206', '2019-08-15', 18, 15268, 15268),
('CD0396', 'Hansi Pharmacy', 'Ja-Ela', 'CSO183009208', '2019-08-16', 17, 7310, 7310),
('CD0264', 'Daya Fernando A.T.Dr.', 'Kandana', 'CSO183009209', '2019-08-16', 17, 1550, 1550),
('CD0258', 'Rilaulla Pharmacy', 'Kandana', 'CSO183009210', '2019-08-16', 17, 10300, 10300),
('COLD15059', 'Jayamaha Distributors', 'Pamunugama', 'CSO183009211', '2019-08-16', 17, 16500, 16500),
('CD0256', 'X  Lab Pharmacy', 'Negombo', 'CSO183009212', '2019-08-16', 17, 6401, 6401),
('CD0220', 'The Pharmacy', 'Negombo', 'CSO183009213', '2019-08-21', 12, 14015, 8835),
('CD0259', 'Crystal Pharmacy', 'Negombo', 'CSO183009214', '2019-08-16', 17, 6876.02, 6876.02),
('CD0107', 'New Central Pharmacy', 'Negombo', 'CSO183009215', '2019-08-16', 17, 56136, 56136),
('COLD14499', 'Jayalath A.Dr.', 'Wattala', 'CSO183009217', '2019-08-19', 14, 5800, 5800),
('CD0080', 'Lanka Pharmacy', 'Negombo', 'CSO183009218', '2019-08-16', 17, 28150, 28150),
('CD0018', 'Better Health Pharmacy', 'Negombo', 'CSO183009219', '2019-08-16', 17, 21077, 21077),
('CD0023', 'City Medical', 'Negombo', 'CSO183009220', '2019-08-16', 17, 15642, 15642),
('CD0194', 'Unique Pharmacy', 'Negombo', 'CSO183009221', '2019-08-16', 17, 149440, 149440),
('CD0181', 'Super Medical', 'Negombo', 'CSO183009222', '2019-08-16', 17, 5250, 5250),
('CD0183', 'Suranga Pharmacy', 'Katana', 'CSO183009223', '2019-08-16', 17, 3255, 3255),
('CD0228', 'Shanthi Pharmacy', 'Negombo', 'CSO183009224', '2019-08-16', 17, 13563, 13563),
('CD0167', 'Silveray Pharmacy', 'Negombo', 'CSO183009225', '2019-08-16', 17, 6376, 6376),
('COLD14348', 'Ashoka Pharmacy', 'Negombo', 'CSO183009227', '2019-08-16', 17, 17111, 17111),
('CD0164', 'Shanthi Vidya Nivasa', 'Katana', 'CSO183009229', '2019-08-17', 16, 7760, 7760),
('CD0163', 'Sethma Pharmacy', 'Kandana', 'CSO183009231', '2019-08-19', 14, 1138.01, 1138.01),
('CD0138', 'P.J. ENTERPRISES (PVT) Ltd.', 'Ja-Ela', 'CSO183009232', '2019-08-19', 14, 54080, 54080),
('CD0480', 'Thilana Pharmacy', 'Ja-Ela', 'CSO183009233', '2019-08-19', 14, 3000, 3000),
('CD0510', 'Sri Lak Pharmacy', 'Seeduwa', 'CSO183009234', '2019-08-19', 14, 1164, 1164),
('CD0402', 'Pamunugama Osu Sala', 'Raddolugama', 'CSO183009235', '2019-08-19', 14, 6210, 6210),
('CD0081', 'Laxsri Pharmacy', 'Katunayake', 'CSO183009236', '2019-08-19', 14, 19215.5, 4515.5),
('CD0111', 'New Pharmacy', 'Wattala', 'CSO183009237', '2019-08-19', 14, 22683, 22683),
('CD0183', 'Suranga Pharmacy', 'Katana', 'CSO183009239', '2019-08-19', 14, 7674, 7674),
('CD0071', 'Kalidson Pharmacy', 'Negombo', 'CSO183009240', '2019-08-19', 14, 1676, 1676),
('CD0063', 'J  J Pharmacy', 'Negombo', 'CSO183009241', '2019-08-20', 13, 3153, 3153),
('CD0541', 'Mabola Osusala', 'Wattala', 'CSO183009242', '2019-08-19', 14, 18582.5, 18582.5),
('CD0081', 'Laxsri Pharmacy', 'Katunayake', 'CSO183009243', '2019-08-19', 14, 10660, 10660),
('CD0468', 'Kandawala Pharmacy', 'Katana', 'CSO183009244', '2019-08-19', 14, 2414, 2414),
('CD0257', 'Nirodha Pharmacy', 'Badalgama', 'CSO183009245', '2019-08-20', 13, 10255, 10255),
('CD0081', 'Laxsri Pharmacy', 'Katunayake', 'CSO183009246', '2019-08-20', 13, 1470, 1470),
('CD0088', 'Mahajana Osu Sala', 'Negombo', 'CSO183009247', '2019-08-20', 13, 5325, 5325),
('CD0140', 'Raddolugama Pharmacy', 'Raddolugama', 'CSO183009248', '2019-08-20', 13, 3319, 3319),
('CD0194', 'Unique Pharmacy', 'Negombo', 'CSO183009249', '2019-08-20', 13, 106600, 106600),
('CD0083', 'Leesons Pharmacy', 'Ragama', 'CSO183009250', '2019-08-20', 13, 100147, 70667),
('CD0242', 'K. S. A. Medical', 'Negombo', 'CSO183009251', '2019-08-22', 11, 3110, 3110),
('CD0025', 'City Pharmacy', 'Ragama', 'CSO183009252', '2019-08-21', 12, 2923, 2923),
('CD0254', 'Sahana Pharmacy', 'Ragama', 'CSO183009253', '2019-08-20', 13, 18171, 18171),
('COLD14793', 'Peoples Pharmacy-Magabage', 'Mahabage', 'CSO183009254', '2019-08-20', 13, 18010, 18010),
('CD0496', 'Alliance Pharmacy', 'Ragama', 'CSO183009256', '2019-08-21', 12, 5715.05, 5715.05),
('CD0408', 'International Institute of Health of Science', 'Mahabage', 'CSO183009257', '2019-08-20', 13, 17090, 17090),
('CD0145', 'Reliable Pharmacy', 'Ragama', 'CSO183009258', '2019-08-20', 13, 8412, 8412),
('CD0016', 'Ave Maria Pharmacy', 'Negombo', 'CSO183009259', '2019-08-20', 13, 1940, 1940),
('CD0044', 'Gimshani Pharmacy', 'Kandana', 'CSO183009260', '2019-08-20', 13, 5439, 5439),
('CD0163', 'Sethma Pharmacy', 'Kandana', 'CSO183009261', '2019-08-20', 13, 34076, 34076),
('CD0163', 'Sethma Pharmacy', 'Kandana', 'CSO183009262', '2019-08-21', 12, 9900, 9900),
('CD0145', 'Reliable Pharmacy', 'Ragama', 'CSO183009263', '2019-08-21', 12, 3300, 3300),
('CD0083', 'Leesons Pharmacy', 'Ragama', 'CSO183009264', '2019-08-21', 12, 3300, 3300),
('CD0266', 'Mapitigama O.N.H.Dr.', 'Bopitiya', 'CSO183009265', '2019-08-20', 13, 5560, 5560),
('CD0044', 'Gimshani Pharmacy', 'Kandana', 'CSO183009266', '2019-08-21', 12, 3300, 3300),
('COLD13777', 'Royal Pharmacy - Kanda', 'Kandana', 'CSO183009267', '2019-08-20', 13, 3482, 3482),
('CD0062', 'Isuri Pharmacy', 'Wattala', 'CSO183009268', '2019-08-21', 12, 17200, 17200),
('COLD13684', 'Lorita warnakulasuriya Dr.', 'Negombo', 'CSO183009270', '2019-08-22', 11, 3300, 3300),
('COLD14197', 'Arogya Pharmacy and Grocery', 'Ja-Ela', 'CSO183009271', '2019-08-22', 11, 4274, 3238),
('CD0080', 'Lanka Pharmacy', 'Negombo', 'CSO183009272', '2019-08-21', 12, 10300, 10300),
('CD0123', 'Niwasi Pharmacy', 'Ja-Ela', 'CSO183009273', '2019-08-21', 12, 3799, 3799),
('CD0073', 'Kapuwatha Pharmacy', 'Ja-Ela', 'CSO183009276', '2019-08-22', 11, 2153.01, 2153.01),
('CD0294', 'Bopitiya Pharmacy', 'Bopitiya', 'CSO183009277', '2019-08-22', 11, 6501.01, 6501.01),
('CD0099', 'Milan Pharmacy', 'Wattala', 'CSO183009278', '2019-08-21', 12, 12220.5, 12220.5),
('CD0130', 'Pamunugama Pharmacy', 'Bopitiya', 'CSO183009279', '2019-08-21', 12, 6220, 6220),
('CD0293', 'St. Joshep Pharmacy', 'Bopitiya', 'CSO183009280', '2019-08-21', 12, 19349, 15734),
('COLD14166', 'Thudella Pharmacy', 'Ja-Ela', 'CSO183009281', '2019-08-21', 12, 2681, 2681),
('CD0104', 'Nawa Osusala', 'Ja-Ela', 'CSO183009282', '2019-08-21', 12, 5240, 5240),
('CD0441', 'Isura Pharmacy', 'Ragama', 'CSO183009284', '2019-08-22', 11, 27270.1, 27270.1),
('CD0510', 'Sri Lak Pharmacy', 'Seeduwa', 'CSO183009285', '2019-08-22', 11, 19789, 19789),
('CD0194', 'Unique Pharmacy', 'Negombo', 'CSO183009287', '2019-08-23', 10, 43980, 43980),
('CD0080', 'Lanka Pharmacy', 'Negombo', 'CSO183009288', '2019-08-22', 11, 10000, 10000),
('CD0023', 'City Medical', 'Negombo', 'CSO183009289', '2019-08-24', 9, 13385, 9659.05),
('CD0018', 'Better Health Pharmacy', 'Negombo', 'CSO183009290', '2019-08-22', 11, 12380.1, 6522.06),
('CD0561', 'Union Pharmacy', 'Negombo', 'CSO183009291', '2019-08-22', 11, 15150, 15150),
('COLD13957', 'Negombo Drugs', 'Negombo', 'CSO183009292', '2019-08-22', 11, 8290, 8290),
('CD0470', 'Best Way Pharmacy', 'Negombo', 'CSO183009293', '2019-08-23', 10, 3554, 3554),
('COLD15046', 'Lakmi Pharmacy & Grocery', 'Negombo', 'CSO183009296', '2019-08-23', 10, 5650.05, 5650.05),
('COLD14541', 'Sreetharan Dr.', 'Wattala', 'CSO183009297', '2019-08-23', 10, 27640, 27640),
('COLD14591', 'V.M. Pharmacy', 'Katana', 'CSO183009298', '2019-08-23', 10, 9485, 9485),
('CD0146', 'Rio Pharmacy', 'Hendala', 'CSO183009300', '2019-08-23', 10, 17200, 17200),
('CD0088', 'Mahajana Osu Sala', 'Negombo', 'CSO183009301', '2019-08-23', 10, 19700, 19700),
('CD0402', 'Pamunugama Osu Sala', 'Raddolugama', 'CSO183009302', '2019-08-23', 10, 13960, 13960),
('CD0045', 'Gold Crest Pharmacy', 'Seeduwa', 'CSO183009304', '2019-08-23', 10, 1295, 1295),
('CD0174', 'St. Judes Pharmacy', 'Seeduwa', 'CSO183009305', '2019-08-23', 10, 1614, 1011),
('CD0286', 'Jayakodi Super Market', 'Negombo', 'CSO183009307', '2019-08-23', 10, 3300, 3300),
('CD0547', 'New St. Joseph Pharmacy', 'Seeduwa', 'CSO183009308', '2019-08-24', 9, 18065, 18065),
('CD0081', 'Laxsri Pharmacy', 'Katunayake', 'CSO183009310', '2019-08-23', 10, 26945, 25135),
('CD0499', 'Shris Lanka Pharmacy', 'Seeduwa', 'CSO183009311', '2019-08-23', 10, 13750, 13750),
('CD0013', 'Asiri Pharmacy', 'Raddolugama', 'CSO183009312', '2019-08-24', 9, 14800, 14800),
('CD0487', 'Healthcare Pharmacy  Family Needs', 'Raddolugama', 'CSO183009313', '2019-08-23', 10, 8499, 5295.99),
('CD0402', 'Pamunugama Osu Sala', 'Raddolugama', 'CSO183009314', '2019-08-23', 10, 20208.1, 20208.1),
('CD0481', 'Reliance Pharmacy', 'Negombo', 'CSO183009316', '2019-08-23', 10, 15208, 9518),
('CD0194', 'Unique Pharmacy', 'Negombo', 'CSO183009317', '2019-08-23', 10, 13320, 13320),
('CD0130', 'Pamunugama Pharmacy', 'Bopitiya', 'CSO183009318', '2019-08-23', 10, 6660, 6660),
('CD0163', 'Sethma Pharmacy', 'Kandana', 'CSO183009319', '2019-08-23', 10, 22200, 22200),
('CD0023', 'City Medical', 'Negombo', 'CSO183009320', '2019-08-23', 10, 11100, 11100),
('CD0476', 'Dagonna Pharmacy  Mini Mart', 'Negombo', 'CSO183009321', '2019-08-24', 9, 5896, 5896),
('CD0294', 'Bopitiya Pharmacy', 'Bopitiya', 'CSO183009322', '2019-08-24', 9, 3000, 3000),
('CD0258', 'Rilaulla Pharmacy', 'Kandana', 'CSO183009323', '2019-08-24', 9, 3000, 3000),
('CD0073', 'Kapuwatha Pharmacy', 'Ja-Ela', 'CSO183009324', '2019-08-24', 9, 3000, 3000),
('CD0259', 'Crystal Pharmacy', 'Negombo', 'CSO183009325', '2019-08-24', 9, 2328, 2328),
('CD0460', 'Darshana Pharmacy', 'Ja-Ela', 'CSO183009326', '2019-08-24', 9, 845, 845),
('CD0194', 'Unique Pharmacy', 'Negombo', 'CSO183009327', '2019-08-24', 9, 3730, 3730),
('CD0128', 'Osu Sala Wattala', 'Wattala', 'CSO183009328', '2019-08-26', 7, 100121, 100121),
('CD0149', 'Roswila Pharmacy', 'Wattala', 'CSO183009329', '2019-08-26', 7, 4892.5, 3135.5),
('CD0099', 'Milan Pharmacy', 'Wattala', 'CSO183009330', '2019-08-26', 7, 1260, 1260),
('CD0136', 'Pharma Chemi', 'Wattala', 'CSO183009332', '2019-08-26', 7, 7277.01, 7277.01),
('CD0346', 'Laksi Pharmacy', 'Peliyagoda', 'CSO183009333', '2019-08-26', 7, 15226, 15226),
('CD0480', 'Thilana Pharmacy', 'Ja-Ela', 'CSO183009334', '2019-08-26', 7, 5560, 5560),
('CD0111', 'New Pharmacy', 'Wattala', 'CSO183009335', '2019-08-26', 7, 12620, 12620),
('CD0052', 'Health  Glow Pharmacy', 'Wattala', 'CSO183009336', '2019-08-26', 7, 11375, 11375),
('CD0078', 'Krishmo Pharmacy', 'Wattala', 'CSO183009337', '2019-08-26', 7, 900, 900),
('CD0549', 'Lakshan Chemist', 'Wattala', 'CSO183009338', '2019-08-26', 7, 3300, 3300),
('CD0498', 'Isura Pharmacy  Grocery', 'Katana', 'CSO183009341', '2019-08-26', 7, 6465, 6465),
('CD0083', 'Leesons Pharmacy', 'Ragama', 'CSO183009342', '2019-08-26', 7, 113775, 113775),
('CD0254', 'Sahana Pharmacy', 'Ragama', 'CSO183009343', '2019-08-26', 7, 13523.5, 13523.5),
('CD0182', 'Supreem Pharmacy', 'Negombo', 'CSO183009344', '2019-08-26', 7, 2526, 2526),
('CD0228', 'Shanthi Pharmacy', 'Negombo', 'CSO183009345', '2019-08-26', 7, 7750, 7750),
('CD0548', 'Sanath Galgamuwa Dr.', 'Negombo', 'CSO183009346', '2019-08-26', 7, 16900, 16900),
('CD0025', 'City Pharmacy', 'Ragama', 'CSO183009347', '2019-08-26', 7, 1949.02, 1949.02),
('CD0154', 'Sampath Pharmacy', 'Ragama', 'CSO183009348', '2019-08-26', 7, 14160.5, 14160.5),
('CD0138', 'P.J. ENTERPRISES (PVT) Ltd.', 'Ja-Ela', 'CSO183009349', '2019-08-26', 7, 6710, 6710),
('COLD14793', 'Peoples Pharmacy-Magabage', 'Mahabage', 'CSO183009350', '2019-08-27', 6, 11050, 11050),
('CD0145', 'Reliable Pharmacy', 'Ragama', 'CSO183009351', '2019-08-26', 7, 5150, 5150),
('CD0555', 'Imedra Medicals(Pvt)Ltd', 'Ragama', 'CSO183009352', '2019-08-26', 7, 2780, 2780),
('CD0044', 'Gimshani Pharmacy', 'Kandana', 'CSO183009353', '2019-08-26', 7, 7340, 7340),
('CD0501', 'Jasmin Pharmacy  Grocery', 'Kandana', 'CSO183009354', '2019-08-27', 6, 3015, 3015),
('COLD13777', 'Royal Pharmacy - Kanda', 'Kandana', 'CSO183009355', '2019-08-27', 6, 4216, 4216),
('CD0138', 'P.J. ENTERPRISES (PVT) Ltd.', 'Ja-Ela', 'CSO183009357', '2019-08-26', 7, 6710, 6710),
('CD0140', 'Raddolugama Pharmacy', 'Raddolugama', 'CSO183009358', '2019-08-27', 6, 4453, 4453),
('CD0121', 'Nishantha Herath Dr.', 'Kandana', 'CSO183009360', '2019-08-27', 6, 1550, 1550),
('COLD14555', 'Nawa Lanka Pharmacy', 'Negombo', 'CSO183009361', '2019-08-27', 6, 11770, 11770),
('CD0476', 'Dagonna Pharmacy  Mini Mart', 'Negombo', 'CSO183009362', '2019-08-28', 5, 41071, 41071),
('CD0390', 'Lasith Pharmacy', 'Negombo', 'CSO183009363', '2019-08-27', 6, 1860, 1860),
('CD0539', 'Thenuka Pharmacy', 'Negombo', 'CSO183009364', '2019-08-28', 5, 1445, 1445),
('CD0147', 'Robert Medical', 'Negombo', 'CSO183009365', '2019-08-27', 6, 16790, 16790),
('CD0286', 'Jayakodi Super Market', 'Negombo', 'CSO183009366', '2019-08-27', 6, 16330, 16330),
('CD0071', 'Kalidson Pharmacy', 'Negombo', 'CSO183009367', '2019-08-27', 6, 3685, 3685),
('CD0105', 'Negombo Food  Drugs', 'Negombo', 'CSO183009368', '2019-08-27', 6, 17897.5, 17897.5),
('CD0182', 'Supreem Pharmacy', 'Negombo', 'CSO183009370', '2019-08-28', 5, 17028.5, 17028.5),
('CD0468', 'Kandawala Pharmacy', 'Katana', 'CSO183009371', '2019-08-27', 6, 3784.05, 3784.05),
('CD0088', 'Mahajana Osu Sala', 'Negombo', 'CSO183009372', '2019-08-27', 6, 17200, 17200),
('CD0183', 'Suranga Pharmacy', 'Katana', 'CSO183009373', '2019-08-27', 6, 7016, 7016),
('CD0257', 'Nirodha Pharmacy', 'Badalgama', 'CSO183009374', '2019-08-27', 6, 2750, 2750),
('CD0155', 'Sarana Osusala', 'Badalgama', 'CSO183009375', '2019-08-27', 6, 2066, 2066),
('CD0243', 'Suwa Setha Pharmacy', 'Badalgama', 'CSO183009376', '2019-08-27', 6, 2578, 2578),
('CD0046', 'Gunaratne Neville Dr.', 'Ja-Ela', 'CSO183009378', '2019-08-30', 3, 31100, 31100),
('CD0046', 'Gunaratne Neville Dr.', 'Ja-Ela', 'CSO183009379', '2019-09-02', 0, 24900, 24900),
('CD0480', 'Thilana Pharmacy', 'Ja-Ela', 'CSO183009380', '2019-08-28', 5, 3300, 3300),
('CD0508', 'St. Joseph Pharmacy  Grocery', 'Ja-Ela', 'CSO183009381', '2019-08-28', 5, 5845, 5845),
('CD0065', 'Javahir Dr.', 'Wattala', 'CSO183009382', '2019-08-28', 5, 13360, 13360),
('CD0176', 'St. Marrys Pharmacy - KA', 'Katunayake', 'CSO183009383', '2019-08-28', 5, 5150, 5150),
('CD0335', 'Calvary Medicals', 'Ja-Ela', 'CSO183009384', '2019-08-28', 5, 1720, 1720),
('COLD14611', 'Sasithma Pharmacy & Grocery', 'Ja-Ela', 'CSO183009386', '2019-08-28', 5, 5180, 5180),
('CD0316', 'KFD Distributors', 'Negombo', 'CSO183009387', '2019-08-28', 5, 155, 155),
('CD0396', 'Hansi Pharmacy', 'Ja-Ela', 'CSO183009388', '2019-08-28', 5, 6140, 6140),
('CD0258', 'Rilaulla Pharmacy', 'Kandana', 'CSO183009389', '2019-08-28', 5, 5338.5, 5338.5),
('CD0133', 'Peoples Pharmacy  Grocery', 'Wattala', 'CSO183009390', '2019-08-28', 5, 56900, 56900),
('CD0265', 'Anoma J.Wejesinghe dr.', 'Wattala', 'CSO183009391', '2019-09-02', 0, 15010, 15010),
('CD0055', 'Healthline Pharmacy', 'Kandana', 'CSO183009392', '2019-08-28', 5, 5150, 5150),
('CD0293', 'St. Joshep Pharmacy', 'Bopitiya', 'CSO183009393', '2019-08-28', 5, 25561.1, 25561.1),
('CD0138', 'P.J. ENTERPRISES (PVT) Ltd.', 'Ja-Ela', 'CSO183009394', '2019-08-28', 5, 25860, 25860),
('CD0508', 'St. Joseph Pharmacy  Grocery', 'Ja-Ela', 'CSO183009395', '2019-08-28', 5, 1663.05, 1663.05),
('CD0035', 'Ekala Pharmacy', 'Ja-Ela', 'CSO183009396', '2019-08-28', 5, 6331, 6331),
('CD0510', 'Sri Lak Pharmacy', 'Seeduwa', 'CSO183009397', '2019-08-29', 4, 5560, 5560),
('CD0140', 'Raddolugama Pharmacy', 'Raddolugama', 'CSO183009398', '2019-08-29', 4, 3100, 3100),
('CD0402', 'Pamunugama Osu Sala', 'Raddolugama', 'CSO183009399', '2019-08-29', 4, 10910, 10910),
('CD0220', 'The Pharmacy', 'Negombo', 'CSO183009400', '2019-08-31', 2, 2320, 2320),
('CD0390', 'Lasith Pharmacy', 'Negombo', 'CSO183009401', '2019-08-29', 4, 14170, 14170),
('CD0256', 'X  Lab Pharmacy', 'Negombo', 'CSO183009402', '2019-08-29', 4, 10915, 10915),
('CD0259', 'Crystal Pharmacy', 'Negombo', 'CSO183009403', '2019-08-29', 4, 5203.02, 5203.02),
('CD0151', 'S  G Medicals', 'Negombo', 'CSO183009405', '2019-08-31', 2, 10585.5, 10585.5),
('CD0083', 'Leesons Pharmacy', 'Ragama', 'CSO183009406', '2019-08-29', 4, 1660, 1660),
('COLD14348', 'Ashoka Pharmacy', 'Negombo', 'CSO183009407', '2019-08-30', 3, 7216, 7216),
('CD0254', 'Sahana Pharmacy', 'Ragama', 'CSO183009408', '2019-08-29', 4, 9990, 9990),
('CD0025', 'City Pharmacy', 'Ragama', 'CSO183009409', '2019-08-29', 4, 3255, 3255),
('CD0242', 'K. S. A. Medical', 'Negombo', 'CSO183009411', '2019-08-29', 4, 10048, 10048);
INSERT INTO `ciplaoutupload` (`cID`, `cCustName`, `cTown`, `inv`, `date`, `age`, `amount`, `balAmount`) VALUES
('CD0194', 'Unique Pharmacy', 'Negombo', 'CSO183009412', '2019-09-02', 0, 3315, 3315),
('CD0136', 'Pharma Chemi', 'Wattala', 'CSO183009413', '2019-08-29', 4, 1800, 1800),
('CD0107', 'New Central Pharmacy', 'Negombo', 'CSO183009414', '2019-08-29', 4, 7374, 7374),
('COLD13777', 'Royal Pharmacy - Kanda', 'Kandana', 'CSO183009415', '2019-08-29', 4, 4299.05, 4299.05),
('CD0018', 'Better Health Pharmacy', 'Negombo', 'CSO183009416', '2019-08-31', 2, 9181, 9181),
('COLD13639', 'Suneth Wijewardana Dr.', 'Badalgama', 'CSO183009417', '2019-08-30', 3, 31100, 31100),
('COLD14123', 'Rathnayake R.C.Dr.', 'Badalgama', 'CSO183009418', '2019-08-30', 3, 15438, 15438),
('CD0266', 'Mapitigama O.N.H.Dr.', 'Bopitiya', 'CSO183009419', '2019-08-30', 3, 15500, 15500),
('CD0528', 'Orient Pharmacy', 'Negombo', 'CSO183009420', '2019-08-31', 2, 2884, 2884),
('CD0147', 'Robert Medical', 'Negombo', 'CSO183009421', '2019-08-30', 3, 10660, 10660),
('CD0568', 'Healing Pharmacy', 'Negombo', 'CSO183009422', '2019-08-30', 3, 2232, 2232),
('CD0450', 'Royal Pharmacy', 'Negombo', 'CSO183009423', '2019-08-30', 3, 14923.5, 14923.5),
('COLD13957', 'Negombo Drugs', 'Negombo', 'CSO183009424', '2019-08-31', 2, 3300, 3300),
('CD0080', 'Lanka Pharmacy', 'Negombo', 'CSO183009425', '2019-08-30', 3, 3015, 3015),
('CD0228', 'Shanthi Pharmacy', 'Negombo', 'CSO183009427', '2019-08-30', 3, 31415, 31415),
('CD0044', 'Gimshani Pharmacy', 'Kandana', 'CSO183009428', '2019-08-30', 3, 5150, 5150),
('CD0044', 'Gimshani Pharmacy', 'Kandana', 'CSO183009429', '2019-08-30', 3, 3526.02, 3526.02),
('CD0080', 'Lanka Pharmacy', 'Negombo', 'CSO183009430', '2019-08-30', 3, 16380, 16380),
('CD0390', 'Lasith Pharmacy', 'Negombo', 'CSO183009431', '2019-08-30', 3, 4242, 4242),
('CD0551', 'Lalith B. Halabarachchi Dr.', 'Elakanda', 'CSO183009432', '2019-08-30', 3, 15500, 15500),
('COLD12316', 'Lakshman Fernando Dr.', 'Hunupitiya', 'CSO183009433', '2019-09-02', 0, 20720, 20720),
('CD0088', 'Mahajana Osu Sala', 'Negombo', 'CSO183009434', '2019-08-30', 3, 60073, 60073),
('CD0176', 'St. Marrys Pharmacy - KA', 'Katunayake', 'CSO183009435', '2019-08-30', 3, 12926, 12926),
('CD0088', 'Mahajana Osu Sala', 'Negombo', 'CSO183009436', '2019-08-30', 3, 6510, 6510),
('CD0130', 'Pamunugama Pharmacy', 'Bopitiya', 'CSO183009437', '2019-08-30', 3, 19021, 19021),
('CD0306', 'Mohamed Ziyad M.S.Dr.', 'Negombo', 'CSO183009439', '2019-08-31', 2, 20130, 20130),
('CD0126', 'Osu Sala', 'Kandana', 'CSO183009440', '2019-08-31', 2, 5110, 5110),
('COLD14861', 'Jayanath A.A.K.Dr.', 'Katana', 'CSO183009441', '2019-08-31', 2, 8480, 8480),
('CD0444', 'Chandana Rajakaruna Dr.', 'Wattala', 'CSO183009443', '2019-08-31', 2, 29040, 29040),
('CD0501', 'Jasmin Pharmacy  Grocery', 'Kandana', 'CSO183009444', '2019-08-31', 2, 147680, 147680),
('CD0501', 'Jasmin Pharmacy  Grocery', 'Kandana', 'CSO183009445', '2019-08-31', 2, 220810, 220810),
('CD0501', 'Jasmin Pharmacy  Grocery', 'Kandana', 'CSO183009446', '2019-08-31', 2, 132900, 132900),
('CD0194', 'Unique Pharmacy', 'Negombo', 'CSO183009447', '2019-09-02', 0, 201030, 201030),
('CD0365', 'Seeduwa Osusala', 'Seeduwa', 'CSO183009448', '2019-09-02', 0, 23046, 23046),
('CD0294', 'Bopitiya Pharmacy', 'Bopitiya', 'CSO183009449', '2019-09-02', 0, 11389, 11389),
('COLD14499', 'Jayalath A.Dr.', 'Wattala', 'CSO183009451', '2019-09-02', 0, 24710, 24710),
('CD0099', 'Milan Pharmacy', 'Wattala', 'CSO183009452', '2019-09-02', 0, 4535, 4535),
('CD0182', 'Supreem Pharmacy', 'Negombo', 'CSO183009453', '2019-09-02', 0, 7150, 7150),
('CD0136', 'Pharma Chemi', 'Wattala', 'CSO183009454', '2019-09-02', 0, 4617, 4617),
('CD0136', 'Pharma Chemi', 'Wattala', 'CSO183009455', '2019-09-02', 0, 10660, 10660),
('CD0111', 'New Pharmacy', 'Wattala', 'CSO183009456', '2019-09-02', 0, 14069, 14069),
('CD0128', 'Osu Sala Wattala', 'Wattala', 'CSO183009457', '2019-09-02', 0, 8850, 8850),
('COLD14499', 'Jayalath A.Dr.', 'Wattala', 'CSO183009458', '2019-09-02', 0, 24710, 24710),
('CD0062', 'Isuri Pharmacy', 'Wattala', 'CSO183009459', '2019-09-02', 0, 17427, 17427),
('CD0549', 'Lakshan Chemist', 'Wattala', 'CSO183009460', '2019-09-02', 0, 5180, 5180),
('CD0104', 'Nawa Osusala', 'Ja-Ela', 'CSO183009461', '2019-09-02', 0, 22686, 22686),
('CD0449', 'Rashanthi Wijethunga Dr.', 'Raddolugama', 'CSO183009462', '2019-09-02', 0, 31100, 31100),
('CD0163', 'Sethma Pharmacy', 'Kandana', 'CSO183009463', '2019-09-02', 0, 76829.1, 76829.1),
('CD0499', 'Shris Lanka Pharmacy', 'Seeduwa', 'CSO183009465', '2019-09-02', 0, 15550, 15550),
('COLD14032', 'Himali Gunasena (Mrs).Dr.', 'Ragama', 'CSO183009466', '2019-09-02', 0, 23490, 23490),
('CD0181', 'Super Medical', 'Negombo', 'CSO183009470', '2019-09-02', 0, 65154, 65154),
('CD0441', 'Isura Pharmacy', 'Ragama', 'CSO183009471', '2019-09-02', 0, 15825, 15825),
('CD0316', 'KFD Distributors', 'Negombo', 'CSO183009473', '2019-09-02', 0, 852800, 852800),
('CD0020', 'Cash Customer - Colombo D', 'Negombo', 'IN1783000043', '2017-12-22', 619, 3001, 3001),
('CD0020', 'Cash Customer - Colombo D', 'Negombo', 'IN1783000044', '2017-12-22', 619, 3377, 2511),
('CD0020', 'Cash Customer - Colombo D', 'Negombo', 'IN1783000114', '2018-02-19', 560, 9310, 9310),
('CD0020', 'Cash Customer - Colombo D', 'Negombo', 'IN1783000242', '2018-06-22', 437, 21091, 10067),
('CD0020', 'Cash Customer - Colombo D', 'Negombo', 'IN1783000296', '2018-11-29', 277, 5430, 5430),
('CD0020', 'Cash Customer - Colombo D', 'Negombo', 'IN1783000302', '2018-12-31', 245, 41109, 39000),
('CD0481', 'Reliance Pharmacy', 'Negombo', 'IN1783000308', '2019-02-09', 205, 9050, 9050);

-- --------------------------------------------------------

--
-- Table structure for table `customer`
--

DROP TABLE IF EXISTS `customer`;
CREATE TABLE IF NOT EXISTS `customer` (
  `Custid` int(11) NOT NULL AUTO_INCREMENT,
  `custName` varchar(50) NOT NULL,
  `town` varchar(20) NOT NULL,
  `type` varchar(1) NOT NULL DEFAULT 'p',
  `hID` varchar(20) DEFAULT NULL,
  `gsID` varchar(20) DEFAULT NULL,
  `cpID` varchar(20) DEFAULT NULL,
  `jID` varchar(20) DEFAULT NULL,
  `sID` varchar(50) DEFAULT NULL,
  `eID` varchar(50) DEFAULT NULL,
  `hID2` varchar(20) DEFAULT NULL,
  `gsID2` varchar(20) DEFAULT NULL,
  `cpID2` varchar(20) DEFAULT NULL,
  `jID2` varchar(20) DEFAULT NULL,
  `sID2` varchar(50) DEFAULT NULL,
  `eID2` varchar(50) DEFAULT NULL,
  PRIMARY KEY (`Custid`),
  KEY `customer_ibfk_1` (`cpID`),
  KEY `customer_ibfk_2` (`hID`),
  KEY `customer_ibfk_4` (`jID`),
  KEY `hID2` (`hID2`),
  KEY `cpID2` (`cpID2`),
  KEY `gsID` (`gsID`),
  KEY `gsID2` (`gsID2`),
  KEY `jID2` (`jID2`),
  KEY `sID` (`sID`),
  KEY `sID2` (`sID2`)
) ENGINE=InnoDB AUTO_INCREMENT=107 DEFAULT CHARSET=latin1;

--
-- Dumping data for table `customer`
--

INSERT INTO `customer` (`Custid`, `custName`, `town`, `type`, `hID`, `gsID`, `cpID`, `jID`, `sID`, `eID`, `hID2`, `gsID2`, `cpID2`, `jID2`, `sID2`, `eID2`) VALUES
(1, 'Asiri Pharmacy Grocery', 'Negombo', 'p', 'CD0469', 'GAM00280', 'CD0469', '7406', NULL, NULL, NULL, NULL, NULL, NULL, NULL, ''),
(2, 'Asiri Pharmacy', 'Raddolugama', 'p', 'CD0013', 'GAM00196', 'CD0013', '7128', NULL, NULL, NULL, NULL, NULL, NULL, NULL, ''),
(3, 'Ave Maria Pharmacy', 'Negombo', 'p', 'CD0016', 'GAM00297', 'CD0016', '16043', 'Ave Mariya Pharmacy-Negombo city', NULL, NULL, NULL, NULL, NULL, NULL, ''),
(4, 'Best Way Pharmacy', 'Negombo', 'p', 'CD0470', 'GAM00301', 'CD0470', '16166', 'Best Way Pharmacy-Negombo city', NULL, NULL, NULL, NULL, NULL, NULL, ''),
(5, 'Better Health Pharmacy', 'Negombo', 'p', 'CD0018', 'GAM00271', 'CD0018', '16140', 'Better Health Pharmacy-Negombo city', NULL, NULL, NULL, NULL, NULL, NULL, ''),
(6, 'Bopitiya Pharmacy', 'Bopitiya', 'p', 'CD0294', 'GAM00181', 'CD0294', '7250', 'Bopitiya Pharmacy-Bopitiya', NULL, NULL, NULL, NULL, NULL, NULL, ''),
(7, 'City Medical', 'Negombo', 'p', 'CD0023', 'GAM00263', 'CD0023', '16044', NULL, NULL, NULL, NULL, NULL, NULL, NULL, ''),
(8, 'Crystal Pharmacy', 'Negombo', 'p', 'CD0259', 'GAM00254', 'CD0259', '16045', NULL, NULL, NULL, NULL, NULL, NULL, NULL, ''),
(9, 'Dagonna Pharmacy Mini Mart', 'Negombo', 'p', 'CD0476', 'GAM00220', 'CD0476', '0058394', NULL, NULL, NULL, NULL, NULL, NULL, NULL, ''),
(10, 'Darshana Pharmacy', 'Ja-Ela', 'p', 'CD0460', 'GAM00164', 'CD0460', '7375', NULL, NULL, NULL, NULL, NULL, NULL, NULL, ''),
(11, 'Gimshani Pharmacy', 'Kandana', 'p', 'CD0044', 'GAM00148', 'CD0044', '7162', NULL, NULL, NULL, NULL, NULL, NULL, NULL, ''),
(12, 'Health Care Medicla', 'Negombo', 'p', 'CD0053', 'GAM00276', 'CD0053', '0056674', NULL, NULL, NULL, NULL, NULL, NULL, NULL, ''),
(13, 'Healthcare Pharmacy Family Needs', 'Raddolugama', 'p', 'CD0487', 'GAM00198', 'CD0487', '7418', NULL, NULL, NULL, NULL, NULL, NULL, NULL, ''),
(14, 'Healthline Pharmacy', 'Kandana', 'p', 'CD0055', 'GAM00151', 'CD0055', '7054', NULL, NULL, NULL, NULL, NULL, NULL, NULL, ''),
(15, 'Jayakodi Super Market', 'Negombo', 'p', 'CD0286', 'GAM00277', 'CD0286', '16107', NULL, NULL, NULL, NULL, NULL, NULL, NULL, ''),
(16, 'J J Pharmacy', 'Negombo', 'p', 'CD0063', 'GAM00255', 'CD0063', '16047', NULL, NULL, NULL, NULL, NULL, NULL, NULL, ''),
(17, 'Kalidson Pharmacy', 'Negombo', 'p', 'CD0071', 'GAM00281', 'CD0071', '16091', NULL, NULL, NULL, NULL, NULL, NULL, NULL, ''),
(18, 'K. S. A. Medical', 'Negombo', 'p', 'CD0242', 'GAM00299', 'CD0242', '0038540', NULL, NULL, NULL, NULL, NULL, NULL, NULL, ''),
(19, 'Lakshi Pharmacy', 'Negombo', 'p', 'COLD13809', 'GAM00300', 'COLD13809', '0056635', NULL, NULL, NULL, NULL, NULL, NULL, NULL, ''),
(20, 'Laxsri Pharmacy', 'Katunayake', 'p', 'CD0081', 'GAM00204', 'CD0081', '7324', NULL, NULL, NULL, NULL, NULL, NULL, NULL, ''),
(21, 'Mahajana Osu Sala', 'Negombo', 'p', 'CD0088', 'GAM00279', 'CD0088', '7176', NULL, NULL, NULL, NULL, NULL, NULL, NULL, ''),
(22, 'N.S. Medical', 'Seeduwa', 'p', 'CD0447', 'GAM00192', 'CD0447', '7399', NULL, NULL, NULL, NULL, NULL, NULL, NULL, ''),
(23, 'Nawa Lanka Pharmacy', 'Negombo', 'p', 'COLD14555', 'GAMP004451', 'COLD14555', '0062090', NULL, NULL, NULL, NULL, NULL, NULL, NULL, ''),
(24, 'Nawa Osusala', 'Ja-Ela', 'p', 'CD0104', 'GAM00171', 'CD0104', '7044', NULL, NULL, NULL, NULL, NULL, NULL, NULL, ''),
(25, 'Negombo Drugs', 'Negombo', 'p', 'COLD13957', 'GAM03518', 'COLD13957', '0059393', NULL, NULL, NULL, NULL, NULL, NULL, NULL, ''),
(26, 'Ekala Pharmacy', 'Ja-Ela', 'p', 'CD0035', 'GAM00178', 'CD0035', '7400', NULL, NULL, NULL, NULL, NULL, NULL, NULL, ''),
(27, 'New St. Joseph Pharmacy', 'Seeduwa', 'p', 'CD0547', 'GAM00202', 'CD0547', '0052750', NULL, NULL, NULL, NULL, NULL, NULL, NULL, ''),
(28, 'Orient Pharmacy', 'Negombo', 'p', 'CD0528', 'GAM00266', 'CD0528', '0031365', NULL, NULL, NULL, NULL, NULL, NULL, NULL, ''),
(29, 'Orient Pharmacy', 'Averiwatta', 'p', 'CD0124', 'GAM00203', 'CD0124', '7160', NULL, NULL, NULL, NULL, NULL, NULL, NULL, ''),
(30, 'Orient Pharmacy', 'Kandana', 'p', 'CD0125', 'GAM00141', 'CD0125', '7052', NULL, NULL, NULL, NULL, NULL, NULL, NULL, ''),
(31, 'Pamunugama Osu Sala', 'Raddolugama', 'p', 'CD0402', 'GAM00200', 'CD0402', '7296', NULL, NULL, NULL, NULL, NULL, NULL, NULL, ''),
(32, 'Pamunugama Pharmacy', 'Bopitiya', 'p', 'CD0130', 'GAM00180', 'CD0130', '7178', NULL, NULL, NULL, NULL, NULL, NULL, NULL, ''),
(33, 'P.J. ENTERPRISES (PVT) Ltd.', 'Ja-Ela', 'p', 'CD0138', 'GAM00170', 'CD0138', '7046', NULL, NULL, NULL, NULL, NULL, NULL, NULL, ''),
(34, 'Raddolugama Pharmacy', 'Raddolugama', 'p', 'CD0140', 'GAM00199', 'CD0140', '7130', NULL, NULL, NULL, NULL, NULL, NULL, NULL, ''),
(35, 'Reliance Pharmacy', 'Negombo', 'p', 'CD0481', 'GAM00253', 'CD0481', 'CPRL109000001', NULL, NULL, NULL, NULL, NULL, NULL, NULL, ''),
(36, 'Rilaulla Pharmacy', 'Kandana', 'p', 'CD0258', 'GAM00139', 'CD0258', '7235', NULL, NULL, NULL, NULL, NULL, NULL, NULL, ''),
(37, 'Robert Medical', 'Negombo', 'p', 'CD0147', 'GAM00256', 'CD0147', '16088', NULL, NULL, NULL, NULL, NULL, NULL, NULL, ''),
(38, 'Royal Pharmacy - Kanda', 'Kandana', 'p', 'COLD13777', 'GAMP005278', 'COLD13777', '0062140', NULL, NULL, NULL, NULL, NULL, NULL, NULL, ''),
(39, 'Sasithma Pharmacy & Grocery', 'Ja-Ela', 'p', 'COLD14611', 'GAMP004874', 'COLD14611', '0061975', NULL, NULL, NULL, NULL, NULL, NULL, NULL, ''),
(40, 'Seeduwa Medicals', 'Seeduwa', 'p', 'CD0160', 'GAM00195', 'CD0160', '7140', NULL, NULL, NULL, NULL, NULL, NULL, NULL, ''),
(41, 'Seeduwa Osusala', 'Seeduwa', 'p', 'CD0365', 'GAM00194', 'CD0365', '7283', NULL, NULL, NULL, NULL, NULL, NULL, NULL, ''),
(42, 'Sethma Pharmacy', 'Kandana', 'p', 'CD0163', 'GAM00140', 'CD0163', '7053', NULL, NULL, NULL, NULL, NULL, NULL, NULL, ''),
(43, 'Sri Lak Pharmacy', 'Seeduwa', 'p', 'CD0510', 'GAM00201', 'CD0510', '0052748', NULL, NULL, NULL, NULL, NULL, NULL, NULL, ''),
(44, 'St. Marrys Pharmacy - KA', 'Katunayake', 'p', 'CD0176', 'GAM00206', 'CD0176', '7207', NULL, NULL, NULL, NULL, NULL, NULL, NULL, ''),
(45, 'St. Judes Pharmacy', 'Seeduwa', 'p', 'CD0174', 'GAM00193', 'CD0174', '7177', NULL, NULL, NULL, NULL, NULL, NULL, NULL, ''),
(46, 'Thalahena Pharmacy', 'Negombo', 'p', 'CD0189', 'GAM00290', 'CD0189', '16131', NULL, NULL, NULL, NULL, NULL, NULL, NULL, ''),
(47, 'The Pharmacy', 'Negombo', 'p', 'CD0220', 'GAM00270', 'CD0220', '16057', NULL, NULL, NULL, NULL, NULL, NULL, NULL, ''),
(48, 'Thenuka Pharmacy', 'Negombo', 'p', 'CD0539', 'GAM00278', 'CD0539', '0052046', NULL, NULL, NULL, NULL, NULL, NULL, NULL, ''),
(49, 'Thilana Pharmacy', 'Ja-Ela', 'p', 'CD0480', 'GAM00175', 'CD0480', '7411', NULL, NULL, NULL, NULL, NULL, NULL, NULL, ''),
(50, 'Union Pharmacy', 'Negombo', 'p', 'CD0561', 'GAM00287', 'CD0561', '0062198', NULL, NULL, NULL, NULL, NULL, NULL, NULL, ''),
(51, 'Unique Pharmacy', 'Negombo', 'p', 'CD0194', 'GAM00259', 'CD0194', '16146', NULL, NULL, NULL, NULL, NULL, NULL, NULL, ''),
(52, 'X Lab Pharmacy', 'Negombo', 'p', 'CD0256', 'GAM00261', 'CD0256', '16149', NULL, NULL, NULL, NULL, NULL, NULL, NULL, ''),
(53, 'Healing Pharmacy', 'Negombo', 'p', 'CD0568', 'GAM00267', 'CD0568', '0056685', NULL, NULL, NULL, NULL, NULL, NULL, NULL, ''),
(54, 'New Central Pharmacy', 'Negombo', 'p', 'CD0107', 'GAM00262', 'CD0107', '16141', NULL, NULL, NULL, NULL, NULL, NULL, NULL, ''),
(55, 'Silveray Pharmacy', 'Negombo', 'p', 'CD0167', 'GAM00289', 'CD0167', '16055', NULL, NULL, NULL, NULL, NULL, NULL, NULL, ''),
(56, 'Lanka Pharmacy', 'Negombo', 'p', 'CD0080', 'GAM00272', 'CD0080', '16142', NULL, NULL, NULL, NULL, NULL, NULL, NULL, ''),
(57, 'Cash Customer - Colombo D', 'Negombo', 'p', 'CD0020', 'GAM03245', 'CD0020', NULL, NULL, NULL, NULL, NULL, NULL, NULL, NULL, ''),
(58, 'Browns Healthcare (Pvt) Ltd', 'Ragama', 'p', 'CD0406', NULL, 'CD0406', '7420', NULL, NULL, NULL, NULL, NULL, NULL, NULL, ''),
(59, 'International Institute of Health of Science', 'Mahabage', 'p', 'CD0408', NULL, 'CD0408', '0057394', NULL, NULL, NULL, NULL, NULL, NULL, NULL, ''),
(60, 'C & D Pharmacy', 'Ja-Ela', 'p', 'CD0216', 'GAM00168', NULL, '7387', NULL, NULL, NULL, NULL, NULL, NULL, NULL, ''),
(61, 'Nawaloka Hospital (Pvt) Ltd.', 'Negombo', 'p', 'CD0532', 'GAM03240', NULL, '0051966', NULL, NULL, NULL, NULL, NULL, NULL, NULL, ''),
(62, 'Calvary Medicals', 'Ja-Ela', 'p', 'CD0335', 'GAM00162', 'CD0335', NULL, 'Calvery Medical-Ja - Ela City', NULL, NULL, NULL, NULL, NULL, NULL, ''),
(63, 'Imedra Medicals(Pvt)Ltd', 'Ragama', 'p', 'CD0555', NULL, 'CD0555', '0055703', NULL, NULL, NULL, NULL, NULL, NULL, NULL, ''),
(64, 'Hansi Pharmacy', 'Ja-Ela', 'p', 'CD0396', 'GAM00145', 'CD0396', NULL, NULL, NULL, NULL, NULL, NULL, NULL, NULL, ''),
(65, 'Digasiri Pharmacy', 'Ja-Ela', 'p', 'CD0032', 'GAM00176', 'CD0032', NULL, NULL, NULL, NULL, NULL, NULL, NULL, NULL, ''),
(66, 'Reliable Pharmacy', 'Mahabage', 'p', 'CD0145', NULL, 'CD0145', '7075', NULL, NULL, NULL, NULL, NULL, NULL, NULL, ''),
(67, 'Kandawala Pharmacy', 'Katana', 'p', 'CD0468', 'GAM00284', 'CD0468', NULL, NULL, NULL, NULL, NULL, NULL, NULL, NULL, ''),
(68, 'Isura Pharmacy  Grocery', 'Katana', 'p', 'CD0498', 'GAM03333', 'CD0498', NULL, NULL, NULL, NULL, NULL, NULL, NULL, NULL, ''),
(69, 'Hiru Pharmacy', 'Katana', 'p', 'CD0240', 'GAM00246', 'CD0240', NULL, NULL, NULL, NULL, NULL, NULL, NULL, NULL, ''),
(70, 'Super Medical', 'Negombo', 'p', 'CD0181', 'GAM00292', 'CD0181', '16145', NULL, NULL, NULL, NULL, NULL, NULL, NULL, ''),
(71, 'Supreem Pharmacy', 'Negombo', 'p', 'CD0182', 'GAM00283', 'CD0182', NULL, NULL, NULL, NULL, NULL, NULL, NULL, NULL, ''),
(72, 'Shara Chemist', 'Ragama', 'p', 'CD0424', NULL, NULL, '7327', NULL, NULL, NULL, NULL, NULL, NULL, NULL, ''),
(73, 'Jasmin Pharmacy  Grocery', 'Kandana', 'p', 'CD0501', 'GAM00155', 'CD0501', NULL, NULL, NULL, NULL, NULL, NULL, NULL, NULL, ''),
(74, 'Family Care Pharmacy  Groceries', 'Wattala', 'p', 'CD0336', NULL, 'CD0336', '7354', NULL, NULL, NULL, NULL, NULL, NULL, NULL, ''),
(75, 'Glorious Medicare', 'Kandana', 'p', 'COLD14155', NULL, 'COLD14155', NULL, NULL, NULL, NULL, NULL, NULL, NULL, NULL, ''),
(76, 'Hendala Pharmacy', 'Hendala', 'p', 'CD0057', NULL, 'CD0057', '7210', NULL, NULL, NULL, NULL, NULL, NULL, NULL, ''),
(77, 'Kapuwatha Pharmacy', 'Ja-Ela', 'p', 'CD0073', 'GAM00144', 'CD0073', NULL, NULL, NULL, NULL, NULL, NULL, NULL, NULL, ''),
(78, 'Milan Pharmacy', 'Wattala', 'p', 'CD0099', NULL, 'CD0099', '7289', NULL, NULL, NULL, NULL, NULL, NULL, NULL, ''),
(79, 'Roshini Pharmacy', 'Ja-Ela', 'p', 'CD0249', 'GAM00160', 'CD0249', NULL, NULL, NULL, NULL, NULL, NULL, NULL, NULL, ''),
(80, 'Thudella Pharmacy', 'Ja-Ela', 'p', 'COLD14166', 'GAMP005375', 'COLD14166', NULL, NULL, NULL, NULL, NULL, NULL, NULL, NULL, ''),
(81, 'Rosevilla Pharmacy (Enderamulla)', 'Enderamulla', 'p', 'CD0149', NULL, 'CD0149', '7198', NULL, NULL, NULL, NULL, NULL, NULL, NULL, ''),
(82, 'Health & Glow Pharmacy', 'Hunupitiya', 'p', 'CD0525', NULL, 'CD0525', '0057720', NULL, NULL, NULL, NULL, NULL, NULL, NULL, ''),
(83, 'Health & Glow Pharmacy', 'Wattala', 'p', 'CD0052', NULL, 'CD0052', '7175', NULL, NULL, NULL, NULL, NULL, NULL, NULL, ''),
(84, 'St. Jude Pharmacy', 'Ja-Ela', 'p', 'CD0173', 'GAM00172', 'CD0173', '7050', NULL, NULL, NULL, NULL, NULL, NULL, NULL, ''),
(85, 'Alliance Pharmacy', 'Ragama', 'p', 'CD0496', NULL, 'CD0496', '0058442', NULL, NULL, NULL, NULL, NULL, NULL, NULL, ''),
(86, 'Amila Pharmacy', 'Ja-Ela', 'p', 'CD0006', NULL, 'CD0006', NULL, NULL, NULL, NULL, NULL, NULL, NULL, NULL, ''),
(87, 'City Pharmacy', 'Ja-Ela', 'p', 'CD0024', 'GAM00165', 'CD0024', NULL, NULL, NULL, NULL, NULL, NULL, NULL, NULL, ''),
(88, 'Danya Pharmacy', 'Negombo', 'p', 'CD0459', NULL, NULL, NULL, NULL, NULL, NULL, NULL, NULL, NULL, NULL, ''),
(89, 'Chemi World', 'Enderamulla', 'p', 'CD0253', NULL, 'CD0253', NULL, NULL, NULL, NULL, NULL, NULL, NULL, NULL, ''),
(90, 'Dewa Pharmacy', 'Ragama', 'p', 'CD0524', NULL, NULL, '0042976', NULL, NULL, NULL, NULL, NULL, NULL, NULL, ''),
(91, 'City Pharmacy', 'Ragama', 'p', 'CD0025', NULL, 'CD0025', '7134', NULL, NULL, NULL, NULL, NULL, NULL, NULL, ''),
(92, 'Isura Pharmacy', 'Ragama', 'p', 'CD0441', NULL, 'CD0441', '7304', NULL, NULL, NULL, NULL, NULL, NULL, NULL, ''),
(93, 'Ishara Pharmacy', 'Ja-Ela', 'p', 'CD0061', 'GAM00167', NULL, NULL, NULL, NULL, NULL, NULL, NULL, NULL, NULL, ''),
(94, 'Jayalanka Pharmacy', 'Negombo', 'p', 'COLD13822', 'GAM00264', NULL, NULL, NULL, NULL, NULL, NULL, NULL, NULL, NULL, ''),
(95, 'Isuri Pharmacy', 'Wattala', 'p', 'CD0062', NULL, 'CD0062', '7148', NULL, NULL, NULL, NULL, NULL, '7330', NULL, ''),
(97, 'Moon Pharmacy', 'Negombo', 'p', NULL, 'GAM00258', 'CD0490', '0042156', NULL, NULL, NULL, NULL, NULL, NULL, NULL, ''),
(98, 'Jayasri Pharmacy', 'Ragama', 'p', 'CD0426', NULL, 'CD0426', NULL, NULL, NULL, NULL, NULL, NULL, NULL, NULL, ''),
(99, 'S  G Medicals', 'Negombo', 'p', 'CD0151', 'GAM00268', 'CD0151', '16053', NULL, NULL, NULL, NULL, NULL, NULL, NULL, ''),
(100, 'Sea Street Osusala', 'Negombo', 'p', 'CD0159', 'GAM00293', NULL, NULL, NULL, NULL, NULL, NULL, NULL, NULL, NULL, ''),
(101, 'Nilmini Pharmacy', 'Ja-Ela', 'p', 'CD0115', 'GAM00174', NULL, NULL, NULL, NULL, NULL, NULL, NULL, NULL, NULL, ''),
(102, 'Niwasi Pharmacy', 'Ja-Ela', 'p', 'CD0123', 'GAM00179', 'CD0123', NULL, NULL, NULL, NULL, NULL, NULL, NULL, NULL, ''),
(103, 'Sahana Pharmacy', 'Ragama', 'p', 'CD0254', NULL, 'CD0254', '7233', NULL, NULL, NULL, NULL, NULL, NULL, NULL, ''),
(104, 'Peoples Pharmacy', 'Raddolugama', 'p', 'CD0132', 'GAM00197', 'CD0132', NULL, NULL, NULL, NULL, NULL, NULL, NULL, NULL, ''),
(105, 'Leesons Pharmacy', 'Ragama', 'p', 'CD0083', NULL, 'CD0083', '7132', 'Leesons Pharmacy-Raga-Ragama', NULL, NULL, NULL, NULL, NULL, NULL, ''),
(106, 'Arogya Pharmacy and Grocery', 'Ja-Ela', 'p', 'COLD14197', 'GAMP004219', 'COLD14197', '7395', 'Arogya Pharmacy - Ja - Ela-Ja - Ela City', 'Arogya Pharmacy', NULL, NULL, NULL, NULL, NULL, NULL);

-- --------------------------------------------------------

--
-- Table structure for table `emerchemie`
--

DROP TABLE IF EXISTS `emerchemie`;
CREATE TABLE IF NOT EXISTS `emerchemie` (
  `eID` varchar(50) NOT NULL,
  `custName` varchar(50) NOT NULL,
  `town` varchar(20) NOT NULL,
  PRIMARY KEY (`eID`),
  UNIQUE KEY `hID` (`eID`)
) ENGINE=InnoDB DEFAULT CHARSET=latin1;

--
-- Dumping data for table `emerchemie`
--

INSERT INTO `emerchemie` (`eID`, `custName`, `town`) VALUES
('A K M Pharmacy', 'A K M Pharmacy', ''),
('Ajantha Osusala', 'Ajantha Osusala', ''),
('Alliance Pharmacy', 'Alliance Pharmacy', ''),
('Angels Pharmacy', 'Angels Pharmacy', ''),
('Apeksha Pharmacy', 'Apeksha Pharmacy', ''),
('Araliya Pharmacy', 'Araliya Pharmacy', ''),
('Arogya Pharmacy', 'Arogya Pharmacy', ''),
('Asiri Pharmacy', 'Asiri Pharmacy', ''),
('Asiri Pharmacy And Grocery', 'Asiri Pharmacy And Grocery', ''),
('Asoka Pharmacy', 'Asoka Pharmacy', ''),
('Ave Maria Pharmacy', 'Ave Maria Pharmacy', ''),
('Best Way Pharmacy', 'Best Way Pharmacy', ''),
('Beta Health Pharmacy', 'Beta Health Pharmacy', ''),
('Bopitiya Pharmacy', 'Bopitiya Pharmacy', ''),
('Browns Healthcare Pvt Ltd', 'Browns Healthcare Pvt Ltd', ''),
('Browns Hospital', 'Browns Hospital', ''),
('C And D Pharmacy', 'C And D Pharmacy', ''),
('Calvary Pharmacy', 'Calvary Pharmacy', ''),
('Cash Payment', 'Cash Payment', ''),
('Champika Medical', 'Champika Medical', ''),
('Chandrika Medical And Grocery', 'Chandrika Medical And Grocery', ''),
('Chemi World Pharmacy', 'Chemi World Pharmacy', ''),
('Chrishanthas Pharmacy', 'Chrishanthas Pharmacy', ''),
('City Medicals', 'City Medicals', ''),
('City Pharmacy', 'City Pharmacy', ''),
('Cure Pharmacy', 'Cure Pharmacy', ''),
('D M Pharmacy', 'D M Pharmacy', ''),
('Dagonna Pharmacy', 'Dagonna Pharmacy', ''),
('Dagonna Pharmacy & Minimart', 'Dagonna Pharmacy & Minimart', ''),
('Dankotuwa Medicals', 'Dankotuwa Medicals', ''),
('Danya Pharmacy', 'Danya Pharmacy', ''),
('Darani Pharmacy', 'Darani Pharmacy', ''),
('Darshana Pharmacy', 'Darshana Pharmacy', ''),
('Digasiri Pharmacy', 'Digasiri Pharmacy', ''),
('Dr Chinthaka Rathnayaka', 'Dr Chinthaka Rathnayaka', ''),
('Dr Daya Fernando', 'Dr Daya Fernando', ''),
('Dr Himali Gunasena', 'Dr Himali Gunasena', ''),
('Dr Laxman Wijesuriya', 'Dr Laxman Wijesuriya', ''),
('Dr M N F Rimzeena', 'Dr M N F Rimzeena', ''),
('Dr M.ziyad', 'Dr M.ziyad', ''),
('Dr Upul Jayathilake', 'Dr Upul Jayathilake', ''),
('Dr. Ananda Rathnayeke', 'Dr. Ananda Rathnayeke', ''),
('Dr. Anuja Fernando', 'Dr. Anuja Fernando', ''),
('Dr. Dammika Pathirana', 'Dr. Dammika Pathirana', ''),
('Dr. Darshana Mohotti', 'Dr. Darshana Mohotti', ''),
('Dr. Deepal Fonseka', 'Dr. Deepal Fonseka', ''),
('Dr. Diliru Madusanka', 'Dr. Diliru Madusanka', ''),
('Dr. Dinesh Hettiarachchi', 'Dr. Dinesh Hettiarachchi', ''),
('Dr. Dineth Jayawardane', 'Dr. Dineth Jayawardane', ''),
('Dr. G. G. S. weerasuriya', 'Dr. G. G. S. weerasuriya', ''),
('Dr. Ganga Fernando', 'Dr. Ganga Fernando', ''),
('Dr. Gayan Jayakody', 'Dr. Gayan Jayakody', ''),
('Dr. H. M. P. Herath', 'Dr. H. M. P. Herath', ''),
('Dr. Harsha Gunasekara', 'Dr. Harsha Gunasekara', ''),
('Dr. Iresh Dasanayaka', 'Dr. Iresh Dasanayaka', ''),
('Dr. J. B. Silva', 'Dr. J. B. Silva', ''),
('Dr. J. Welikala', 'Dr. J. Welikala', ''),
('Dr. K. A Jayalath', 'Dr. K. A Jayalath', ''),
('Dr. Krishantha Gunathilaka', 'Dr. Krishantha Gunathilaka', ''),
('Dr. Lacksiri Lokuliyanage', 'Dr. Lacksiri Lokuliyanage', ''),
('Dr. Lakshman Fernando', 'Dr. Lakshman Fernando', ''),
('Dr. Lalith Halaba Arachchige.', 'Dr. Lalith Halaba Arachchige.', ''),
('Dr. Lasantha De Silva', 'Dr. Lasantha De Silva', ''),
('Dr. Lasantha Somarathne', 'Dr. Lasantha Somarathne', ''),
('Dr. M. S. Mohamed Ziyard', 'Dr. M. S. Mohamed Ziyard', ''),
('Dr. Mahendra David', 'Dr. Mahendra David', ''),
('Dr. Mahesh Kodagoda', 'Dr. Mahesh Kodagoda', ''),
('Dr. malika Perera', 'Dr. malika Perera', ''),
('Dr. Mrs. Dammika Abeysingha', 'Dr. Mrs. Dammika Abeysingha', ''),
('Dr. N.S.M Mendis', 'Dr. N.S.M Mendis', ''),
('Dr. Namal Jayasingha', 'Dr. Namal Jayasingha', ''),
('Dr. Neville Gunarathne', 'Dr. Neville Gunarathne', ''),
('Dr. Nimal Sovis', 'Dr. Nimal Sovis', ''),
('Dr. Nishantha Wickramasinghe', 'Dr. Nishantha Wickramasinghe', ''),
('Dr. Palitha Perera', 'Dr. Palitha Perera', ''),
('Dr. Poojani illangasinghe.', 'Dr. Poojani illangasinghe.', ''),
('Dr. Prasad Fernando', 'Dr. Prasad Fernando', ''),
('Dr. R.S.S.K Pathirana', 'Dr. R.S.S.K Pathirana', ''),
('Dr. Rashanthika Wijesingha', 'Dr. Rashanthika Wijesingha', ''),
('Dr. Rasika Liyanage', 'Dr. Rasika Liyanage', ''),
('Dr. Roshitha De Silva', 'Dr. Roshitha De Silva', ''),
('Dr. S. L. M. Javahir', 'Dr. S. L. M. Javahir', ''),
('Dr. S. R. Frenando', 'Dr. S. R. Frenando', ''),
('Dr. Sampath Athukorala', 'Dr. Sampath Athukorala', ''),
('Dr. Sanath Fernando', 'Dr. Sanath Fernando', ''),
('Dr. Senaka Herath', 'Dr. Senaka Herath', ''),
('Dr. Sudath Fernando', 'Dr. Sudath Fernando', ''),
('Dr. Sujeewa Rodrigo', 'Dr. Sujeewa Rodrigo', ''),
('Dr. Susith Perera', 'Dr. Susith Perera', ''),
('Dr. Thilak N Ranasinghe', 'Dr. Thilak N Ranasinghe', ''),
('Dr. Thilina Liyanage', 'Dr. Thilina Liyanage', ''),
('Dr. U. P. Danniel', 'Dr. U. P. Danniel', ''),
('Dr. Uditha Herath', 'Dr. Uditha Herath', ''),
('Dr.Mohomed Huseir', 'Dr.Mohomed Huseir', ''),
('Dr.O.N.H. Mapitigama', 'Dr.O.N.H. Mapitigama', ''),
('Dr.R Somasundaran', 'Dr.R Somasundaran', ''),
('Enderamulla Pharmacy', 'Enderamulla Pharmacy', ''),
('Family Care Pharmacy And Grocery', 'Family Care Pharmacy And Grocery', ''),
('Gayasha Pharmacy', 'Gayasha Pharmacy', ''),
('Get Well Pharmacy', 'Get Well Pharmacy', ''),
('Gimshani Pharmacy', 'Gimshani Pharmacy', ''),
('Gold Crest Pharmacy', 'Gold Crest Pharmacy', ''),
('H . R . Pharmacy', 'H . R . Pharmacy', ''),
('Hansi Pharmacy', 'Hansi Pharmacy', ''),
('Healing Pharmacy', 'Healing Pharmacy', ''),
('Health And Glow', 'Health And Glow', ''),
('Health And Glow Pharmacy', 'Health And Glow Pharmacy', ''),
('Health care medical and groceries', 'Health care medical and groceries', ''),
('Health care Pharmacy And Family Needs', 'Health care Pharmacy And Family Needs', ''),
('Health Line Pharmacy', 'Health Line Pharmacy', ''),
('Hemas Hospital', 'Hemas Hospital', ''),
('Hendala Medical', 'Hendala Medical', ''),
('Hiran Pharmacy', 'Hiran Pharmacy', ''),
('Hiru Pharmacy', 'Hiru Pharmacy', ''),
('Home Need Pharmacy', 'Home Need Pharmacy', ''),
('Imedra Medical\'s', 'Imedra Medical\'s', ''),
('Induwara Pharmacy', 'Induwara Pharmacy', ''),
('International Institute Of Health Sciences (PVT) L', 'International Institute Of Health Sciences (PVT) L', ''),
('Iresha Pharmaceuticals', 'Iresha Pharmaceuticals', ''),
('Ishara Pharmacy', 'Ishara Pharmacy', ''),
('Isira Pharmacy', 'Isira Pharmacy', ''),
('Isura Pharmacy', 'Isura Pharmacy', ''),
('Isuri Pharmacy And Grocery', 'Isuri Pharmacy And Grocery', ''),
('Isuru Pharmacy', 'Isuru Pharmacy', ''),
('J And J Pharmacy', 'J And J Pharmacy', ''),
('Jaisara Pharmacy', 'Jaisara Pharmacy', ''),
('Jasmine Pharmacy', 'Jasmine Pharmacy', ''),
('Jaya Lanka Pharmacy', 'Jaya Lanka Pharmacy', ''),
('Jayakody Pharmacy', 'Jayakody Pharmacy', ''),
('Jayanthi Pharmacy', 'Jayanthi Pharmacy', ''),
('Jayasiri Pharmacy', 'Jayasiri Pharmacy', ''),
('Jayasri Pharmacy', 'Jayasri Pharmacy', ''),
('Jayasuriya Pharmacy', 'Jayasuriya Pharmacy', ''),
('Jude Pharmacy', 'Jude Pharmacy', ''),
('K S A Medical', 'K S A Medical', ''),
('Kalidson Pharmacy', 'Kalidson Pharmacy', ''),
('Kandawala Pharmacy', 'Kandawala Pharmacy', ''),
('Kapuwatta Pharmacy', 'Kapuwatta Pharmacy', ''),
('Krishmo Pharmacy', 'Krishmo Pharmacy', ''),
('Lak Osusala', 'Lak Osusala', ''),
('Lakmi Pharmacy', 'Lakmi Pharmacy', ''),
('Lakse Pharmacy', 'Lakse Pharmacy', ''),
('Lakshan Chamist', 'Lakshan Chamist', ''),
('Lakshi Pharmacy & Grocery', 'Lakshi Pharmacy & Grocery', ''),
('Lanka Pharmacy', 'Lanka Pharmacy', ''),
('Laxsiri Pharmacy', 'Laxsiri Pharmacy', ''),
('Leesons Pharmacy', 'Leesons Pharmacy', ''),
('Lunuwila Medicals', 'Lunuwila Medicals', ''),
('Mabole Osusala', 'Mabole Osusala', ''),
('Mahajana Osusala', 'Mahajana Osusala', ''),
('Medicare Pharmacy', 'Medicare Pharmacy', ''),
('Mediceya Pharmacy', 'Mediceya Pharmacy', ''),
('Milan Pharmacy', 'Milan Pharmacy', ''),
('Moon Pharmacy', 'Moon Pharmacy', ''),
('N S Medical', 'N S Medical', ''),
('Nalaka Pharmacy', 'Nalaka Pharmacy', ''),
('Nawa Lanka Pharmacy', 'Nawa Lanka Pharmacy', ''),
('Nawa Osusala', 'Nawa Osusala', ''),
('Nawaloka Hospital', 'Nawaloka Hospital', ''),
('Negombo Drugs', 'Negombo Drugs', ''),
('Negombo Food And Drugs', 'Negombo Food And Drugs', ''),
('New Anrita Pharmacy', 'New Anrita Pharmacy', ''),
('New Central Pharmacy', 'New Central Pharmacy', ''),
('New City Pharmacy', 'New City Pharmacy', ''),
('New Cristal Pharmacy', 'New Cristal Pharmacy', ''),
('New Ekala Pharmacy', 'New Ekala Pharmacy', ''),
('New Kapuwatta Pharmacy', 'New Kapuwatta Pharmacy', ''),
('New Leo Pharmacy', 'New Leo Pharmacy', ''),
('New Peoples Osusala', 'New Peoples Osusala', ''),
('New Peoples Pharmacy', 'New Peoples Pharmacy', ''),
('New Pharmacy', 'New Pharmacy', ''),
('New St. Joseph Pharmacy & Grocery', 'New St. Joseph Pharmacy & Grocery', ''),
('New West Line Pharmacy', 'New West Line Pharmacy', ''),
('New Western Pharmacy', 'New Western Pharmacy', ''),
('Nilmini Pharmacy', 'Nilmini Pharmacy', ''),
('Nipuni Pharmacy,', 'Nipuni Pharmacy,', ''),
('Nirmalanka Pharmacy', 'Nirmalanka Pharmacy', ''),
('Niroga Pharmacy', 'Niroga Pharmacy', ''),
('Niwasie Pharmacy', 'Niwasie Pharmacy', ''),
('Orient Pharmacy', 'Orient Pharmacy', ''),
('Oriyant Pharmacy', 'Oriyant Pharmacy', ''),
('Oshidi Medical\'s', 'Oshidi Medical\'s', ''),
('Osusala Co-op', 'Osusala Co-op', ''),
('Osusala Kandana', 'Osusala Kandana', ''),
('Osusala Wattala', 'Osusala Wattala', ''),
('P And J Pharmacy', 'P And J Pharmacy', ''),
('Pamunugama Osusala', 'Pamunugama Osusala', ''),
('Pamunugama Pharmacy', 'Pamunugama Pharmacy', ''),
('People\'s Healthcare', 'People\'s Healthcare', ''),
('People\'s Pharmacy', 'People\'s Pharmacy', ''),
('Pharmacheme Pharmacy', 'Pharmacheme Pharmacy', ''),
('Pradeep Pharmacy', 'Pradeep Pharmacy', ''),
('Pradipa Pharmacy', 'Pradipa Pharmacy', ''),
('Ragama Pharmacy 1', 'Ragama Pharmacy 1', ''),
('Ragama Pharmacy 2', 'Ragama Pharmacy 2', ''),
('Ranmimi Pharmacy', 'Ranmimi Pharmacy', ''),
('Ranmina Pharmacy', 'Ranmina Pharmacy', ''),
('Ranmina Pharmacy(Life Care Hospital)', 'Ranmina Pharmacy(Life Care Hospital)', ''),
('Ranmini Pharmacy', 'Ranmini Pharmacy', ''),
('Reliable Pharmacy', 'Reliable Pharmacy', ''),
('Reliance Pharma', 'Reliance Pharma', ''),
('Rilaulla Pharmacy', 'Rilaulla Pharmacy', ''),
('Riyo Pharmacy', 'Riyo Pharmacy', ''),
('Robert Mdicals', 'Robert Mdicals', ''),
('Rosevilla Pharmacy', 'Rosevilla Pharmacy', ''),
('Roshini Pharmacy', 'Roshini Pharmacy', ''),
('Royal Pharma', 'Royal Pharma', ''),
('Royal Pharmacy', 'Royal Pharmacy', ''),
('Royal Pharmacy Kandana', 'Royal Pharmacy Kandana', ''),
('S And G Pharmacy', 'S And G Pharmacy', ''),
('S M Medicals Pharmacy', 'S M Medicals Pharmacy', ''),
('Saduni Pharmacy', 'Saduni Pharmacy', ''),
('Sagarika pharmacy', 'Sagarika pharmacy', ''),
('Sahana Osusala', 'Sahana Osusala', ''),
('Sampath Pharmacy', 'Sampath Pharmacy', ''),
('Santhana Pharmacy', 'Santhana Pharmacy', ''),
('Sarani Pharmacy', 'Sarani Pharmacy', ''),
('Sasithma Pharmacy', 'Sasithma Pharmacy', ''),
('Seeduwa Medical Stories', 'Seeduwa Medical Stories', ''),
('Seeduwa Osusala', 'Seeduwa Osusala', ''),
('Sethma Pharmacy', 'Sethma Pharmacy', ''),
('Shanthi Pharmacy', 'Shanthi Pharmacy', ''),
('Shara Chemist', 'Shara Chemist', ''),
('Shashikalas Complex And Medical Stores', 'Shashikalas Complex And Medical Stores', ''),
('Shris Lanka Pharmacy', 'Shris Lanka Pharmacy', ''),
('Silvarry Pharmacy', 'Silvarry Pharmacy', ''),
('Sithara Pharmacy', 'Sithara Pharmacy', ''),
('Soft Life Pharmacy', 'Soft Life Pharmacy', ''),
('Sri Sathya Pharmacy', 'Sri Sathya Pharmacy', ''),
('Sriee Pharmacy', 'Sriee Pharmacy', ''),
('Srilak Pharmacy', 'Srilak Pharmacy', ''),
('St Ciciliya Pharmacy', 'St Ciciliya Pharmacy', ''),
('St Joseph Pharmacy', 'St Joseph Pharmacy', ''),
('St\' Annes Pharmacy', 'St\' Annes Pharmacy', ''),
('St\' Jude Pharmacy', 'St\' Jude Pharmacy', ''),
('St\' Mary\'s Pharmacy', 'St\' Mary\'s Pharmacy', ''),
('St\'Anthony\'s Pharmacy', 'St\'Anthony\'s Pharmacy', ''),
('St\'joseph Pharmacy', 'St\'joseph Pharmacy', ''),
('St\'joseph\'s Pharmacy', 'St\'joseph\'s Pharmacy', ''),
('St\'jude\'s Pharmacy', 'St\'jude\'s Pharmacy', ''),
('Suasi Pharmacy And Grocery', 'Suasi Pharmacy And Grocery', ''),
('Subhani Pharmacy', 'Subhani Pharmacy', ''),
('Sudish Pharmacy', 'Sudish Pharmacy', ''),
('Super Medical', 'Super Medical', ''),
('Supreme Pharmacy', 'Supreme Pharmacy', ''),
('Suranga Pharmacy', 'Suranga Pharmacy', ''),
('Suwa Sarana Osusala', 'Suwa Sarana Osusala', ''),
('Suwasala Pharmacy', 'Suwasala Pharmacy', ''),
('Swadesh Pharmacy', 'Swadesh Pharmacy', ''),
('Thalahen Pharmacy', 'Thalahen Pharmacy', ''),
('The British Pharmacy', 'The British Pharmacy', ''),
('The British Stores', 'The British Stores', ''),
('The Golden Pharmacy', 'The Golden Pharmacy', ''),
('The Pharmacy', 'The Pharmacy', ''),
('The Raddolugama Pharmacy', 'The Raddolugama Pharmacy', ''),
('Thenuka Pharmacy', 'Thenuka Pharmacy', ''),
('Thilina Pharmacy', 'Thilina Pharmacy', ''),
('Thudella Pharmacy', 'Thudella Pharmacy', ''),
('Tiana pharmacy - katuneriya', 'Tiana pharmacy - katuneriya', ''),
('Trust Chemist Pharmacy', 'Trust Chemist Pharmacy', ''),
('Union Chemist', 'Union Chemist', ''),
('Union Pharmacy', 'Union Pharmacy', ''),
('Unique Pharmacy', 'Unique Pharmacy', ''),
('V M Pharmacy -', 'V M Pharmacy -', ''),
('W. Mendis Chemist', 'W. Mendis Chemist', ''),
('Wijaya Pharmacy', 'Wijaya Pharmacy', ''),
('X Lab Pharmacy', 'X Lab Pharmacy', '');

-- --------------------------------------------------------

--
-- Table structure for table `emoutupload`
--

DROP TABLE IF EXISTS `emoutupload`;
CREATE TABLE IF NOT EXISTS `emoutupload` (
  `eID` varchar(50) NOT NULL,
  `eCustName` varchar(50) NOT NULL,
  `eTown` varchar(20) NOT NULL,
  `inv` varchar(20) NOT NULL,
  `date` date DEFAULT NULL,
  `age` int(11) DEFAULT NULL,
  `amount` float DEFAULT NULL,
  `balAmount` float DEFAULT NULL,
  PRIMARY KEY (`inv`),
  KEY `hID` (`eID`)
) ENGINE=InnoDB DEFAULT CHARSET=latin1;

--
-- Dumping data for table `emoutupload`
--

INSERT INTO `emoutupload` (`eID`, `eCustName`, `eTown`, `inv`, `date`, `age`, `amount`, `balAmount`) VALUES
('Dr. Dinesh Hettiarachchi', 'Dr. Dinesh Hettiarachchi', '', 'TWCPI50073', '2018-05-24', 490, 6853.1, 6853.1),
('Dr. Thilak N Ranasinghe', 'Dr. Thilak N Ranasinghe', '', 'TWCPI50621', '2018-05-31', 483, 25324.1, 9210),
('Osusala Co-op', 'Osusala Co-op', '', 'TWCPI54545', '2018-07-23', 430, 14390.5, 293.1),
('Gayasha Pharmacy', 'Gayasha Pharmacy', '', 'TWCPI59870', '2018-09-30', 361, 41520, 2051.07),
('Dr. Krishantha Gunathilaka', 'Dr. Krishantha Gunathilaka', '', 'TWCPI60487', '2018-10-11', 350, 4601.6, 0),
('The Pharmacy', 'The Pharmacy', '', 'TWCPI61341', '2018-10-20', 341, 32334.9, 0),
('The Golden Pharmacy', 'The Golden Pharmacy', '', 'TWCPI61718', '2018-10-26', 335, 20937.5, -0.4),
('Gayasha Pharmacy', 'Gayasha Pharmacy', '', 'TWCPI62088', '2018-10-31', 330, 9629.45, -481.55),
('Negombo Food And Drugs', 'Negombo Food And Drugs', '', 'TWCPI62133', '2018-10-31', 330, 9548.44, -9182),
('Shara Chemist', 'Shara Chemist', '', 'TWCPI62321', '2018-10-31', 330, 28303.9, -1096.39),
('Reliance Pharma', 'Reliance Pharma', '', 'TWCPI62892', '2018-11-09', 321, 3517.57, 1670),
('Dr. Sanath Fernando', 'Dr. Sanath Fernando', '', 'TWCPI63262', '2018-11-14', 316, 9933, 9933),
('The Golden Pharmacy', 'The Golden Pharmacy', '', 'TWCPI63888', '2018-11-23', 307, 4037.19, 0),
('Dr.O.N.H. Mapitigama', 'Dr.O.N.H. Mapitigama', '', 'TWCPI63975', '2018-11-24', 306, 3227.9, 3227.9),
('Gayasha Pharmacy', 'Gayasha Pharmacy', '', 'TWCPI64690', '2018-11-30', 300, 32020, 852),
('Sriee Pharmacy', 'Sriee Pharmacy', '', 'TWCPI65904', '2018-12-18', 282, 15997.5, 15997.5),
('Royal Pharma', 'Royal Pharma', '', 'TWCPI65946', '2018-12-19', 281, 4330.68, 4330.68),
('Royal Pharma', 'Royal Pharma', '', 'TWCPI65953', '2018-12-19', 281, 3157.29, 3157.29),
('Cash Payment', 'Cash Payment', '', 'TWCPI65998', '2018-12-19', 281, 11979.7, 7788.7),
('Cash Payment', 'Cash Payment', '', 'TWCPI66126', '2018-12-20', 280, 838.34, 838.34),
('Jasmine Pharmacy', 'Jasmine Pharmacy', '', 'TWCPI66810', '2018-12-31', 269, 10703.4, -2098.44),
('Dr. H. M. P. Herath', 'Dr. H. M. P. Herath', '', 'TWCPI67287', '2019-01-09', 260, 3060.78, 3060.78),
('Ranmina Pharmacy', 'Ranmina Pharmacy', '', 'TWCPI67817', '2019-01-17', 252, 2838.84, 1035.53),
('Cash Payment', 'Cash Payment', '', 'TWCPI67892', '2019-01-18', 251, 3334.72, 3334.72),
('New Central Pharmacy', 'New Central Pharmacy', '', 'TWCPI68157', '2019-01-23', 246, 7055.22, 7055.22),
('Santhana Pharmacy', 'Santhana Pharmacy', '', 'TWCPI68170', '2019-01-23', 246, 2079.96, 2079.96),
('Dr. S. R. Frenando', 'Dr. S. R. Frenando', '', 'TWCPI68273', '2019-01-24', 245, 13828.5, 13828.5),
('Sampath Pharmacy', 'Sampath Pharmacy', '', 'TWCPI68528', '2019-01-28', 241, 6638.15, 3638.15),
('The Pharmacy', 'The Pharmacy', '', 'TWCPI68529', '2019-01-28', 241, 5468.7, 5468.7),
('Sampath Pharmacy', 'Sampath Pharmacy', '', 'TWCPI68536', '2019-01-28', 241, 18244.5, 18244.5),
('Hiran Pharmacy', 'Hiran Pharmacy', '', 'TWCPI68592', '2019-01-28', 241, 4948.54, 9.09),
('Jaya Lanka Pharmacy', 'Jaya Lanka Pharmacy', '', 'TWCPI68857', '2019-01-31', 238, 5666.78, 5666.78),
('Jaya Lanka Pharmacy', 'Jaya Lanka Pharmacy', '', 'TWCPI68928', '2019-01-31', 238, 10352.8, 10352.8),
('Dr. H. M. P. Herath', 'Dr. H. M. P. Herath', '', 'TWCPI69045', '2019-01-31', 238, 12113.5, 11175.9),
('Thenuka Pharmacy', 'Thenuka Pharmacy', '', 'TWCPI69364', '2019-02-07', 231, 19128.8, 18308.3),
('Santhana Pharmacy', 'Santhana Pharmacy', '', 'TWCPI69829', '2019-02-12', 226, 2711.84, 2711.84),
('C And D Pharmacy', 'C And D Pharmacy', '', 'TWCPI70037', '2019-02-15', 223, 9858.27, 9858.27),
('Lunuwila Medicals', 'Lunuwila Medicals', '', 'TWCPI70165', '2019-02-18', 220, 6176.8, 4946),
('Jaya Lanka Pharmacy', 'Jaya Lanka Pharmacy', '', 'TWCPI70256', '2019-02-18', 220, 9435.36, 9435.36),
('Jaya Lanka Pharmacy', 'Jaya Lanka Pharmacy', '', 'TWCPI70257', '2019-02-18', 220, 7204.63, 7204.63),
('Seeduwa Osusala', 'Seeduwa Osusala', '', 'TWCPI70402', '2019-02-21', 217, 19356.2, 13653.3),
('Sriee Pharmacy', 'Sriee Pharmacy', '', 'TWCPI70728', '2019-02-26', 212, 4442.21, 3509),
('New Cristal Pharmacy', 'New Cristal Pharmacy', '', 'TWCPI70733', '2019-02-26', 212, 11862.9, 687.11),
('New West Line Pharmacy', 'New West Line Pharmacy', '', 'TWCPI70828', '2019-02-27', 211, 13079, 3432.75),
('Dr. M. S. Mohamed Ziyard', 'Dr. M. S. Mohamed Ziyard', '', 'TWCPI71045', '2019-02-28', 210, 7595.4, 7595.4),
('Jaya Lanka Pharmacy', 'Jaya Lanka Pharmacy', '', 'TWCPI71054', '2019-02-28', 210, 26706.5, 26706.5),
('Jaya Lanka Pharmacy', 'Jaya Lanka Pharmacy', '', 'TWCPI71055', '2019-02-28', 210, 21742.8, 21742.8),
('Sriee Pharmacy', 'Sriee Pharmacy', '', 'TWCPI71076', '2019-02-28', 210, 12187.7, 12187.7),
('Sriee Pharmacy', 'Sriee Pharmacy', '', 'TWCPI71234', '2019-02-28', 210, 3508.5, 2436.57),
('Dr. Roshitha De Silva', 'Dr. Roshitha De Silva', '', 'TWCPI71919', '2019-03-13', 197, 12434, 12434),
('Dr M.ziyad', 'Dr M.ziyad', '', 'TWCPI72022', '2019-03-15', 195, 8475.3, 8475.3),
('Jayasri Pharmacy', 'Jayasri Pharmacy', '', 'TWCPI72383', '2019-03-21', 189, 12400.2, 10976),
('Dr M.ziyad', 'Dr M.ziyad', '', 'TWCPI72409', '2019-03-21', 189, 11512.4, 11512.4),
('Nalaka Pharmacy', 'Nalaka Pharmacy', '', 'TWCPI72797', '2019-03-27', 183, 41917, 17291),
('Ajantha Osusala', 'Ajantha Osusala', '', 'TWCPI72813', '2019-03-28', 182, 56000, 299.95),
('Ragama Pharmacy 2', 'Ragama Pharmacy 2', '', 'TWCPI72817', '2019-03-28', 182, 13993.3, 13993.3),
('Seeduwa Medical Stories', 'Seeduwa Medical Stories', '', 'TWCPI73085', '2019-03-31', 179, 12508.8, 2146.58),
('New St. Joseph Pharmacy & Grocery', 'New St. Joseph Pharmacy & Grocery', '', 'TWCPI73400', '2019-04-06', 173, 6260, 4781.75),
('J And J Pharmacy', 'J And J Pharmacy', '', 'TWCPI73458', '2019-04-06', 173, 3317.8, 3317.8),
('New St. Joseph Pharmacy & Grocery', 'New St. Joseph Pharmacy & Grocery', '', 'TWCPI73528', '2019-04-08', 171, 7774.74, 5326.74),
('New West Line Pharmacy', 'New West Line Pharmacy', '', 'TWCPI73681', '2019-04-09', 170, 11414.3, 10000),
('Dr M.ziyad', 'Dr M.ziyad', '', 'TWCPI73809', '2019-04-10', 169, 4973.6, 4973.6),
('Asiri Pharmacy', 'Asiri Pharmacy', '', 'TWCPI74007', '2019-04-12', 167, 8410.54, 0),
('Dr. Lacksiri Lokuliyanage', 'Dr. Lacksiri Lokuliyanage', '', 'TWCPI74800', '2019-04-30', 149, 8170.3, 8170.3),
('Gayasha Pharmacy', 'Gayasha Pharmacy', '', 'TWCPI74947', '2019-04-30', 149, 65368.6, 65368.6),
('Ragama Pharmacy 1', 'Ragama Pharmacy 1', '', 'TWCPI74963', '2019-04-30', 149, 70710, 70710),
('Cash Payment', 'Cash Payment', '', 'TWCPI74973', '2019-04-30', 149, 18176, 18176),
('Srilak Pharmacy', 'Srilak Pharmacy', '', 'TWCPI74977', '2019-04-30', 149, 18176, 7500),
('Dr Himali Gunasena', 'Dr Himali Gunasena', '', 'TWCPI75178', '2019-05-06', 143, 12434, 12434),
('Gayasha Pharmacy', 'Gayasha Pharmacy', '', 'TWCPI75414', '2019-05-09', 140, 22052.9, 22052.9),
('Gayasha Pharmacy', 'Gayasha Pharmacy', '', 'TWCPI75493', '2019-05-10', 139, 8820, 8820),
('Hemas Hospital', 'Hemas Hospital', '', 'TWCPI75546', '2019-05-13', 136, 20877, 20788.6),
('Cash Payment', 'Cash Payment', '', 'TWCPI75576', '2019-05-13', 136, 4191.7, 4191.7),
('Dr. Poojani illangasinghe.', 'Dr. Poojani illangasinghe.', '', 'TWCPI75682', '2019-05-14', 135, 20872.7, 0),
('Get Well Pharmacy', 'Get Well Pharmacy', '', 'TWCPI75770', '2019-05-16', 133, 2665.09, 1350),
('New Peoples Pharmacy', 'New Peoples Pharmacy', '', 'TWCPI75857', '2019-05-16', 133, 5914.6, 5914.6),
('The Pharmacy', 'The Pharmacy', '', 'TWCPI75956', '2019-05-22', 127, 9563.66, 3313),
('Ajantha Osusala', 'Ajantha Osusala', '', 'TWCPI76228', '2019-05-23', 126, 7058.38, 7058.38),
('Pradipa Pharmacy', 'Pradipa Pharmacy', '', 'TWCPI76488', '2019-05-27', 122, 2940.25, 647.34),
('Jayakody Pharmacy', 'Jayakody Pharmacy', '', 'TWCPI76491', '2019-05-27', 122, 7733.29, 4805.89),
('Dr. Lakshman Fernando', 'Dr. Lakshman Fernando', '', 'TWCPI76611', '2019-05-28', 121, 13062.6, 410.7),
('Dr. Dineth Jayawardane', 'Dr. Dineth Jayawardane', '', 'TWCPI76702', '2019-05-29', 120, 15260, 15260),
('Ajantha Osusala', 'Ajantha Osusala', '', 'TWCPI76788', '2019-05-30', 119, 1524.28, 1524.28),
('Dagonna Pharmacy', 'Dagonna Pharmacy', '', 'TWCPI76798', '2019-05-30', 119, 79178.2, 4990.25),
('New Leo Pharmacy', 'New Leo Pharmacy', '', 'TWCPI76804', '2019-05-30', 119, 26706, 10577.1),
('Mediceya Pharmacy', 'Mediceya Pharmacy', '', 'TWCPI76832', '2019-05-31', 118, 7583.5, 5000.5),
('New Leo Pharmacy', 'New Leo Pharmacy', '', 'TWCPI76868', '2019-05-31', 118, 42663.4, 42663.4),
('Gayasha Pharmacy', 'Gayasha Pharmacy', '', 'TWCPI76890', '2019-05-31', 118, 10156.8, 10156.8),
('New Cristal Pharmacy', 'New Cristal Pharmacy', '', 'TWCPI76923', '2019-05-31', 118, 59229.2, 8417.64),
('Dr. Lalith Halaba Arachchige.', 'Dr. Lalith Halaba Arachchige.', '', 'TWCPI76959', '2019-05-31', 118, 54313.5, 54313.5),
('The Pharmacy', 'The Pharmacy', '', 'TWCPI77014', '2019-05-31', 118, 6086.93, 394.03),
('Dr. Susith Perera', 'Dr. Susith Perera', '', 'TWCPI77062', '2019-05-31', 118, 26179.5, 26179.5),
('Shashikalas Complex And Medical Stores', 'Shashikalas Complex And Medical Stores', '', 'TWCPI77106', '2019-05-31', 118, 3815, 2592.23),
('The Pharmacy', 'The Pharmacy', '', 'TWCPI77123', '2019-05-31', 118, 2797.2, 2797.2),
('Ave Maria Pharmacy', 'Ave Maria Pharmacy', '', 'TWCPI77170', '2019-06-04', 114, 2712.8, 3.64),
('New Leo Pharmacy', 'New Leo Pharmacy', '', 'TWCPI77434', '2019-06-07', 111, 19565.5, 19565.5),
('Dr. Rashanthika Wijesingha', 'Dr. Rashanthika Wijesingha', '', 'TWCPI77515', '2019-06-10', 108, 39475.8, 0),
('Dr.O.N.H. Mapitigama', 'Dr.O.N.H. Mapitigama', '', 'TWCPI77518', '2019-06-10', 108, 10855.9, 10855.9),
('Champika Medical', 'Champika Medical', '', 'TWCPI77589', '2019-06-10', 108, 17472, 7470),
('Nawa Lanka Pharmacy', 'Nawa Lanka Pharmacy', '', 'TWCPI77741', '2019-06-12', 106, 39877.2, 222.11),
('Lanka Pharmacy', 'Lanka Pharmacy', '', 'TWCPI77764', '2019-06-13', 105, 10587.6, 1633.97),
('New Central Pharmacy', 'New Central Pharmacy', '', 'TWCPI77840', '2019-06-13', 105, 1283.63, 1283.63),
('Cash Payment', 'Cash Payment', '', 'TWCPI77872', '2019-06-14', 104, 1436.94, 1436.94),
('Dr. Sanath Fernando', 'Dr. Sanath Fernando', '', 'TWCPI78016', '2019-06-17', 101, 21785.2, 21785.2),
('Dr.Mohomed Huseir', 'Dr.Mohomed Huseir', '', 'TWCPI78018', '2019-06-17', 101, 5640.4, 5640.4),
('New Leo Pharmacy', 'New Leo Pharmacy', '', 'TWCPI78109', '2019-06-18', 100, 9409, 9409),
('Dr. N.S.M Mendis', 'Dr. N.S.M Mendis', '', 'TWCPI78150', '2019-06-18', 100, 130626, 130626),
('Ragama Pharmacy 1', 'Ragama Pharmacy 1', '', 'TWCPI78241', '2019-06-19', 99, 23782.5, 23782.5),
('Sampath Pharmacy', 'Sampath Pharmacy', '', 'TWCPI78371', '2019-06-21', 97, 8852.96, 0),
('Mediceya Pharmacy', 'Mediceya Pharmacy', '', 'TWCPI78380', '2019-06-21', 97, 7583.5, 7583.5),
('New Leo Pharmacy', 'New Leo Pharmacy', '', 'TWCPI78383', '2019-06-21', 97, 8000, 8000),
('New Leo Pharmacy', 'New Leo Pharmacy', '', 'TWCPI78384', '2019-06-21', 97, 6986.5, 6986.5),
('The Pharmacy', 'The Pharmacy', '', 'TWCPI78416', '2019-06-21', 97, 8619.59, 99.31),
('Champika Medical', 'Champika Medical', '', 'TWCPI78496', '2019-06-24', 94, 23358.7, 219.44),
('K S A Medical', 'K S A Medical', '', 'TWCPI78512', '2019-06-24', 94, 8161.94, 3.64),
('Dr Daya Fernando', 'Dr Daya Fernando', '', 'TWCPI78635', '2019-06-25', 93, 22689, 22689),
('Hemas Hospital', 'Hemas Hospital', '', 'TWCPI78662', '2019-06-25', 93, 13373.8, 4267.58),
('Silvarry Pharmacy', 'Silvarry Pharmacy', '', 'TWCPI78867', '2019-06-27', 91, 7012.8, 7012.8),
('Oriyant Pharmacy', 'Oriyant Pharmacy', '', 'TWCPI78952', '2019-06-28', 90, 11863.6, 10844.8),
('Dr. Lacksiri Lokuliyanage', 'Dr. Lacksiri Lokuliyanage', '', 'TWCPI78988', '2019-06-29', 89, 5806.9, 5806.9),
('N S Medical', 'N S Medical', '', 'TWCPI78991', '2019-06-29', 89, 49465.8, 0),
('Dr. Uditha Herath', 'Dr. Uditha Herath', '', 'TWCPI79004', '2019-06-30', 88, 31861, 31861),
('Dr. Mrs. Dammika Abeysingha', 'Dr. Mrs. Dammika Abeysingha', '', 'TWCPI79005', '2019-06-30', 88, 54313.5, 54313.5),
('Dr. Neville Gunarathne', 'Dr. Neville Gunarathne', '', 'TWCPI79006', '2019-06-30', 88, 14101, 14101),
('Oriyant Pharmacy', 'Oriyant Pharmacy', '', 'TWCPI79058', '2019-06-30', 88, 12701.9, 7435.26),
('Hiru Pharmacy', 'Hiru Pharmacy', '', 'TWCPI79066', '2019-06-30', 88, 57966, 57966),
('Asoka Pharmacy', 'Asoka Pharmacy', '', 'TWCPI79074', '2019-06-30', 88, 14677.5, 1320),
('Jude Pharmacy', 'Jude Pharmacy', '', 'TWCPI79077', '2019-06-30', 88, 28635.9, 1530),
('Dr. Poojani illangasinghe.', 'Dr. Poojani illangasinghe.', '', 'TWCPI79160', '2019-06-30', 88, 6314.1, 6314.1),
('H . R . Pharmacy', 'H . R . Pharmacy', '', 'TWCPI79166', '2019-06-30', 88, 30973, 30973),
('Gayasha Pharmacy', 'Gayasha Pharmacy', '', 'TWCPI79188', '2019-06-30', 88, 47565, 4757),
('Gayasha Pharmacy', 'Gayasha Pharmacy', '', 'TWCPI79236', '2019-06-30', 88, 51244.3, 51244.3),
('Araliya Pharmacy', 'Araliya Pharmacy', '', 'TWCPI79281', '2019-06-30', 88, 27438.2, 0),
('Hiru Pharmacy', 'Hiru Pharmacy', '', 'TWCPI79283', '2019-06-30', 88, 47609.4, 272.32),
('Nawaloka Hospital', 'Nawaloka Hospital', '', 'TWCPI79299', '2019-07-03', 85, 197601, 14628.2),
('D M Pharmacy', 'D M Pharmacy', '', 'TWCPI79387', '2019-07-03', 85, 13133.1, 887.48),
('Pamunugama Osusala', 'Pamunugama Osusala', '', 'TWCPI79393', '2019-07-03', 85, 4675.2, 4675.2),
('Supreme Pharmacy', 'Supreme Pharmacy', '', 'TWCPI79397', '2019-07-03', 85, 10969.7, 883.72),
('Shanthi Pharmacy', 'Shanthi Pharmacy', '', 'TWCPI79407', '2019-07-04', 84, 20183.8, 0),
('Chrishanthas Pharmacy', 'Chrishanthas Pharmacy', '', 'TWCPI79412', '2019-07-04', 84, 5339.1, 620.1),
('Dr. Lalith Halaba Arachchige.', 'Dr. Lalith Halaba Arachchige.', '', 'TWCPI79440', '2019-07-04', 84, 9409, 9409),
('New City Pharmacy', 'New City Pharmacy', '', 'TWCPI79477', '2019-07-04', 84, 2884.77, 2884.77),
('Dr. Darshana Mohotti', 'Dr. Darshana Mohotti', '', 'TWCPI79509', '2019-07-05', 83, 8460.6, 8460.6),
('Dr. Roshitha De Silva', 'Dr. Roshitha De Silva', '', 'TWCPI79510', '2019-07-05', 83, 14101, 14101),
('Dr. Mahendra David', 'Dr. Mahendra David', '', 'TWCPI79514', '2019-07-05', 83, 9975.75, 1312.15),
('Lak Osusala', 'Lak Osusala', '', 'TWCPI79536', '2019-07-05', 83, 5131.29, 5131.29),
('Oriyant Pharmacy', 'Oriyant Pharmacy', '', 'TWCPI79554', '2019-07-05', 83, 13438.5, 13438.5),
('Oriyant Pharmacy', 'Oriyant Pharmacy', '', 'TWCPI79564', '2019-07-05', 83, 13238, 13238),
('Lak Osusala', 'Lak Osusala', '', 'TWCPI79571', '2019-07-06', 82, 1230.93, 1230.93),
('Oriyant Pharmacy', 'Oriyant Pharmacy', '', 'TWCPI79575', '2019-07-06', 82, 6864.64, 6864.64),
('Isura Pharmacy', 'Isura Pharmacy', '', 'TWCPI79631', '2019-07-08', 80, 6800.93, 6800.93),
('Nawaloka Hospital', 'Nawaloka Hospital', '', 'TWCPI79708', '2019-07-09', 79, 241683, 521.46),
('Royal Pharma', 'Royal Pharma', '', 'TWCPI79717', '2019-07-09', 79, 3346.79, 8),
('Dr. Krishantha Gunathilaka', 'Dr. Krishantha Gunathilaka', '', 'TWCPI79741', '2019-07-10', 78, 6314.1, 6314.1),
('Dr. Rasika Liyanage', 'Dr. Rasika Liyanage', '', 'TWCPI79751', '2019-07-10', 78, 9108.2, 9108.2),
('Darani Pharmacy', 'Darani Pharmacy', '', 'TWCPI79798', '2019-07-10', 78, 20978.9, 768.93),
('Srilak Pharmacy', 'Srilak Pharmacy', '', 'TWCPI79807', '2019-07-10', 78, 19046.5, 19046.5),
('Ranmimi Pharmacy', 'Ranmimi Pharmacy', '', 'TWCPI79844', '2019-07-10', 78, 6852.63, 6852.63),
('Lanka Pharmacy', 'Lanka Pharmacy', '', 'TWCPI79909', '2019-07-11', 77, 9850.08, 9850.08),
('Dr. Thilak N Ranasinghe', 'Dr. Thilak N Ranasinghe', '', 'TWCPI79931', '2019-07-12', 76, 10043.4, 10043.4),
('Sethma Pharmacy', 'Sethma Pharmacy', '', 'TWCPI79933', '2019-07-12', 76, 72986, 13848.8),
('Unique Pharmacy', 'Unique Pharmacy', '', 'TWCPI79935', '2019-07-12', 76, 32650.8, 32650.8),
('Leesons Pharmacy', 'Leesons Pharmacy', '', 'TWCPI79938', '2019-07-12', 76, 6715, 6715),
('Unique Pharmacy', 'Unique Pharmacy', '', 'TWCPI79950', '2019-07-12', 76, 6003.8, 2097.44),
('Danya Pharmacy', 'Danya Pharmacy', '', 'TWCPI79960', '2019-07-12', 76, 3057.38, 3057.38),
('Ranmina Pharmacy', 'Ranmina Pharmacy', '', 'TWCPI79977', '2019-07-12', 76, 15394.3, 7.27),
('Dr. Lalith Halaba Arachchige.', 'Dr. Lalith Halaba Arachchige.', '', 'TWCPI79997', '2019-07-12', 76, 54313.5, 54313.5),
('Dr. Mrs. Dammika Abeysingha', 'Dr. Mrs. Dammika Abeysingha', '', 'TWCPI80006', '2019-07-12', 76, 2038.8, 1802.3),
('New Leo Pharmacy', 'New Leo Pharmacy', '', 'TWCPI80007', '2019-07-12', 76, 8000, 8000),
('Araliya Pharmacy', 'Araliya Pharmacy', '', 'TWCPI80010', '2019-07-13', 75, 11036.6, 10822.5),
('Subhani Pharmacy', 'Subhani Pharmacy', '', 'TWCPI80090', '2019-07-15', 73, 2309, 0.04),
('New Pharmacy', 'New Pharmacy', '', 'TWCPI80121', '2019-07-17', 71, 52618.9, 52618.9),
('Hiru Pharmacy', 'Hiru Pharmacy', '', 'TWCPI80123', '2019-07-17', 71, 25584.9, 25584.9),
('New Pharmacy', 'New Pharmacy', '', 'TWCPI80124', '2019-07-17', 71, 18428.6, 18428.6),
('Hiru Pharmacy', 'Hiru Pharmacy', '', 'TWCPI80125', '2019-07-17', 71, 17219.7, 17219.7),
('Dr. Ananda Rathnayeke', 'Dr. Ananda Rathnayeke', '', 'TWCPI80146', '2019-07-17', 71, 5333.4, 487.4),
('Lakshi Pharmacy & Grocery', 'Lakshi Pharmacy & Grocery', '', 'TWCPI80156', '2019-07-17', 71, 19946.2, 297.36),
('International Institute Of Health Sciences (PVT) L', 'International Institute Of Health Sciences (PVT) L', '', 'TWCPI80187', '2019-07-17', 71, 10371.1, 7.27),
('New Pharmacy', 'New Pharmacy', '', 'TWCPI80205', '2019-07-18', 70, 13123, 13123),
('Jaisara Pharmacy', 'Jaisara Pharmacy', '', 'TWCPI80222', '2019-07-18', 70, 3725.69, 0.2),
('Leesons Pharmacy', 'Leesons Pharmacy', '', 'TWCPI80285', '2019-07-18', 70, 121093, 5084),
('S And G Pharmacy', 'S And G Pharmacy', '', 'TWCPI80298', '2019-07-18', 70, 4260.14, 2),
('Lakshi Pharmacy & Grocery', 'Lakshi Pharmacy & Grocery', '', 'TWCPI80344', '2019-07-19', 69, 21155.5, 19675.3),
('W. Mendis Chemist', 'W. Mendis Chemist', '', 'TWCPI80357', '2019-07-19', 69, 4756.5, 200.5),
('Osusala Co-op', 'Osusala Co-op', '', 'TWCPI80373', '2019-07-19', 69, 7640.49, 7640.49),
('Chrishanthas Pharmacy', 'Chrishanthas Pharmacy', '', 'TWCPI80391', '2019-07-20', 68, 17204.5, 7.27),
('Dr M N F Rimzeena', 'Dr M N F Rimzeena', '', 'TWCPI80398', '2019-07-20', 68, 3028.7, 3028.7),
('Supreme Pharmacy', 'Supreme Pharmacy', '', 'TWCPI80400', '2019-07-20', 68, 11200, 5600),
('Dr. G. G. S. weerasuriya', 'Dr. G. G. S. weerasuriya', '', 'TWCPI80442', '2019-07-22', 66, 11458.7, 11458.7),
('Dr. J. B. Silva', 'Dr. J. B. Silva', '', 'TWCPI80455', '2019-07-22', 66, 3647.1, 3647.1),
('Home Need Pharmacy', 'Home Need Pharmacy', '', 'TWCPI80474', '2019-07-22', 66, 8003.45, 6958.85),
('Unique Pharmacy', 'Unique Pharmacy', '', 'TWCPI80497', '2019-07-22', 66, 110268, 42971.3),
('Thenuka Pharmacy', 'Thenuka Pharmacy', '', 'TWCPI80500', '2019-07-22', 66, 72613.6, 49091.1),
('Thenuka Pharmacy', 'Thenuka Pharmacy', '', 'TWCPI80501', '2019-07-22', 66, 71467.5, 71467.5),
('Thenuka Pharmacy', 'Thenuka Pharmacy', '', 'TWCPI80506', '2019-07-22', 66, 19369.8, 19369.8),
('Thenuka Pharmacy', 'Thenuka Pharmacy', '', 'TWCPI80507', '2019-07-22', 66, 47045, 47045),
('New St. Joseph Pharmacy & Grocery', 'New St. Joseph Pharmacy & Grocery', '', 'TWCPI80604', '2019-07-24', 64, 2849.42, 3.64),
('Nalaka Pharmacy', 'Nalaka Pharmacy', '', 'TWCPI80612', '2019-07-24', 64, 32830.4, 30542.2),
('New Ekala Pharmacy', 'New Ekala Pharmacy', '', 'TWCPI80617', '2019-07-24', 64, 1615.85, 1615.85),
('Ranmina Pharmacy', 'Ranmina Pharmacy', '', 'TWCPI80634', '2019-07-25', 63, 26412.9, 26412.9),
('Ranmina Pharmacy', 'Ranmina Pharmacy', '', 'TWCPI80635', '2019-07-25', 63, 21649.7, 21649.7),
('Suasi Pharmacy And Grocery', 'Suasi Pharmacy And Grocery', '', 'TWCPI80639', '2019-07-25', 63, 1932.2, 1932.2),
('Ranmina Pharmacy', 'Ranmina Pharmacy', '', 'TWCPI80641', '2019-07-25', 63, 7378.58, 7378.58),
('New Ekala Pharmacy', 'New Ekala Pharmacy', '', 'TWCPI80643', '2019-07-25', 63, 1054.85, 1054.85),
('Ranmina Pharmacy', 'Ranmina Pharmacy', '', 'TWCPI80648', '2019-07-25', 63, 6411.12, 6411.12),
('Suasi Pharmacy And Grocery', 'Suasi Pharmacy And Grocery', '', 'TWCPI80656', '2019-07-25', 63, 9327.83, 9327.83),
('Ranmina Pharmacy', 'Ranmina Pharmacy', '', 'TWCPI80659', '2019-07-25', 63, 1459.31, 1459.31),
('Dr Himali Gunasena', 'Dr Himali Gunasena', '', 'TWCPI80660', '2019-07-25', 63, 14101, 14101),
('Cure Pharmacy', 'Cure Pharmacy', '', 'TWCPI80668', '2019-07-25', 63, 7622.86, 3795.15),
('Dr. Sanath Fernando', 'Dr. Sanath Fernando', '', 'TWCPI80673', '2019-07-25', 63, 4071.1, 4071.1),
('Ranmina Pharmacy(Life Care Hospital)', 'Ranmina Pharmacy(Life Care Hospital)', '', 'TWCPI80705', '2019-07-25', 63, 9914.53, 9914.53),
('Oshidi Medical\'s', 'Oshidi Medical\'s', '', 'TWCPI80716', '2019-07-25', 63, 7690.84, 412.2),
('New Western Pharmacy', 'New Western Pharmacy', '', 'TWCPI80741', '2019-07-26', 62, 28176.6, 2720.71),
('Ranmina Pharmacy(Life Care Hospital)', 'Ranmina Pharmacy(Life Care Hospital)', '', 'TWCPI80748', '2019-07-26', 62, 4549.04, 4549.04),
('City Pharmacy', 'City Pharmacy', '', 'TWCPI80752', '2019-07-26', 62, 6042.79, 6042.79),
('Nawaloka Hospital', 'Nawaloka Hospital', '', 'TWCPI80756', '2019-07-26', 62, 188180, 186367),
('Dr. Anuja Fernando', 'Dr. Anuja Fernando', '', 'TWCPI80776', '2019-07-26', 62, 12983.6, 12983.6),
('Health And Glow', 'Health And Glow', '', 'TWCPI80789', '2019-07-27', 61, 13605.5, 3.64),
('New Western Pharmacy', 'New Western Pharmacy', '', 'TWCPI80791', '2019-07-27', 61, 17886.9, 17886.9),
('P And J Pharmacy', 'P And J Pharmacy', '', 'TWCPI80793', '2019-07-27', 61, 147816, 5437.23),
('St\'jude\'s Pharmacy', 'St\'jude\'s Pharmacy', '', 'TWCPI80797', '2019-07-27', 61, 3864.4, 0),
('City Pharmacy', 'City Pharmacy', '', 'TWCPI80798', '2019-07-27', 61, 2098.6, 2098.6),
('Pamunugama Pharmacy', 'Pamunugama Pharmacy', '', 'TWCPI80817', '2019-07-27', 61, 11903.8, 11903.8),
('City Pharmacy', 'City Pharmacy', '', 'TWCPI80822', '2019-07-27', 61, 13750.2, 13750.2),
('Dr. Thilak N Ranasinghe', 'Dr. Thilak N Ranasinghe', '', 'TWCPI80826', '2019-07-27', 61, 22858.6, 22858.6),
('Sagarika pharmacy', 'Sagarika pharmacy', '', 'TWCPI80828', '2019-07-27', 61, 10348.8, 10348.8),
('Nalaka Pharmacy', 'Nalaka Pharmacy', '', 'TWCPI80829', '2019-07-27', 61, 29488.6, 502.64),
('Wijaya Pharmacy', 'Wijaya Pharmacy', '', 'TWCPI80832', '2019-07-27', 61, 9650.85, 3520.05),
('J And J Pharmacy', 'J And J Pharmacy', '', 'TWCPI80862', '2019-07-29', 59, 2069.56, 2069.56),
('Dagonna Pharmacy & Minimart', 'Dagonna Pharmacy & Minimart', '', 'TWCPI80870', '2019-07-29', 59, 30550, 30550),
('Hiru Pharmacy', 'Hiru Pharmacy', '', 'TWCPI80877', '2019-07-29', 59, 47045, 47045),
('J And J Pharmacy', 'J And J Pharmacy', '', 'TWCPI80892', '2019-07-29', 59, 4756.5, 4756.5),
('Thenuka Pharmacy', 'Thenuka Pharmacy', '', 'TWCPI80895', '2019-07-29', 59, 34111.8, 31762.1),
('Dagonna Pharmacy', 'Dagonna Pharmacy', '', 'TWCPI80908', '2019-07-29', 59, 22352.3, 22352.3),
('Dankotuwa Medicals', 'Dankotuwa Medicals', '', 'TWCPI80924', '2019-07-29', 59, 3936.42, 3.64),
('Health care Pharmacy And Family Needs', 'Health care Pharmacy And Family Needs', '', 'TWCPI80926', '2019-07-29', 59, 8666.7, 8666.7),
('Dr. Uditha Herath', 'Dr. Uditha Herath', '', 'TWCPI80937', '2019-07-29', 59, 7263.6, 7263.6),
('Nawaloka Hospital', 'Nawaloka Hospital', '', 'TWCPI80939', '2019-07-29', 59, 123847, 43825.5),
('Dr. J. Welikala', 'Dr. J. Welikala', '', 'TWCPI80941', '2019-07-29', 59, 22917.3, 22917.3),
('Darshana Pharmacy', 'Darshana Pharmacy', '', 'TWCPI80947', '2019-07-29', 59, 30136.5, 217.4),
('Dr. Rashanthika Wijesingha', 'Dr. Rashanthika Wijesingha', '', 'TWCPI80950', '2019-07-29', 59, 60212.4, 48270.1),
('Dr. Lakshman Fernando', 'Dr. Lakshman Fernando', '', 'TWCPI80953', '2019-07-29', 59, 12186.2, 12186.2),
('Nawaloka Hospital', 'Nawaloka Hospital', '', 'TWCPI80954', '2019-07-29', 59, 20005.5, 20005.5),
('Nawaloka Hospital', 'Nawaloka Hospital', '', 'TWCPI80955', '2019-07-29', 59, 13595.3, 11895.9),
('New Central Pharmacy', 'New Central Pharmacy', '', 'TWCPI80956', '2019-07-29', 59, 7384.8, 7384.8),
('Trust Chemist Pharmacy', 'Trust Chemist Pharmacy', '', 'TWCPI80971', '2019-07-29', 59, 2742.6, 2742.6),
('Suasi Pharmacy And Grocery', 'Suasi Pharmacy And Grocery', '', 'TWCPI80999', '2019-07-29', 59, 8720.34, 8720.34),
('Health Line Pharmacy', 'Health Line Pharmacy', '', 'TWCPI81011', '2019-07-29', 59, 6636.8, 6636.8),
('Jayasiri Pharmacy', 'Jayasiri Pharmacy', '', 'TWCPI81014', '2019-07-29', 59, 14120.6, 8597.63),
('Dr. Lasantha Somarathne', 'Dr. Lasantha Somarathne', '', 'TWCPI81033', '2019-07-30', 58, 5475, 5475),
('Family Care Pharmacy And Grocery', 'Family Care Pharmacy And Grocery', '', 'TWCPI81034', '2019-07-30', 58, 117871, 117871),
('Sethma Pharmacy', 'Sethma Pharmacy', '', 'TWCPI81058', '2019-07-30', 58, 41113.3, 41113.3),
('People\'s Healthcare', 'People\'s Healthcare', '', 'TWCPI81064', '2019-07-30', 58, 8354.64, 8354.64),
('Sriee Pharmacy', 'Sriee Pharmacy', '', 'TWCPI81066', '2019-07-31', 57, 72717.6, 349.91),
('Sethma Pharmacy', 'Sethma Pharmacy', '', 'TWCPI81076', '2019-07-31', 57, 33146.8, 30011.5),
('Osusala Kandana', 'Osusala Kandana', '', 'TWCPI81084', '2019-07-31', 57, 3496.71, 3496.71),
('Sethma Pharmacy', 'Sethma Pharmacy', '', 'TWCPI81090', '2019-07-31', 57, 2810, 2810),
('Bopitiya Pharmacy', 'Bopitiya Pharmacy', '', 'TWCPI81097', '2019-07-31', 57, 73216.9, 73216.9),
('Dr. Lakshman Fernando', 'Dr. Lakshman Fernando', '', 'TWCPI81102', '2019-07-31', 57, 37291.7, 37291.7),
('Dr. Anuja Fernando', 'Dr. Anuja Fernando', '', 'TWCPI81148', '2019-07-31', 57, 3655.8, 3655.8),
('Dr. Lasantha Somarathne', 'Dr. Lasantha Somarathne', '', 'TWCPI81149', '2019-07-31', 57, 4618.41, 2035.55),
('Trust Chemist Pharmacy', 'Trust Chemist Pharmacy', '', 'TWCPI81152', '2019-07-31', 57, 10148.5, 2541.71),
('Ranmina Pharmacy(Life Care Hospital)', 'Ranmina Pharmacy(Life Care Hospital)', '', 'TWCPI81153', '2019-07-31', 57, 24900, 24900),
('Ranmina Pharmacy(Life Care Hospital)', 'Ranmina Pharmacy(Life Care Hospital)', '', 'TWCPI81154', '2019-07-31', 57, 2839.09, 2839.09),
('Super Medical', 'Super Medical', '', 'TWCPI81165', '2019-07-31', 57, 67053.2, 67053.2),
('City Medicals', 'City Medicals', '', 'TWCPI81166', '2019-07-31', 57, 49983.9, 8240.23),
('Dr. Rasika Liyanage', 'Dr. Rasika Liyanage', '', 'TWCPI81189', '2019-07-31', 57, 34746.2, 34746.2),
('Dr. Krishantha Gunathilaka', 'Dr. Krishantha Gunathilaka', '', 'TWCPI81207', '2019-07-31', 57, 6314.1, 6314.1),
('Dr Chinthaka Rathnayaka', 'Dr Chinthaka Rathnayaka', '', 'TWCPI81208', '2019-07-31', 57, 13333.5, 13333.5),
('Dr. Lakshman Fernando', 'Dr. Lakshman Fernando', '', 'TWCPI81209', '2019-07-31', 57, 9108.2, 9108.2),
('Shanthi Pharmacy', 'Shanthi Pharmacy', '', 'TWCPI81221', '2019-07-31', 57, 16478.3, 16478.3),
('Dr. U. P. Danniel', 'Dr. U. P. Danniel', '', 'TWCPI81223', '2019-07-31', 57, 4605, 4605),
('Sethma Pharmacy', 'Sethma Pharmacy', '', 'TWCPI81231', '2019-07-31', 57, 46456.3, 46456.3),
('Sethma Pharmacy', 'Sethma Pharmacy', '', 'TWCPI81233', '2019-07-31', 57, 13308.7, 13308.7),
('New Anrita Pharmacy', 'New Anrita Pharmacy', '', 'TWCPI81236', '2019-07-31', 57, 94353, 94353),
('Super Medical', 'Super Medical', '', 'TWCPI81237', '2019-07-31', 57, 50329.5, 50329.5),
('Dr. Nimal Sovis', 'Dr. Nimal Sovis', '', 'TWCPI81240', '2019-07-31', 57, 6400, 6400),
('Dr. Harsha Gunasekara', 'Dr. Harsha Gunasekara', '', 'TWCPI81241', '2019-07-31', 57, 14018.8, 14018.8),
('Dr. Dammika Pathirana', 'Dr. Dammika Pathirana', '', 'TWCPI81242', '2019-07-31', 57, 10980, 10980),
('Dr. Darshana Mohotti', 'Dr. Darshana Mohotti', '', 'TWCPI81244', '2019-07-31', 57, 28202, 28202),
('Dr. J. Welikala', 'Dr. J. Welikala', '', 'TWCPI81245', '2019-07-31', 57, 10765.2, 10765.2),
('Saduni Pharmacy', 'Saduni Pharmacy', '', 'TWCPI81248', '2019-07-31', 57, 3064.08, 3064.08),
('Asiri Pharmacy', 'Asiri Pharmacy', '', 'TWCPI81251', '2019-07-31', 57, 5386.56, 5386.56),
('Ranmina Pharmacy(Life Care Hospital)', 'Ranmina Pharmacy(Life Care Hospital)', '', 'TWCPI81259', '2019-07-31', 57, 2245.6, 2245.6),
('Gayasha Pharmacy', 'Gayasha Pharmacy', '', 'TWCPI81275', '2019-07-31', 57, 25206.8, 13446.8),
('Isuri Pharmacy And Grocery', 'Isuri Pharmacy And Grocery', '', 'TWCPI81276', '2019-07-31', 57, 62887.2, 329.91),
('Bopitiya Pharmacy', 'Bopitiya Pharmacy', '', 'TWCPI81279', '2019-07-31', 57, 23782.5, 23782.5),
('Gayasha Pharmacy', 'Gayasha Pharmacy', '', 'TWCPI81281', '2019-07-31', 57, 13692.6, 13692.6),
('Dr. Lalith Halaba Arachchige.', 'Dr. Lalith Halaba Arachchige.', '', 'TWCPI81283', '2019-07-31', 57, 14113.5, 14113.5),
('Dr.O.N.H. Mapitigama', 'Dr.O.N.H. Mapitigama', '', 'TWCPI81284', '2019-07-31', 57, 6856.5, 6856.5),
('Dr. J. B. Silva', 'Dr. J. B. Silva', '', 'TWCPI81286', '2019-07-31', 57, 14444.5, 14444.5),
('Gayasha Pharmacy', 'Gayasha Pharmacy', '', 'TWCPI81287', '2019-07-31', 57, 47045, 47045),
('Dr. Lacksiri Lokuliyanage', 'Dr. Lacksiri Lokuliyanage', '', 'TWCPI81289', '2019-07-31', 57, 18533, 18533),
('Union Chemist', 'Union Chemist', '', 'TWCPI81297', '2019-07-31', 57, 6200, 6200),
('Dr. M. S. Mohamed Ziyard', 'Dr. M. S. Mohamed Ziyard', '', 'TWCPI81298', '2019-07-31', 57, 6314.1, 6314.1),
('Dr.Mohomed Huseir', 'Dr.Mohomed Huseir', '', 'TWCPI81299', '2019-07-31', 57, 6314.1, 6314.1),
('Dr. N.S.M Mendis', 'Dr. N.S.M Mendis', '', 'TWCPI81301', '2019-07-31', 57, 15459, 15459),
('Dr. M. S. Mohamed Ziyard', 'Dr. M. S. Mohamed Ziyard', '', 'TWCPI81302', '2019-07-31', 57, 8622.6, 8622.6),
('Super Medical', 'Super Medical', '', 'TWCPI81307', '2019-07-31', 57, 8201.46, 8201.46),
('Sudish Pharmacy', 'Sudish Pharmacy', '', 'TWCPI81312', '2019-07-31', 57, 8667.6, 8667.6),
('Darshana Pharmacy', 'Darshana Pharmacy', '', 'TWCPI81313', '2019-07-31', 57, 64762.6, 10596.6),
('Hiru Pharmacy', 'Hiru Pharmacy', '', 'TWCPI81314', '2019-07-31', 57, 17335.2, 17335.2),
('Bopitiya Pharmacy', 'Bopitiya Pharmacy', '', 'TWCPI81320', '2019-07-31', 57, 111585, 111585),
('New Central Pharmacy', 'New Central Pharmacy', '', 'TWCPI81322', '2019-07-31', 57, 9758, 9758),
('Hiru Pharmacy', 'Hiru Pharmacy', '', 'TWCPI81323', '2019-07-31', 57, 19516, 19516),
('Suwasala Pharmacy', 'Suwasala Pharmacy', '', 'TWCPI81325', '2019-07-31', 57, 9758, 6314),
('Dr. Lalith Halaba Arachchige.', 'Dr. Lalith Halaba Arachchige.', '', 'TWCPI81332', '2019-07-31', 57, 19516, 19516),
('Gayasha Pharmacy', 'Gayasha Pharmacy', '', 'TWCPI81341', '2019-07-31', 57, 47308, 47308),
('Health Line Pharmacy', 'Health Line Pharmacy', '', 'TWCPI81342', '2019-07-31', 57, 6697.47, 6697.47),
('Dagonna Pharmacy', 'Dagonna Pharmacy', '', 'TWCPI81344', '2019-07-31', 57, 70513.2, 315.21),
('Santhana Pharmacy', 'Santhana Pharmacy', '', 'TWCPI81355', '2019-07-31', 57, 58366.9, 58366.9),
('Gayasha Pharmacy', 'Gayasha Pharmacy', '', 'TWCPI81358', '2019-07-31', 57, 28260.6, 28260.6),
('Suwasala Pharmacy', 'Suwasala Pharmacy', '', 'TWCPI81371', '2019-07-31', 57, 2153.04, 2153.04),
('Seeduwa Osusala', 'Seeduwa Osusala', '', 'TWCPI81373', '2019-07-31', 57, 22282.4, 1320.93),
('Hiru Pharmacy', 'Hiru Pharmacy', '', 'TWCPI81377', '2019-07-31', 57, 119428, 119428),
('Dr. Susith Perera', 'Dr. Susith Perera', '', 'TWCPI81381', '2019-07-31', 57, 26635, 26635),
('Champika Medical', 'Champika Medical', '', 'TWCPI81385', '2019-07-31', 57, 20944.7, 18163.7),
('Union Chemist', 'Union Chemist', '', 'TWCPI81390', '2019-07-31', 57, 137703, 99841),
('Union Chemist', 'Union Chemist', '', 'TWCPI81393', '2019-07-31', 57, 43421.1, 43421.1),
('Health Line Pharmacy', 'Health Line Pharmacy', '', 'TWCPI81395', '2019-07-31', 57, 4983.57, 4983.57),
('Union Chemist', 'Union Chemist', '', 'TWCPI81398', '2019-07-31', 57, 5009.51, 5009.51),
('H . R . Pharmacy', 'H . R . Pharmacy', '', 'TWCPI81400', '2019-07-31', 57, 9758, 2834.28),
('Chrishanthas Pharmacy', 'Chrishanthas Pharmacy', '', 'TWCPI81412', '2019-08-02', 55, 28521.3, 1316.34),
('Seeduwa Osusala', 'Seeduwa Osusala', '', 'TWCPI81418', '2019-08-03', 54, 34782.8, 13758.8),
('Ishara Pharmacy', 'Ishara Pharmacy', '', 'TWCPI81420', '2019-08-03', 54, 6187.56, 6187.56),
('Rosevilla Pharmacy', 'Rosevilla Pharmacy', '', 'TWCPI81425', '2019-08-03', 54, 1424.71, 1424.71),
('Apeksha Pharmacy', 'Apeksha Pharmacy', '', 'TWCPI81429', '2019-08-03', 54, 3277.72, 3277.72),
('Rosevilla Pharmacy', 'Rosevilla Pharmacy', '', 'TWCPI81437', '2019-08-03', 54, 7047.87, 7047.87),
('Jude Pharmacy', 'Jude Pharmacy', '', 'TWCPI81439', '2019-08-03', 54, 7617.91, 7617.91),
('Apeksha Pharmacy', 'Apeksha Pharmacy', '', 'TWCPI81440', '2019-08-03', 54, 16119.2, 16119.2),
('Ishara Pharmacy', 'Ishara Pharmacy', '', 'TWCPI81446', '2019-08-03', 54, 40888.9, 39489.1),
('Dr. Mrs. Dammika Abeysingha', 'Dr. Mrs. Dammika Abeysingha', '', 'TWCPI81470', '2019-08-03', 54, 1951.66, 1951.66),
('Jayasiri Pharmacy', 'Jayasiri Pharmacy', '', 'TWCPI81480', '2019-08-05', 52, 3950.48, 3950.48),
('Ishara Pharmacy', 'Ishara Pharmacy', '', 'TWCPI81482', '2019-08-05', 52, 5339.1, 5339.1),
('Rosevilla Pharmacy', 'Rosevilla Pharmacy', '', 'TWCPI81490', '2019-08-05', 52, 7301.11, 7301.11),
('Nalaka Pharmacy', 'Nalaka Pharmacy', '', 'TWCPI81505', '2019-08-05', 52, 26529.8, 1240.85),
('Dr. Prasad Fernando', 'Dr. Prasad Fernando', '', 'TWCPI81514', '2019-08-06', 51, 14371, 14371),
('Darshana Pharmacy', 'Darshana Pharmacy', '', 'TWCPI81515', '2019-08-06', 51, 53391, 26696),
('Dr. J. Welikala', 'Dr. J. Welikala', '', 'TWCPI81516', '2019-08-06', 51, 10290.9, 10290.9),
('Suasi Pharmacy And Grocery', 'Suasi Pharmacy And Grocery', '', 'TWCPI81518', '2019-08-06', 51, 4686.31, 4686.31),
('Royal Pharma', 'Royal Pharma', '', 'TWCPI81519', '2019-08-06', 51, 7384.24, 7384.24),
('Nawaloka Hospital', 'Nawaloka Hospital', '', 'TWCPI81529', '2019-08-06', 51, 343728, 338266),
('leesons Pharmacy', 'leesons Pharmacy', '', 'TWCPI81533', '2019-08-06', 51, 3427.6, 3427.6),
('Hansi Pharmacy', 'Hansi Pharmacy', '', 'TWCPI81544', '2019-08-06', 51, 2103.84, 2103.84),
('Tiana pharmacy - katuneriya', 'Tiana pharmacy - katuneriya', '', 'TWCPI81548', '2019-08-06', 51, 8389.66, 1),
('Hansi Pharmacy', 'Hansi Pharmacy', '', 'TWCPI81555', '2019-08-06', 51, 580.62, 580.62),
('Jayasiri Pharmacy', 'Jayasiri Pharmacy', '', 'TWCPI81556', '2019-08-06', 51, 13732.3, 921.34),
('Hiran Pharmacy', 'Hiran Pharmacy', '', 'TWCPI81559', '2019-08-06', 51, 2135.12, 2135.12),
('Ishara Pharmacy', 'Ishara Pharmacy', '', 'TWCPI81575', '2019-08-06', 51, 5339.1, 5339.1),
('Dr. Deepal Fonseka', 'Dr. Deepal Fonseka', '', 'TWCPI81578', '2019-08-06', 51, 2659.75, 2659.75),
('Reliable Pharmacy', 'Reliable Pharmacy', '', 'TWCPI81584', '2019-08-06', 51, 29566.5, 29566.5),
('Royal Pharma', 'Royal Pharma', '', 'TWCPI81595', '2019-08-07', 50, 17009.1, 17009.1),
('Suasi Pharmacy And Grocery', 'Suasi Pharmacy And Grocery', '', 'TWCPI81596', '2019-08-07', 50, 3595.98, 3595.98),
('Nilmini Pharmacy', 'Nilmini Pharmacy', '', 'TWCPI81605', '2019-08-07', 50, 9350.4, 9350.4),
('Saduni Pharmacy', 'Saduni Pharmacy', '', 'TWCPI81606', '2019-08-07', 50, 9350.4, 9350.4),
('New City Pharmacy', 'New City Pharmacy', '', 'TWCPI81615', '2019-08-07', 50, 14911.9, 865),
('Ranmina Pharmacy(Life Care Hospital)', 'Ranmina Pharmacy(Life Care Hospital)', '', 'TWCPI81616', '2019-08-07', 50, 4747.66, 4747.66),
('Kapuwatta Pharmacy', 'Kapuwatta Pharmacy', '', 'TWCPI81631', '2019-08-07', 50, 6801.87, 6801.87),
('Hansi Pharmacy', 'Hansi Pharmacy', '', 'TWCPI81633', '2019-08-07', 50, 1092.36, 1092.36),
('Digasiri Pharmacy', 'Digasiri Pharmacy', '', 'TWCPI81637', '2019-08-07', 50, 1338.81, 1338.81),
('Dr. Thilak N Ranasinghe', 'Dr. Thilak N Ranasinghe', '', 'TWCPI81643', '2019-08-07', 50, 34666.8, 34666.8),
('New West Line Pharmacy', 'New West Line Pharmacy', '', 'TWCPI81648', '2019-08-07', 50, 8427.56, 0.55),
('Saduni Pharmacy', 'Saduni Pharmacy', '', 'TWCPI81655', '2019-08-07', 50, 10053.2, 10053.2),
('Hansi Pharmacy', 'Hansi Pharmacy', '', 'TWCPI81658', '2019-08-07', 50, 2446.17, 2446.17),
('Ranmina Pharmacy(Life Care Hospital)', 'Ranmina Pharmacy(Life Care Hospital)', '', 'TWCPI81663', '2019-08-07', 50, 16870.4, 16870.4),
('Hansi Pharmacy', 'Hansi Pharmacy', '', 'TWCPI81665', '2019-08-07', 50, 7337.18, 6869.66),
('Ragama Pharmacy 1', 'Ragama Pharmacy 1', '', 'TWCPI81677', '2019-08-08', 49, 96509.2, 96509.2),
('Ragama Pharmacy 1', 'Ragama Pharmacy 1', '', 'TWCPI81679', '2019-08-08', 49, 28409.2, 27402.1),
('Darshana Pharmacy', 'Darshana Pharmacy', '', 'TWCPI81680', '2019-08-08', 49, 64611.1, 64611.1),
('The Raddolugama Pharmacy', 'The Raddolugama Pharmacy', '', 'TWCPI81681', '2019-08-08', 49, 7527.18, 1370),
('Ragama Pharmacy 1', 'Ragama Pharmacy 1', '', 'TWCPI81685', '2019-08-08', 49, 104058, 104058),
('Osusala Kandana', 'Osusala Kandana', '', 'TWCPI81686', '2019-08-08', 49, 18650.8, 17265.1),
('Ragama Pharmacy 1', 'Ragama Pharmacy 1', '', 'TWCPI81694', '2019-08-08', 49, 94690.3, 94690.3),
('Ragama Pharmacy 1', 'Ragama Pharmacy 1', '', 'TWCPI81702', '2019-08-08', 49, 8129.07, 8129.07),
('Ranmina Pharmacy(Life Care Hospital)', 'Ranmina Pharmacy(Life Care Hospital)', '', 'TWCPI81705', '2019-08-08', 49, 15303.1, 15303.1),
('International Institute Of Health Sciences (PVT) L', 'International Institute Of Health Sciences (PVT) L', '', 'TWCPI81719', '2019-08-08', 49, 25822, 25822),
('Mabole Osusala', 'Mabole Osusala', '', 'TWCPI81720', '2019-08-08', 49, 5068.24, 5068.24),
('Rosevilla Pharmacy', 'Rosevilla Pharmacy', '', 'TWCPI81731', '2019-08-08', 49, 4174.14, 4174.14),
('Health And Glow', 'Health And Glow', '', 'TWCPI81733', '2019-08-08', 49, 16928.3, 16928.3),
('New Western Pharmacy', 'New Western Pharmacy', '', 'TWCPI81738', '2019-08-08', 49, 41404.7, 41404.7),
('Mabole Osusala', 'Mabole Osusala', '', 'TWCPI81739', '2019-08-08', 49, 3610.72, 3610.72),
('Ranmina Pharmacy(Life Care Hospital)', 'Ranmina Pharmacy(Life Care Hospital)', '', 'TWCPI81744', '2019-08-08', 49, 6150.58, 6150.58),
('Sarani Pharmacy', 'Sarani Pharmacy', '', 'TWCPI81745', '2019-08-08', 49, 15510.5, 56.52),
('Saduni Pharmacy', 'Saduni Pharmacy', '', 'TWCPI81747', '2019-08-08', 49, 4732.76, 3437.35),
('The British Pharmacy', 'The British Pharmacy', '', 'TWCPI81752', '2019-08-08', 49, 15664.9, 12093.4),
('Mabole Osusala', 'Mabole Osusala', '', 'TWCPI81758', '2019-08-08', 49, 1901.18, 1901.18),
('Isuri Pharmacy And Grocery', 'Isuri Pharmacy And Grocery', '', 'TWCPI81761', '2019-08-08', 49, 10141.8, 10141.8),
('Health And Glow', 'Health And Glow', '', 'TWCPI81764', '2019-08-08', 49, 7784.01, 7784.01),
('Rosevilla Pharmacy', 'Rosevilla Pharmacy', '', 'TWCPI81765', '2019-08-08', 49, 4857.66, 4492.08),
('Osusala Wattala', 'Osusala Wattala', '', 'TWCPI81769', '2019-08-08', 49, 26832.9, 26832.9),
('Health And Glow', 'Health And Glow', '', 'TWCPI81777', '2019-08-08', 49, 4043.22, 4043.22),
('Rosevilla Pharmacy', 'Rosevilla Pharmacy', '', 'TWCPI81778', '2019-08-08', 49, 8709.3, 8709.3),
('Hansi Pharmacy', 'Hansi Pharmacy', '', 'TWCPI81779', '2019-08-08', 49, 5339.1, 4384.06),
('The British Stores', 'The British Stores', '', 'TWCPI81784', '2019-08-08', 49, 47621.6, 1937.61),
('Araliya Pharmacy', 'Araliya Pharmacy', '', 'TWCPI81785', '2019-08-08', 49, 22009.7, 3609.68),
('Nalaka Pharmacy', 'Nalaka Pharmacy', '', 'TWCPI81786', '2019-08-08', 49, 11551, 2183.51),
('Jayasuriya Pharmacy', 'Jayasuriya Pharmacy', '', 'TWCPI81788', '2019-08-08', 49, 1828.38, 1405.38),
('St\' Jude Pharmacy', 'St\' Jude Pharmacy', '', 'TWCPI81789', '2019-08-08', 49, 2373.83, 2373.83),
('St\' Jude Pharmacy', 'St\' Jude Pharmacy', '', 'TWCPI81790', '2019-08-08', 49, 16857.8, 16857.8),
('Rosevilla Pharmacy', 'Rosevilla Pharmacy', '', 'TWCPI81793', '2019-08-09', 48, 7832.72, 7832.72),
('Suasi Pharmacy And Grocery', 'Suasi Pharmacy And Grocery', '', 'TWCPI81794', '2019-08-09', 48, 6129.19, 6129.19),
('Royal Pharma', 'Royal Pharma', '', 'TWCPI81796', '2019-08-09', 48, 6144.66, 4842.54),
('Leesons Pharmacy', 'Leesons Pharmacy', '', 'TWCPI81801', '2019-08-09', 48, 76596.5, 76596.5),
('Union Chemist', 'Union Chemist', '', 'TWCPI81807', '2019-08-09', 48, 6365.9, 6365.9),
('Union Chemist', 'Union Chemist', '', 'TWCPI81808', '2019-08-09', 48, 10979, 10979),
('Hiran Pharmacy', 'Hiran Pharmacy', '', 'TWCPI81809', '2019-08-09', 48, 5793.66, 5793.66),
('Sithara Pharmacy', 'Sithara Pharmacy', '', 'TWCPI81811', '2019-08-09', 48, 856.9, 110.18),
('Seeduwa Osusala', 'Seeduwa Osusala', '', 'TWCPI81813', '2019-08-09', 48, 24030.1, 24030.1),
('Trust Chemist Pharmacy', 'Trust Chemist Pharmacy', '', 'TWCPI81814', '2019-08-09', 48, 910.82, 910.82),
('Trust Chemist Pharmacy', 'Trust Chemist Pharmacy', '', 'TWCPI81815', '2019-08-09', 48, 6183.6, 6183.6),
('Dr. Mrs. Dammika Abeysingha', 'Dr. Mrs. Dammika Abeysingha', '', 'TWCPI81818', '2019-08-09', 48, 21725.4, 21725.4),
('Dr. Harsha Gunasekara', 'Dr. Harsha Gunasekara', '', 'TWCPI81819', '2019-08-09', 48, 53793.1, 53793.1),
('Browns Hospital', 'Browns Hospital', '', 'TWCPI81824', '2019-08-09', 48, 272054, 252684),
('The British Pharmacy', 'The British Pharmacy', '', 'TWCPI81834', '2019-08-10', 47, 3527.61, 3527.61),
('The British Pharmacy', 'The British Pharmacy', '', 'TWCPI81835', '2019-08-10', 47, 47471.1, 45831.7),
('Ragama Pharmacy 1', 'Ragama Pharmacy 1', '', 'TWCPI81842', '2019-08-10', 47, 14110.4, 14110.4),
('Ave Maria Pharmacy', 'Ave Maria Pharmacy', '', 'TWCPI81844', '2019-08-10', 47, 585.48, 585.48),
('Ranmimi Pharmacy', 'Ranmimi Pharmacy', '', 'TWCPI81848', '2019-08-10', 47, 2808.8, 2808.8),
('Thenuka Pharmacy', 'Thenuka Pharmacy', '', 'TWCPI81849', '2019-08-10', 47, 975.8, 975.8),
('Suranga Pharmacy', 'Suranga Pharmacy', '', 'TWCPI81850', '2019-08-10', 47, 3676.33, 3676.33),
('Supreme Pharmacy', 'Supreme Pharmacy', '', 'TWCPI81851', '2019-08-10', 47, 30882.7, 30882.7),
('Roshini Pharmacy', 'Roshini Pharmacy', '', 'TWCPI81854', '2019-08-10', 47, 1353.96, 1353.96),
('St\' Jude Pharmacy', 'St\' Jude Pharmacy', '', 'TWCPI81860', '2019-08-10', 47, 2506.96, 2506.96),
('The British Pharmacy', 'The British Pharmacy', '', 'TWCPI81865', '2019-08-10', 47, 17867.1, 17867.1),
('New Cristal Pharmacy', 'New Cristal Pharmacy', '', 'TWCPI81869', '2019-08-10', 47, 1417.44, 1417.44),
('Trust Chemist Pharmacy', 'Trust Chemist Pharmacy', '', 'TWCPI81871', '2019-08-10', 47, 2277.05, 2277.05),
('Thenuka Pharmacy', 'Thenuka Pharmacy', '', 'TWCPI81876', '2019-08-10', 47, 4569.94, 4569.94),
('Supreme Pharmacy', 'Supreme Pharmacy', '', 'TWCPI81877', '2019-08-10', 47, 11584.4, 50),
('Jayakody Pharmacy', 'Jayakody Pharmacy', '', 'TWCPI81880', '2019-08-10', 47, 13016.7, 13016.7),
('Dr. Lakshman Fernando', 'Dr. Lakshman Fernando', '', 'TWCPI81892', '2019-08-10', 47, 17843.4, 17843.4),
('Roshini Pharmacy', 'Roshini Pharmacy', '', 'TWCPI81895', '2019-08-10', 47, 9053.25, 9053.25),
('Dr. Sanath Fernando', 'Dr. Sanath Fernando', '', 'TWCPI81900', '2019-08-10', 47, 10487.2, 10487.2),
('Chandrika Medical And Grocery', 'Chandrika Medical And Grocery', '', 'TWCPI81903', '2019-08-10', 47, 11847.4, 11847.4),
('The British Pharmacy', 'The British Pharmacy', '', 'TWCPI81905', '2019-08-10', 47, 29424.3, 26328.4),
('Asiri Pharmacy', 'Asiri Pharmacy', '', 'TWCPI81914', '2019-08-12', 45, 11578.6, 10035.7),
('Darshana Pharmacy', 'Darshana Pharmacy', '', 'TWCPI81915', '2019-08-12', 45, 10654, 10654),
('Suranga Pharmacy', 'Suranga Pharmacy', '', 'TWCPI81923', '2019-08-12', 45, 15085.1, 15085.1),
('Rilaulla Pharmacy', 'Rilaulla Pharmacy', '', 'TWCPI81926', '2019-08-12', 45, 61100, 61100),
('Dagonna Pharmacy', 'Dagonna Pharmacy', '', 'TWCPI81927', '2019-08-12', 45, 59898.2, 59898.2),
('Dr. R.S.S.K Pathirana', 'Dr. R.S.S.K Pathirana', '', 'TWCPI81932', '2019-08-12', 45, 23503.8, 23503.8),
('Champika Medical', 'Champika Medical', '', 'TWCPI81933', '2019-08-12', 45, 29824.5, 27764.6),
('Alliance Pharmacy', 'Alliance Pharmacy', '', 'TWCPI81935', '2019-08-12', 45, 6184.72, 6184.72),
('St\'joseph Pharmacy', 'St\'joseph Pharmacy', '', 'TWCPI81936', '2019-08-12', 45, 23654, 23654),
('Dr. J. Welikala', 'Dr. J. Welikala', '', 'TWCPI81937', '2019-08-12', 45, 5054, 4358.35),
('Laxsiri Pharmacy', 'Laxsiri Pharmacy', '', 'TWCPI81939', '2019-08-12', 45, 7963.4, 7963.4),
('Laxsiri Pharmacy', 'Laxsiri Pharmacy', '', 'TWCPI81943', '2019-08-12', 45, 2351.74, 2351.74),
('Laxsiri Pharmacy', 'Laxsiri Pharmacy', '', 'TWCPI81945', '2019-08-12', 45, 8445.99, 8445.99),
('Dr. N.S.M Mendis', 'Dr. N.S.M Mendis', '', 'TWCPI81946', '2019-08-12', 45, 5283, 5283),
('Health And Glow Pharmacy', 'Health And Glow Pharmacy', '', 'TWCPI81947', '2019-08-12', 45, 1174.5, 1174.5),
('Champika Medical', 'Champika Medical', '', 'TWCPI81948', '2019-08-12', 45, 26959.1, 26959.1),
('Dr. Lalith Halaba Arachchige.', 'Dr. Lalith Halaba Arachchige.', '', 'TWCPI81952', '2019-08-12', 45, 14113.5, 14113.5),
('Cash Payment', 'Cash Payment', '', 'TWCPI81954', '2019-08-12', 45, 3529.19, 3529.19),
('the British Stores', 'the British Stores', '', 'TWCPI81964', '2019-08-12', 45, 17692.7, 665.33),
('Cure Pharmacy', 'Cure Pharmacy', '', 'TWCPI81966', '2019-08-12', 45, 9680.38, 1427.27),
('The British Stores', 'The British Stores', '', 'TWCPI81972', '2019-08-12', 45, 12220.1, 1240.1),
('Hiran Pharmacy', 'Hiran Pharmacy', '', 'TWCPI81974', '2019-08-12', 45, 1239.88, 825.65),
('Chandrika Medical And Grocery', 'Chandrika Medical And Grocery', '', 'TWCPI81975', '2019-08-12', 45, 4417.27, 4417.27),
('Super Medical', 'Super Medical', '', 'TWCPI81980', '2019-08-12', 45, 10118.7, 2175.47),
('Nawa Lanka Pharmacy', 'Nawa Lanka Pharmacy', '', 'TWCPI81981', '2019-08-12', 45, 37161.3, 36305.3),
('Jayasiri Pharmacy', 'Jayasiri Pharmacy', '', 'TWCPI81983', '2019-08-12', 45, 27903.9, 27903.9),
('Jayasuriya Pharmacy', 'Jayasuriya Pharmacy', '', 'TWCPI81984', '2019-08-12', 45, 1897.99, 1897.99),
('St\' Jude Pharmacy', 'St\' Jude Pharmacy', '', 'TWCPI81986', '2019-08-12', 45, 15219, 15219),
('Negombo Drugs', 'Negombo Drugs', '', 'TWCPI81987', '2019-08-12', 45, 3864.4, 2745.94),
('Lakmi Pharmacy', 'Lakmi Pharmacy', '', 'TWCPI81988', '2019-08-12', 45, 2927.46, 2927.46),
('Hiran Pharmacy', 'Hiran Pharmacy', '', 'TWCPI81990', '2019-08-12', 45, 2832.54, 2832.54),
('Negombo Drugs', 'Negombo Drugs', '', 'TWCPI81991', '2019-08-12', 45, 13468.8, 10267.4),
('Lakmi Pharmacy', 'Lakmi Pharmacy', '', 'TWCPI81992', '2019-08-12', 45, 2579.34, 2579.34),
('Health And Glow Pharmacy', 'Health And Glow Pharmacy', '', 'TWCPI81994', '2019-08-12', 45, 22700.8, 22700.8),
('Nawa Lanka Pharmacy', 'Nawa Lanka Pharmacy', '', 'TWCPI81996', '2019-08-13', 44, 41410.6, 41410.6),
('Lakmi Pharmacy', 'Lakmi Pharmacy', '', 'TWCPI81999', '2019-08-13', 44, 10372.4, 10372.4),
('Mahajana Osusala', 'Mahajana Osusala', '', 'TWCPI82002', '2019-08-13', 44, 9466.02, 1464.22),
('New Central Pharmacy', 'New Central Pharmacy', '', 'TWCPI82005', '2019-08-13', 44, 42668.2, 42668.2),
('Nawa Lanka Pharmacy', 'Nawa Lanka Pharmacy', '', 'TWCPI82013', '2019-08-13', 44, 16379.9, 16379.9),
('Reliance Pharma', 'Reliance Pharma', '', 'TWCPI82014', '2019-08-13', 44, 11174, 6409.97),
('Danya Pharmacy', 'Danya Pharmacy', '', 'TWCPI82015', '2019-08-13', 44, 10843.5, 10843.5),
('Wijaya Pharmacy', 'Wijaya Pharmacy', '', 'TWCPI82016', '2019-08-13', 44, 1374.54, 1374.54),
('Royal Pharma', 'Royal Pharma', '', 'TWCPI82020', '2019-08-13', 44, 6825.38, 6825.38),
('Ranmina Pharmacy', 'Ranmina Pharmacy', '', 'TWCPI82025', '2019-08-13', 44, 34968.1, 4698.32),
('Royal Pharma', 'Royal Pharma', '', 'TWCPI82027', '2019-08-13', 44, 10629.8, 10257.9),
('Royal Pharma', 'Royal Pharma', '', 'TWCPI82033', '2019-08-13', 44, 11187.1, 11187.1),
('New Anrita Pharmacy', 'New Anrita Pharmacy', '', 'TWCPI82042', '2019-08-13', 44, 7035.01, 7035.01),
('Roshini Pharmacy', 'Roshini Pharmacy', '', 'TWCPI82043', '2019-08-13', 44, 3600.81, 3600.81),
('Sethma Pharmacy', 'Sethma Pharmacy', '', 'TWCPI82044', '2019-08-13', 44, 117230, 114601),
('Nawa Lanka Pharmacy', 'Nawa Lanka Pharmacy', '', 'TWCPI82055', '2019-08-13', 44, 30805.2, 30805.2),
('Super Medical', 'Super Medical', '', 'TWCPI82059', '2019-08-13', 44, 1312.15, 12.15),
('Negombo Drugs', 'Negombo Drugs', '', 'TWCPI82061', '2019-08-13', 44, 10375.5, 10375.5),
('New Central Pharmacy', 'New Central Pharmacy', '', 'TWCPI82062', '2019-08-13', 44, 10567.2, 9167.94),
('Nawa Lanka Pharmacy', 'Nawa Lanka Pharmacy', '', 'TWCPI82065', '2019-08-13', 44, 3048.65, 3048.65),
('New Central Pharmacy', 'New Central Pharmacy', '', 'TWCPI82073', '2019-08-13', 44, 41648.2, 41648.2),
('New Anrita Pharmacy', 'New Anrita Pharmacy', '', 'TWCPI82075', '2019-08-13', 44, 2276.7, 2276.7),
('Supreme Pharmacy', 'Supreme Pharmacy', '', 'TWCPI82076', '2019-08-13', 44, 19322, 19322),
('Super Medical', 'Super Medical', '', 'TWCPI82080', '2019-08-13', 44, 39007.3, 36601),
('Champika Medical', 'Champika Medical', '', 'TWCPI82084', '2019-08-13', 44, 14121.3, 11129.3),
('Wijaya Pharmacy', 'Wijaya Pharmacy', '', 'TWCPI82085', '2019-08-15', 42, 8682.89, 8682.89),
('Wijaya Pharmacy', 'Wijaya Pharmacy', '', 'TWCPI82087', '2019-08-15', 42, 2877, 2877),
('Isuru Pharmacy', 'Isuru Pharmacy', '', 'TWCPI82092', '2019-08-15', 42, 5640.4, 5640.4),
('New Anrita Pharmacy', 'New Anrita Pharmacy', '', 'TWCPI82094', '2019-08-15', 42, 7121.62, 7121.62),
('Jasmine Pharmacy', 'Jasmine Pharmacy', '', 'TWCPI82095', '2019-08-15', 42, 152467, 152467),
('W. Mendis Chemist', 'W. Mendis Chemist', '', 'TWCPI82098', '2019-08-15', 42, 15466.6, 5279.69),
('K S A Medical', 'K S A Medical', '', 'TWCPI82099', '2019-08-15', 42, 11504.7, 11504.7),
('K S A Medical', 'K S A Medical', '', 'TWCPI82100', '2019-08-15', 42, 10789.9, 10789.9),
('Ragama Pharmacy 1', 'Ragama Pharmacy 1', '', 'TWCPI82102', '2019-08-15', 42, 35355, 35355),
('Isuru Pharmacy', 'Isuru Pharmacy', '', 'TWCPI82103', '2019-08-15', 42, 9378.5, 9378.5),
('Health care medical and groceries', 'Health care medical and groceries', '', 'TWCPI82104', '2019-08-15', 42, 47731.2, 1856.25),
('St\' Jude Pharmacy', 'St\' Jude Pharmacy', '', 'TWCPI82105', '2019-08-15', 42, 8464.68, 8464.68),
('Dr. M. S. Mohamed Ziyard', 'Dr. M. S. Mohamed Ziyard', '', 'TWCPI82106', '2019-08-15', 42, 14101, 14101),
('Dr. M. S. Mohamed Ziyard', 'Dr. M. S. Mohamed Ziyard', '', 'TWCPI82107', '2019-08-15', 42, 6314.1, 6314.1),
('Dr. N.S.M Mendis', 'Dr. N.S.M Mendis', '', 'TWCPI82108', '2019-08-15', 42, 9108.2, 9108.2),
('Dr. N.S.M Mendis', 'Dr. N.S.M Mendis', '', 'TWCPI82110', '2019-08-15', 42, 8460.6, 8460.6),
('Thenuka Pharmacy', 'Thenuka Pharmacy', '', 'TWCPI82111', '2019-08-15', 42, 3265.08, 3265.08),
('Cash Payment', 'Cash Payment', '', 'TWCPI82112', '2019-08-15', 42, 53582, 53582),
('Sethma Pharmacy', 'Sethma Pharmacy', '', 'TWCPI82115', '2019-08-15', 42, 107669, 107669),
('Sethma Pharmacy', 'Sethma Pharmacy', '', 'TWCPI82116', '2019-08-15', 42, 15459, 15459),
('Sethma Pharmacy', 'Sethma Pharmacy', '', 'TWCPI82117', '2019-08-15', 42, 62772.2, 62772.2),
('Thenuka Pharmacy', 'Thenuka Pharmacy', '', 'TWCPI82121', '2019-08-15', 42, 11026.3, 10255.4),
('Thilina Pharmacy', 'Thilina Pharmacy', '', 'TWCPI82123', '2019-08-15', 42, 6477.53, 6477.53);
INSERT INTO `emoutupload` (`eID`, `eCustName`, `eTown`, `inv`, `date`, `age`, `amount`, `balAmount`) VALUES
('S And G Pharmacy', 'S And G Pharmacy', '', 'TWCPI82127', '2019-08-15', 42, 7634.17, 1005.17),
('K S A Medical', 'K S A Medical', '', 'TWCPI82128', '2019-08-15', 42, 8271.83, 8271.83),
('Ajantha Osusala', 'Ajantha Osusala', '', 'TWCPI82130', '2019-08-15', 42, 120946, 1330.48),
('S And G Pharmacy', 'S And G Pharmacy', '', 'TWCPI82133', '2019-08-15', 42, 3920.6, 264.6),
('Laxsiri Pharmacy', 'Laxsiri Pharmacy', '', 'TWCPI82134', '2019-08-15', 42, 10460.6, 10460.6),
('Rilaulla Pharmacy', 'Rilaulla Pharmacy', '', 'TWCPI82135', '2019-08-15', 42, 18663.5, 17893.9),
('New City Pharmacy', 'New City Pharmacy', '', 'TWCPI82138', '2019-08-15', 42, 5729.8, 5729.8),
('Ragama Pharmacy 1', 'Ragama Pharmacy 1', '', 'TWCPI82139', '2019-08-15', 42, 33384.8, 30530.5),
('Asoka Pharmacy', 'Asoka Pharmacy', '', 'TWCPI82143', '2019-08-15', 42, 8058.98, 7636.72),
('St\' Jude Pharmacy', 'St\' Jude Pharmacy', '', 'TWCPI82144', '2019-08-15', 42, 12680, 12680),
('Dr. Namal Jayasingha', 'Dr. Namal Jayasingha', '', 'TWCPI82145', '2019-08-15', 42, 10967.4, 10967.4),
('Asoka Pharmacy', 'Asoka Pharmacy', '', 'TWCPI82152', '2019-08-15', 42, 3233.77, 3233.77),
('Sethma Pharmacy', 'Sethma Pharmacy', '', 'TWCPI82154', '2019-08-15', 42, 105830, 105830),
('Bopitiya Pharmacy', 'Bopitiya Pharmacy', '', 'TWCPI82159', '2019-08-15', 42, 34906.6, 34906.6),
('Champika Medical', 'Champika Medical', '', 'TWCPI82162', '2019-08-16', 41, 31020.2, 29041.7),
('K S A Medical', 'K S A Medical', '', 'TWCPI82164', '2019-08-16', 41, 10719.8, 10719.8),
('Laxsiri Pharmacy', 'Laxsiri Pharmacy', '', 'TWCPI82169', '2019-08-16', 41, 2685.9, 2685.9),
('New City Pharmacy', 'New City Pharmacy', '', 'TWCPI82172', '2019-08-16', 41, 6267.03, 6267.03),
('Thilina Pharmacy', 'Thilina Pharmacy', '', 'TWCPI82174', '2019-08-16', 41, 4952.44, 4952.44),
('Ragama Pharmacy 1', 'Ragama Pharmacy 1', '', 'TWCPI82175', '2019-08-16', 41, 144389, 144389),
('Mahajana Osusala', 'Mahajana Osusala', '', 'TWCPI82185', '2019-08-16', 41, 33800, 33800),
('Mahajana Osusala', 'Mahajana Osusala', '', 'TWCPI82187', '2019-08-16', 41, 20108.1, 20108.1),
('People\'s Healthcare', 'People\'s Healthcare', '', 'TWCPI82189', '2019-08-16', 41, 8533.3, 3414),
('Kandawala Pharmacy', 'Kandawala Pharmacy', '', 'TWCPI82191', '2019-08-16', 41, 16024.9, 16024.9),
('Isuru Pharmacy', 'Isuru Pharmacy', '', 'TWCPI82193', '2019-08-16', 41, 8143.08, 8143.08),
('Pamunugama Osusala', 'Pamunugama Osusala', '', 'TWCPI82194', '2019-08-16', 41, 19734, 19734),
('Kandawala Pharmacy', 'Kandawala Pharmacy', '', 'TWCPI82195', '2019-08-16', 41, 762.77, 762.77),
('Kandawala Pharmacy', 'Kandawala Pharmacy', '', 'TWCPI82196', '2019-08-16', 41, 9670.06, 9670.06),
('Suranga Pharmacy', 'Suranga Pharmacy', '', 'TWCPI82205', '2019-08-16', 41, 689.22, 689.22),
('Pradipa Pharmacy', 'Pradipa Pharmacy', '', 'TWCPI82207', '2019-08-16', 41, 5314.7, 5314.7),
('Isuru Pharmacy', 'Isuru Pharmacy', '', 'TWCPI82209', '2019-08-16', 41, 14273.2, 14273.2),
('Kandawala Pharmacy', 'Kandawala Pharmacy', '', 'TWCPI82210', '2019-08-16', 41, 7668.44, 7668.44),
('Suwa Sarana Osusala', 'Suwa Sarana Osusala', '', 'TWCPI82212', '2019-08-16', 41, 3864.4, 3864.4),
('Pradipa Pharmacy', 'Pradipa Pharmacy', '', 'TWCPI82214', '2019-08-16', 41, 15496.3, 15496.3),
('Jayakody Pharmacy', 'Jayakody Pharmacy', '', 'TWCPI82215', '2019-08-16', 41, 13454.2, 13454.2),
('Suwa Sarana Osusala', 'Suwa Sarana Osusala', '', 'TWCPI82216', '2019-08-16', 41, 8440.88, 8440.88),
('Soft Life Pharmacy', 'Soft Life Pharmacy', '', 'TWCPI82217', '2019-08-16', 41, 2589.64, 2589.64),
('Laxsiri Pharmacy', 'Laxsiri Pharmacy', '', 'TWCPI82218', '2019-08-16', 41, 7834.66, 7834.66),
('Shris Lanka Pharmacy', 'Shris Lanka Pharmacy', '', 'TWCPI82219', '2019-08-16', 41, 1949.82, 1949.82),
('St\'joseph Pharmacy', 'St\'joseph Pharmacy', '', 'TWCPI82220', '2019-08-16', 41, 19322, 19322),
('Suranga Pharmacy', 'Suranga Pharmacy', '', 'TWCPI82223', '2019-08-16', 41, 3799.97, 3799.97),
('St\'joseph Pharmacy', 'St\'joseph Pharmacy', '', 'TWCPI82224', '2019-08-16', 41, 53391, 53391),
('New Cristal Pharmacy', 'New Cristal Pharmacy', '', 'TWCPI82226', '2019-08-16', 41, 879.34, 879.34),
('Super Medical', 'Super Medical', '', 'TWCPI82228', '2019-08-16', 41, 23782.5, 23782.5),
('Pamunugama Osusala', 'Pamunugama Osusala', '', 'TWCPI82229', '2019-08-16', 41, 29083.7, 29083.7),
('Soft Life Pharmacy', 'Soft Life Pharmacy', '', 'TWCPI82230', '2019-08-16', 41, 2400.86, 2400.86),
('Laxsiri Pharmacy', 'Laxsiri Pharmacy', '', 'TWCPI82231', '2019-08-16', 41, 6889.52, 6889.52),
('Niroga Pharmacy', 'Niroga Pharmacy', '', 'TWCPI82233', '2019-08-16', 41, 11657.2, 11657.2),
('Thilina Pharmacy', 'Thilina Pharmacy', '', 'TWCPI82234', '2019-08-17', 40, 1143.21, 1143.21),
('Jayasuriya Pharmacy', 'Jayasuriya Pharmacy', '', 'TWCPI82235', '2019-08-17', 40, 3060.48, 3060.48),
('Araliya Pharmacy', 'Araliya Pharmacy', '', 'TWCPI82237', '2019-08-17', 40, 29064.9, 2.92),
('Pamunugama Osusala', 'Pamunugama Osusala', '', 'TWCPI82249', '2019-08-17', 40, 2238.3, 2238.3),
('Best Way Pharmacy', 'Best Way Pharmacy', '', 'TWCPI82251', '2019-08-17', 40, 2632.2, 2632.2),
('Sampath Pharmacy', 'Sampath Pharmacy', '', 'TWCPI82264', '2019-08-19', 38, 8265.54, 3569),
('Chemi World Pharmacy', 'Chemi World Pharmacy', '', 'TWCPI82265', '2019-08-19', 38, 5854.5, 5854.5),
('Rosevilla Pharmacy', 'Rosevilla Pharmacy', '', 'TWCPI82266', '2019-08-19', 38, 4382.83, 4382.83),
('Krishmo Pharmacy', 'Krishmo Pharmacy', '', 'TWCPI82274', '2019-08-19', 38, 4341.08, 4225.56),
('Hendala Medical', 'Hendala Medical', '', 'TWCPI82275', '2019-08-19', 38, 2536.46, 2536.46),
('Health And Glow Pharmacy', 'Health And Glow Pharmacy', '', 'TWCPI82280', '2019-08-19', 38, 6277.97, 6277.97),
('People\'s Healthcare', 'People\'s Healthcare', '', 'TWCPI82283', '2019-08-19', 38, 12819.2, 12819.2),
('Isuru Pharmacy', 'Isuru Pharmacy', '', 'TWCPI82285', '2019-08-19', 38, 5708.58, 5708.58),
('Krishmo Pharmacy', 'Krishmo Pharmacy', '', 'TWCPI82286', '2019-08-19', 38, 3743.08, 3743.08),
('Health Line Pharmacy', 'Health Line Pharmacy', '', 'TWCPI82287', '2019-08-19', 38, 3569.78, 3569.78),
('Health Line Pharmacy', 'Health Line Pharmacy', '', 'TWCPI82288', '2019-08-19', 38, 9382.36, 9382.36),
('Hendala Medical', 'Hendala Medical', '', 'TWCPI82289', '2019-08-19', 38, 975.8, 975.8),
('Angels Pharmacy', 'Angels Pharmacy', '', 'TWCPI82294', '2019-08-19', 38, 6169.67, 6169.67),
('Angels Pharmacy', 'Angels Pharmacy', '', 'TWCPI82295', '2019-08-19', 38, 2153.76, 2153.76),
('Dr. Lakshman Fernando', 'Dr. Lakshman Fernando', '', 'TWCPI82296', '2019-08-19', 38, 26695.5, 26695.5),
('Lakshan Chamist', 'Lakshan Chamist', '', 'TWCPI82298', '2019-08-19', 38, 5960.54, 5960.54),
('P And J Pharmacy', 'P And J Pharmacy', '', 'TWCPI82299', '2019-08-19', 38, 136506, 136506),
('P And J Pharmacy', 'P And J Pharmacy', '', 'TWCPI82300', '2019-08-19', 38, 91508.7, 91508.7),
('P And J Pharmacy', 'P And J Pharmacy', '', 'TWCPI82301', '2019-08-19', 38, 47565, 47565),
('The British Pharmacy', 'The British Pharmacy', '', 'TWCPI82303', '2019-08-19', 38, 10421.6, 10421.6),
('International Institute Of Health Sciences (PVT) L', 'International Institute Of Health Sciences (PVT) L', '', 'TWCPI82304', '2019-08-19', 38, 23020.7, 23020.7),
('International Institute Of Health Sciences (PVT) L', 'International Institute Of Health Sciences (PVT) L', '', 'TWCPI82305', '2019-08-19', 38, 4656, 4656),
('Sethma Pharmacy', 'Sethma Pharmacy', '', 'TWCPI82306', '2019-08-19', 38, 63017, 57740.3),
('P And J Pharmacy', 'P And J Pharmacy', '', 'TWCPI82307', '2019-08-19', 38, 57443.5, 54459.1),
('Dr. Uditha Herath', 'Dr. Uditha Herath', '', 'TWCPI82308', '2019-08-19', 38, 28202, 28202),
('Pamunugama Osusala', 'Pamunugama Osusala', '', 'TWCPI82313', '2019-08-19', 38, 8955.4, 8955.4),
('Rilaulla Pharmacy', 'Rilaulla Pharmacy', '', 'TWCPI82315', '2019-08-19', 38, 14152.8, 3570.03),
('Thilina Pharmacy', 'Thilina Pharmacy', '', 'TWCPI82316', '2019-08-19', 38, 4756.5, 4756.5),
('Rosevilla Pharmacy', 'Rosevilla Pharmacy', '', 'TWCPI82317', '2019-08-19', 38, 975.8, 975.8),
('Kandawala Pharmacy', 'Kandawala Pharmacy', '', 'TWCPI82321', '2019-08-19', 38, 2089.2, 2089.2),
('Ragama Pharmacy 1', 'Ragama Pharmacy 1', '', 'TWCPI82322', '2019-08-19', 38, 19668, 19668),
('Dr. M. S. Mohamed Ziyard', 'Dr. M. S. Mohamed Ziyard', '', 'TWCPI82324', '2019-08-19', 38, 5333.4, 5333.4),
('Dr. N.S.M Mendis', 'Dr. N.S.M Mendis', '', 'TWCPI82326', '2019-08-19', 38, 7207.2, 7207.2),
('Union Chemist', 'Union Chemist', '', 'TWCPI82329', '2019-08-19', 38, 23738.3, 8435.2),
('New Western Pharmacy', 'New Western Pharmacy', '', 'TWCPI82335', '2019-08-19', 38, 72965.5, 72965.5),
('Royal Pharmacy Kandana', 'Royal Pharmacy Kandana', '', 'TWCPI82336', '2019-08-19', 38, 14005.6, 14005.6),
('Alliance Pharmacy', 'Alliance Pharmacy', '', 'TWCPI82339', '2019-08-19', 38, 2378.25, 2378.25),
('Chemi World Pharmacy', 'Chemi World Pharmacy', '', 'TWCPI82340', '2019-08-19', 38, 1833, 1833),
('Alliance Pharmacy', 'Alliance Pharmacy', '', 'TWCPI82341', '2019-08-19', 38, 580.62, 580.62),
('Lakse Pharmacy', 'Lakse Pharmacy', '', 'TWCPI82342', '2019-08-19', 38, 4426.4, 975.4),
('Union Chemist', 'Union Chemist', '', 'TWCPI82343', '2019-08-19', 38, 19760.5, 19760.5),
('Dr. N.S.M Mendis', 'Dr. N.S.M Mendis', '', 'TWCPI82348', '2019-08-19', 38, 17360.1, 17360.1),
('Dr. N.S.M Mendis', 'Dr. N.S.M Mendis', '', 'TWCPI82350', '2019-08-19', 38, 13121.5, 13121.5),
('Wijaya Pharmacy', 'Wijaya Pharmacy', '', 'TWCPI82352', '2019-08-19', 38, 4543.05, 4543.05),
('Sethma Pharmacy', 'Sethma Pharmacy', '', 'TWCPI82353', '2019-08-19', 38, 153376, 153376),
('Health Line Pharmacy', 'Health Line Pharmacy', '', 'TWCPI82355', '2019-08-19', 38, 6523.8, 6523.8),
('the British Stores', 'the British Stores', '', 'TWCPI82359', '2019-08-19', 38, 34069.7, 34069.7),
('Rilaulla Pharmacy', 'Rilaulla Pharmacy', '', 'TWCPI82362', '2019-08-19', 38, 42081, 1506.02),
('Nawa Osusala', 'Nawa Osusala', '', 'TWCPI82364', '2019-08-19', 38, 33953.5, 33953.5),
('Calvary Pharmacy', 'Calvary Pharmacy', '', 'TWCPI82365', '2019-08-19', 38, 3508.78, 3508.78),
('Kapuwatta Pharmacy', 'Kapuwatta Pharmacy', '', 'TWCPI82369', '2019-08-19', 38, 2680.96, 2680.96),
('Dr. Harsha Gunasekara', 'Dr. Harsha Gunasekara', '', 'TWCPI82370', '2019-08-19', 38, 26661, 26661),
('Calvary Pharmacy', 'Calvary Pharmacy', '', 'TWCPI82371', '2019-08-19', 38, 6542.1, 6542.1),
('Kapuwatta Pharmacy', 'Kapuwatta Pharmacy', '', 'TWCPI82373', '2019-08-19', 38, 995.03, 995.03),
('Dr. Sampath Athukorala', 'Dr. Sampath Athukorala', '', 'TWCPI82378', '2019-08-19', 38, 26695.5, 26695.5),
('W. Mendis Chemist', 'W. Mendis Chemist', '', 'TWCPI82380', '2019-08-19', 38, 21008.3, 21008.3),
('Jayasiri Pharmacy', 'Jayasiri Pharmacy', '', 'TWCPI82382', '2019-08-19', 38, 5830.77, 5830.77),
('Jayasiri Pharmacy', 'Jayasiri Pharmacy', '', 'TWCPI82383', '2019-08-19', 38, 9707.25, 8861.63),
('Healing Pharmacy', 'Healing Pharmacy', '', 'TWCPI82384', '2019-08-20', 37, 9170.42, 0.2),
('Isira Pharmacy', 'Isira Pharmacy', '', 'TWCPI82386', '2019-08-20', 37, 11154, 11154),
('St Joseph Pharmacy', 'St Joseph Pharmacy', '', 'TWCPI82388', '2019-08-20', 37, 2639.6, 2639.6),
('St Joseph Pharmacy', 'St Joseph Pharmacy', '', 'TWCPI82389', '2019-08-20', 37, 3438.34, 2231.2),
('St Joseph Pharmacy', 'St Joseph Pharmacy', '', 'TWCPI82390', '2019-08-20', 37, 21692.7, 21692.7),
('Isira Pharmacy', 'Isira Pharmacy', '', 'TWCPI82393', '2019-08-20', 37, 5692.12, 5692.12),
('W. Mendis Chemist', 'W. Mendis Chemist', '', 'TWCPI82394', '2019-08-20', 37, 18079.3, 18079.3),
('Thilina Pharmacy', 'Thilina Pharmacy', '', 'TWCPI82395', '2019-08-20', 37, 4240.73, 4240.73),
('Thilina Pharmacy', 'Thilina Pharmacy', '', 'TWCPI82396', '2019-08-20', 37, 8356.44, 7170.81),
('W. Mendis Chemist', 'W. Mendis Chemist', '', 'TWCPI82399', '2019-08-20', 37, 44990.1, 37888.6),
('Nawa Osusala', 'Nawa Osusala', '', 'TWCPI82401', '2019-08-20', 37, 4138.24, 4138.24),
('Nawa Osusala', 'Nawa Osusala', '', 'TWCPI82403', '2019-08-20', 37, 26625.2, 25866.2),
('Thudella Pharmacy', 'Thudella Pharmacy', '', 'TWCPI82405', '2019-08-20', 37, 1873.83, 1873.83),
('Dr. Darshana Mohotti', 'Dr. Darshana Mohotti', '', 'TWCPI82408', '2019-08-20', 37, 54803, 54803),
('P And J Pharmacy', 'P And J Pharmacy', '', 'TWCPI82411', '2019-08-20', 37, 81943.4, 71329.7),
('Dr. N.S.M Mendis', 'Dr. N.S.M Mendis', '', 'TWCPI82415', '2019-08-20', 37, 7621.4, 7621.4),
('Nalaka Pharmacy', 'Nalaka Pharmacy', '', 'TWCPI82418', '2019-08-20', 37, 59306.8, 59306.8),
('Supreme Pharmacy', 'Supreme Pharmacy', '', 'TWCPI82420', '2019-08-20', 37, 36401.9, 28136.3),
('C And D Pharmacy', 'C And D Pharmacy', '', 'TWCPI82421', '2019-08-20', 37, 20619.8, 3.52),
('New Cristal Pharmacy', 'New Cristal Pharmacy', '', 'TWCPI82422', '2019-08-20', 37, 17125.7, 14159.3),
('Nalaka Pharmacy', 'Nalaka Pharmacy', '', 'TWCPI82423', '2019-08-20', 37, 10627.7, 9168.4),
('Nalaka Pharmacy', 'Nalaka Pharmacy', '', 'TWCPI82424', '2019-08-20', 37, 13327.1, 13327.1),
('Nawaloka Hospital', 'Nawaloka Hospital', '', 'TWCPI82427', '2019-08-20', 37, 329926, 298037),
('Dr. K. A Jayalath', 'Dr. K. A Jayalath', '', 'TWCPI82428', '2019-08-20', 37, 96052.8, 96052.8),
('Dr. Sanath Fernando', 'Dr. Sanath Fernando', '', 'TWCPI82429', '2019-08-20', 37, 3028.7, 3028.7),
('Gold Crest Pharmacy', 'Gold Crest Pharmacy', '', 'TWCPI82432', '2019-08-20', 37, 12534.5, 12534.5),
('New Cristal Pharmacy', 'New Cristal Pharmacy', '', 'TWCPI82433', '2019-08-20', 37, 8548.26, 8548.26),
('P And J Pharmacy', 'P And J Pharmacy', '', 'TWCPI82434', '2019-08-20', 37, 115979, 115979),
('Niwasie Pharmacy', 'Niwasie Pharmacy', '', 'TWCPI82435', '2019-08-20', 37, 1922.88, 1922.88),
('Nawa Osusala', 'Nawa Osusala', '', 'TWCPI82436', '2019-08-20', 37, 35582.6, 32411.1),
('New Cristal Pharmacy', 'New Cristal Pharmacy', '', 'TWCPI82438', '2019-08-20', 37, 27567, 20760.6),
('Thenuka Pharmacy', 'Thenuka Pharmacy', '', 'TWCPI82443', '2019-08-20', 37, 71847, 71847),
('N S Medical', 'N S Medical', '', 'TWCPI82445', '2019-08-20', 37, 5847.24, 5847.24),
('Laxsiri Pharmacy', 'Laxsiri Pharmacy', '', 'TWCPI82446', '2019-08-20', 37, 3936.47, 3936.47),
('New Ekala Pharmacy', 'New Ekala Pharmacy', '', 'TWCPI82453', '2019-08-20', 37, 2658.21, 2658.21),
('Nawa Osusala', 'Nawa Osusala', '', 'TWCPI82456', '2019-08-20', 37, 21226.8, 21226.8),
('Calvary Pharmacy', 'Calvary Pharmacy', '', 'TWCPI82458', '2019-08-20', 37, 3840.38, 3840.38),
('New Cristal Pharmacy', 'New Cristal Pharmacy', '', 'TWCPI82459', '2019-08-21', 36, 3903.3, 3903.3),
('Lanka Pharmacy', 'Lanka Pharmacy', '', 'TWCPI82461', '2019-08-21', 36, 71020.5, 0.22),
('Laxsiri Pharmacy', 'Laxsiri Pharmacy', '', 'TWCPI82462', '2019-08-21', 36, 7901.02, 7901.02),
('Health care Pharmacy And Family Needs', 'Health care Pharmacy And Family Needs', '', 'TWCPI82465', '2019-08-21', 36, 9997.32, 8677.52),
('P And J Pharmacy', 'P And J Pharmacy', '', 'TWCPI82472', '2019-08-21', 36, 52951, 52951),
('P And J Pharmacy', 'P And J Pharmacy', '', 'TWCPI82473', '2019-08-21', 36, 73431.4, 70208.3),
('Dr. Lasantha Somarathne', 'Dr. Lasantha Somarathne', '', 'TWCPI82476', '2019-08-21', 36, 5339.1, 5339.1),
('Thilina Pharmacy', 'Thilina Pharmacy', '', 'TWCPI82478', '2019-08-21', 36, 10211.6, 4872.5),
('Laxsiri Pharmacy', 'Laxsiri Pharmacy', '', 'TWCPI82479', '2019-08-21', 36, 3856.87, 3856.87),
('Health care Pharmacy And Family Needs', 'Health care Pharmacy And Family Needs', '', 'TWCPI82480', '2019-08-21', 36, 12195.3, 7544.95),
('Dr. Krishantha Gunathilaka', 'Dr. Krishantha Gunathilaka', '', 'TWCPI82481', '2019-08-21', 36, 6531.3, 6531.3),
('People\'s Pharmacy', 'People\'s Pharmacy', '', 'TWCPI82482', '2019-08-21', 36, 8903.07, 8903.07),
('Seeduwa Medical Stories', 'Seeduwa Medical Stories', '', 'TWCPI82484', '2019-08-21', 36, 21852, 11336.6),
('St\'joseph Pharmacy', 'St\'joseph Pharmacy', '', 'TWCPI82489', '2019-08-21', 36, 7119.6, 7119.6),
('Kandawala Pharmacy', 'Kandawala Pharmacy', '', 'TWCPI82490', '2019-08-21', 36, 4756.5, 4756.5),
('The British Stores', 'The British Stores', '', 'TWCPI82491', '2019-08-21', 36, 23687.8, 23687.8),
('New Cristal Pharmacy', 'New Cristal Pharmacy', '', 'TWCPI82492', '2019-08-21', 36, 3529.19, 3529.19),
('New Cristal Pharmacy', 'New Cristal Pharmacy', '', 'TWCPI82493', '2019-08-21', 36, 20140.6, 17324.7),
('Lakshan Chamist', 'Lakshan Chamist', '', 'TWCPI82497', '2019-08-21', 36, 3265.08, 3265.08),
('Wijaya Pharmacy', 'Wijaya Pharmacy', '', 'TWCPI82498', '2019-08-21', 36, 4252.32, 3543.6),
('Shashikalas Complex And Medical Stores', 'Shashikalas Complex And Medical Stores', '', 'TWCPI82499', '2019-08-21', 36, 8651.59, 892),
('Kalidson Pharmacy', 'Kalidson Pharmacy', '', 'TWCPI82501', '2019-08-21', 36, 51316.7, 50281.9),
('Pamunugama Osusala', 'Pamunugama Osusala', '', 'TWCPI82502', '2019-08-21', 36, 62594.4, 62594.4),
('Unique Pharmacy', 'Unique Pharmacy', '', 'TWCPI82504', '2019-08-21', 36, 31537.5, 20676.5),
('Pamunugama Osusala', 'Pamunugama Osusala', '', 'TWCPI82506', '2019-08-21', 36, 8087.08, 8087.08),
('Pamunugama Osusala', 'Pamunugama Osusala', '', 'TWCPI82509', '2019-08-21', 36, 27172.2, 27172.2),
('Kalidson Pharmacy', 'Kalidson Pharmacy', '', 'TWCPI82510', '2019-08-21', 36, 11339.5, 11339.5),
('Pamunugama Osusala', 'Pamunugama Osusala', '', 'TWCPI82512', '2019-08-21', 36, 14281.7, 12882.4),
('Champika Medical', 'Champika Medical', '', 'TWCPI82513', '2019-08-21', 36, 13150.9, 13150.9),
('New St. Joseph Pharmacy & Grocery', 'New St. Joseph Pharmacy & Grocery', '', 'TWCPI82514', '2019-08-21', 36, 6207.84, 6207.84),
('Ranmina Pharmacy(Life Care Hospital)', 'Ranmina Pharmacy(Life Care Hospital)', '', 'TWCPI82515', '2019-08-21', 36, 12224.1, 8850.01),
('Osusala Wattala', 'Osusala Wattala', '', 'TWCPI82516', '2019-08-21', 36, 79562.1, 79562.1),
('Champika Medical', 'Champika Medical', '', 'TWCPI82517', '2019-08-21', 36, 3603.6, 3603.6),
('Osusala Wattala', 'Osusala Wattala', '', 'TWCPI82518', '2019-08-21', 36, 63819.5, 63819.5),
('New St. Joseph Pharmacy & Grocery', 'New St. Joseph Pharmacy & Grocery', '', 'TWCPI82520', '2019-08-21', 36, 4866.31, 4866.31),
('Darshana Pharmacy', 'Darshana Pharmacy', '', 'TWCPI82523', '2019-08-21', 36, 91650, 91650),
('Iresha Pharmaceuticals', 'Iresha Pharmaceuticals', '', 'TWCPI82526', '2019-08-21', 36, 30550, 30550),
('Dr. malika Perera', 'Dr. malika Perera', '', 'TWCPI82527', '2019-08-21', 36, 16921.2, 16921.2),
('Lakshan Chamist', 'Lakshan Chamist', '', 'TWCPI82528', '2019-08-21', 36, 9258.25, 7550.55),
('The Pharmacy', 'The Pharmacy', '', 'TWCPI82529', '2019-08-21', 36, 69194, 69194),
('Chemi World Pharmacy', 'Chemi World Pharmacy', '', 'TWCPI82531', '2019-08-21', 36, 6623.82, 5589.04),
('Osusala Wattala', 'Osusala Wattala', '', 'TWCPI82534', '2019-08-21', 36, 75133.8, 75133.8),
('Riyo Pharmacy', 'Riyo Pharmacy', '', 'TWCPI82535', '2019-08-21', 36, 5645.38, 3575.82),
('People\'s Healthcare', 'People\'s Healthcare', '', 'TWCPI82536', '2019-08-21', 36, 40304.2, 40304.2),
('City Medicals', 'City Medicals', '', 'TWCPI82540', '2019-08-21', 36, 13349.5, 13349.5),
('Super Medical', 'Super Medical', '', 'TWCPI82541', '2019-08-21', 36, 43714.2, 43714.2),
('New Central Pharmacy', 'New Central Pharmacy', '', 'TWCPI82542', '2019-08-21', 36, 6647.82, 6647.82),
('Family Care Pharmacy And Grocery', 'Family Care Pharmacy And Grocery', '', 'TWCPI82545', '2019-08-21', 36, 61254.5, 61254.5),
('Thilina Pharmacy', 'Thilina Pharmacy', '', 'TWCPI82546', '2019-08-21', 36, 1492.2, 1492.2),
('Osusala Wattala', 'Osusala Wattala', '', 'TWCPI82549', '2019-08-21', 36, 17483.1, 17483.1),
('Krishmo Pharmacy', 'Krishmo Pharmacy', '', 'TWCPI82551', '2019-08-21', 36, 811.79, 811.79),
('People\'s Healthcare', 'People\'s Healthcare', '', 'TWCPI82552', '2019-08-21', 36, 22566.7, 22566.7),
('Riyo Pharmacy', 'Riyo Pharmacy', '', 'TWCPI82553', '2019-08-21', 36, 7864.48, 7864.48),
('New Anrita Pharmacy', 'New Anrita Pharmacy', '', 'TWCPI82555', '2019-08-21', 36, 47045, 47045),
('New Anrita Pharmacy', 'New Anrita Pharmacy', '', 'TWCPI82556', '2019-08-21', 36, 47308, 47308),
('The Pharmacy', 'The Pharmacy', '', 'TWCPI82558', '2019-08-21', 36, 8369.68, 8369.68),
('Unique Pharmacy', 'Unique Pharmacy', '', 'TWCPI82559', '2019-08-21', 36, 55010.7, 17232.9),
('Lanka Pharmacy', 'Lanka Pharmacy', '', 'TWCPI82560', '2019-08-21', 36, 3280.62, 1118.62),
('Lakshan Chamist', 'Lakshan Chamist', '', 'TWCPI82561', '2019-08-21', 36, 5248.66, 5248.66),
('New St. Joseph Pharmacy & Grocery', 'New St. Joseph Pharmacy & Grocery', '', 'TWCPI82562', '2019-08-21', 36, 20088.7, 20088.7),
('Negombo Drugs', 'Negombo Drugs', '', 'TWCPI82563', '2019-08-21', 36, 2903.08, 2903.08),
('St\'joseph Pharmacy', 'St\'joseph Pharmacy', '', 'TWCPI82566', '2019-08-22', 35, 5274.35, 0),
('Sarani Pharmacy', 'Sarani Pharmacy', '', 'TWCPI82567', '2019-08-22', 35, 24187.8, 22349.6),
('Osusala Wattala', 'Osusala Wattala', '', 'TWCPI82568', '2019-08-22', 35, 12207.1, 10678.2),
('Osusala Wattala', 'Osusala Wattala', '', 'TWCPI82569', '2019-08-22', 35, 6187.23, 6187.23),
('People\'s Healthcare', 'People\'s Healthcare', '', 'TWCPI82570', '2019-08-22', 35, 9677.89, 9677.89),
('Krishmo Pharmacy', 'Krishmo Pharmacy', '', 'TWCPI82571', '2019-08-22', 35, 2452.2, 2452.2),
('New Cristal Pharmacy', 'New Cristal Pharmacy', '', 'TWCPI82574', '2019-08-22', 35, 39935.7, 25430),
('City Medicals', 'City Medicals', '', 'TWCPI82576', '2019-08-22', 35, 22711.4, 22711.4),
('Danya Pharmacy', 'Danya Pharmacy', '', 'TWCPI82578', '2019-08-22', 35, 5623.21, 5623.21),
('New Central Pharmacy', 'New Central Pharmacy', '', 'TWCPI82580', '2019-08-22', 35, 4274.13, 4274.13),
('Super Medical', 'Super Medical', '', 'TWCPI82582', '2019-08-22', 35, 38667.7, 38667.7),
('New Central Pharmacy', 'New Central Pharmacy', '', 'TWCPI82583', '2019-08-22', 35, 4411.26, 1996.98),
('Negombo Drugs', 'Negombo Drugs', '', 'TWCPI82593', '2019-08-22', 35, 1545.9, 711.11),
('Health care medical and groceries', 'Health care medical and groceries', '', 'TWCPI82594', '2019-08-22', 35, 6121.72, 6121.72),
('Dr. H. M. P. Herath', 'Dr. H. M. P. Herath', '', 'TWCPI82595', '2019-08-22', 35, 14087.1, 14087.1),
('Sri Sathya Pharmacy', 'Sri Sathya Pharmacy', '', 'TWCPI82598', '2019-08-22', 35, 48937.7, 48937.7),
('Sri Sathya Pharmacy', 'Sri Sathya Pharmacy', '', 'TWCPI82599', '2019-08-22', 35, 20001.9, 20001.9),
('Sri Sathya Pharmacy', 'Sri Sathya Pharmacy', '', 'TWCPI82600', '2019-08-22', 35, 11889.5, 11889.5),
('Sri Sathya Pharmacy', 'Sri Sathya Pharmacy', '', 'TWCPI82601', '2019-08-22', 35, 11151.9, 11151.9),
('Sri Sathya Pharmacy', 'Sri Sathya Pharmacy', '', 'TWCPI82602', '2019-08-22', 35, 9513, 9513),
('Nawa Lanka Pharmacy', 'Nawa Lanka Pharmacy', '', 'TWCPI82603', '2019-08-22', 35, 3569.78, 3569.78),
('Ave Maria Pharmacy', 'Ave Maria Pharmacy', '', 'TWCPI82606', '2019-08-22', 35, 11948.3, 11948.3),
('Ave Maria Pharmacy', 'Ave Maria Pharmacy', '', 'TWCPI82607', '2019-08-22', 35, 5562.21, 5562.21),
('Chandrika Medical And Grocery', 'Chandrika Medical And Grocery', '', 'TWCPI82609', '2019-08-22', 35, 1785.2, 1785.2),
('Wijaya Pharmacy', 'Wijaya Pharmacy', '', 'TWCPI82612', '2019-08-22', 35, 7157.66, 6512.96),
('The Raddolugama Pharmacy', 'The Raddolugama Pharmacy', '', 'TWCPI82614', '2019-08-22', 35, 7017.21, 7017.21),
('Ranmina Pharmacy(Life Care Hospital)', 'Ranmina Pharmacy(Life Care Hospital)', '', 'TWCPI82615', '2019-08-22', 35, 6337.98, 6337.98),
('Chandrika Medical And Grocery', 'Chandrika Medical And Grocery', '', 'TWCPI82618', '2019-08-22', 35, 6068.34, 6068.34),
('Wijaya Pharmacy', 'Wijaya Pharmacy', '', 'TWCPI82619', '2019-08-22', 35, 1398.6, 1398.6),
('Sarani Pharmacy', 'Sarani Pharmacy', '', 'TWCPI82620', '2019-08-22', 35, 8021.79, 8021.79),
('St Joseph Pharmacy', 'St Joseph Pharmacy', '', 'TWCPI82624', '2019-08-22', 35, 5930.58, 5930.58),
('Sarani Pharmacy', 'Sarani Pharmacy', '', 'TWCPI82628', '2019-08-22', 35, 10966.1, 10260.7),
('St Joseph Pharmacy', 'St Joseph Pharmacy', '', 'TWCPI82629', '2019-08-22', 35, 2506.76, 2506.76),
('St Joseph Pharmacy', 'St Joseph Pharmacy', '', 'TWCPI82633', '2019-08-22', 35, 4836.03, 4650.09),
('Dr. J. B. Silva', 'Dr. J. B. Silva', '', 'TWCPI82635', '2019-08-22', 35, 3655.8, 3655.8),
('Angels Pharmacy', 'Angels Pharmacy', '', 'TWCPI82636', '2019-08-22', 35, 9396.46, 9396.46),
('K S A Medical', 'K S A Medical', '', 'TWCPI82637', '2019-08-22', 35, 5138.26, 4036.26),
('Darani Pharmacy', 'Darani Pharmacy', '', 'TWCPI82642', '2019-08-22', 35, 4596.11, 117),
('St Joseph Pharmacy', 'St Joseph Pharmacy', '', 'TWCPI82645', '2019-08-22', 35, 5689.05, 5689.05),
('Sarani Pharmacy', 'Sarani Pharmacy', '', 'TWCPI82646', '2019-08-22', 35, 7360.36, 7360.36),
('Darani Pharmacy', 'Darani Pharmacy', '', 'TWCPI82647', '2019-08-22', 35, 20476.2, 1058.05),
('Ranmina Pharmacy(Life Care Hospital)', 'Ranmina Pharmacy(Life Care Hospital)', '', 'TWCPI82649', '2019-08-22', 35, 21497.5, 21497.5),
('Apeksha Pharmacy', 'Apeksha Pharmacy', '', 'TWCPI82650', '2019-08-22', 35, 898.24, 898.24),
('Oriyant Pharmacy', 'Oriyant Pharmacy', '', 'TWCPI82653', '2019-08-22', 35, 7283.03, 7283.03),
('People\'s Healthcare', 'People\'s Healthcare', '', 'TWCPI82654', '2019-08-22', 35, 34007.6, 34007.6),
('Ranmina Pharmacy(Life Care Hospital)', 'Ranmina Pharmacy(Life Care Hospital)', '', 'TWCPI82656', '2019-08-23', 34, 20663.8, 20663.8),
('Wijaya Pharmacy', 'Wijaya Pharmacy', '', 'TWCPI82657', '2019-08-23', 34, 29336.7, 29336.7),
('St\'joseph Pharmacy', 'St\'joseph Pharmacy', '', 'TWCPI82658', '2019-08-23', 34, 4704.5, 4704.5),
('Ranmina Pharmacy', 'Ranmina Pharmacy', '', 'TWCPI82659', '2019-08-23', 34, 1253.52, 1253.52),
('Supreme Pharmacy', 'Supreme Pharmacy', '', 'TWCPI82660', '2019-08-23', 34, 2540.49, 2540.49),
('Supreme Pharmacy', 'Supreme Pharmacy', '', 'TWCPI82661', '2019-08-23', 34, 9580.24, 5924.44),
('Bopitiya Pharmacy', 'Bopitiya Pharmacy', '', 'TWCPI82662', '2019-08-23', 34, 5104.19, 5104.19),
('Bopitiya Pharmacy', 'Bopitiya Pharmacy', '', 'TWCPI82663', '2019-08-23', 34, 5520, 5520),
('Bopitiya Pharmacy', 'Bopitiya Pharmacy', '', 'TWCPI82664', '2019-08-23', 34, 7448.52, 6926.35),
('Oshidi Medical\'s', 'Oshidi Medical\'s', '', 'TWCPI82665', '2019-08-23', 34, 7545.34, 7545.34),
('Oshidi Medical\'s', 'Oshidi Medical\'s', '', 'TWCPI82666', '2019-08-23', 34, 531.95, 531.95),
('Oshidi Medical\'s', 'Oshidi Medical\'s', '', 'TWCPI82667', '2019-08-23', 34, 18287, 11100.5),
('V M Pharmacy -', 'V M Pharmacy -', '', 'TWCPI82668', '2019-08-23', 34, 1622.67, 1622.67),
('Oshidi Medical\'s', 'Oshidi Medical\'s', '', 'TWCPI82669', '2019-08-23', 34, 7159.93, 7159.93),
('Shanthi Pharmacy', 'Shanthi Pharmacy', '', 'TWCPI82670', '2019-08-23', 34, 25611.1, 25611.1),
('Dr. Ananda Rathnayeke', 'Dr. Ananda Rathnayeke', '', 'TWCPI82671', '2019-08-23', 34, 5520, 5520),
('Home Need Pharmacy', 'Home Need Pharmacy', '', 'TWCPI82674', '2019-08-23', 34, 35416.1, 6107),
('Niroga Pharmacy', 'Niroga Pharmacy', '', 'TWCPI82675', '2019-08-23', 34, 8044.06, 8044.06),
('Niroga Pharmacy', 'Niroga Pharmacy', '', 'TWCPI82676', '2019-08-23', 34, 5560.36, 5560.36),
('Niroga Pharmacy', 'Niroga Pharmacy', '', 'TWCPI82677', '2019-08-23', 34, 5329.98, 4859.72),
('Niroga Pharmacy', 'Niroga Pharmacy', '', 'TWCPI82678', '2019-08-23', 34, 8459.6, 8459.6),
('Niroga Pharmacy', 'Niroga Pharmacy', '', 'TWCPI82679', '2019-08-23', 34, 11419.1, 11419.1),
('Home Need Pharmacy', 'Home Need Pharmacy', '', 'TWCPI82680', '2019-08-23', 34, 13209.5, 11371.2),
('Home Need Pharmacy', 'Home Need Pharmacy', '', 'TWCPI82681', '2019-08-23', 34, 15865.8, 15865.8),
('Home Need Pharmacy', 'Home Need Pharmacy', '', 'TWCPI82682', '2019-08-23', 34, 2072.17, 2072.17),
('Osusala Wattala', 'Osusala Wattala', '', 'TWCPI82687', '2019-08-23', 34, 38644, 38644),
('Ragama Pharmacy 1', 'Ragama Pharmacy 1', '', 'TWCPI82689', '2019-08-23', 34, 30550, 30550),
('Asoka Pharmacy', 'Asoka Pharmacy', '', 'TWCPI82694', '2019-08-23', 34, 1795.52, 1795.52),
('City Medicals', 'City Medicals', '', 'TWCPI82697', '2019-08-23', 34, 26089.9, 26089.9),
('Union Pharmacy', 'Union Pharmacy', '', 'TWCPI82700', '2019-08-23', 34, 5715.16, 5715.16),
('Negombo Drugs', 'Negombo Drugs', '', 'TWCPI82701', '2019-08-23', 34, 13802.8, 13802.8),
('K S A Medical', 'K S A Medical', '', 'TWCPI82703', '2019-08-23', 34, 5429.25, 5429.25),
('Best Way Pharmacy', 'Best Way Pharmacy', '', 'TWCPI82705', '2019-08-23', 34, 1902.87, 1902.87),
('S And G Pharmacy', 'S And G Pharmacy', '', 'TWCPI82706', '2019-08-23', 34, 12766.2, 12766.2),
('City Medicals', 'City Medicals', '', 'TWCPI82709', '2019-08-23', 34, 3952.1, 3952.1),
('City Medicals', 'City Medicals', '', 'TWCPI82711', '2019-08-23', 34, 16200.5, 16200.5),
('Bopitiya Pharmacy', 'Bopitiya Pharmacy', '', 'TWCPI82712', '2019-08-23', 34, 125233, 125233),
('Union Pharmacy', 'Union Pharmacy', '', 'TWCPI82713', '2019-08-23', 34, 7576.94, 7576.94),
('Negombo Drugs', 'Negombo Drugs', '', 'TWCPI82717', '2019-08-23', 34, 2261.96, 2261.96),
('Nawa Osusala', 'Nawa Osusala', '', 'TWCPI82720', '2019-08-23', 34, 7950, 7950),
('City Medicals', 'City Medicals', '', 'TWCPI82721', '2019-08-23', 34, 11992.1, 7024.31),
('Negombo Drugs', 'Negombo Drugs', '', 'TWCPI82723', '2019-08-23', 34, 2624.3, 2624.3),
('Union Pharmacy', 'Union Pharmacy', '', 'TWCPI82724', '2019-08-23', 34, 1635.95, 1635.95),
('Nawa Lanka Pharmacy', 'Nawa Lanka Pharmacy', '', 'TWCPI82725', '2019-08-23', 34, 6187.23, 6187.23),
('Royal Pharmacy', 'Royal Pharmacy', '', 'TWCPI82726', '2019-08-23', 34, 44397.1, 24676.8),
('S And G Pharmacy', 'S And G Pharmacy', '', 'TWCPI82728', '2019-08-23', 34, 23257.6, 23257.6),
('Asoka Pharmacy', 'Asoka Pharmacy', '', 'TWCPI82730', '2019-08-23', 34, 13077.7, 13077.7),
('Champika Medical', 'Champika Medical', '', 'TWCPI82732', '2019-08-23', 34, 7967.22, 7967.22),
('Champika Medical', 'Champika Medical', '', 'TWCPI82733', '2019-08-23', 34, 23467.3, 23467.3),
('Asoka Pharmacy', 'Asoka Pharmacy', '', 'TWCPI82734', '2019-08-23', 34, 16554.8, 16554.8),
('Sithara Pharmacy', 'Sithara Pharmacy', '', 'TWCPI82737', '2019-08-23', 34, 888.88, 888.88),
('Sarani Pharmacy', 'Sarani Pharmacy', '', 'TWCPI82738', '2019-08-23', 34, 1333.32, 1333.32),
('Pamunugama Osusala', 'Pamunugama Osusala', '', 'TWCPI82740', '2019-08-23', 34, 4444.4, 4444.4),
('The Raddolugama Pharmacy', 'The Raddolugama Pharmacy', '', 'TWCPI82741', '2019-08-23', 34, 2480, 2480),
('Asiri Pharmacy And Grocery', 'Asiri Pharmacy And Grocery', '', 'TWCPI82742', '2019-08-23', 34, 795, 795),
('Champika Medical', 'Champika Medical', '', 'TWCPI82744', '2019-08-23', 34, 6604.81, 6604.81),
('Health care Pharmacy And Family Needs', 'Health care Pharmacy And Family Needs', '', 'TWCPI82745', '2019-08-24', 33, 4391.22, 4391.22),
('St\'joseph Pharmacy', 'St\'joseph Pharmacy', '', 'TWCPI82748', '2019-08-24', 33, 2046.23, 2046.23),
('Lanka Pharmacy', 'Lanka Pharmacy', '', 'TWCPI82750', '2019-08-24', 33, 6187.23, 6187.23),
('Dr. Mrs. Dammika Abeysingha', 'Dr. Mrs. Dammika Abeysingha', '', 'TWCPI82751', '2019-08-24', 33, 2038.8, 2038.8),
('Apeksha Pharmacy', 'Apeksha Pharmacy', '', 'TWCPI82752', '2019-08-24', 33, 7865.5, 7865.5),
('K S A Medical', 'K S A Medical', '', 'TWCPI82753', '2019-08-24', 33, 5902.51, 5902.51),
('Best Way Pharmacy', 'Best Way Pharmacy', '', 'TWCPI82755', '2019-08-24', 33, 10677.5, 10677.5),
('Trust Chemist Pharmacy', 'Trust Chemist Pharmacy', '', 'TWCPI82757', '2019-08-24', 33, 9653.02, 9101.02),
('Trust Chemist Pharmacy', 'Trust Chemist Pharmacy', '', 'TWCPI82758', '2019-08-24', 33, 4289.68, 4289.68),
('Health care medical and groceries', 'Health care medical and groceries', '', 'TWCPI82759', '2019-08-24', 33, 3936.45, 3936.45),
('Union Chemist', 'Union Chemist', '', 'TWCPI82761', '2019-08-24', 33, 11240, 11240),
('Union Chemist', 'Union Chemist', '', 'TWCPI82762', '2019-08-24', 33, 6187.23, 6187.23),
('St\'joseph Pharmacy', 'St\'joseph Pharmacy', '', 'TWCPI82766', '2019-08-24', 33, 17008.6, 17008.6),
('Unique Pharmacy', 'Unique Pharmacy', '', 'TWCPI82769', '2019-08-24', 33, 6187.23, 6187.23),
('New St. Joseph Pharmacy & Grocery', 'New St. Joseph Pharmacy & Grocery', '', 'TWCPI82773', '2019-08-24', 33, 5364.45, 2624.3),
('Cure Pharmacy', 'Cure Pharmacy', '', 'TWCPI82774', '2019-08-24', 33, 10883.6, 10883.6),
('Dr. Ananda Rathnayeke', 'Dr. Ananda Rathnayeke', '', 'TWCPI82775', '2019-08-24', 33, 5339.1, 5339.1),
('Jasmine Pharmacy', 'Jasmine Pharmacy', '', 'TWCPI82777', '2019-08-24', 33, 26243, 26243),
('Jasmine Pharmacy', 'Jasmine Pharmacy', '', 'TWCPI82778', '2019-08-24', 33, 3954.75, 3954.75),
('Jayasiri Pharmacy', 'Jayasiri Pharmacy', '', 'TWCPI82784', '2019-08-26', 31, 4640.24, 4640.24),
('The British Stores', 'The British Stores', '', 'TWCPI82786', '2019-08-26', 31, 6877.36, 6877.36),
('Isira Pharmacy', 'Isira Pharmacy', '', 'TWCPI82787', '2019-08-26', 31, 2763.03, 2083.9),
('W. Mendis Chemist', 'W. Mendis Chemist', '', 'TWCPI82788', '2019-08-26', 31, 7818.34, 4197.34),
('W. Mendis Chemist', 'W. Mendis Chemist', '', 'TWCPI82789', '2019-08-26', 31, 5863.13, 5863.13),
('Unique Pharmacy', 'Unique Pharmacy', '', 'TWCPI82794', '2019-08-26', 31, 6365.9, 6365.9),
('Ranmina Pharmacy', 'Ranmina Pharmacy', '', 'TWCPI82795', '2019-08-26', 31, 13736, 12506.5),
('Union Chemist', 'Union Chemist', '', 'TWCPI82796', '2019-08-26', 31, 25505.7, 25505.7),
('Dagonna Pharmacy', 'Dagonna Pharmacy', '', 'TWCPI82797', '2019-08-26', 31, 23473.9, 23473.9),
('S M Medicals Pharmacy', 'S M Medicals Pharmacy', '', 'TWCPI82798', '2019-08-26', 31, 4640.06, 4640.06),
('Shanthi Pharmacy', 'Shanthi Pharmacy', '', 'TWCPI82799', '2019-08-26', 31, 24804, 24804),
('Niroga Pharmacy', 'Niroga Pharmacy', '', 'TWCPI82800', '2019-08-26', 31, 7694.49, 7694.49),
('St\' Jude Pharmacy', 'St\' Jude Pharmacy', '', 'TWCPI82804', '2019-08-26', 31, 3300.78, 3300.78),
('Ranmina Pharmacy', 'Ranmina Pharmacy', '', 'TWCPI82806', '2019-08-26', 31, 4067.04, 4067.04),
('Hiru Pharmacy', 'Hiru Pharmacy', '', 'TWCPI82808', '2019-08-26', 31, 39909.1, 39909.1),
('Thenuka Pharmacy', 'Thenuka Pharmacy', '', 'TWCPI82810', '2019-08-26', 31, 2917.51, 2917.51),
('Suwasala Pharmacy', 'Suwasala Pharmacy', '', 'TWCPI82811', '2019-08-26', 31, 10344.3, 10344.3),
('Royal Pharma', 'Royal Pharma', '', 'TWCPI82813', '2019-08-26', 31, 14131.6, 14131.6),
('Cure Pharmacy', 'Cure Pharmacy', '', 'TWCPI82814', '2019-08-26', 31, 6312.83, 34.41),
('The British Stores', 'The British Stores', '', 'TWCPI82815', '2019-08-26', 31, 52296.3, 49186.3),
('Hiran Pharmacy', 'Hiran Pharmacy', '', 'TWCPI82816', '2019-08-26', 31, 6229.88, 3119.43),
('St Joseph Pharmacy', 'St Joseph Pharmacy', '', 'TWCPI82817', '2019-08-26', 31, 8501.9, 8501.9),
('St\' Jude Pharmacy', 'St\' Jude Pharmacy', '', 'TWCPI82819', '2019-08-26', 31, 16794.2, 16794.2),
('Saduni Pharmacy', 'Saduni Pharmacy', '', 'TWCPI82821', '2019-08-26', 31, 19167.7, 19167.7),
('S M Medicals Pharmacy', 'S M Medicals Pharmacy', '', 'TWCPI82822', '2019-08-26', 31, 13301.3, 13301.3),
('Thenuka Pharmacy', 'Thenuka Pharmacy', '', 'TWCPI82824', '2019-08-26', 31, 2610.34, 2610.34),
('Ranmimi Pharmacy', 'Ranmimi Pharmacy', '', 'TWCPI82826', '2019-08-26', 31, 975.8, 975.8),
('Kalidson Pharmacy', 'Kalidson Pharmacy', '', 'TWCPI82827', '2019-08-26', 31, 21718.8, 21718.8),
('Jayakody Pharmacy', 'Jayakody Pharmacy', '', 'TWCPI82828', '2019-08-26', 31, 7918.8, 7918.8),
('St\' Jude Pharmacy', 'St\' Jude Pharmacy', '', 'TWCPI82830', '2019-08-26', 31, 10140.1, 10140.1),
('Dr. Lalith Halaba Arachchige.', 'Dr. Lalith Halaba Arachchige.', '', 'TWCPI82831', '2019-08-26', 31, 14113.5, 14113.5),
('St\' Jude Pharmacy', 'St\' Jude Pharmacy', '', 'TWCPI82833', '2019-08-26', 31, 8901.5, 8901.5),
('the British Stores', 'the British Stores', '', 'TWCPI82834', '2019-08-26', 31, 17704.8, 15866.5),
('Royal Pharma', 'Royal Pharma', '', 'TWCPI82835', '2019-08-26', 31, 14015.5, 14015.5),
('Jayasiri Pharmacy', 'Jayasiri Pharmacy', '', 'TWCPI82836', '2019-08-26', 31, 8337.51, 8337.51),
('Cure Pharmacy', 'Cure Pharmacy', '', 'TWCPI82837', '2019-08-26', 31, 4227.12, 6.86),
('W. Mendis Chemist', 'W. Mendis Chemist', '', 'TWCPI82838', '2019-08-26', 31, 38698.5, 38698.5),
('Royal Pharma', 'Royal Pharma', '', 'TWCPI82839', '2019-08-26', 31, 1236.72, 1236.72),
('Bopitiya Pharmacy', 'Bopitiya Pharmacy', '', 'TWCPI82840', '2019-08-26', 31, 53391, 53391),
('Nalaka Pharmacy', 'Nalaka Pharmacy', '', 'TWCPI82841', '2019-08-26', 31, 7950, 7950),
('Royal Pharma', 'Royal Pharma', '', 'TWCPI82844', '2019-08-26', 31, 3591.04, 3591.04),
('Jasmine Pharmacy', 'Jasmine Pharmacy', '', 'TWCPI82852', '2019-08-26', 31, 4220.45, 4220.45),
('Kalidson Pharmacy', 'Kalidson Pharmacy', '', 'TWCPI82853', '2019-08-26', 31, 24922.2, 24922.2),
('Robert Mdicals', 'Robert Mdicals', '', 'TWCPI82854', '2019-08-26', 31, 10128.9, 10128.9),
('Suwasala Pharmacy', 'Suwasala Pharmacy', '', 'TWCPI82855', '2019-08-26', 31, 13214.3, 13214.3),
('Ranmimi Pharmacy', 'Ranmimi Pharmacy', '', 'TWCPI82857', '2019-08-26', 31, 7201.99, 7201.99),
('Hendala Medical', 'Hendala Medical', '', 'TWCPI82860', '2019-08-26', 31, 4220.44, 4220.44),
('Kandawala Pharmacy', 'Kandawala Pharmacy', '', 'TWCPI82862', '2019-08-26', 31, 5540.25, 5540.25),
('Leesons Pharmacy', 'Leesons Pharmacy', '', 'TWCPI82863', '2019-08-26', 31, 34007.6, 34007.6),
('J And J Pharmacy', 'J And J Pharmacy', '', 'TWCPI82864', '2019-08-26', 31, 3536.88, 3536.88),
('Suwasala Pharmacy', 'Suwasala Pharmacy', '', 'TWCPI82866', '2019-08-26', 31, 3988.23, 3988.23),
('Robert Mdicals', 'Robert Mdicals', '', 'TWCPI82869', '2019-08-26', 31, 7535.72, 7535.72),
('Supreme Pharmacy', 'Supreme Pharmacy', '', 'TWCPI82870', '2019-08-26', 31, 3820.68, 3820.68),
('Shanthi Pharmacy', 'Shanthi Pharmacy', '', 'TWCPI82871', '2019-08-26', 31, 47045, 47045),
('Kandawala Pharmacy', 'Kandawala Pharmacy', '', 'TWCPI82872', '2019-08-26', 31, 6572.69, 6572.69),
('Pradipa Pharmacy', 'Pradipa Pharmacy', '', 'TWCPI82873', '2019-08-26', 31, 3545.64, 2390.08),
('Shanthi Pharmacy', 'Shanthi Pharmacy', '', 'TWCPI82874', '2019-08-26', 31, 10387.7, 10387.7),
('Robert Mdicals', 'Robert Mdicals', '', 'TWCPI82875', '2019-08-26', 31, 9159.87, 9159.87),
('Suwasala Pharmacy', 'Suwasala Pharmacy', '', 'TWCPI82877', '2019-08-26', 31, 1400.27, 1400.27),
('Dagonna Pharmacy', 'Dagonna Pharmacy', '', 'TWCPI82878', '2019-08-26', 31, 5233.72, 2795.58),
('Kalidson Pharmacy', 'Kalidson Pharmacy', '', 'TWCPI82879', '2019-08-26', 31, 8941.8, 8941.8),
('Supreme Pharmacy', 'Supreme Pharmacy', '', 'TWCPI82881', '2019-08-26', 31, 5180.76, 2187.87),
('Pradipa Pharmacy', 'Pradipa Pharmacy', '', 'TWCPI82882', '2019-08-26', 31, 3744.32, 2979.87),
('New City Pharmacy', 'New City Pharmacy', '', 'TWCPI82887', '2019-08-26', 31, 6599.03, 6599.03),
('Royal Pharmacy Kandana', 'Royal Pharmacy Kandana', '', 'TWCPI82890', '2019-08-26', 31, 18561.1, 18561.1),
('leesons Pharmacy', 'leesons Pharmacy', '', 'TWCPI82891', '2019-08-26', 31, 54713.9, 54713.9),
('Sampath Pharmacy', 'Sampath Pharmacy', '', 'TWCPI82894', '2019-08-26', 31, 1580.81, 1580.81),
('Royal Pharmacy Kandana', 'Royal Pharmacy Kandana', '', 'TWCPI82896', '2019-08-26', 31, 7716.44, 6445.44),
('New City Pharmacy', 'New City Pharmacy', '', 'TWCPI82899', '2019-08-26', 31, 2800.28, 2800.28),
('Sampath Pharmacy', 'Sampath Pharmacy', '', 'TWCPI82900', '2019-08-26', 31, 9425.97, 9425.97),
('Leesons Pharmacy', 'Leesons Pharmacy', '', 'TWCPI82902', '2019-08-26', 31, 85104.7, 85104.7),
('Darshana Pharmacy', 'Darshana Pharmacy', '', 'TWCPI82904', '2019-08-26', 31, 4386.5, 4386.5),
('Suasi Pharmacy And Grocery', 'Suasi Pharmacy And Grocery', '', 'TWCPI82905', '2019-08-27', 30, 5091.88, 5091.88),
('Pradipa Pharmacy', 'Pradipa Pharmacy', '', 'TWCPI82908', '2019-08-27', 30, 7209.32, 7209.32),
('New Central Pharmacy', 'New Central Pharmacy', '', 'TWCPI82910', '2019-08-27', 30, 29571.1, 29571.1),
('Ave Maria Pharmacy', 'Ave Maria Pharmacy', '', 'TWCPI82911', '2019-08-27', 30, 1140.75, 1140.75),
('Kandawala Pharmacy', 'Kandawala Pharmacy', '', 'TWCPI82912', '2019-08-27', 30, 3265.08, 3265.08),
('Rosevilla Pharmacy', 'Rosevilla Pharmacy', '', 'TWCPI82913', '2019-08-27', 30, 3265.08, 3265.08),
('Sithara Pharmacy', 'Sithara Pharmacy', '', 'TWCPI82914', '2019-08-27', 30, 3515.86, 3515.86),
('Suasi Pharmacy And Grocery', 'Suasi Pharmacy And Grocery', '', 'TWCPI82915', '2019-08-27', 30, 6543.29, 2973.51),
('St\' Jude Pharmacy', 'St\' Jude Pharmacy', '', 'TWCPI82916', '2019-08-27', 30, 7270.9, 7270.9),
('St\'jude\'s Pharmacy', 'St\'jude\'s Pharmacy', '', 'TWCPI82918', '2019-08-27', 30, 1302.12, 1302.12),
('St\' Jude Pharmacy', 'St\' Jude Pharmacy', '', 'TWCPI82919', '2019-08-27', 30, 2694.72, 2694.72),
('Health Line Pharmacy', 'Health Line Pharmacy', '', 'TWCPI82920', '2019-08-27', 30, 3897.47, 3897.47),
('Hemas Hospital', 'Hemas Hospital', '', 'TWCPI82923', '2019-08-27', 30, 11869.2, 11869.2),
('Dr. Lasantha De Silva', 'Dr. Lasantha De Silva', '', 'TWCPI82924', '2019-08-27', 30, 14101, 14101),
('Dr Upul Jayathilake', 'Dr Upul Jayathilake', '', 'TWCPI82925', '2019-08-27', 30, 5776, 5776),
('Nirmalanka Pharmacy', 'Nirmalanka Pharmacy', '', 'TWCPI82926', '2019-08-27', 30, 4460.85, 2676),
('Alliance Pharmacy', 'Alliance Pharmacy', '', 'TWCPI82928', '2019-08-27', 30, 3586.17, 3586.17),
('Darshana Pharmacy', 'Darshana Pharmacy', '', 'TWCPI82932', '2019-08-27', 30, 45191.6, 4695.7),
('Darshana Pharmacy', 'Darshana Pharmacy', '', 'TWCPI82933', '2019-08-27', 30, 176758, 176758),
('Darshana Pharmacy', 'Darshana Pharmacy', '', 'TWCPI82934', '2019-08-27', 30, 75165, 75165),
('Unique Pharmacy', 'Unique Pharmacy', '', 'TWCPI82935', '2019-08-27', 30, 72275, 63502),
('Dr. Iresh Dasanayaka', 'Dr. Iresh Dasanayaka', '', 'TWCPI82936', '2019-08-27', 30, 4357.3, 4357.3),
('Dr. Lakshman Fernando', 'Dr. Lakshman Fernando', '', 'TWCPI82937', '2019-08-27', 30, 17843.4, 17843.4),
('Pamunugama Osusala', 'Pamunugama Osusala', '', 'TWCPI82938', '2019-08-27', 30, 10202.3, 10202.3),
('Pamunugama Osusala', 'Pamunugama Osusala', '', 'TWCPI82939', '2019-08-27', 30, 1932.16, 1932.16),
('Dr. Lacksiri Lokuliyanage', 'Dr. Lacksiri Lokuliyanage', '', 'TWCPI82941', '2019-08-27', 30, 15459, 15459),
('New Central Pharmacy', 'New Central Pharmacy', '', 'TWCPI82942', '2019-08-27', 30, 1492.2, 1492.2),
('Leesons Pharmacy', 'Leesons Pharmacy', '', 'TWCPI82943', '2019-08-27', 30, 182882, 182882),
('Calvary Pharmacy', 'Calvary Pharmacy', '', 'TWCPI82945', '2019-08-27', 30, 1756.49, 1756.49),
('Niwasie Pharmacy', 'Niwasie Pharmacy', '', 'TWCPI82946', '2019-08-27', 30, 2498.22, 2498.22),
('The Raddolugama Pharmacy', 'The Raddolugama Pharmacy', '', 'TWCPI82948', '2019-08-27', 30, 6944, 6944),
('Lanka Pharmacy', 'Lanka Pharmacy', '', 'TWCPI82949', '2019-08-27', 30, 19100.8, 19100.8),
('Asiri Pharmacy And Grocery', 'Asiri Pharmacy And Grocery', '', 'TWCPI82950', '2019-08-27', 30, 3767.67, 3767.67),
('Health care Pharmacy And Family Needs', 'Health care Pharmacy And Family Needs', '', 'TWCPI82951', '2019-08-27', 30, 23344.8, 23344.8),
('New St. Joseph Pharmacy & Grocery', 'New St. Joseph Pharmacy & Grocery', '', 'TWCPI82953', '2019-08-27', 30, 3317.81, 3317.81),
('New Central Pharmacy', 'New Central Pharmacy', '', 'TWCPI82955', '2019-08-27', 30, 5441.8, 5441.8),
('Sampath Pharmacy', 'Sampath Pharmacy', '', 'TWCPI82956', '2019-08-27', 30, 5910.2, 5910.2),
('Champika Medical', 'Champika Medical', '', 'TWCPI82958', '2019-08-27', 30, 16501.3, 16501.3),
('New City Pharmacy', 'New City Pharmacy', '', 'TWCPI82960', '2019-08-27', 30, 5835.63, 5835.63),
('leesons Pharmacy', 'leesons Pharmacy', '', 'TWCPI82961', '2019-08-27', 30, 114735, 114735),
('Royal Pharmacy Kandana', 'Royal Pharmacy Kandana', '', 'TWCPI82962', '2019-08-27', 30, 2510.45, 2510.45),
('Sahana Osusala', 'Sahana Osusala', '', 'TWCPI82963', '2019-08-27', 30, 13443.7, 13443.7),
('Leesons Pharmacy', 'Leesons Pharmacy', '', 'TWCPI82964', '2019-08-27', 30, 31993.1, 31993.1),
('New St. Joseph Pharmacy & Grocery', 'New St. Joseph Pharmacy & Grocery', '', 'TWCPI82965', '2019-08-27', 30, 18957.2, 18957.2),
('Alliance Pharmacy', 'Alliance Pharmacy', '', 'TWCPI82967', '2019-08-27', 30, 9592.53, 9592.53),
('Sampath Pharmacy', 'Sampath Pharmacy', '', 'TWCPI82968', '2019-08-27', 30, 19365.7, 19365.7),
('Jasmine Pharmacy', 'Jasmine Pharmacy', '', 'TWCPI82969', '2019-08-27', 30, 61100, 61100),
('Royal Pharmacy Kandana', 'Royal Pharmacy Kandana', '', 'TWCPI82970', '2019-08-27', 30, 9749.42, 9749.42),
('Orient Pharmacy', 'Orient Pharmacy', '', 'TWCPI82971', '2019-08-27', 30, 4346.98, 4346.98),
('Gimshani Pharmacy', 'Gimshani Pharmacy', '', 'TWCPI82972', '2019-08-27', 30, 1860.18, 1860.18),
('Seeduwa Medical Stories', 'Seeduwa Medical Stories', '', 'TWCPI82974', '2019-08-27', 30, 22598.2, 21593.4),
('Health care Pharmacy And Family Needs', 'Health care Pharmacy And Family Needs', '', 'TWCPI82975', '2019-08-27', 30, 3356.98, 3356.98),
('N S Medical', 'N S Medical', '', 'TWCPI82976', '2019-08-27', 30, 2042.04, 2042.04),
('Asiri Pharmacy And Grocery', 'Asiri Pharmacy And Grocery', '', 'TWCPI82977', '2019-08-27', 30, 605.74, 605.74),
('Laxsiri Pharmacy', 'Laxsiri Pharmacy', '', 'TWCPI82978', '2019-08-27', 30, 3074.72, 3074.72),
('The Raddolugama Pharmacy', 'The Raddolugama Pharmacy', '', 'TWCPI82979', '2019-08-27', 30, 5203.52, 5203.52),
('Laxsiri Pharmacy', 'Laxsiri Pharmacy', '', 'TWCPI82980', '2019-08-27', 30, 9671.14, 9671.14),
('New Central Pharmacy', 'New Central Pharmacy', '', 'TWCPI82981', '2019-08-27', 30, 1492.2, 1492.2),
('Nawaloka Hospital', 'Nawaloka Hospital', '', 'TWCPI82982', '2019-08-28', 29, 231866, 231866),
('Royal Pharmacy Kandana', 'Royal Pharmacy Kandana', '', 'TWCPI82984', '2019-08-28', 29, 11991, 11991),
('Orient Pharmacy', 'Orient Pharmacy', '', 'TWCPI82985', '2019-08-28', 29, 21310.8, 21310.8),
('New City Pharmacy', 'New City Pharmacy', '', 'TWCPI82986', '2019-08-28', 29, 5710.29, 5710.29),
('Rosevilla Pharmacy', 'Rosevilla Pharmacy', '', 'TWCPI82988', '2019-08-28', 29, 10587.6, 10587.6),
('Health care medical and groceries', 'Health care medical and groceries', '', 'TWCPI82989', '2019-08-28', 29, 9513, 9513),
('Pamunugama Osusala', 'Pamunugama Osusala', '', 'TWCPI82991', '2019-08-28', 29, 16499.9, 16499.9),
('Champika Medical', 'Champika Medical', '', 'TWCPI82992', '2019-08-28', 29, 5339.1, 5339.1),
('People\'s Healthcare', 'People\'s Healthcare', '', 'TWCPI82993', '2019-08-28', 29, 37279.9, 26319.3),
('Kalidson Pharmacy', 'Kalidson Pharmacy', '', 'TWCPI82994', '2019-08-28', 29, 5944.11, 5944.11),
('New Cristal Pharmacy', 'New Cristal Pharmacy', '', 'TWCPI82995', '2019-08-28', 29, 17769.9, 17769.9),
('Royal Pharmacy Kandana', 'Royal Pharmacy Kandana', '', 'TWCPI82996', '2019-08-28', 29, 1951.65, 1951.65),
('Pamunugama Osusala', 'Pamunugama Osusala', '', 'TWCPI82998', '2019-08-28', 29, 20180.2, 20180.2),
('St\'joseph Pharmacy', 'St\'joseph Pharmacy', '', 'TWCPI83001', '2019-08-28', 29, 7069.86, 7069.86),
('Unique Pharmacy', 'Unique Pharmacy', '', 'TWCPI83002', '2019-08-28', 29, 11758.7, 11758.7),
('Cash Payment', 'Cash Payment', '', 'TWCPI83003', '2019-08-28', 29, 11255, 1759),
('Hemas Hospital', 'Hemas Hospital', '', 'TWCPI83005', '2019-08-28', 29, 52409.2, 52409.2),
('City Medicals', 'City Medicals', '', 'TWCPI83006', '2019-08-28', 29, 18296.8, 18296.8),
('Thenuka Pharmacy', 'Thenuka Pharmacy', '', 'TWCPI83010', '2019-08-28', 29, 26243, 26243),
('Robert Mdicals', 'Robert Mdicals', '', 'TWCPI83011', '2019-08-28', 29, 2581.22, 2581.22),
('St\'joseph\'s Pharmacy', 'St\'joseph\'s Pharmacy', '', 'TWCPI83012', '2019-08-28', 29, 16818.5, 16818.5),
('Health Line Pharmacy', 'Health Line Pharmacy', '', 'TWCPI83013', '2019-08-28', 29, 2471.37, 2111.01),
('P And J Pharmacy', 'P And J Pharmacy', '', 'TWCPI83015', '2019-08-28', 29, 89415, 89415),
('P And J Pharmacy', 'P And J Pharmacy', '', 'TWCPI83016', '2019-08-28', 29, 95230.3, 95230.3),
('Nawa Osusala', 'Nawa Osusala', '', 'TWCPI83020', '2019-08-28', 29, 52206.4, 52206.4),
('Rosevilla Pharmacy', 'Rosevilla Pharmacy', '', 'TWCPI83023', '2019-08-28', 29, 2910.4, 2910.4),
('International Institute Of Health Sciences (PVT) L', 'International Institute Of Health Sciences (PVT) L', '', 'TWCPI83025', '2019-08-28', 29, 40682.2, 40682.2),
('Oshidi Medical\'s', 'Oshidi Medical\'s', '', 'TWCPI83026', '2019-08-28', 29, 9965.08, 9965.08),
('Alliance Pharmacy', 'Alliance Pharmacy', '', 'TWCPI83027', '2019-08-28', 29, 975.8, 975.8),
('New Peoples Pharmacy', 'New Peoples Pharmacy', '', 'TWCPI83029', '2019-08-28', 29, 7848.88, 7848.88),
('Reliable Pharmacy', 'Reliable Pharmacy', '', 'TWCPI83030', '2019-08-28', 29, 41520.9, 41520.9),
('Nawa Osusala', 'Nawa Osusala', '', 'TWCPI83032', '2019-08-28', 29, 41559.7, 41137.5),
('C And D Pharmacy', 'C And D Pharmacy', '', 'TWCPI83033', '2019-08-28', 29, 5469.12, 5469.12),
('Calvary Pharmacy', 'Calvary Pharmacy', '', 'TWCPI83035', '2019-08-28', 29, 3011.29, 3011.29),
('St\'jude\'s Pharmacy', 'St\'jude\'s Pharmacy', '', 'TWCPI83036', '2019-08-28', 29, 16237.2, 16237.2),
('Dr. R.S.S.K Pathirana', 'Dr. R.S.S.K Pathirana', '', 'TWCPI83039', '2019-08-28', 29, 23503.8, 23503.8),
('New Ekala Pharmacy', 'New Ekala Pharmacy', '', 'TWCPI83040', '2019-08-28', 29, 1894.08, 1894.08),
('Niwasie Pharmacy', 'Niwasie Pharmacy', '', 'TWCPI83041', '2019-08-28', 29, 3668.54, 3668.54),
('Nawa Osusala', 'Nawa Osusala', '', 'TWCPI83043', '2019-08-28', 29, 7553.46, 7553.46),
('St\'jude\'s Pharmacy', 'St\'jude\'s Pharmacy', '', 'TWCPI83044', '2019-08-28', 29, 2872.43, 2872.43),
('C And D Pharmacy', 'C And D Pharmacy', '', 'TWCPI83047', '2019-08-28', 29, 5104.3, 5104.3),
('Dr. M. S. Mohamed Ziyard', 'Dr. M. S. Mohamed Ziyard', '', 'TWCPI83048', '2019-08-28', 29, 6314.1, 6314.1),
('New St. Joseph Pharmacy & Grocery', 'New St. Joseph Pharmacy & Grocery', '', 'TWCPI83049', '2019-08-28', 29, 1733.52, 1733.52),
('St\'joseph Pharmacy', 'St\'joseph Pharmacy', '', 'TWCPI83050', '2019-08-28', 29, 2685.9, 2685.9),
('Laxsiri Pharmacy', 'Laxsiri Pharmacy', '', 'TWCPI83051', '2019-08-28', 29, 1852.8, 1852.8),
('Lakshan Chamist', 'Lakshan Chamist', '', 'TWCPI83052', '2019-08-28', 29, 5666.6, 5666.6),
('Osusala Wattala', 'Osusala Wattala', '', 'TWCPI83053', '2019-08-28', 29, 5741.19, 5741.19),
('Mabole Osusala', 'Mabole Osusala', '', 'TWCPI83055', '2019-08-28', 29, 1159.32, 1159.32),
('People\'s Healthcare', 'People\'s Healthcare', '', 'TWCPI83056', '2019-08-28', 29, 7904.2, 7904.2),
('People\'s Healthcare', 'People\'s Healthcare', '', 'TWCPI83058', '2019-08-28', 29, 87255.6, 72613.7),
('Krishmo Pharmacy', 'Krishmo Pharmacy', '', 'TWCPI83059', '2019-08-28', 29, 3504.49, 3504.49),
('Health And Glow Pharmacy', 'Health And Glow Pharmacy', '', 'TWCPI83060', '2019-08-28', 29, 32488.2, 7479.83),
('Mabole Osusala', 'Mabole Osusala', '', 'TWCPI83061', '2019-08-28', 29, 7742.82, 7742.82),
('P And J Pharmacy', 'P And J Pharmacy', '', 'TWCPI83062', '2019-08-28', 29, 94568.7, 94568.7),
('New Peoples Osusala', 'New Peoples Osusala', '', 'TWCPI83063', '2019-08-29', 28, 4252.82, 4252.82);
INSERT INTO `emoutupload` (`eID`, `eCustName`, `eTown`, `inv`, `date`, `age`, `amount`, `balAmount`) VALUES
('Alliance Pharmacy', 'Alliance Pharmacy', '', 'TWCPI83065', '2019-08-29', 28, 6249.73, 6249.73),
('International Institute Of Health Sciences (PVT) L', 'International Institute Of Health Sciences (PVT) L', '', 'TWCPI83067', '2019-08-29', 28, 26073.8, 26073.8),
('Enderamulla Pharmacy', 'Enderamulla Pharmacy', '', 'TWCPI83069', '2019-08-29', 28, 4756.5, 3086.93),
('Pharmacheme Pharmacy', 'Pharmacheme Pharmacy', '', 'TWCPI83072', '2019-08-29', 28, 5166.71, 5166.71),
('Lakshan Chamist', 'Lakshan Chamist', '', 'TWCPI83074', '2019-08-29', 28, 2926.14, 2926.14),
('Hendala Medical', 'Hendala Medical', '', 'TWCPI83075', '2019-08-29', 28, 1238.25, 1238.25),
('Kandawala Pharmacy', 'Kandawala Pharmacy', '', 'TWCPI83078', '2019-08-29', 28, 745, 745),
('St\'joseph Pharmacy', 'St\'joseph Pharmacy', '', 'TWCPI83080', '2019-08-29', 28, 3694.72, 3694.72),
('Thilina Pharmacy', 'Thilina Pharmacy', '', 'TWCPI83081', '2019-08-29', 28, 2088.7, 2088.7),
('St\'joseph\'s Pharmacy', 'St\'joseph\'s Pharmacy', '', 'TWCPI83082', '2019-08-29', 28, 22212, 22212),
('Oriyant Pharmacy', 'Oriyant Pharmacy', '', 'TWCPI83085', '2019-08-29', 28, 4208.25, 4208.25),
('Osusala Co-op', 'Osusala Co-op', '', 'TWCPI83086', '2019-08-29', 28, 1897.98, 1897.98),
('Oriyant Pharmacy', 'Oriyant Pharmacy', '', 'TWCPI83087', '2019-08-29', 28, 7272.75, 7272.75),
('Royal Pharmacy Kandana', 'Royal Pharmacy Kandana', '', 'TWCPI83089', '2019-08-29', 28, 3104.34, 3104.34),
('Srilak Pharmacy', 'Srilak Pharmacy', '', 'TWCPI83091', '2019-08-29', 28, 6301.41, 6301.41),
('Lak Osusala', 'Lak Osusala', '', 'TWCPI83092', '2019-08-29', 28, 1930.84, 1930.84),
('Srilak Pharmacy', 'Srilak Pharmacy', '', 'TWCPI83093', '2019-08-29', 28, 20005.4, 20005.4),
('Lak Osusala', 'Lak Osusala', '', 'TWCPI83094', '2019-08-29', 28, 4183.25, 4183.25),
('Dr Laxman Wijesuriya', 'Dr Laxman Wijesuriya', '', 'TWCPI83095', '2019-08-29', 28, 12721.9, 12721.9),
('P And J Pharmacy', 'P And J Pharmacy', '', 'TWCPI83096', '2019-08-29', 28, 14406.5, 14406.5),
('Bopitiya Pharmacy', 'Bopitiya Pharmacy', '', 'TWCPI83098', '2019-08-29', 28, 14010.4, 14010.4),
('Champika Medical', 'Champika Medical', '', 'TWCPI83101', '2019-08-29', 28, 19322, 19322),
('Bopitiya Pharmacy', 'Bopitiya Pharmacy', '', 'TWCPI83102', '2019-08-29', 28, 23618.9, 23618.9),
('Pharmacheme Pharmacy', 'Pharmacheme Pharmacy', '', 'TWCPI83105', '2019-08-29', 28, 994.78, 994.78),
('Lakmi Pharmacy', 'Lakmi Pharmacy', '', 'TWCPI83106', '2019-08-29', 28, 4756.5, 4756.5),
('Santhana Pharmacy', 'Santhana Pharmacy', '', 'TWCPI83107', '2019-08-29', 28, 35422.5, 35422.5),
('Dr. G. G. S. weerasuriya', 'Dr. G. G. S. weerasuriya', '', 'TWCPI83108', '2019-08-29', 28, 11633.8, 11633.8),
('St\' Jude Pharmacy', 'St\' Jude Pharmacy', '', 'TWCPI83109', '2019-08-29', 28, 3371.59, 3371.59),
('City Pharmacy', 'City Pharmacy', '', 'TWCPI83110', '2019-08-29', 28, 6205.46, 6205.46),
('Isuru Pharmacy', 'Isuru Pharmacy', '', 'TWCPI83112', '2019-08-29', 28, 14271.5, 8562.87),
('St\' Jude Pharmacy', 'St\' Jude Pharmacy', '', 'TWCPI83113', '2019-08-29', 28, 1989.56, 1989.56),
('Rosevilla Pharmacy', 'Rosevilla Pharmacy', '', 'TWCPI83116', '2019-08-29', 28, 12902.8, 12902.8),
('Pharmacheme Pharmacy', 'Pharmacheme Pharmacy', '', 'TWCPI83118', '2019-08-29', 28, 4503.26, 4503.26),
('Osusala Wattala', 'Osusala Wattala', '', 'TWCPI83120', '2019-08-29', 28, 35349.3, 35349.3),
('Nalaka Pharmacy', 'Nalaka Pharmacy', '', 'TWCPI83123', '2019-08-29', 28, 3959.4, 3959.4),
('Nalaka Pharmacy', 'Nalaka Pharmacy', '', 'TWCPI83124', '2019-08-29', 28, 2984.34, 2984.34),
('Nalaka Pharmacy', 'Nalaka Pharmacy', '', 'TWCPI83125', '2019-08-29', 28, 18242.8, 18242.8),
('New Cristal Pharmacy', 'New Cristal Pharmacy', '', 'TWCPI83126', '2019-08-29', 28, 4149.62, 4149.62),
('Health care Pharmacy And Family Needs', 'Health care Pharmacy And Family Needs', '', 'TWCPI83128', '2019-08-29', 28, 5843.92, 5843.92),
('Rosevilla Pharmacy', 'Rosevilla Pharmacy', '', 'TWCPI83129', '2019-08-29', 28, 6413.38, 2883.52),
('Dr.O.N.H. Mapitigama', 'Dr.O.N.H. Mapitigama', '', 'TWCPI83134', '2019-08-29', 28, 5490.6, 5490.6),
('International Institute Of Health Sciences (PVT) L', 'International Institute Of Health Sciences (PVT) L', '', 'TWCPI83135', '2019-08-29', 28, 8920.01, 6800.77),
('Alliance Pharmacy', 'Alliance Pharmacy', '', 'TWCPI83136', '2019-08-29', 28, 533.91, 533.91),
('People\'s Healthcare', 'People\'s Healthcare', '', 'TWCPI83137', '2019-08-29', 28, 3943.31, 3943.31),
('Krishmo Pharmacy', 'Krishmo Pharmacy', '', 'TWCPI83138', '2019-08-29', 28, 1471.69, 1471.69),
('Rosevilla Pharmacy', 'Rosevilla Pharmacy', '', 'TWCPI83139', '2019-08-29', 28, 2988.18, 2988.18),
('Chemi World Pharmacy', 'Chemi World Pharmacy', '', 'TWCPI83140', '2019-08-29', 28, 6711.47, 6711.47),
('Pharmacheme Pharmacy', 'Pharmacheme Pharmacy', '', 'TWCPI83141', '2019-08-29', 28, 2871.16, 2871.16),
('Hemas Hospital', 'Hemas Hospital', '', 'TWCPI83143', '2019-08-29', 28, 100287, 100287),
('Hemas Hospital', 'Hemas Hospital', '', 'TWCPI83144', '2019-08-29', 28, 47694.2, 44664.2),
('Dr Chinthaka Rathnayaka', 'Dr Chinthaka Rathnayaka', '', 'TWCPI83145', '2019-08-29', 28, 23104, 23104),
('Hendala Medical', 'Hendala Medical', '', 'TWCPI83146', '2019-08-29', 28, 1312.15, 1312.15),
('Alliance Pharmacy', 'Alliance Pharmacy', '', 'TWCPI83147', '2019-08-29', 28, 1786.39, 1786.39),
('Lakse Pharmacy', 'Lakse Pharmacy', '', 'TWCPI83148', '2019-08-29', 28, 764.45, 764.45),
('Darshana Pharmacy', 'Darshana Pharmacy', '', 'TWCPI83149', '2019-08-29', 28, 5838.63, 5838.63),
('Darshana Pharmacy', 'Darshana Pharmacy', '', 'TWCPI83150', '2019-08-29', 28, 5659.8, 5659.8),
('Nalaka Pharmacy', 'Nalaka Pharmacy', '', 'TWCPI83152', '2019-08-29', 28, 7504.3, 7504.3),
('the British Stores', 'the British Stores', '', 'TWCPI83153', '2019-08-29', 28, 17355.1, 17355.1),
('Reliable Pharmacy', 'Reliable Pharmacy', '', 'TWCPI83154', '2019-08-29', 28, 24105.5, 24105.5),
('Lakshan Chamist', 'Lakshan Chamist', '', 'TWCPI83155', '2019-08-29', 28, 3203.15, 3203.15),
('Hendala Medical', 'Hendala Medical', '', 'TWCPI83156', '2019-08-29', 28, 5875.4, 5875.4),
('Darshana Pharmacy', 'Darshana Pharmacy', '', 'TWCPI83159', '2019-08-29', 28, 21192.4, 21192.4),
('St\' Jude Pharmacy', 'St\' Jude Pharmacy', '', 'TWCPI83160', '2019-08-30', 27, 7641.8, 7641.8),
('Isira Pharmacy', 'Isira Pharmacy', '', 'TWCPI83161', '2019-08-30', 27, 3749.21, 3749.21),
('Royal Pharma', 'Royal Pharma', '', 'TWCPI83162', '2019-08-30', 27, 6837.68, 6354.64),
('Suasi Pharmacy And Grocery', 'Suasi Pharmacy And Grocery', '', 'TWCPI83163', '2019-08-30', 27, 7424.98, 7424.98),
('Cure Pharmacy', 'Cure Pharmacy', '', 'TWCPI83164', '2019-08-30', 27, 4180.73, 0.21),
('Family Care Pharmacy And Grocery', 'Family Care Pharmacy And Grocery', '', 'TWCPI83165', '2019-08-30', 27, 43419, 43419),
('Family Care Pharmacy And Grocery', 'Family Care Pharmacy And Grocery', '', 'TWCPI83166', '2019-08-30', 27, 79018.5, 79018.5),
('Dagonna Pharmacy', 'Dagonna Pharmacy', '', 'TWCPI83168', '2019-08-30', 27, 41852, 41852),
('Suasi Pharmacy And Grocery', 'Suasi Pharmacy And Grocery', '', 'TWCPI83171', '2019-08-30', 27, 9431.31, 9431.31),
('Jude Pharmacy', 'Jude Pharmacy', '', 'TWCPI83172', '2019-08-30', 27, 21622.1, 21622.1),
('St\' Jude Pharmacy', 'St\' Jude Pharmacy', '', 'TWCPI83173', '2019-08-30', 27, 1358.26, 1358.26),
('Jude Pharmacy', 'Jude Pharmacy', '', 'TWCPI83176', '2019-08-30', 27, 9466, 9466),
('New St. Joseph Pharmacy & Grocery', 'New St. Joseph Pharmacy & Grocery', '', 'TWCPI83180', '2019-08-30', 27, 8008.54, 8008.54),
('Jasmine Pharmacy', 'Jasmine Pharmacy', '', 'TWCPI83181', '2019-08-30', 27, 142695, 142695),
('Suasi Pharmacy And Grocery', 'Suasi Pharmacy And Grocery', '', 'TWCPI83182', '2019-08-30', 27, 10558.1, 10558.1),
('International Institute Of Health Sciences (PVT) L', 'International Institute Of Health Sciences (PVT) L', '', 'TWCPI83183', '2019-08-30', 27, 795, 795),
('Nalaka Pharmacy', 'Nalaka Pharmacy', '', 'TWCPI83184', '2019-08-30', 27, 25378.6, 25378.6),
('Super Medical', 'Super Medical', '', 'TWCPI83185', '2019-08-30', 27, 25670.9, 25670.9),
('Sethma Pharmacy', 'Sethma Pharmacy', '', 'TWCPI83186', '2019-08-30', 27, 150618, 150618),
('Super Medical', 'Super Medical', '', 'TWCPI83187', '2019-08-30', 27, 8977.6, 8977.6),
('Supreme Pharmacy', 'Supreme Pharmacy', '', 'TWCPI83188', '2019-08-30', 27, 83704, 83704),
('St\'joseph Pharmacy', 'St\'joseph Pharmacy', '', 'TWCPI83189', '2019-08-30', 27, 3398.82, 3398.82),
('New Cristal Pharmacy', 'New Cristal Pharmacy', '', 'TWCPI83190', '2019-08-30', 27, 57966, 57966),
('Ave Maria Pharmacy', 'Ave Maria Pharmacy', '', 'TWCPI83191', '2019-08-30', 27, 3656, 3656),
('Lakshi Pharmacy & Grocery', 'Lakshi Pharmacy & Grocery', '', 'TWCPI83192', '2019-08-30', 27, 23779.9, 358.31),
('Asoka Pharmacy', 'Asoka Pharmacy', '', 'TWCPI83193', '2019-08-30', 27, 20549.6, 20549.6),
('Nawa Lanka Pharmacy', 'Nawa Lanka Pharmacy', '', 'TWCPI83195', '2019-08-30', 27, 38051, 38051),
('Reliance Pharma', 'Reliance Pharma', '', 'TWCPI83196', '2019-08-30', 27, 21642.7, 21642.7),
('K S A Medical', 'K S A Medical', '', 'TWCPI83198', '2019-08-30', 27, 16708.6, 16708.6),
('Best Way Pharmacy', 'Best Way Pharmacy', '', 'TWCPI83199', '2019-08-30', 27, 1932.54, 1034.78),
('Angels Pharmacy', 'Angels Pharmacy', '', 'TWCPI83200', '2019-08-30', 27, 7421.17, 7421.17),
('Royal Pharma', 'Royal Pharma', '', 'TWCPI83202', '2019-08-30', 27, 23542, 22805.6),
('Dr. G. G. S. weerasuriya', 'Dr. G. G. S. weerasuriya', '', 'TWCPI83203', '2019-08-30', 27, 2153.04, 2153.04),
('Nawa Lanka Pharmacy', 'Nawa Lanka Pharmacy', '', 'TWCPI83204', '2019-08-30', 27, 19929.7, 19929.7),
('Sethma Pharmacy', 'Sethma Pharmacy', '', 'TWCPI83205', '2019-08-30', 27, 83492.3, 83492.3),
('the British Stores', 'the British Stores', '', 'TWCPI83208', '2019-08-30', 27, 2135.34, 2135.34),
('New Anrita Pharmacy', 'New Anrita Pharmacy', '', 'TWCPI83209', '2019-08-30', 27, 62180, 62180),
('K S A Medical', 'K S A Medical', '', 'TWCPI83211', '2019-08-30', 27, 4226.03, 4226.03),
('Champika Medical', 'Champika Medical', '', 'TWCPI83213', '2019-08-30', 27, 11777.8, 11777.8),
('Isira Pharmacy', 'Isira Pharmacy', '', 'TWCPI83215', '2019-08-30', 27, 14420.3, 14420.3),
('Nawaloka Hospital', 'Nawaloka Hospital', '', 'TWCPI83216', '2019-08-30', 27, 235674, 235674),
('Niroga Pharmacy', 'Niroga Pharmacy', '', 'TWCPI83217', '2019-08-31', 26, 7538.28, 7538.28),
('Suwa Sarana Osusala', 'Suwa Sarana Osusala', '', 'TWCPI83218', '2019-08-31', 26, 3626.57, 2863.57),
('New Central Pharmacy', 'New Central Pharmacy', '', 'TWCPI83219', '2019-08-31', 26, 21211.4, 21211.4),
('Champika Medical', 'Champika Medical', '', 'TWCPI83223', '2019-08-31', 26, 29871.4, 28327.1),
('Roshini Pharmacy', 'Roshini Pharmacy', '', 'TWCPI83224', '2019-08-31', 26, 1268.58, 1268.58),
('Super Medical', 'Super Medical', '', 'TWCPI83225', '2019-08-31', 26, 31690.4, 31690.4),
('Pamunugama Osusala', 'Pamunugama Osusala', '', 'TWCPI83227', '2019-08-31', 26, 36356.2, 36356.2),
('Super Medical', 'Super Medical', '', 'TWCPI83228', '2019-08-31', 26, 3105, 3105),
('K S A Medical', 'K S A Medical', '', 'TWCPI83231', '2019-08-31', 26, 2707.92, 2707.92),
('Asoka Pharmacy', 'Asoka Pharmacy', '', 'TWCPI83232', '2019-08-31', 26, 6388.46, 6388.46),
('Reliance Pharma', 'Reliance Pharma', '', 'TWCPI83234', '2019-08-31', 26, 11975.6, 9771.56),
('Ragama Pharmacy 1', 'Ragama Pharmacy 1', '', 'TWCPI83235', '2019-08-31', 26, 71479.9, 71479.9),
('Niroga Pharmacy', 'Niroga Pharmacy', '', 'TWCPI83236', '2019-08-31', 26, 1514.97, 1514.97),
('New Central Pharmacy', 'New Central Pharmacy', '', 'TWCPI83239', '2019-08-31', 26, 4796.52, 4796.52),
('Ragama Pharmacy 1', 'Ragama Pharmacy 1', '', 'TWCPI83241', '2019-08-31', 26, 179079, 179079),
('New Cristal Pharmacy', 'New Cristal Pharmacy', '', 'TWCPI83242', '2019-08-31', 26, 10676.7, 10676.7),
('Bopitiya Pharmacy', 'Bopitiya Pharmacy', '', 'TWCPI83243', '2019-08-31', 26, 6098.4, 6098.4),
('Super Medical', 'Super Medical', '', 'TWCPI83244', '2019-08-31', 26, 14846.3, 14846.3),
('Sethma Pharmacy', 'Sethma Pharmacy', '', 'TWCPI83245', '2019-08-31', 26, 45644.5, 44352.7),
('W. Mendis Chemist', 'W. Mendis Chemist', '', 'TWCPI83248', '2019-08-31', 26, 20548.3, 20548.3),
('Super Medical', 'Super Medical', '', 'TWCPI83250', '2019-08-31', 26, 5339.1, 5339.1),
('New Cristal Pharmacy', 'New Cristal Pharmacy', '', 'TWCPI83251', '2019-08-31', 26, 15481.4, 10513.6),
('Ajantha Osusala', 'Ajantha Osusala', '', 'TWCPI83253', '2019-08-31', 26, 8000, 5600),
('Ajantha Osusala', 'Ajantha Osusala', '', 'TWCPI83254', '2019-08-31', 26, 5119.98, 5119.98),
('Supreme Pharmacy', 'Supreme Pharmacy', '', 'TWCPI83255', '2019-08-31', 26, 4168.54, 4168.54),
('Ragama Pharmacy 1', 'Ragama Pharmacy 1', '', 'TWCPI83256', '2019-08-31', 26, 45779.6, 45779.6),
('Sethma Pharmacy', 'Sethma Pharmacy', '', 'TWCPI83257', '2019-08-31', 26, 76188.9, 66480.9),
('Oriyant Pharmacy', 'Oriyant Pharmacy', '', 'TWCPI83262', '2019-08-31', 26, 6356.28, 6356.28),
('Nawa Lanka Pharmacy', 'Nawa Lanka Pharmacy', '', 'TWCPI83264', '2019-08-31', 26, 11714.1, 11714.1),
('Wijaya Pharmacy', 'Wijaya Pharmacy', '', 'TWCPI83265', '2019-08-31', 26, 2291.73, 2291.73),
('Dr. Gayan Jayakody', 'Dr. Gayan Jayakody', '', 'TWCPI83266', '2019-08-31', 26, 52247, 52247),
('Unique Pharmacy', 'Unique Pharmacy', '', 'TWCPI83267', '2019-08-31', 26, 78878.8, 78878.8),
('Araliya Pharmacy', 'Araliya Pharmacy', '', 'TWCPI83268', '2019-08-31', 26, 41305.2, 39827.2),
('Dr. R.S.S.K Pathirana', 'Dr. R.S.S.K Pathirana', '', 'TWCPI83269', '2019-08-31', 26, 13713, 13713),
('Dr. R.S.S.K Pathirana', 'Dr. R.S.S.K Pathirana', '', 'TWCPI83270', '2019-08-31', 26, 1426.95, 1426.95),
('Trust Chemist Pharmacy', 'Trust Chemist Pharmacy', '', 'TWCPI83271', '2019-08-31', 26, 2304.92, 2304.92),
('Trust Chemist Pharmacy', 'Trust Chemist Pharmacy', '', 'TWCPI83272', '2019-08-31', 26, 4245.43, 4245.43),
('Dr. S. L. M. Javahir', 'Dr. S. L. M. Javahir', '', 'TWCPI83273', '2019-08-31', 26, 108627, 108627),
('Jasmine Pharmacy', 'Jasmine Pharmacy', '', 'TWCPI83274', '2019-08-31', 26, 5578.21, 5578.21),
('Shris Lanka Pharmacy', 'Shris Lanka Pharmacy', '', 'TWCPI83275', '2019-08-31', 26, 5446.54, 5446.54),
('Family Care Pharmacy And Grocery', 'Family Care Pharmacy And Grocery', '', 'TWCPI83276', '2019-08-31', 26, 34733.5, 34733.5),
('leesons Pharmacy', 'leesons Pharmacy', '', 'TWCPI83277', '2019-08-31', 26, 7117.8, 7117.8),
('Unique Pharmacy', 'Unique Pharmacy', '', 'TWCPI83279', '2019-08-31', 26, 104498, 104498),
('Jude Pharmacy', 'Jude Pharmacy', '', 'TWCPI83281', '2019-08-31', 26, 7904.2, 7904.2),
('Sethma Pharmacy', 'Sethma Pharmacy', '', 'TWCPI83282', '2019-08-31', 26, 61100, 61100),
('Super Medical', 'Super Medical', '', 'TWCPI83283', '2019-08-31', 26, 61100, 61100),
('Araliya Pharmacy', 'Araliya Pharmacy', '', 'TWCPI83284', '2019-08-31', 26, 63603, 63603),
('Ranmina Pharmacy', 'Ranmina Pharmacy', '', 'TWCPI83285', '2019-08-31', 26, 5289.34, 5289.34),
('Gayasha Pharmacy', 'Gayasha Pharmacy', '', 'TWCPI83286', '2019-08-31', 26, 23086.1, 23086.1),
('Gayasha Pharmacy', 'Gayasha Pharmacy', '', 'TWCPI83287', '2019-08-31', 26, 4756.5, 4756.5),
('Unique Pharmacy', 'Unique Pharmacy', '', 'TWCPI83288', '2019-08-31', 26, 146643, 146643),
('Ragama Pharmacy 1', 'Ragama Pharmacy 1', '', 'TWCPI83289', '2019-08-31', 26, 144877, 144877),
('Robert Mdicals', 'Robert Mdicals', '', 'TWCPI83290', '2019-08-31', 26, 10590.3, 10590.3),
('Dagonna Pharmacy', 'Dagonna Pharmacy', '', 'TWCPI83293', '2019-08-31', 26, 13608.3, 13608.3),
('New Cristal Pharmacy', 'New Cristal Pharmacy', '', 'TWCPI83296', '2019-08-31', 26, 39256.4, 39256.4),
('New Anrita Pharmacy', 'New Anrita Pharmacy', '', 'TWCPI83297', '2019-08-31', 26, 2707.33, 2707.33),
('Shanthi Pharmacy', 'Shanthi Pharmacy', '', 'TWCPI83298', '2019-08-31', 26, 39397.8, 39397.8),
('Thenuka Pharmacy', 'Thenuka Pharmacy', '', 'TWCPI83299', '2019-08-31', 26, 14825.3, 13552.3),
('Union Chemist', 'Union Chemist', '', 'TWCPI83300', '2019-08-31', 26, 272797, 272797),
('Moon Pharmacy', 'Moon Pharmacy', '', 'TWCPI83301', '2019-08-31', 26, 41779.5, 41779.5),
('Iresha Pharmaceuticals', 'Iresha Pharmaceuticals', '', 'TWCPI83303', '2019-08-31', 26, 16544.4, 36.21),
('Mahajana Osusala', 'Mahajana Osusala', '', 'TWCPI83304', '2019-08-31', 26, 3977.46, 3977.46),
('Asoka Pharmacy', 'Asoka Pharmacy', '', 'TWCPI83306', '2019-08-31', 26, 9023.01, 9023.01),
('Dr. Mahendra David', 'Dr. Mahendra David', '', 'TWCPI83309', '2019-08-31', 26, 17151.7, 17151.7),
('Lanka Pharmacy', 'Lanka Pharmacy', '', 'TWCPI83312', '2019-08-31', 26, 35349.9, 5125.6),
('Best Way Pharmacy', 'Best Way Pharmacy', '', 'TWCPI83313', '2019-08-31', 26, 7005.5, 7005.5),
('Unique Pharmacy', 'Unique Pharmacy', '', 'TWCPI83314', '2019-08-31', 26, 21780.6, 21780.6),
('Nawa Lanka Pharmacy', 'Nawa Lanka Pharmacy', '', 'TWCPI83315', '2019-08-31', 26, 4678.1, 4678.1),
('Negombo Drugs', 'Negombo Drugs', '', 'TWCPI83316', '2019-08-31', 26, 3963.34, 3963.34),
('Kalidson Pharmacy', 'Kalidson Pharmacy', '', 'TWCPI83318', '2019-08-31', 26, 23782.5, 23782.5),
('Gayasha Pharmacy', 'Gayasha Pharmacy', '', 'TWCPI83319', '2019-08-31', 26, 125947, 125947),
('Dr. Ananda Rathnayeke', 'Dr. Ananda Rathnayeke', '', 'TWCPI83320', '2019-08-31', 26, 3465.6, 3465.6),
('Dr. Prasad Fernando', 'Dr. Prasad Fernando', '', 'TWCPI83321', '2019-08-31', 26, 4959.3, 4959.3),
('Dr. S. L. M. Javahir', 'Dr. S. L. M. Javahir', '', 'TWCPI83322', '2019-08-31', 26, 19675.7, 19675.7),
('Dr. H. M. P. Herath', 'Dr. H. M. P. Herath', '', 'TWCPI83323', '2019-08-31', 26, 10654, 10654),
('Reliable Pharmacy', 'Reliable Pharmacy', '', 'TWCPI83324', '2019-08-31', 26, 23782.5, 23782.5),
('Ranmina Pharmacy(Life Care Hospital)', 'Ranmina Pharmacy(Life Care Hospital)', '', 'TWCPI83326', '2019-08-31', 26, 28647.8, 28647.8),
('Shanthi Pharmacy', 'Shanthi Pharmacy', '', 'TWCPI83328', '2019-08-31', 26, 14269.5, 14269.5),
('Leesons Pharmacy', 'Leesons Pharmacy', '', 'TWCPI83329', '2019-08-31', 26, 23782.5, 23782.5),
('Moon Pharmacy', 'Moon Pharmacy', '', 'TWCPI83330', '2019-08-31', 26, 4756.5, 4756.5),
('Trust Chemist Pharmacy', 'Trust Chemist Pharmacy', '', 'TWCPI83331', '2019-08-31', 26, 2918.62, 2918.62),
('Thudella Pharmacy', 'Thudella Pharmacy', '', 'TWCPI83332', '2019-08-31', 26, 951.3, 951.3),
('Dagonna Pharmacy', 'Dagonna Pharmacy', '', 'TWCPI83336', '2019-08-31', 26, 47565, 47565),
('Sethma Pharmacy', 'Sethma Pharmacy', '', 'TWCPI83337', '2019-08-31', 26, 5520, 5520),
('Santhana Pharmacy', 'Santhana Pharmacy', '', 'TWCPI83339', '2019-08-31', 26, 8737.66, 8737.66),
('Darshana Pharmacy', 'Darshana Pharmacy', '', 'TWCPI83340', '2019-08-31', 26, 15981, 15981),
('P And J Pharmacy', 'P And J Pharmacy', '', 'TWCPI83341', '2019-08-31', 26, 41408.7, 41408.7),
('Unique Pharmacy', 'Unique Pharmacy', '', 'TWCPI83342', '2019-08-31', 26, 12034.7, 12034.7),
('Leesons Pharmacy', 'Leesons Pharmacy', '', 'TWCPI83343', '2019-08-31', 26, 12221, 12221),
('Dr. U. P. Danniel', 'Dr. U. P. Danniel', '', 'TWCPI83344', '2019-08-31', 26, 14101, 14101),
('Dr. J. Welikala', 'Dr. J. Welikala', '', 'TWCPI83346', '2019-08-31', 26, 3760.6, 3760.6),
('Pamunugama Osusala', 'Pamunugama Osusala', '', 'TWCPI83347', '2019-08-31', 26, 9513, 9513),
('Gayasha Pharmacy', 'Gayasha Pharmacy', '', 'TWCPI83348', '2019-08-31', 26, 51346.8, 51346.8),
('Gayasha Pharmacy', 'Gayasha Pharmacy', '', 'TWCPI83349', '2019-08-31', 26, 67150, 67150),
('Thilina Pharmacy', 'Thilina Pharmacy', '', 'TWCPI83350', '2019-08-31', 26, 8465.48, 8465.48),
('New City Pharmacy', 'New City Pharmacy', '', 'TWCPI83351', '2019-08-31', 26, 24842.1, 21857.8),
('Iresha Pharmaceuticals', 'Iresha Pharmaceuticals', '', 'TWCPI83352', '2019-08-31', 26, 12107.6, 3110),
('Pamunugama Osusala', 'Pamunugama Osusala', '', 'TWCPI83355', '2019-08-31', 26, 61436.9, 61436.9),
('Srilak Pharmacy', 'Srilak Pharmacy', '', 'TWCPI83356', '2019-08-31', 26, 22738.3, 22738.3),
('N S Medical', 'N S Medical', '', 'TWCPI83357', '2019-08-31', 26, 1092.93, 7.28),
('Hiru Pharmacy', 'Hiru Pharmacy', '', 'TWCPI83359', '2019-08-31', 26, 3400.76, 3400.76),
('Hiru Pharmacy', 'Hiru Pharmacy', '', 'TWCPI83360', '2019-08-31', 26, 23584.6, 23584.6),
('New Pharmacy', 'New Pharmacy', '', 'TWCPI83363', '2019-08-31', 26, 59623.1, 463),
('Union Chemist', 'Union Chemist', '', 'TWCPI83364', '2019-08-31', 26, 5453.11, 5453.11),
('The Pharmacy', 'The Pharmacy', '', 'TWCPI83370', '2019-08-31', 26, 131980, 39594),
('New St. Joseph Pharmacy & Grocery', 'New St. Joseph Pharmacy & Grocery', '', 'TWCPI83371', '2019-08-31', 26, 131980, 39594),
('City Medicals', 'City Medicals', '', 'TWCPI83374', '2019-08-31', 26, 29343.7, 29343.7),
('New Cristal Pharmacy', 'New Cristal Pharmacy', '', 'TWCPI83375', '2019-08-31', 26, 13304.3, 13304.3),
('Hiru Pharmacy', 'Hiru Pharmacy', '', 'TWCPI83376', '2019-08-31', 26, 12431.8, 9577.55),
('Moon Pharmacy', 'Moon Pharmacy', '', 'TWCPI83377', '2019-08-31', 26, 39648.4, 39648.4),
('Ranmina Pharmacy(Life Care Hospital)', 'Ranmina Pharmacy(Life Care Hospital)', '', 'TWCPI83378', '2019-08-31', 26, 25410.5, 25410.5),
('Sarani Pharmacy', 'Sarani Pharmacy', '', 'TWCPI83380', '2019-08-31', 26, 20642.9, 18251.6),
('Saduni Pharmacy', 'Saduni Pharmacy', '', 'TWCPI83381', '2019-08-31', 26, 7064.96, 7064.96),
('Nawa Lanka Pharmacy', 'Nawa Lanka Pharmacy', '', 'TWCPI83382', '2019-08-31', 26, 30550, 30550),
('Nawa Osusala', 'Nawa Osusala', '', 'TWCPI83383', '2019-08-31', 26, 46170.7, 46170.7),
('Unique Pharmacy', 'Unique Pharmacy', '', 'TWCPI83384', '2019-08-31', 26, 91650, 91650),
('Unique Pharmacy', 'Unique Pharmacy', '', 'TWCPI83385', '2019-08-31', 26, 75369.1, 75369.1),
('New Central Pharmacy', 'New Central Pharmacy', '', 'TWCPI83386', '2019-08-31', 26, 37905.3, 37905.3),
('P And J Pharmacy', 'P And J Pharmacy', '', 'TWCPI83387', '2019-08-31', 26, 91650, 91650),
('P And J Pharmacy', 'P And J Pharmacy', '', 'TWCPI83388', '2019-08-31', 26, 110913, 110913),
('Health And Glow Pharmacy', 'Health And Glow Pharmacy', '', 'TWCPI83389', '2019-08-31', 26, 91650, 91650),
('Union Chemist', 'Union Chemist', '', 'TWCPI83391', '2019-08-31', 26, 99729.9, 99729.9),
('Union Chemist', 'Union Chemist', '', 'TWCPI83392', '2019-08-31', 26, 33684, 33684),
('Union Chemist', 'Union Chemist', '', 'TWCPI83393', '2019-08-31', 26, 70785.2, 70785.2),
('New City Pharmacy', 'New City Pharmacy', '', 'TWCPI83395', '2019-08-31', 26, 60516.5, 49288.5),
('The British Pharmacy', 'The British Pharmacy', '', 'TWCPI83396', '2019-08-31', 26, 47260.1, 38466.9),
('Bopitiya Pharmacy', 'Bopitiya Pharmacy', '', 'TWCPI83397', '2019-08-31', 26, 91650, 91650),
('Rilaulla Pharmacy', 'Rilaulla Pharmacy', '', 'TWCPI83398', '2019-08-31', 26, 80422, 80422),
('Mahajana Osusala', 'Mahajana Osusala', '', 'TWCPI83399', '2019-08-31', 26, 38644, 38644),
('Shanthi Pharmacy', 'Shanthi Pharmacy', '', 'TWCPI83401', '2019-08-31', 26, 7010.75, 7010.75),
('Unique Pharmacy', 'Unique Pharmacy', '', 'TWCPI83403', '2019-08-31', 26, 27005, 27005),
('S And G Pharmacy', 'S And G Pharmacy', '', 'TWCPI83404', '2019-08-31', 26, 13042.6, 13042.6),
('Hiru Pharmacy', 'Hiru Pharmacy', '', 'TWCPI83405', '2019-08-31', 26, 80422, 80422),
('Ajantha Osusala', 'Ajantha Osusala', '', 'TWCPI83406', '2019-08-31', 26, 57966, 57966),
('Thilina Pharmacy', 'Thilina Pharmacy', '', 'TWCPI83407', '2019-08-31', 26, 6392.65, 6392.65),
('New Cristal Pharmacy', 'New Cristal Pharmacy', '', 'TWCPI83409', '2019-08-31', 26, 1758.68, 1758.68),
('Health care medical and groceries', 'Health care medical and groceries', '', 'TWCPI83410', '2019-08-31', 26, 7306.34, 5790.34),
('City Medicals', 'City Medicals', '', 'TWCPI83411', '2019-08-31', 26, 7685.66, 7685.66),
('Nawa Lanka Pharmacy', 'Nawa Lanka Pharmacy', '', 'TWCPI83412', '2019-08-31', 26, 17452.7, 17452.7),
('Mahajana Osusala', 'Mahajana Osusala', '', 'TWCPI83415', '2019-08-31', 26, 37098.1, 37098.1),
('P And J Pharmacy', 'P And J Pharmacy', '', 'TWCPI83417', '2019-08-31', 26, 46574.8, 46574.8),
('Unique Pharmacy', 'Unique Pharmacy', '', 'TWCPI83418', '2019-08-31', 26, 93835, 93835),
('Unique Pharmacy', 'Unique Pharmacy', '', 'TWCPI83419', '2019-08-31', 26, 103552, 103552),
('Union Chemist', 'Union Chemist', '', 'TWCPI83420', '2019-08-31', 26, 3478.3, 3478.3),
('Union Chemist', 'Union Chemist', '', 'TWCPI83421', '2019-08-31', 26, 98235.6, 98235.6),
('Unique Pharmacy', 'Unique Pharmacy', '', 'TWCPI83422', '2019-08-31', 26, 2198.35, 2198.35),
('Unique Pharmacy', 'Unique Pharmacy', '', 'TWCPI83423', '2019-08-31', 26, 11078, 11078),
('Dr.O.N.H. Mapitigama', 'Dr.O.N.H. Mapitigama', '', 'TWCPI83424', '2019-08-31', 26, 13713, 13713),
('Supreme Pharmacy', 'Supreme Pharmacy', '', 'TWCPI83425', '2019-08-31', 26, 94090, 94090),
('Supreme Pharmacy', 'Supreme Pharmacy', '', 'TWCPI83426', '2019-08-31', 26, 47308, 47308),
('Supreme Pharmacy', 'Supreme Pharmacy', '', 'TWCPI83427', '2019-08-31', 26, 71847, 71847),
('Kalidson Pharmacy', 'Kalidson Pharmacy', '', 'TWCPI83428', '2019-08-31', 26, 86251.5, 86251.5),
('Shanthi Pharmacy', 'Shanthi Pharmacy', '', 'TWCPI83429', '2019-08-31', 26, 27387.8, 27387.8),
('Union Chemist', 'Union Chemist', '', 'TWCPI83430', '2019-08-31', 26, 1880.85, 1880.85),
('Dr. Lalith Halaba Arachchige.', 'Dr. Lalith Halaba Arachchige.', '', 'TWCPI83431', '2019-08-31', 26, 14113.5, 14113.5),
('Darshana Pharmacy', 'Darshana Pharmacy', '', 'TWCPI83433', '2019-08-31', 26, 94859.6, 94859.6),
('Angels Pharmacy', 'Angels Pharmacy', '', 'TWCPI83434', '2019-08-31', 26, 15669.2, 15669.2),
('H . R . Pharmacy', 'H . R . Pharmacy', '', 'TWCPI83435', '2019-08-31', 26, 15669.2, 15669.2),
('Dr. Thilak N Ranasinghe', 'Dr. Thilak N Ranasinghe', '', 'TWCPI83436', '2019-08-31', 26, 34666.8, 34666.8),
('Dr. J. B. Silva', 'Dr. J. B. Silva', '', 'TWCPI83437', '2019-08-31', 26, 7834.6, 7834.6),
('Dr. N.S.M Mendis', 'Dr. N.S.M Mendis', '', 'TWCPI83438', '2019-08-31', 26, 12534.8, 12534.8),
('Pamunugama Osusala', 'Pamunugama Osusala', '', 'TWCPI83439', '2019-08-31', 26, 12145, 12145),
('Hiru Pharmacy', 'Hiru Pharmacy', '', 'TWCPI83440', '2019-08-31', 26, 869.56, 869.56),
('Health care medical and groceries', 'Health care medical and groceries', '', 'TWCPI83443', '2019-08-31', 26, 5894.63, 5894.63),
('Ragama Pharmacy 1', 'Ragama Pharmacy 1', '', 'TWCPI83444', '2019-08-31', 26, 20130.6, 20130.6),
('Pamunugama Osusala', 'Pamunugama Osusala', '', 'TWCPI83445', '2019-08-31', 26, 35022.5, 35022.5),
('Sethma Pharmacy', 'Sethma Pharmacy', '', 'TWCPI83446', '2019-08-31', 26, 33993.6, 33993.6),
('Hiru Pharmacy', 'Hiru Pharmacy', '', 'TWCPI83447', '2019-08-31', 26, 26243, 26243),
('Lanka Pharmacy', 'Lanka Pharmacy', '', 'TWCPI83449', '2019-08-31', 26, 91650, 91650),
('Bopitiya Pharmacy', 'Bopitiya Pharmacy', '', 'TWCPI83450', '2019-08-31', 26, 25358.8, 25358.8),
('Bopitiya Pharmacy', 'Bopitiya Pharmacy', '', 'TWCPI83451', '2019-08-31', 26, 45358.9, 45358.9),
('Dagonna Pharmacy', 'Dagonna Pharmacy', '', 'TWCPI83452', '2019-08-31', 26, 45034.4, 45034.4),
('Health And Glow Pharmacy', 'Health And Glow Pharmacy', '', 'TWCPI83453', '2019-08-31', 26, 23090, 13539.6),
('Sriee Pharmacy', 'Sriee Pharmacy', '', 'TWCPI83454', '2019-08-31', 26, 78715.5, 48872.1),
('Seeduwa Medical Stories', 'Seeduwa Medical Stories', '', 'TWCPI83455', '2019-08-31', 26, 29361.7, 29361.7),
('Niroga Pharmacy', 'Niroga Pharmacy', '', 'TWCPI83456', '2019-08-31', 26, 6656.6, 6656.6),
('Leesons Pharmacy', 'Leesons Pharmacy', '', 'TWCPI83458', '2019-08-31', 26, 6999.2, 6999.2),
('Bopitiya Pharmacy', 'Bopitiya Pharmacy', '', 'TWCPI83459', '2019-08-31', 26, 56651.1, 56651.1),
('New Western Pharmacy', 'New Western Pharmacy', '', 'TWCPI83461', '2019-08-31', 26, 42047.9, 22773.3),
('Dr. Mrs. Dammika Abeysingha', 'Dr. Mrs. Dammika Abeysingha', '', 'TWCPI83463', '2019-08-31', 26, 1951.6, 1951.6),
('Ranmina Pharmacy(Life Care Hospital)', 'Ranmina Pharmacy(Life Care Hospital)', '', 'TWCPI83466', '2019-08-31', 26, 8435.2, 8435.2),
('Union Chemist', 'Union Chemist', '', 'TWCPI83467', '2019-08-31', 26, 8435.2, 8435.2),
('Roshini Pharmacy', 'Roshini Pharmacy', '', 'TWCPI83468', '2019-08-31', 26, 4756.5, 4756.5),
('Champika Medical', 'Champika Medical', '', 'TWCPI83469', '2019-08-31', 26, 24106.1, 24106.1),
('The British Pharmacy', 'The British Pharmacy', '', 'TWCPI83471', '2019-08-31', 26, 9679.56, 9679.56),
('New City Pharmacy', 'New City Pharmacy', '', 'TWCPI83472', '2019-08-31', 26, 3846.73, 3846.73),
('St Ciciliya Pharmacy', 'St Ciciliya Pharmacy', '', 'TWCPI83473', '2019-08-31', 26, 16496.4, 1424.41),
('Seeduwa Medical Stories', 'Seeduwa Medical Stories', '', 'TWCPI83474', '2019-08-31', 26, 13861.7, 13861.7),
('Mahajana Osusala', 'Mahajana Osusala', '', 'TWCPI83475', '2019-08-31', 26, 7185.13, 7185.13),
('Mahajana Osusala', 'Mahajana Osusala', '', 'TWCPI83476', '2019-08-31', 26, 5490.5, 5490.5),
('New Western Pharmacy', 'New Western Pharmacy', '', 'TWCPI83478', '2019-08-31', 26, 11777.9, 11777.9),
('Hiru Pharmacy', 'Hiru Pharmacy', '', 'TWCPI83479', '2019-08-31', 26, 28677.1, 28677.1),
('Alliance Pharmacy', 'Alliance Pharmacy', '', 'TWCPI83480', '2019-08-31', 26, 1502.6, 1502.6),
('St\'jude\'s Pharmacy', 'St\'jude\'s Pharmacy', '', 'TWCPI83482', '2019-08-31', 26, 447, 447),
('C And D Pharmacy', 'C And D Pharmacy', '', 'TWCPI83483', '2019-08-31', 26, 1335.88, 1335.88),
('The Raddolugama Pharmacy', 'The Raddolugama Pharmacy', '', 'TWCPI83485', '2019-08-31', 26, 2480, 32),
('Sahana Osusala', 'Sahana Osusala', '', 'TWCPI83486', '2019-08-31', 26, 447, 447),
('St\'joseph Pharmacy', 'St\'joseph Pharmacy', '', 'TWCPI83488', '2019-08-31', 26, 4266.65, 4266.65),
('Darshana Pharmacy', 'Darshana Pharmacy', '', 'TWCPI83489', '2019-08-31', 26, 7950, 7950),
('The British Pharmacy', 'The British Pharmacy', '', 'TWCPI83490', '2019-08-31', 26, 6932.16, 6932.16),
('Dr. Susith Perera', 'Dr. Susith Perera', '', 'TWCPI83491', '2019-08-31', 26, 13333.5, 13333.5),
('Dr. S. L. M. Javahir', 'Dr. S. L. M. Javahir', '', 'TWCPI83492', '2019-08-31', 26, 13333.5, 13333.5),
('Dr. N.S.M Mendis', 'Dr. N.S.M Mendis', '', 'TWCPI83493', '2019-08-31', 26, 19601.3, 19601.3),
('Darshana Pharmacy', 'Darshana Pharmacy', '', 'TWCPI83494', '2019-08-31', 26, 9108.2, 9108.2),
('Union Chemist', 'Union Chemist', '', 'TWCPI83499', '2019-08-31', 26, 23827.6, 23827.6),
('New City Pharmacy', 'New City Pharmacy', '', 'TWCPI83500', '2019-08-31', 26, 16817.3, 16817.3),
('Shara Chemist', 'Shara Chemist', '', 'TWCPI83501', '2019-08-31', 26, 40874.9, 1096.39),
('Darani Pharmacy', 'Darani Pharmacy', '', 'TWCPI83502', '2019-08-31', 26, 59161.8, 59161.8),
('Unique Pharmacy', 'Unique Pharmacy', '', 'TWCPI83505', '2019-08-31', 26, 38290.8, 38290.8),
('Ajantha Osusala', 'Ajantha Osusala', '', 'TWCPI83507', '2019-08-31', 26, 4333.35, 4333.35),
('Lanka Pharmacy', 'Lanka Pharmacy', '', 'TWCPI83508', '2019-08-31', 26, 8666.7, 5607.48),
('Unique Pharmacy', 'Unique Pharmacy', '', 'TWCPI83509', '2019-08-31', 26, 6856.5, 6856.5),
('The Raddolugama Pharmacy', 'The Raddolugama Pharmacy', '', 'TWCPI83510', '2019-08-31', 26, 6856.5, 6856.5),
('Sethma Pharmacy', 'Sethma Pharmacy', '', 'TWCPI83511', '2019-08-31', 26, 6856.5, 6856.5),
('Super Medical', 'Super Medical', '', 'TWCPI83513', '2019-08-31', 26, 4704.5, 4704.5),
('Unique Pharmacy', 'Unique Pharmacy', '', 'TWCPI83517', '2019-08-31', 26, 17333.4, 17333.4),
('City Medicals', 'City Medicals', '', 'TWCPI83518', '2019-08-31', 26, 31849.6, 31849.6),
('The British Pharmacy', 'The British Pharmacy', '', 'TWCPI83519', '2019-08-31', 26, 39401.6, 39401.6),
('Shanthi Pharmacy', 'Shanthi Pharmacy', '', 'TWCPI83520', '2019-08-31', 26, 6037.81, 6037.81),
('Asoka Pharmacy', 'Asoka Pharmacy', '', 'TWCPI83521', '2019-08-31', 26, 6813.08, 6813.08),
('City Medicals', 'City Medicals', '', 'TWCPI83522', '2019-08-31', 26, 11008.3, 11008.3),
('Gayasha Pharmacy', 'Gayasha Pharmacy', '', 'TWCPI83523', '2019-08-31', 26, 9019.18, 9019.18),
('Leesons Pharmacy', 'Leesons Pharmacy', '', 'TWCPI83524', '2019-08-31', 26, 447, 447),
('Dr.R Somasundaran', 'Dr.R Somasundaran', '', 'TWCPI83527', '2019-08-31', 26, 64335, 64335),
('Sarani Pharmacy', 'Sarani Pharmacy', '', 'TWCPI83529', '2019-08-31', 26, 22634.8, 22634.8),
('Wijaya Pharmacy', 'Wijaya Pharmacy', '', 'TWCPI83530', '2019-08-31', 26, 1901.3, 1901.3),
('Hiru Pharmacy', 'Hiru Pharmacy', '', 'TWCPI83532', '2019-08-31', 26, 80993.2, 80993.2),
('New Cristal Pharmacy', 'New Cristal Pharmacy', '', 'TWCPI83534', '2019-08-31', 26, 2869.6, 2869.6),
('Lanka Pharmacy', 'Lanka Pharmacy', '', 'TWCPI83535', '2019-08-31', 26, 10042.8, 10042.8),
('Unique Pharmacy', 'Unique Pharmacy', '', 'TWCPI83536', '2019-08-31', 26, 20085.5, 20085.5),
('Union Chemist', 'Union Chemist', '', 'TWCPI83537', '2019-08-31', 26, 224807, 224807),
('Soft Life Pharmacy', 'Soft Life Pharmacy', '', 'TWCPI83538', '2019-08-31', 26, 5226.89, 5226.89),
('St\'jude\'s Pharmacy', 'St\'jude\'s Pharmacy', '', 'TWCPI83543', '2019-09-03', 23, 12331.8, 12331.8),
('P And J Pharmacy', 'P And J Pharmacy', '', 'TWCPI83547', '2019-09-03', 23, 16994.1, 16994.1),
('Chandrika Medical And Grocery', 'Chandrika Medical And Grocery', '', 'TWCPI83548', '2019-09-03', 23, 13797.5, 13797.5),
('Gimshani Pharmacy', 'Gimshani Pharmacy', '', 'TWCPI83550', '2019-09-03', 23, 4391.22, 4391.22),
('Home Need Pharmacy', 'Home Need Pharmacy', '', 'TWCPI83551', '2019-09-03', 23, 2799.44, 338.44),
('Niroga Pharmacy', 'Niroga Pharmacy', '', 'TWCPI83553', '2019-09-03', 23, 7258.12, 7258.12),
('Oshidi Medical\'s', 'Oshidi Medical\'s', '', 'TWCPI83554', '2019-09-03', 23, 7760.53, 7760.53),
('Sithara Pharmacy', 'Sithara Pharmacy', '', 'TWCPI83555', '2019-09-03', 23, 4005.77, 4005.77),
('Hansi Pharmacy', 'Hansi Pharmacy', '', 'TWCPI83557', '2019-09-03', 23, 4539.1, 4539.1),
('St\'joseph\'s Pharmacy', 'St\'joseph\'s Pharmacy', '', 'TWCPI83559', '2019-09-03', 23, 23868.4, 23868.4),
('St Ciciliya Pharmacy', 'St Ciciliya Pharmacy', '', 'TWCPI83561', '2019-09-03', 23, 3395.88, 3395.88),
('Calvary Pharmacy', 'Calvary Pharmacy', '', 'TWCPI83563', '2019-09-03', 23, 3739.69, 3739.69),
('St\'joseph Pharmacy', 'St\'joseph Pharmacy', '', 'TWCPI83565', '2019-09-03', 23, 70464, 70464),
('Niwasie Pharmacy', 'Niwasie Pharmacy', '', 'TWCPI83566', '2019-09-03', 23, 1922.88, 1922.88),
('Kapuwatta Pharmacy', 'Kapuwatta Pharmacy', '', 'TWCPI83567', '2019-09-03', 23, 2144.38, 2144.38),
('The British Stores', 'The British Stores', '', 'TWCPI83568', '2019-09-03', 23, 21215.2, 21215.2),
('P And J Pharmacy', 'P And J Pharmacy', '', 'TWCPI83569', '2019-09-03', 23, 42263.1, 42263.1),
('P And J Pharmacy', 'P And J Pharmacy', '', 'TWCPI83571', '2019-09-03', 23, 20663.5, 20663.5),
('Jayakody Pharmacy', 'Jayakody Pharmacy', '', 'TWCPI83572', '2019-09-03', 23, 13025.1, 13025.1),
('Pradipa Pharmacy', 'Pradipa Pharmacy', '', 'TWCPI83573', '2019-09-03', 23, 4407.34, 4407.34),
('Suranga Pharmacy', 'Suranga Pharmacy', '', 'TWCPI83574', '2019-09-03', 23, 1200.95, 1200.95),
('Niroga Pharmacy', 'Niroga Pharmacy', '', 'TWCPI83575', '2019-09-03', 23, 3203.9, 3203.9),
('New Ekala Pharmacy', 'New Ekala Pharmacy', '', 'TWCPI83577', '2019-09-03', 23, 2248.68, 2248.68),
('St\'joseph Pharmacy', 'St\'joseph Pharmacy', '', 'TWCPI83578', '2019-09-03', 23, 3201.96, 3201.96),
('St\'joseph\'s Pharmacy', 'St\'joseph\'s Pharmacy', '', 'TWCPI83579', '2019-09-03', 23, 29933.7, 29933.7),
('Asiri Pharmacy And Grocery', 'Asiri Pharmacy And Grocery', '', 'TWCPI83580', '2019-09-03', 23, 2992.89, 2992.89),
('Kandawala Pharmacy', 'Kandawala Pharmacy', '', 'TWCPI83581', '2019-09-03', 23, 1333.7, 1333.7),
('Sahana Osusala', 'Sahana Osusala', '', 'TWCPI83582', '2019-09-03', 23, 843, 843),
('Hemas Hospital', 'Hemas Hospital', '', 'TWCPI83586', '2019-09-03', 23, 6528.93, 6528.93),
('Hemas Hospital', 'Hemas Hospital', '', 'TWCPI83587', '2019-09-03', 23, 8098.77, 8098.77),
('Hemas Hospital', 'Hemas Hospital', '', 'TWCPI83588', '2019-09-03', 23, 101906, 58877.5),
('Wijaya Pharmacy', 'Wijaya Pharmacy', '', 'TWCPI83589', '2019-09-04', 22, 33055.1, 31525.5),
('Ranmina Pharmacy', 'Ranmina Pharmacy', '', 'TWCPI83590', '2019-09-04', 22, 23388, 23388),
('Sarani Pharmacy', 'Sarani Pharmacy', '', 'TWCPI83591', '2019-09-04', 22, 18164.5, 18164.5),
('St Joseph Pharmacy', 'St Joseph Pharmacy', '', 'TWCPI83592', '2019-09-04', 22, 20481.4, 20481.4),
('Wijaya Pharmacy', 'Wijaya Pharmacy', '', 'TWCPI83593', '2019-09-04', 22, 483.04, 483.04),
('The Raddolugama Pharmacy', 'The Raddolugama Pharmacy', '', 'TWCPI83594', '2019-09-04', 22, 5825.55, 5825.55),
('P And J Pharmacy', 'P And J Pharmacy', '', 'TWCPI83595', '2019-09-04', 22, 8460, 8460),
('Oshidi Medical\'s', 'Oshidi Medical\'s', '', 'TWCPI83597', '2019-09-04', 22, 4753.52, 4753.52),
('Niroga Pharmacy', 'Niroga Pharmacy', '', 'TWCPI83598', '2019-09-04', 22, 7464.06, 6437.4),
('Jayasiri Pharmacy', 'Jayasiri Pharmacy', '', 'TWCPI83599', '2019-09-04', 22, 3205.56, 3205.56),
('Nalaka Pharmacy', 'Nalaka Pharmacy', '', 'TWCPI83600', '2019-09-04', 22, 3558.9, 3558.9),
('Sarani Pharmacy', 'Sarani Pharmacy', '', 'TWCPI83601', '2019-09-04', 22, 12773.7, 12773.7),
('Niroga Pharmacy', 'Niroga Pharmacy', '', 'TWCPI83603', '2019-09-04', 22, 4590.56, 4590.56),
('St Ciciliya Pharmacy', 'St Ciciliya Pharmacy', '', 'TWCPI83605', '2019-09-04', 22, 6312.3, 2657.3),
('Sarani Pharmacy', 'Sarani Pharmacy', '', 'TWCPI83607', '2019-09-04', 22, 533.91, 533.91),
('P And J Pharmacy', 'P And J Pharmacy', '', 'TWCPI83609', '2019-09-04', 22, 16994.1, 16994.1),
('Srilak Pharmacy', 'Srilak Pharmacy', '', 'TWCPI83612', '2019-09-04', 22, 2351.3, 2351.3),
('Wijaya Pharmacy', 'Wijaya Pharmacy', '', 'TWCPI83613', '2019-09-04', 22, 6279.99, 2559.99),
('Kapuwatta Pharmacy', 'Kapuwatta Pharmacy', '', 'TWCPI83614', '2019-09-04', 22, 5339.1, 5339.1),
('Thilina Pharmacy', 'Thilina Pharmacy', '', 'TWCPI83615', '2019-09-04', 22, 2640, 2640),
('Dr. malika Perera', 'Dr. malika Perera', '', 'TWCPI83616', '2019-09-04', 22, 22917.3, 22917.3),
('Bopitiya Pharmacy', 'Bopitiya Pharmacy', '', 'TWCPI83618', '2019-09-04', 22, 11681.9, 11681.9),
('V M Pharmacy -', 'V M Pharmacy -', '', 'TWCPI83619', '2019-09-04', 22, 552, 552),
('Niroga Pharmacy', 'Niroga Pharmacy', '', 'TWCPI83620', '2019-09-04', 22, 9513, 9513),
('Wijaya Pharmacy', 'Wijaya Pharmacy', '', 'TWCPI83621', '2019-09-04', 22, 9513, 9513),
('Supreme Pharmacy', 'Supreme Pharmacy', '', 'TWCPI83622', '2019-09-04', 22, 20523.8, 20139.8),
('Kandawala Pharmacy', 'Kandawala Pharmacy', '', 'TWCPI83623', '2019-09-04', 22, 2371.77, 2371.77),
('Dr. Dinesh Hettiarachchi', 'Dr. Dinesh Hettiarachchi', '', 'TWCPI83625', '2019-09-04', 22, 4681.8, 4681.8),
('Dr. Sudath Fernando', 'Dr. Sudath Fernando', '', 'TWCPI83626', '2019-09-04', 22, 5339.1, 5339.1),
('Unique Pharmacy', 'Unique Pharmacy', '', 'TWCPI83629', '2019-09-04', 22, 12685.8, 12685.8),
('Unique Pharmacy', 'Unique Pharmacy', '', 'TWCPI83630', '2019-09-04', 22, 18068.3, 18068.3),
('Kalidson Pharmacy', 'Kalidson Pharmacy', '', 'TWCPI83631', '2019-09-04', 22, 15945.2, 9822.05),
('P And J Pharmacy', 'P And J Pharmacy', '', 'TWCPI83632', '2019-09-04', 22, 15808.5, 15808.5),
('Unique Pharmacy', 'Unique Pharmacy', '', 'TWCPI83634', '2019-09-04', 22, 26396, 26396),
('Chandrika Medical And Grocery', 'Chandrika Medical And Grocery', '', 'TWCPI83635', '2019-09-04', 22, 4791.09, 4791.09),
('Pamunugama Pharmacy', 'Pamunugama Pharmacy', '', 'TWCPI83637', '2019-09-04', 22, 24181.2, 24181.2),
('Gayasha Pharmacy', 'Gayasha Pharmacy', '', 'TWCPI83640', '2019-09-04', 22, 22406.2, 22406.2),
('Gayasha Pharmacy', 'Gayasha Pharmacy', '', 'TWCPI83641', '2019-09-04', 22, 31739.6, 31739.6),
('Mahajana Osusala', 'Mahajana Osusala', '', 'TWCPI83643', '2019-09-04', 22, 9275.4, 9275.4),
('Lanka Pharmacy', 'Lanka Pharmacy', '', 'TWCPI83644', '2019-09-04', 22, 93983.4, 93983.4),
('Jayasiri Pharmacy', 'Jayasiri Pharmacy', '', 'TWCPI83645', '2019-09-04', 22, 15403.5, 15403.5),
('The British Stores', 'The British Stores', '', 'TWCPI83647', '2019-09-04', 22, 19847.2, 19847.2),
('Santhana Pharmacy', 'Santhana Pharmacy', '', 'TWCPI83649', '2019-09-04', 22, 34064.9, 34064.9),
('Chrishanthas Pharmacy', 'Chrishanthas Pharmacy', '', 'TWCPI83650', '2019-09-04', 22, 10958.4, 10958.4),
('Ranmina Pharmacy', 'Ranmina Pharmacy', '', 'TWCPI83651', '2019-09-04', 22, 32482.4, 19284.4),
('Chandrika Medical And Grocery', 'Chandrika Medical And Grocery', '', 'TWCPI83652', '2019-09-04', 22, 8423.16, 8423.16),
('Oshidi Medical\'s', 'Oshidi Medical\'s', '', 'TWCPI83653', '2019-09-04', 22, 5811.52, 5811.52),
('Suranga Pharmacy', 'Suranga Pharmacy', '', 'TWCPI83654', '2019-09-04', 22, 1795.52, 897.76),
('Pradipa Pharmacy', 'Pradipa Pharmacy', '', 'TWCPI83655', '2019-09-04', 22, 2057.08, 2057.08),
('Jayakody Pharmacy', 'Jayakody Pharmacy', '', 'TWCPI83656', '2019-09-04', 22, 6067.69, 6067.69),
('St\'Anthony\'s Pharmacy', 'St\'Anthony\'s Pharmacy', '', 'TWCPI83657', '2019-09-04', 22, 22456, 22456),
('Apeksha Pharmacy', 'Apeksha Pharmacy', '', 'TWCPI83659', '2019-09-04', 22, 4819.46, 4819.46),
('Chandrika Medical And Grocery', 'Chandrika Medical And Grocery', '', 'TWCPI83660', '2019-09-04', 22, 2693.53, 2693.53),
('Isira Pharmacy', 'Isira Pharmacy', '', 'TWCPI83662', '2019-09-04', 22, 4821.29, 4821.29),
('Chandrika Medical And Grocery', 'Chandrika Medical And Grocery', '', 'TWCPI83663', '2019-09-04', 22, 3870.61, 3870.61),
('Wijaya Pharmacy', 'Wijaya Pharmacy', '', 'TWCPI83664', '2019-09-04', 22, 15133.2, 15133.2),
('Dankotuwa Medicals', 'Dankotuwa Medicals', '', 'TWCPI83665', '2019-09-04', 22, 19258.9, 3847.94),
('Sarani Pharmacy', 'Sarani Pharmacy', '', 'TWCPI83666', '2019-09-04', 22, 22456, 22456),
('Dankotuwa Medicals', 'Dankotuwa Medicals', '', 'TWCPI83667', '2019-09-04', 22, 14492.8, 1024.78),
('Hemas Hospital', 'Hemas Hospital', '', 'TWCPI83668', '2019-09-04', 22, 180004, 180004),
('The Raddolugama Pharmacy', 'The Raddolugama Pharmacy', '', 'TWCPI83669', '2019-09-05', 21, 12900.5, 12900.5),
('Thilina Pharmacy', 'Thilina Pharmacy', '', 'TWCPI83670', '2019-09-05', 21, 897.76, 897.76),
('Araliya Pharmacy', 'Araliya Pharmacy', '', 'TWCPI83671', '2019-09-05', 21, 55918.8, 54377.1),
('St\' Jude Pharmacy', 'St\' Jude Pharmacy', '', 'TWCPI83672', '2019-09-05', 21, 14013.3, 11811),
('Mabole Osusala', 'Mabole Osusala', '', 'TWCPI83673', '2019-09-05', 21, 2295.6, 2295.6),
('International Institute Of Health Sciences (PVT) L', 'International Institute Of Health Sciences (PVT) L', '', 'TWCPI83674', '2019-09-05', 21, 3830.1, 3830.1),
('Thilina Pharmacy', 'Thilina Pharmacy', '', 'TWCPI83675', '2019-09-05', 21, 3763.03, 3763.03),
('The Raddolugama Pharmacy', 'The Raddolugama Pharmacy', '', 'TWCPI83676', '2019-09-05', 21, 11228, 11228),
('Wijaya Pharmacy', 'Wijaya Pharmacy', '', 'TWCPI83677', '2019-09-05', 21, 1989.56, 1989.56),
('Wijaya Pharmacy', 'Wijaya Pharmacy', '', 'TWCPI83678', '2019-09-05', 21, 14309.1, 14309.1),
('Saduni Pharmacy', 'Saduni Pharmacy', '', 'TWCPI83679', '2019-09-05', 21, 7689.64, 7087.44),
('Niroga Pharmacy', 'Niroga Pharmacy', '', 'TWCPI83680', '2019-09-05', 21, 8590.41, 8590.41),
('the British Stores', 'the British Stores', '', 'TWCPI83683', '2019-09-05', 21, 39166.7, 39166.7),
('Jayasiri Pharmacy', 'Jayasiri Pharmacy', '', 'TWCPI83684', '2019-09-05', 21, 6867.16, 6867.16),
('Union Chemist', 'Union Chemist', '', 'TWCPI83685', '2019-09-05', 21, 3676.52, 3676.52),
('Santhana Pharmacy', 'Santhana Pharmacy', '', 'TWCPI83686', '2019-09-05', 21, 29344.1, 29344.1),
('Nalaka Pharmacy', 'Nalaka Pharmacy', '', 'TWCPI83688', '2019-09-05', 21, 8072.52, 7259.18),
('Chrishanthas Pharmacy', 'Chrishanthas Pharmacy', '', 'TWCPI83689', '2019-09-05', 21, 4859, 4859),
('St\' Jude Pharmacy', 'St\' Jude Pharmacy', '', 'TWCPI83690', '2019-09-05', 21, 6084.29, 6084.29),
('Ranmina Pharmacy', 'Ranmina Pharmacy', '', 'TWCPI83691', '2019-09-05', 21, 16851.4, 16038.1),
('Araliya Pharmacy', 'Araliya Pharmacy', '', 'TWCPI83692', '2019-09-05', 21, 49160, 49160),
('W. Mendis Chemist', 'W. Mendis Chemist', '', 'TWCPI83693', '2019-09-05', 21, 9678.98, 9678.98),
('Araliya Pharmacy', 'Araliya Pharmacy', '', 'TWCPI83694', '2019-09-05', 21, 18213.7, 18213.7),
('St\' Jude Pharmacy', 'St\' Jude Pharmacy', '', 'TWCPI83695', '2019-09-05', 21, 1059.62, 1059.62),
('The British Stores', 'The British Stores', '', 'TWCPI83696', '2019-09-05', 21, 8954.81, 8954.81),
('Isira Pharmacy', 'Isira Pharmacy', '', 'TWCPI83697', '2019-09-05', 21, 3057.65, 3057.65),
('Santhana Pharmacy', 'Santhana Pharmacy', '', 'TWCPI83699', '2019-09-05', 21, 4450.06, 4450.06),
('The Raddolugama Pharmacy', 'The Raddolugama Pharmacy', '', 'TWCPI83700', '2019-09-05', 21, 4265.2, 4265.2),
('St\'joseph Pharmacy', 'St\'joseph Pharmacy', '', 'TWCPI83701', '2019-09-05', 21, 1733.52, 1733.52),
('Araliya Pharmacy', 'Araliya Pharmacy', '', 'TWCPI83703', '2019-09-05', 21, 12825, 12825),
('People\'s Pharmacy', 'People\'s Pharmacy', '', 'TWCPI83704', '2019-09-05', 21, 9513, 9513),
('Jayasiri Pharmacy', 'Jayasiri Pharmacy', '', 'TWCPI83705', '2019-09-05', 21, 4756.5, 4756.5),
('St\' Jude Pharmacy', 'St\' Jude Pharmacy', '', 'TWCPI83706', '2019-09-05', 21, 6226.92, 6226.92),
('Nawa Osusala', 'Nawa Osusala', '', 'TWCPI83707', '2019-09-05', 21, 16834.1, 16834.1),
('Sithara Pharmacy', 'Sithara Pharmacy', '', 'TWCPI83709', '2019-09-05', 21, 2853.9, 2853.9),
('The British Pharmacy', 'The British Pharmacy', '', 'TWCPI83710', '2019-09-05', 21, 9513, 9513),
('Saduni Pharmacy', 'Saduni Pharmacy', '', 'TWCPI83712', '2019-09-05', 21, 5541.24, 5541.24),
('St\'joseph Pharmacy', 'St\'joseph Pharmacy', '', 'TWCPI83714', '2019-09-05', 21, 9172.78, 9172.78),
('International Institute Of Health Sciences (PVT) L', 'International Institute Of Health Sciences (PVT) L', '', 'TWCPI83715', '2019-09-05', 21, 12661.3, 12661.3),
('Union Chemist', 'Union Chemist', '', 'TWCPI83716', '2019-09-05', 21, 2980, 2980),
('The British Stores', 'The British Stores', '', 'TWCPI83717', '2019-09-05', 21, 9513, 9513),
('Wijaya Pharmacy', 'Wijaya Pharmacy', '', 'TWCPI83718', '2019-09-05', 21, 2634.75, 2634.75),
('Mabole Osusala', 'Mabole Osusala', '', 'TWCPI83719', '2019-09-05', 21, 9993.38, 7883.16),
('Shris Lanka Pharmacy', 'Shris Lanka Pharmacy', '', 'TWCPI83720', '2019-09-05', 21, 5937.9, 5937.9),
('Oshidi Medical\'s', 'Oshidi Medical\'s', '', 'TWCPI83723', '2019-09-05', 21, 12660.9, 12660.9),
('Dr. Krishantha Gunathilaka', 'Dr. Krishantha Gunathilaka', '', 'TWCPI83725', '2019-09-05', 21, 5339.1, 5339.1),
('Ragama Pharmacy 1', 'Ragama Pharmacy 1', '', 'TWCPI83726', '2019-09-05', 21, 23782.5, 23782.5),
('Unique Pharmacy', 'Unique Pharmacy', '', 'TWCPI83729', '2019-09-05', 21, 2347.85, 2347.85),
('P And J Pharmacy', 'P And J Pharmacy', '', 'TWCPI83730', '2019-09-05', 21, 4695.7, 4695.7),
('Union Chemist', 'Union Chemist', '', 'TWCPI83731', '2019-09-05', 21, 2347.85, 2347.85),
('Ajantha Osusala', 'Ajantha Osusala', '', 'TWCPI83732', '2019-09-05', 21, 2347.85, 2347.85),
('Lanka Pharmacy', 'Lanka Pharmacy', '', 'TWCPI83733', '2019-09-05', 21, 2347.85, 2347.85),
('Gimshani Pharmacy', 'Gimshani Pharmacy', '', 'TWCPI83735', '2019-09-05', 21, 4685.85, 4685.85),
('Sahana Osusala', 'Sahana Osusala', '', 'TWCPI83736', '2019-09-05', 21, 15893.2, 15893.2),
('Sampath Pharmacy', 'Sampath Pharmacy', '', 'TWCPI83737', '2019-09-05', 21, 2800.62, 2800.62),
('St Joseph Pharmacy', 'St Joseph Pharmacy', '', 'TWCPI83741', '2019-09-05', 21, 1989.56, 1989.56),
('St Joseph Pharmacy', 'St Joseph Pharmacy', '', 'TWCPI83742', '2019-09-05', 21, 12027.9, 11237.5),
('Kandawala Pharmacy', 'Kandawala Pharmacy', '', 'TWCPI83744', '2019-09-05', 21, 2655.01, 2655.01),
('Suranga Pharmacy', 'Suranga Pharmacy', '', 'TWCPI83745', '2019-09-05', 21, 1512.26, 1512.26),
('St Joseph Pharmacy', 'St Joseph Pharmacy', '', 'TWCPI83747', '2019-09-05', 21, 6454.62, 6454.62),
('V M Pharmacy -', 'V M Pharmacy -', '', 'TWCPI83748', '2019-09-05', 21, 1938.15, 1938.15),
('Suranga Pharmacy', 'Suranga Pharmacy', '', 'TWCPI83749', '2019-09-05', 21, 1148.12, 1148.12),
('Kandawala Pharmacy', 'Kandawala Pharmacy', '', 'TWCPI83750', '2019-09-05', 21, 1721.71, 1721.71),
('Thilina Pharmacy', 'Thilina Pharmacy', '', 'TWCPI83751', '2019-09-05', 21, 3107.16, 3107.16),
('The Raddolugama Pharmacy', 'The Raddolugama Pharmacy', '', 'TWCPI83753', '2019-09-05', 21, 4310.82, 4310.82),
('Dr. Iresh Dasanayaka', 'Dr. Iresh Dasanayaka', '', 'TWCPI83754', '2019-09-05', 21, 18279, 18279),
('Kandawala Pharmacy', 'Kandawala Pharmacy', '', 'TWCPI83755', '2019-09-05', 21, 5120.64, 5120.64),
('Suranga Pharmacy', 'Suranga Pharmacy', '', 'TWCPI83756', '2019-09-05', 21, 1613.04, 1613.04),
('Royal Pharmacy Kandana', 'Royal Pharmacy Kandana', '', 'TWCPI83757', '2019-09-05', 21, 14743, 14743),
('Ranmini Pharmacy', 'Ranmini Pharmacy', '', 'TWCPI83758', '2019-09-05', 21, 5872.24, 4926.08),
('Osusala Kandana', 'Osusala Kandana', '', 'TWCPI83760', '2019-09-05', 21, 3796.44, 3796.44),
('leesons Pharmacy', 'leesons Pharmacy', '', 'TWCPI83761', '2019-09-05', 21, 124872, 124872),
('Health Line Pharmacy', 'Health Line Pharmacy', '', 'TWCPI83762', '2019-09-05', 21, 8407.08, 8407.08),
('New City Pharmacy', 'New City Pharmacy', '', 'TWCPI83764', '2019-09-05', 21, 4945, 1795.52),
('New City Pharmacy', 'New City Pharmacy', '', 'TWCPI83765', '2019-09-05', 21, 3875.64, 3875.64),
('Kalidson Pharmacy', 'Kalidson Pharmacy', '', 'TWCPI83766', '2019-09-05', 21, 20297.8, 20297.8),
('Hiru Pharmacy', 'Hiru Pharmacy', '', 'TWCPI83767', '2019-09-05', 21, 17162.1, 17162.1),
('Pradipa Pharmacy', 'Pradipa Pharmacy', '', 'TWCPI83768', '2019-09-05', 21, 837.79, 837.79),
('Hiru Pharmacy', 'Hiru Pharmacy', '', 'TWCPI83769', '2019-09-05', 21, 30872.4, 30872.4),
('Pradipa Pharmacy', 'Pradipa Pharmacy', '', 'TWCPI83770', '2019-09-05', 21, 2905.68, 2905.68),
('Hemas Hospital', 'Hemas Hospital', '', 'TWCPI83771', '2019-09-05', 21, 5221.75, 5221.75),
('Nawaloka Hospital', 'Nawaloka Hospital', '', 'TWCPI83772', '2019-09-05', 21, 110580, 106593),
('Pradipa Pharmacy', 'Pradipa Pharmacy', '', 'TWCPI83773', '2019-09-06', 20, 4154.82, 4154.82),
('Nalaka Pharmacy', 'Nalaka Pharmacy', '', 'TWCPI83774', '2019-09-06', 20, 27838.4, 27838.4),
('Jude Pharmacy', 'Jude Pharmacy', '', 'TWCPI83776', '2019-09-06', 20, 5441.8, 5441.8),
('Jude Pharmacy', 'Jude Pharmacy', '', 'TWCPI83777', '2019-09-06', 20, 3113, 3113),
('Jasmine Pharmacy', 'Jasmine Pharmacy', '', 'TWCPI83778', '2019-09-06', 20, 5611.68, 5611.68),
('Negombo Drugs', 'Negombo Drugs', '', 'TWCPI83780', '2019-09-06', 20, 4756.5, 4756.5),
('Hiru Pharmacy', 'Hiru Pharmacy', '', 'TWCPI83781', '2019-09-06', 20, 9513, 9513),
('Dagonna Pharmacy', 'Dagonna Pharmacy', '', 'TWCPI83782', '2019-09-06', 20, 5520, 5520),
('Health Line Pharmacy', 'Health Line Pharmacy', '', 'TWCPI83783', '2019-09-06', 20, 8875.73, 8875.73),
('Leesons Pharmacy', 'Leesons Pharmacy', '', 'TWCPI83785', '2019-09-06', 20, 640, 640),
('Leesons Pharmacy', 'Leesons Pharmacy', '', 'TWCPI83786', '2019-09-06', 20, 73031.9, 73031.9),
('Niroga Pharmacy', 'Niroga Pharmacy', '', 'TWCPI83787', '2019-09-06', 20, 7388.45, 7388.45),
('Leesons Pharmacy', 'Leesons Pharmacy', '', 'TWCPI83788', '2019-09-06', 20, 21604, 21604);
INSERT INTO `emoutupload` (`eID`, `eCustName`, `eTown`, `inv`, `date`, `age`, `amount`, `balAmount`) VALUES
('Rilaulla Pharmacy', 'Rilaulla Pharmacy', '', 'TWCPI83789', '2019-09-06', 20, 21577.1, 4395.11),
('Unique Pharmacy', 'Unique Pharmacy', '', 'TWCPI83791', '2019-09-06', 20, 25997.3, 25997.3),
('Gayasha Pharmacy', 'Gayasha Pharmacy', '', 'TWCPI83792', '2019-09-06', 20, 4502.57, 4502.57),
('Unique Pharmacy', 'Unique Pharmacy', '', 'TWCPI83794', '2019-09-06', 20, 2874.2, 2874.2),
('Dagonna Pharmacy', 'Dagonna Pharmacy', '', 'TWCPI83798', '2019-09-06', 20, 2984.4, 2984.4),
('Unique Pharmacy', 'Unique Pharmacy', '', 'TWCPI83799', '2019-09-06', 20, 4379.36, 3934.32),
('Unique Pharmacy', 'Unique Pharmacy', '', 'TWCPI83800', '2019-09-06', 20, 3113, 3113),
('Shanthi Pharmacy', 'Shanthi Pharmacy', '', 'TWCPI83803', '2019-09-06', 20, 15472.7, 7837.39),
('Unique Pharmacy', 'Unique Pharmacy', '', 'TWCPI83804', '2019-09-06', 20, 31689.9, 31689.9),
('Gayasha Pharmacy', 'Gayasha Pharmacy', '', 'TWCPI83805', '2019-09-06', 20, 2252.2, 932.4),
('Unique Pharmacy', 'Unique Pharmacy', '', 'TWCPI83806', '2019-09-06', 20, 17077, 17077),
('Unique Pharmacy', 'Unique Pharmacy', '', 'TWCPI83808', '2019-09-06', 20, 3005.54, 3005.54),
('Isuru Pharmacy', 'Isuru Pharmacy', '', 'TWCPI83812', '2019-09-06', 20, 6483.4, 2147.18),
('Union Chemist', 'Union Chemist', '', 'TWCPI83813', '2019-09-06', 20, 16994.1, 16994.1),
('Santhana Pharmacy', 'Santhana Pharmacy', '', 'TWCPI83815', '2019-09-06', 20, 23878.2, 23878.2),
('Jude Pharmacy', 'Jude Pharmacy', '', 'TWCPI83816', '2019-09-06', 20, 5261.72, 5261.72),
('Union Chemist', 'Union Chemist', '', 'TWCPI83817', '2019-09-06', 20, 13352.7, 13352.7),
('New Cristal Pharmacy', 'New Cristal Pharmacy', '', 'TWCPI83819', '2019-09-06', 20, 6830.8, 6830.8),
('Royal Pharmacy Kandana', 'Royal Pharmacy Kandana', '', 'TWCPI83820', '2019-09-06', 20, 9680.4, 9680.4),
('Gimshani Pharmacy', 'Gimshani Pharmacy', '', 'TWCPI83821', '2019-09-06', 20, 7100.47, 7100.47),
('New City Pharmacy', 'New City Pharmacy', '', 'TWCPI83822', '2019-09-06', 20, 8353.46, 8353.46),
('Leesons Pharmacy', 'Leesons Pharmacy', '', 'TWCPI83823', '2019-09-06', 20, 31504.9, 31504.9),
('Sahana Osusala', 'Sahana Osusala', '', 'TWCPI83824', '2019-09-06', 20, 26313.2, 26313.2),
('The Raddolugama Pharmacy', 'The Raddolugama Pharmacy', '', 'TWCPI83825', '2019-09-06', 20, 5983.71, 4988.93),
('Asiri Pharmacy And Grocery', 'Asiri Pharmacy And Grocery', '', 'TWCPI83826', '2019-09-06', 20, 4039.16, 4039.16),
('Laxsiri Pharmacy', 'Laxsiri Pharmacy', '', 'TWCPI83827', '2019-09-06', 20, 4529.71, 4529.71),
('New St. Joseph Pharmacy & Grocery', 'New St. Joseph Pharmacy & Grocery', '', 'TWCPI83828', '2019-09-06', 20, 5309.67, 5309.67),
('Srilak Pharmacy', 'Srilak Pharmacy', '', 'TWCPI83829', '2019-09-06', 20, 5030.26, 5030.26),
('Wijaya Pharmacy', 'Wijaya Pharmacy', '', 'TWCPI83830', '2019-09-06', 20, 2854.29, 2854.29),
('Jude Pharmacy', 'Jude Pharmacy', '', 'TWCPI83831', '2019-09-06', 20, 28992.1, 28992.1),
('Royal Pharmacy Kandana', 'Royal Pharmacy Kandana', '', 'TWCPI83834', '2019-09-06', 20, 8891.88, 8891.88),
('Champika Medical', 'Champika Medical', '', 'TWCPI83835', '2019-09-06', 20, 34176.4, 30947.8),
('Gimshani Pharmacy', 'Gimshani Pharmacy', '', 'TWCPI83836', '2019-09-06', 20, 4680.89, 4680.89),
('Jude Pharmacy', 'Jude Pharmacy', '', 'TWCPI83837', '2019-09-06', 20, 2685.9, 2685.9),
('P And J Pharmacy', 'P And J Pharmacy', '', 'TWCPI83838', '2019-09-06', 20, 9926, 9926),
('leesons Pharmacy', 'leesons Pharmacy', '', 'TWCPI83839', '2019-09-06', 20, 89383.6, 89383.6),
('New City Pharmacy', 'New City Pharmacy', '', 'TWCPI83841', '2019-09-06', 20, 5599.54, 5599.54),
('Sahana Osusala', 'Sahana Osusala', '', 'TWCPI83844', '2019-09-06', 20, 21061.8, 21061.8),
('Dr. R.S.S.K Pathirana', 'Dr. R.S.S.K Pathirana', '', 'TWCPI83845', '2019-09-06', 20, 19663, 19663),
('Sahana Osusala', 'Sahana Osusala', '', 'TWCPI83847', '2019-09-06', 20, 1768.34, 1768.34),
('Health Line Pharmacy', 'Health Line Pharmacy', '', 'TWCPI83848', '2019-09-06', 20, 4832.42, 1655.92),
('New City Pharmacy', 'New City Pharmacy', '', 'TWCPI83849', '2019-09-06', 20, 5680.82, 5680.82),
('Gimshani Pharmacy', 'Gimshani Pharmacy', '', 'TWCPI83851', '2019-09-06', 20, 2021.57, 2021.57),
('Royal Pharmacy Kandana', 'Royal Pharmacy Kandana', '', 'TWCPI83853', '2019-09-06', 20, 8141.65, 8141.65),
('Leesons Pharmacy', 'Leesons Pharmacy', '', 'TWCPI83854', '2019-09-06', 20, 17440.5, 17440.5),
('Chandrika Medical And Grocery', 'Chandrika Medical And Grocery', '', 'TWCPI83855', '2019-09-06', 20, 3279.68, 3279.68),
('Royal Pharma', 'Royal Pharma', '', 'TWCPI83856', '2019-09-06', 20, 3445.83, 3445.83),
('Nalaka Pharmacy', 'Nalaka Pharmacy', '', 'TWCPI83857', '2019-09-06', 20, 1706.66, 1706.66),
('Bopitiya Pharmacy', 'Bopitiya Pharmacy', '', 'TWCPI83858', '2019-09-06', 20, 4266.65, 4266.65),
('Pamunugama Pharmacy', 'Pamunugama Pharmacy', '', 'TWCPI83859', '2019-09-06', 20, 4266.65, 4266.65),
('St\'joseph Pharmacy', 'St\'joseph Pharmacy', '', 'TWCPI83860', '2019-09-06', 20, 5066.65, 4266.65),
('Laxsiri Pharmacy', 'Laxsiri Pharmacy', '', 'TWCPI83862', '2019-09-06', 20, 8921.19, 8921.19),
('Jude Pharmacy', 'Jude Pharmacy', '', 'TWCPI83863', '2019-09-06', 20, 21905.4, 21905.4),
('Danya Pharmacy', 'Danya Pharmacy', '', 'TWCPI83864', '2019-09-06', 20, 4756.5, 4756.5),
('Gimshani Pharmacy', 'Gimshani Pharmacy', '', 'TWCPI83865', '2019-09-06', 20, 7262.88, 7262.88),
('P And J Pharmacy', 'P And J Pharmacy', '', 'TWCPI83866', '2019-09-06', 20, 9156, 9156),
('Sampath Pharmacy', 'Sampath Pharmacy', '', 'TWCPI83867', '2019-09-06', 20, 7147.26, 7147.26),
('New City Pharmacy', 'New City Pharmacy', '', 'TWCPI83869', '2019-09-06', 20, 857.01, 297.78),
('Sahana Osusala', 'Sahana Osusala', '', 'TWCPI83870', '2019-09-06', 20, 11001.9, 11001.9),
('Osusala Kandana', 'Osusala Kandana', '', 'TWCPI83872', '2019-09-06', 20, 2378.25, 2378.25),
('Royal Pharmacy Kandana', 'Royal Pharmacy Kandana', '', 'TWCPI83874', '2019-09-06', 20, 5073.74, 5073.74),
('P And J Pharmacy', 'P And J Pharmacy', '', 'TWCPI83876', '2019-09-07', 19, 2236.92, 2236.92),
('Hiru Pharmacy', 'Hiru Pharmacy', '', 'TWCPI83878', '2019-09-07', 19, 47565, 47565),
('Hemas Hospital', 'Hemas Hospital', '', 'TWCPI83879', '2019-09-07', 19, 5806.2, 5806.2),
('Pamunugama Osusala', 'Pamunugama Osusala', '', 'TWCPI83880', '2019-09-07', 19, 17411.9, 16366.4),
('Asiri Pharmacy And Grocery', 'Asiri Pharmacy And Grocery', '', 'TWCPI83881', '2019-09-07', 19, 7855.47, 7855.47),
('The Raddolugama Pharmacy', 'The Raddolugama Pharmacy', '', 'TWCPI83882', '2019-09-07', 19, 24139.3, 24139.3),
('Health care Pharmacy And Family Needs', 'Health care Pharmacy And Family Needs', '', 'TWCPI83883', '2019-09-07', 19, 705.39, 705.39),
('Nawa Lanka Pharmacy', 'Nawa Lanka Pharmacy', '', 'TWCPI83885', '2019-09-07', 19, 2854.29, 2854.29),
('Pamunugama Pharmacy', 'Pamunugama Pharmacy', '', 'TWCPI83886', '2019-09-07', 19, 27533.1, 23044.3),
('Chrishanthas Pharmacy', 'Chrishanthas Pharmacy', '', 'TWCPI83887', '2019-09-07', 19, 16036.6, 16036.6),
('Unique Pharmacy', 'Unique Pharmacy', '', 'TWCPI83888', '2019-09-07', 19, 32165.2, 32165.2),
('New Central Pharmacy', 'New Central Pharmacy', '', 'TWCPI83889', '2019-09-07', 19, 2056.56, 2056.56),
('Lak Osusala', 'Lak Osusala', '', 'TWCPI83890', '2019-09-07', 19, 2573.16, 2573.16),
('Sethma Pharmacy', 'Sethma Pharmacy', '', 'TWCPI83892', '2019-09-07', 19, 21767.2, 21767.2),
('Asiri Pharmacy', 'Asiri Pharmacy', '', 'TWCPI83893', '2019-09-07', 19, 2318.64, 2318.64),
('Srilak Pharmacy', 'Srilak Pharmacy', '', 'TWCPI83894', '2019-09-07', 19, 1356.52, 1356.52),
('Osusala Wattala', 'Osusala Wattala', '', 'TWCPI83896', '2019-09-07', 19, 6208.68, 6208.68),
('Reliable Pharmacy', 'Reliable Pharmacy', '', 'TWCPI83898', '2019-09-07', 19, 25731.6, 25731.6),
('New Leo Pharmacy', 'New Leo Pharmacy', '', 'TWCPI83899', '2019-09-07', 19, 17225.5, 17225.5),
('Alliance Pharmacy', 'Alliance Pharmacy', '', 'TWCPI83901', '2019-09-09', 17, 5025.64, 5025.64),
('Lakshan Chamist', 'Lakshan Chamist', '', 'TWCPI83902', '2019-09-09', 17, 6841.97, 3968.16),
('International Institute Of Health Sciences (PVT) L', 'International Institute Of Health Sciences (PVT) L', '', 'TWCPI83903', '2019-09-09', 17, 21036.8, 21036.8),
('Rosevilla Pharmacy', 'Rosevilla Pharmacy', '', 'TWCPI83904', '2019-09-09', 17, 5384.19, 4819.29),
('Osusala Wattala', 'Osusala Wattala', '', 'TWCPI83907', '2019-09-09', 17, 11338.3, 8751.78),
('New Peoples Pharmacy', 'New Peoples Pharmacy', '', 'TWCPI83908', '2019-09-09', 17, 2887.32, 2887.32),
('Lakse Pharmacy', 'Lakse Pharmacy', '', 'TWCPI83910', '2019-09-09', 17, 1766.25, 1766.25),
('Krishmo Pharmacy', 'Krishmo Pharmacy', '', 'TWCPI83911', '2019-09-09', 17, 685.52, 685.52),
('Union Chemist', 'Union Chemist', '', 'TWCPI83913', '2019-09-09', 17, 32048, 32048),
('C And D Pharmacy', 'C And D Pharmacy', '', 'TWCPI83914', '2019-09-09', 17, 8495.5, 8495.5),
('Bopitiya Pharmacy', 'Bopitiya Pharmacy', '', 'TWCPI83915', '2019-09-09', 17, 12419.8, 12419.8),
('St\'joseph\'s Pharmacy', 'St\'joseph\'s Pharmacy', '', 'TWCPI83916', '2019-09-09', 17, 3690.2, 3690.2),
('Pamunugama Pharmacy', 'Pamunugama Pharmacy', '', 'TWCPI83917', '2019-09-09', 17, 53784.6, 52740.2),
('Nawa Osusala', 'Nawa Osusala', '', 'TWCPI83919', '2019-09-09', 17, 38524.2, 38524.2),
('St\'joseph Pharmacy', 'St\'joseph Pharmacy', '', 'TWCPI83920', '2019-09-09', 17, 7532.4, 7532.4),
('The British Pharmacy', 'The British Pharmacy', '', 'TWCPI83921', '2019-09-09', 17, 19172.6, 19172.6),
('Nawa Lanka Pharmacy', 'Nawa Lanka Pharmacy', '', 'TWCPI83922', '2019-09-09', 17, 11334.1, 11334.1),
('Niroga Pharmacy', 'Niroga Pharmacy', '', 'TWCPI83923', '2019-09-09', 17, 9329.2, 9329.2),
('Niwasie Pharmacy', 'Niwasie Pharmacy', '', 'TWCPI83924', '2019-09-09', 17, 2240.47, 2240.47),
('St\'joseph Pharmacy', 'St\'joseph Pharmacy', '', 'TWCPI83925', '2019-09-09', 17, 5825.24, 5825.24),
('St\'jude\'s Pharmacy', 'St\'jude\'s Pharmacy', '', 'TWCPI83926', '2019-09-09', 17, 15957.4, 15957.4),
('Pamunugama Osusala', 'Pamunugama Osusala', '', 'TWCPI83927', '2019-09-09', 17, 11438.6, 11438.6),
('International Institute Of Health Sciences (PVT) L', 'International Institute Of Health Sciences (PVT) L', '', 'TWCPI83928', '2019-09-09', 17, 5166.6, 5166.6),
('Hansi Pharmacy', 'Hansi Pharmacy', '', 'TWCPI83929', '2019-09-09', 17, 3870.43, 3870.43),
('Calvary Pharmacy', 'Calvary Pharmacy', '', 'TWCPI83930', '2019-09-09', 17, 5423.04, 5423.04),
('Bopitiya Pharmacy', 'Bopitiya Pharmacy', '', 'TWCPI83933', '2019-09-09', 17, 1928.9, 1928.9),
('Pamunugama Pharmacy', 'Pamunugama Pharmacy', '', 'TWCPI83934', '2019-09-09', 17, 8053.72, 8053.72),
('St\'jude\'s Pharmacy', 'St\'jude\'s Pharmacy', '', 'TWCPI83935', '2019-09-09', 17, 3245.82, 3245.82),
('Hansi Pharmacy', 'Hansi Pharmacy', '', 'TWCPI83936', '2019-09-09', 17, 992.47, 992.47),
('C And D Pharmacy', 'C And D Pharmacy', '', 'TWCPI83938', '2019-09-09', 17, 5462.6, 5462.6),
('New Ekala Pharmacy', 'New Ekala Pharmacy', '', 'TWCPI83940', '2019-09-09', 17, 1615.85, 1615.85),
('Krishmo Pharmacy', 'Krishmo Pharmacy', '', 'TWCPI83945', '2019-09-09', 17, 4245.72, 2818.77),
('Pharmacheme Pharmacy', 'Pharmacheme Pharmacy', '', 'TWCPI83946', '2019-09-09', 17, 4828.64, 4828.64),
('Lakshan Chamist', 'Lakshan Chamist', '', 'TWCPI83947', '2019-09-09', 17, 2540.83, 2540.83),
('Chemi World Pharmacy', 'Chemi World Pharmacy', '', 'TWCPI83948', '2019-09-09', 17, 12473.9, 12473.9),
('Hemas Hospital', 'Hemas Hospital', '', 'TWCPI83950', '2019-09-09', 17, 2571.01, 1427.8),
('Lakse Pharmacy', 'Lakse Pharmacy', '', 'TWCPI83951', '2019-09-09', 17, 3837.81, 3477.45),
('Rosevilla Pharmacy', 'Rosevilla Pharmacy', '', 'TWCPI83953', '2019-09-09', 17, 9336.45, 6947.79),
('Enderamulla Pharmacy', 'Enderamulla Pharmacy', '', 'TWCPI83956', '2019-09-09', 17, 4756.5, 2378.5),
('International Institute Of Health Sciences (PVT) L', 'International Institute Of Health Sciences (PVT) L', '', 'TWCPI83957', '2019-09-09', 17, 5590.57, 5590.57),
('New Peoples Pharmacy', 'New Peoples Pharmacy', '', 'TWCPI83960', '2019-09-09', 17, 8063.99, 6996.5),
('Supreme Pharmacy', 'Supreme Pharmacy', '', 'TWCPI83961', '2019-09-09', 17, 17204.4, 17204.4),
('P And J Pharmacy', 'P And J Pharmacy', '', 'TWCPI83962', '2019-09-09', 17, 75358.2, 75358.2),
('St\' Mary\'s Pharmacy', 'St\' Mary\'s Pharmacy', '', 'TWCPI83963', '2019-09-09', 17, 12661.3, 12661.3),
('Dr. R.S.S.K Pathirana', 'Dr. R.S.S.K Pathirana', '', 'TWCPI83965', '2019-09-09', 17, 20892, 20892),
('Best Way Pharmacy', 'Best Way Pharmacy', '', 'TWCPI83966', '2019-09-09', 17, 2111.3, 2111.3),
('P And J Pharmacy', 'P And J Pharmacy', '', 'TWCPI83968', '2019-09-09', 17, 80849, 80849),
('Supreme Pharmacy', 'Supreme Pharmacy', '', 'TWCPI83969', '2019-09-09', 17, 13152.7, 13152.7),
('Pamunugama Osusala', 'Pamunugama Osusala', '', 'TWCPI83970', '2019-09-09', 17, 3483.72, 3483.72),
('Pharmacheme Pharmacy', 'Pharmacheme Pharmacy', '', 'TWCPI83971', '2019-09-09', 17, 5734.68, 5734.68),
('Royal Pharma', 'Royal Pharma', '', 'TWCPI83972', '2019-09-09', 17, 7369.16, 5450.2),
('Union Pharmacy', 'Union Pharmacy', '', 'TWCPI83973', '2019-09-09', 17, 3845.76, 3845.76),
('Dr. Senaka Herath', 'Dr. Senaka Herath', '', 'TWCPI83974', '2019-09-09', 17, 32588.1, 32588.1),
('St Joseph Pharmacy', 'St Joseph Pharmacy', '', 'TWCPI83975', '2019-09-09', 17, 4496.12, 4496.12),
('St Joseph Pharmacy', 'St Joseph Pharmacy', '', 'TWCPI83976', '2019-09-09', 17, 2061.14, 2061.14),
('Kapuwatta Pharmacy', 'Kapuwatta Pharmacy', '', 'TWCPI83977', '2019-09-09', 17, 8879.73, 8879.73),
('St Joseph Pharmacy', 'St Joseph Pharmacy', '', 'TWCPI83978', '2019-09-09', 17, 25472.6, 25472.6),
('New Central Pharmacy', 'New Central Pharmacy', '', 'TWCPI83979', '2019-09-09', 17, 11987.5, 11987.5),
('Jayasiri Pharmacy', 'Jayasiri Pharmacy', '', 'TWCPI83981', '2019-09-09', 17, 5342.6, 5342.6),
('Ajantha Osusala', 'Ajantha Osusala', '', 'TWCPI83983', '2019-09-09', 17, 40638.3, 40638.3),
('Ajantha Osusala', 'Ajantha Osusala', '', 'TWCPI83984', '2019-09-09', 17, 50928.1, 50928.1),
('Ajantha Osusala', 'Ajantha Osusala', '', 'TWCPI83985', '2019-09-09', 17, 61790.6, 51105.4),
('Hemas Hospital', 'Hemas Hospital', '', 'TWCPI83986', '2019-09-09', 17, 54782.6, 10956.5),
('Ajantha Osusala', 'Ajantha Osusala', '', 'TWCPI83987', '2019-09-09', 17, 78986.4, 71912.6),
('Ajantha Osusala', 'Ajantha Osusala', '', 'TWCPI83988', '2019-09-09', 17, 135103, 135103),
('New Pharmacy', 'New Pharmacy', '', 'TWCPI83989', '2019-09-09', 17, 16867.3, 16867.3),
('Chemi World Pharmacy', 'Chemi World Pharmacy', '', 'TWCPI83990', '2019-09-09', 17, 4725.44, 4725.44),
('Family Care Pharmacy And Grocery', 'Family Care Pharmacy And Grocery', '', 'TWCPI83991', '2019-09-09', 17, 10742.5, 6287.58),
('Rosevilla Pharmacy', 'Rosevilla Pharmacy', '', 'TWCPI83992', '2019-09-09', 17, 9436.63, 8082.91),
('Pharmacheme Pharmacy', 'Pharmacheme Pharmacy', '', 'TWCPI83993', '2019-09-09', 17, 3433.73, 3433.73),
('Osusala Wattala', 'Osusala Wattala', '', 'TWCPI83995', '2019-09-09', 17, 65463.8, 61982.1),
('Krishmo Pharmacy', 'Krishmo Pharmacy', '', 'TWCPI83996', '2019-09-09', 17, 5058.15, 5058.15),
('Health And Glow Pharmacy', 'Health And Glow Pharmacy', '', 'TWCPI83998', '2019-09-09', 17, 65123.7, 65123.7),
('Hiran Pharmacy', 'Hiran Pharmacy', '', 'TWCPI83999', '2019-09-09', 17, 1545.76, 1545.76),
('Santhana Pharmacy', 'Santhana Pharmacy', '', 'TWCPI84000', '2019-09-09', 17, 18501.1, 17181.3),
('St\' Jude Pharmacy', 'St\' Jude Pharmacy', '', 'TWCPI84001', '2019-09-09', 17, 5176.76, 5176.76),
('the British Stores', 'the British Stores', '', 'TWCPI84002', '2019-09-09', 17, 22432, 22432),
('Health And Glow Pharmacy', 'Health And Glow Pharmacy', '', 'TWCPI84005', '2019-09-09', 17, 10477.7, 6657.57),
('Jayasuriya Pharmacy', 'Jayasuriya Pharmacy', '', 'TWCPI84006', '2019-09-09', 17, 1229.07, 1229.07),
('Krishmo Pharmacy', 'Krishmo Pharmacy', '', 'TWCPI84008', '2019-09-09', 17, 1491.26, 1491.26),
('Osusala Wattala', 'Osusala Wattala', '', 'TWCPI84009', '2019-09-09', 17, 38323.9, 38323.9),
('Osusala Wattala', 'Osusala Wattala', '', 'TWCPI84010', '2019-09-09', 17, 8504.3, 8504.3),
('New Pharmacy', 'New Pharmacy', '', 'TWCPI84011', '2019-09-09', 17, 4506.33, 4506.33),
('Pharmacheme Pharmacy', 'Pharmacheme Pharmacy', '', 'TWCPI84013', '2019-09-09', 17, 8370.12, 8370.12),
('Isuri Pharmacy And Grocery', 'Isuri Pharmacy And Grocery', '', 'TWCPI84014', '2019-09-09', 17, 6154.33, 6154.33),
('Iresha Pharmaceuticals', 'Iresha Pharmaceuticals', '', 'TWCPI84016', '2019-09-09', 17, 1366.23, 30),
('Lakshan Chamist', 'Lakshan Chamist', '', 'TWCPI84017', '2019-09-09', 17, 1050.86, 1050.86),
('Unique Pharmacy', 'Unique Pharmacy', '', 'TWCPI84018', '2019-09-09', 17, 15914.8, 15914.8),
('Krishmo Pharmacy', 'Krishmo Pharmacy', '', 'TWCPI84020', '2019-09-09', 17, 4377.43, 4377.43),
('Osusala Wattala', 'Osusala Wattala', '', 'TWCPI84021', '2019-09-09', 17, 24768.6, 24768.6),
('Rosevilla Pharmacy', 'Rosevilla Pharmacy', '', 'TWCPI84022', '2019-09-09', 17, 5168.78, 3751.34),
('Milan Pharmacy', 'Milan Pharmacy', '', 'TWCPI84023', '2019-09-09', 17, 5339.1, 5339.1),
('Isuri Pharmacy And Grocery', 'Isuri Pharmacy And Grocery', '', 'TWCPI84024', '2019-09-09', 17, 3714.69, 3714.69),
('Lakshan Chamist', 'Lakshan Chamist', '', 'TWCPI84025', '2019-09-09', 17, 1067.82, 1067.82),
('Health And Glow Pharmacy', 'Health And Glow Pharmacy', '', 'TWCPI84027', '2019-09-09', 17, 11291, 11291),
('Pharmacheme Pharmacy', 'Pharmacheme Pharmacy', '', 'TWCPI84028', '2019-09-09', 17, 2598.98, 2598.98),
('Tiana pharmacy - katuneriya', 'Tiana pharmacy - katuneriya', '', 'TWCPI84030', '2019-09-09', 17, 951.3, 10.47),
('Jayasuriya Pharmacy', 'Jayasuriya Pharmacy', '', 'TWCPI84031', '2019-09-09', 17, 893.34, 893.34),
('Nalaka Pharmacy', 'Nalaka Pharmacy', '', 'TWCPI84032', '2019-09-09', 17, 8167.53, 8167.53),
('Santhana Pharmacy', 'Santhana Pharmacy', '', 'TWCPI84033', '2019-09-09', 17, 15637.8, 2761.97),
('Gayasha Pharmacy', 'Gayasha Pharmacy', '', 'TWCPI84034', '2019-09-09', 17, 66082.5, 66082.5),
('Chrishanthas Pharmacy', 'Chrishanthas Pharmacy', '', 'TWCPI84037', '2019-09-09', 17, 1639.58, 1639.58),
('Isuri Pharmacy And Grocery', 'Isuri Pharmacy And Grocery', '', 'TWCPI84038', '2019-09-09', 17, 6522.86, 6522.86),
('Lakse Pharmacy', 'Lakse Pharmacy', '', 'TWCPI84039', '2019-09-09', 17, 8021.71, 8021.71),
('Jayasiri Pharmacy', 'Jayasiri Pharmacy', '', 'TWCPI84040', '2019-09-09', 17, 14000.6, 14000.6),
('Nalaka Pharmacy', 'Nalaka Pharmacy', '', 'TWCPI84041', '2019-09-09', 17, 37161.3, 37161.3),
('International Institute Of Health Sciences (PVT) L', 'International Institute Of Health Sciences (PVT) L', '', 'TWCPI84042', '2019-09-09', 17, 30978.3, 30978.3),
('Dr. Lakshman Fernando', 'Dr. Lakshman Fernando', '', 'TWCPI84043', '2019-09-09', 17, 4000, 4000),
('Rilaulla Pharmacy', 'Rilaulla Pharmacy', '', 'TWCPI84044', '2019-09-10', 16, 45258, 45258),
('International Institute Of Health Sciences (PVT) L', 'International Institute Of Health Sciences (PVT) L', '', 'TWCPI84045', '2019-09-10', 16, 23900.3, 23900.3),
('International Institute Of Health Sciences (PVT) L', 'International Institute Of Health Sciences (PVT) L', '', 'TWCPI84046', '2019-09-10', 16, 27060.5, 25016.7),
('New City Pharmacy', 'New City Pharmacy', '', 'TWCPI84047', '2019-09-10', 16, 5598.8, 5598.8),
('Lakshan Chamist', 'Lakshan Chamist', '', 'TWCPI84048', '2019-09-10', 16, 7846.36, 7846.36),
('Isira Pharmacy', 'Isira Pharmacy', '', 'TWCPI84049', '2019-09-10', 16, 6160.31, 6160.31),
('Suasi Pharmacy And Grocery', 'Suasi Pharmacy And Grocery', '', 'TWCPI84050', '2019-09-10', 16, 4336.92, 4336.92),
('Cure Pharmacy', 'Cure Pharmacy', '', 'TWCPI84051', '2019-09-10', 16, 6763.65, 5431.65),
('Reliable Pharmacy', 'Reliable Pharmacy', '', 'TWCPI84052', '2019-09-10', 16, 4485.09, 3640.57),
('People\'s Pharmacy', 'People\'s Pharmacy', '', 'TWCPI84053', '2019-09-10', 16, 5339.1, 5339.1),
('Trust Chemist Pharmacy', 'Trust Chemist Pharmacy', '', 'TWCPI84054', '2019-09-10', 16, 10145.7, 10145.7),
('Super Medical', 'Super Medical', '', 'TWCPI84055', '2019-09-10', 16, 5248.6, 5248.6),
('Dr. Thilina Liyanage', 'Dr. Thilina Liyanage', '', 'TWCPI84056', '2019-09-10', 16, 7950, 7950),
('Dr. Thilina Liyanage', 'Dr. Thilina Liyanage', '', 'TWCPI84057', '2019-09-10', 16, 7950, 7950),
('Super Medical', 'Super Medical', '', 'TWCPI84058', '2019-09-10', 16, 14269.5, 14269.5),
('The British Stores', 'The British Stores', '', 'TWCPI84059', '2019-09-10', 16, 47428.6, 47428.6),
('Pamunugama Osusala', 'Pamunugama Osusala', '', 'TWCPI84060', '2019-09-10', 16, 1507.26, 1507.26),
('Jayasiri Pharmacy', 'Jayasiri Pharmacy', '', 'TWCPI84061', '2019-09-10', 16, 26371.2, 26371.2),
('Hiran Pharmacy', 'Hiran Pharmacy', '', 'TWCPI84062', '2019-09-10', 16, 1128.18, 1128.18),
('Hemas Hospital', 'Hemas Hospital', '', 'TWCPI84063', '2019-09-10', 16, 4730.8, 4730.8),
('Ranmimi Pharmacy', 'Ranmimi Pharmacy', '', 'TWCPI84064', '2019-09-10', 16, 2842.24, 2842.24),
('Araliya Pharmacy', 'Araliya Pharmacy', '', 'TWCPI84065', '2019-09-10', 16, 18721.8, 18721.8),
('St\' Jude Pharmacy', 'St\' Jude Pharmacy', '', 'TWCPI84066', '2019-09-10', 16, 5773.02, 5773.02),
('Araliya Pharmacy', 'Araliya Pharmacy', '', 'TWCPI84067', '2019-09-10', 16, 24937.9, 24937.9),
('Unique Pharmacy', 'Unique Pharmacy', '', 'TWCPI84069', '2019-09-10', 16, 64381.2, 51840.8),
('Unique Pharmacy', 'Unique Pharmacy', '', 'TWCPI84070', '2019-09-10', 16, 13255.5, 13255.5),
('Rilaulla Pharmacy', 'Rilaulla Pharmacy', '', 'TWCPI84071', '2019-09-10', 16, 3121.52, 1131.96),
('Krishmo Pharmacy', 'Krishmo Pharmacy', '', 'TWCPI84072', '2019-09-10', 16, 1545.76, 1545.76),
('Dr. Rasika Liyanage', 'Dr. Rasika Liyanage', '', 'TWCPI84073', '2019-09-10', 16, 27799.5, 27799.5),
('St Joseph Pharmacy', 'St Joseph Pharmacy', '', 'TWCPI84074', '2019-09-10', 16, 1242.69, 1242.69),
('Jayasuriya Pharmacy', 'Jayasuriya Pharmacy', '', 'TWCPI84075', '2019-09-10', 16, 6183.6, 6183.6),
('Thalahen Pharmacy', 'Thalahen Pharmacy', '', 'TWCPI84076', '2019-09-10', 16, 26560.6, 26560.6),
('Unique Pharmacy', 'Unique Pharmacy', '', 'TWCPI84077', '2019-09-10', 16, 9426.8, 9426.8),
('Super Medical', 'Super Medical', '', 'TWCPI84080', '2019-09-10', 16, 17637.6, 17637.6),
('New West Line Pharmacy', 'New West Line Pharmacy', '', 'TWCPI84081', '2019-09-10', 16, 17566.2, 0.52),
('Darshana Pharmacy', 'Darshana Pharmacy', '', 'TWCPI84083', '2019-09-10', 16, 83714.5, 83714.5),
('Darshana Pharmacy', 'Darshana Pharmacy', '', 'TWCPI84084', '2019-09-10', 16, 14325.5, 14325.5),
('Darshana Pharmacy', 'Darshana Pharmacy', '', 'TWCPI84085', '2019-09-10', 16, 11874.2, 11874.2),
('Darshana Pharmacy', 'Darshana Pharmacy', '', 'TWCPI84086', '2019-09-10', 16, 12324.2, 12324.2),
('Darshana Pharmacy', 'Darshana Pharmacy', '', 'TWCPI84087', '2019-09-10', 16, 1333.32, 94.4),
('K S A Medical', 'K S A Medical', '', 'TWCPI84089', '2019-09-10', 16, 7012.8, 7012.8),
('Dr. Lakshman Fernando', 'Dr. Lakshman Fernando', '', 'TWCPI84090', '2019-09-10', 16, 26695.5, 26695.5),
('Unique Pharmacy', 'Unique Pharmacy', '', 'TWCPI84094', '2019-09-10', 16, 22245.7, 22245.7),
('Danya Pharmacy', 'Danya Pharmacy', '', 'TWCPI84095', '2019-09-10', 16, 10785.2, 10785.2),
('New Anrita Pharmacy', 'New Anrita Pharmacy', '', 'TWCPI84096', '2019-09-10', 16, 3211.4, 3211.4),
('Champika Medical', 'Champika Medical', '', 'TWCPI84097', '2019-09-10', 16, 40705.1, 40705.1),
('Trust Chemist Pharmacy', 'Trust Chemist Pharmacy', '', 'TWCPI84098', '2019-09-10', 16, 5459.76, 5459.76),
('Asoka Pharmacy', 'Asoka Pharmacy', '', 'TWCPI84099', '2019-09-10', 16, 19485.1, 19485.1),
('Asoka Pharmacy', 'Asoka Pharmacy', '', 'TWCPI84100', '2019-09-10', 16, 8440.9, 8440.9),
('St\'Anthony\'s Pharmacy', 'St\'Anthony\'s Pharmacy', '', 'TWCPI84101', '2019-09-10', 16, 71286.4, 61791.6),
('W. Mendis Chemist', 'W. Mendis Chemist', '', 'TWCPI84102', '2019-09-10', 16, 8803.28, 8803.28),
('X Lab Pharmacy', 'X Lab Pharmacy', '', 'TWCPI84104', '2019-09-10', 16, 6204.26, 6204.26),
('Royal Pharma', 'Royal Pharma', '', 'TWCPI84106', '2019-09-10', 16, 1779.45, 1779.45),
('New Anrita Pharmacy', 'New Anrita Pharmacy', '', 'TWCPI84107', '2019-09-10', 16, 2593.09, 2593.09),
('Champika Medical', 'Champika Medical', '', 'TWCPI84108', '2019-09-10', 16, 18500.6, 16971.7),
('Asoka Pharmacy', 'Asoka Pharmacy', '', 'TWCPI84109', '2019-09-10', 16, 10372.7, 10372.7),
('Health care medical and groceries', 'Health care medical and groceries', '', 'TWCPI84110', '2019-09-10', 16, 9250.84, 9250.84),
('Danya Pharmacy', 'Danya Pharmacy', '', 'TWCPI84111', '2019-09-10', 16, 1906.97, 1906.97),
('Hiru Pharmacy', 'Hiru Pharmacy', '', 'TWCPI84113', '2019-09-10', 16, 66792.4, 66792.4),
('Health care medical and groceries', 'Health care medical and groceries', '', 'TWCPI84114', '2019-09-10', 16, 10767.5, 10767.5),
('Shanthi Pharmacy', 'Shanthi Pharmacy', '', 'TWCPI84115', '2019-09-10', 16, 9692.15, 9692.15),
('Best Way Pharmacy', 'Best Way Pharmacy', '', 'TWCPI84117', '2019-09-10', 16, 2111.3, 1689.04),
('The Pharmacy', 'The Pharmacy', '', 'TWCPI84119', '2019-09-10', 16, 7559.68, 7559.68),
('Unique Pharmacy', 'Unique Pharmacy', '', 'TWCPI84120', '2019-09-10', 16, 82770.6, 82770.6),
('Champika Medical', 'Champika Medical', '', 'TWCPI84121', '2019-09-10', 16, 2211.21, 2211.21),
('New Central Pharmacy', 'New Central Pharmacy', '', 'TWCPI84123', '2019-09-10', 16, 20596.4, 20596.4),
('Nawa Lanka Pharmacy', 'Nawa Lanka Pharmacy', '', 'TWCPI84124', '2019-09-10', 16, 15310.5, 15310.5),
('Mahajana Osusala', 'Mahajana Osusala', '', 'TWCPI84125', '2019-09-11', 15, 10100.3, 10100.3),
('Super Medical', 'Super Medical', '', 'TWCPI84127', '2019-09-11', 15, 15747.6, 15747.6),
('Nawa Lanka Pharmacy', 'Nawa Lanka Pharmacy', '', 'TWCPI84128', '2019-09-11', 15, 7355.23, 7355.23),
('Lakmi Pharmacy', 'Lakmi Pharmacy', '', 'TWCPI84129', '2019-09-11', 15, 7703.59, 4849.3),
('Thalahen Pharmacy', 'Thalahen Pharmacy', '', 'TWCPI84130', '2019-09-11', 15, 11942.2, 11942.2),
('Union Pharmacy', 'Union Pharmacy', '', 'TWCPI84131', '2019-09-11', 15, 3864.4, 3864.4),
('Negombo Drugs', 'Negombo Drugs', '', 'TWCPI84132', '2019-09-11', 15, 30999.1, 30999.1),
('Pamunugama Osusala', 'Pamunugama Osusala', '', 'TWCPI84135', '2019-09-11', 15, 13128, 13128),
('K S A Medical', 'K S A Medical', '', 'TWCPI84136', '2019-09-11', 15, 3224.61, 3224.61),
('New Anrita Pharmacy', 'New Anrita Pharmacy', '', 'TWCPI84138', '2019-09-11', 15, 2619.86, 2619.86),
('Sethma Pharmacy', 'Sethma Pharmacy', '', 'TWCPI84139', '2019-09-11', 15, 34384.3, 34384.3),
('Pamunugama Osusala', 'Pamunugama Osusala', '', 'TWCPI84140', '2019-09-11', 15, 26695.5, 26695.5),
('Champika Medical', 'Champika Medical', '', 'TWCPI84142', '2019-09-11', 15, 3345.32, 1672.66),
('Mahajana Osusala', 'Mahajana Osusala', '', 'TWCPI84143', '2019-09-11', 15, 14677.4, 14677.4),
('Negombo Drugs', 'Negombo Drugs', '', 'TWCPI84144', '2019-09-11', 15, 9678.09, 9678.09),
('Lakmi Pharmacy', 'Lakmi Pharmacy', '', 'TWCPI84145', '2019-09-11', 15, 10337.1, 10337.1),
('Shanthi Pharmacy', 'Shanthi Pharmacy', '', 'TWCPI84146', '2019-09-11', 15, 27096.2, 27096.2),
('Sethma Pharmacy', 'Sethma Pharmacy', '', 'TWCPI84147', '2019-09-11', 15, 124556, 124556),
('Chrishanthas Pharmacy', 'Chrishanthas Pharmacy', '', 'TWCPI84148', '2019-09-11', 15, 3591.04, 3591.04),
('Rosevilla Pharmacy', 'Rosevilla Pharmacy', '', 'TWCPI84149', '2019-09-11', 15, 1741.86, 1741.86),
('Lanka Pharmacy', 'Lanka Pharmacy', '', 'TWCPI84152', '2019-09-11', 15, 43850.6, 13430.6),
('Mahajana Osusala', 'Mahajana Osusala', '', 'TWCPI84154', '2019-09-11', 15, 2624.3, 2624.3),
('New Western Pharmacy', 'New Western Pharmacy', '', 'TWCPI84155', '2019-09-11', 15, 9350.4, 9350.4),
('Dr.R Somasundaran', 'Dr.R Somasundaran', '', 'TWCPI84156', '2019-09-11', 15, 64335, 64335),
('Robert Mdicals', 'Robert Mdicals', '', 'TWCPI84158', '2019-09-11', 15, 13570.2, 13570.2),
('New Cristal Pharmacy', 'New Cristal Pharmacy', '', 'TWCPI84160', '2019-09-11', 15, 14878.9, 14878.9),
('The Pharmacy', 'The Pharmacy', '', 'TWCPI84161', '2019-09-11', 15, 7668.28, 6395.28),
('X Lab Pharmacy', 'X Lab Pharmacy', '', 'TWCPI84162', '2019-09-11', 15, 9632.71, 9632.71),
('Unique Pharmacy', 'Unique Pharmacy', '', 'TWCPI84163', '2019-09-11', 15, 74289.3, 66802.2),
('Beta Health Pharmacy', 'Beta Health Pharmacy', '', 'TWCPI84164', '2019-09-11', 15, 13600.7, 13600.7),
('Unique Pharmacy', 'Unique Pharmacy', '', 'TWCPI84165', '2019-09-11', 15, 67094.8, 67094.8),
('Suwa Sarana Osusala', 'Suwa Sarana Osusala', '', 'TWCPI84166', '2019-09-11', 15, 2721.62, 2721.62),
('City Medicals', 'City Medicals', '', 'TWCPI84167', '2019-09-11', 15, 16486.1, 16486.1),
('Healing Pharmacy', 'Healing Pharmacy', '', 'TWCPI84168', '2019-09-11', 15, 9143.53, 9143.53),
('Royal Pharmacy', 'Royal Pharmacy', '', 'TWCPI84169', '2019-09-11', 15, 5195.78, 5195.78),
('New Anrita Pharmacy', 'New Anrita Pharmacy', '', 'TWCPI84170', '2019-09-11', 15, 1932.2, 1932.2),
('Health care medical and groceries', 'Health care medical and groceries', '', 'TWCPI84172', '2019-09-11', 15, 1195, 1195),
('Nawa Lanka Pharmacy', 'Nawa Lanka Pharmacy', '', 'TWCPI84173', '2019-09-11', 15, 17397, 17397),
('New Cristal Pharmacy', 'New Cristal Pharmacy', '', 'TWCPI84174', '2019-09-11', 15, 9649.59, 9649.59),
('Unique Pharmacy', 'Unique Pharmacy', '', 'TWCPI84175', '2019-09-11', 15, 28659.8, 28659.8),
('New Cristal Pharmacy', 'New Cristal Pharmacy', '', 'TWCPI84176', '2019-09-11', 15, 20287.5, 20287.5),
('St\'jude\'s Pharmacy', 'St\'jude\'s Pharmacy', '', 'TWCPI84177', '2019-09-11', 15, 5191.2, 5191.2),
('The Raddolugama Pharmacy', 'The Raddolugama Pharmacy', '', 'TWCPI84178', '2019-09-11', 15, 9350.4, 9350.4),
('Shanthi Pharmacy', 'Shanthi Pharmacy', '', 'TWCPI84179', '2019-09-11', 15, 4264.76, 4264.76),
('Negombo Drugs', 'Negombo Drugs', '', 'TWCPI84180', '2019-09-11', 15, 12340.9, 12340.9),
('Best Way Pharmacy', 'Best Way Pharmacy', '', 'TWCPI84181', '2019-09-11', 15, 4748.46, 747.56),
('S And G Pharmacy', 'S And G Pharmacy', '', 'TWCPI84182', '2019-09-11', 15, 6413.61, 47),
('K S A Medical', 'K S A Medical', '', 'TWCPI84183', '2019-09-11', 15, 11306.8, 11306.8),
('Shanthi Pharmacy', 'Shanthi Pharmacy', '', 'TWCPI84184', '2019-09-11', 15, 8547.51, 8547.51),
('Negombo Drugs', 'Negombo Drugs', '', 'TWCPI84185', '2019-09-11', 15, 7748.77, 6839.05),
('New Central Pharmacy', 'New Central Pharmacy', '', 'TWCPI84186', '2019-09-11', 15, 8086.66, 8086.66),
('Beta Health Pharmacy', 'Beta Health Pharmacy', '', 'TWCPI84187', '2019-09-11', 15, 13658.9, 9067.1),
('New Cristal Pharmacy', 'New Cristal Pharmacy', '', 'TWCPI84188', '2019-09-11', 15, 26347.8, 25785.8),
('Medicare Pharmacy', 'Medicare Pharmacy', '', 'TWCPI84189', '2019-09-11', 15, 439.67, 439.67),
('Nawa Lanka Pharmacy', 'Nawa Lanka Pharmacy', '', 'TWCPI84190', '2019-09-11', 15, 10861.8, 10861.8),
('Health care medical and groceries', 'Health care medical and groceries', '', 'TWCPI84191', '2019-09-11', 15, 2111.84, 2111.84),
('Trust Chemist Pharmacy', 'Trust Chemist Pharmacy', '', 'TWCPI84192', '2019-09-11', 15, 2874.2, 2874.2),
('New Anrita Pharmacy', 'New Anrita Pharmacy', '', 'TWCPI84193', '2019-09-11', 15, 5531.24, 5531.24),
('Champika Medical', 'Champika Medical', '', 'TWCPI84194', '2019-09-11', 15, 9286.23, 9286.23),
('Mahajana Osusala', 'Mahajana Osusala', '', 'TWCPI84195', '2019-09-11', 15, 4432.76, 4432.76),
('Hemas Hospital', 'Hemas Hospital', '', 'TWCPI84196', '2019-09-11', 15, 216238, 216238),
('K S A Medical', 'K S A Medical', '', 'TWCPI84198', '2019-09-12', 14, 12050.6, 12050.6),
('S And G Pharmacy', 'S And G Pharmacy', '', 'TWCPI84199', '2019-09-12', 14, 10304.2, 9533.36),
('New Central Pharmacy', 'New Central Pharmacy', '', 'TWCPI84201', '2019-09-12', 14, 5942.78, 5942.78),
('Nawa Lanka Pharmacy', 'Nawa Lanka Pharmacy', '', 'TWCPI84202', '2019-09-12', 14, 27796.2, 27025.3),
('City Medicals', 'City Medicals', '', 'TWCPI84203', '2019-09-12', 14, 20309.8, 20309.8),
('St\' Annes Pharmacy', 'St\' Annes Pharmacy', '', 'TWCPI84204', '2019-09-12', 14, 4721.89, 679.13),
('Robert Mdicals', 'Robert Mdicals', '', 'TWCPI84206', '2019-09-12', 14, 16203.7, 16203.7),
('Sethma Pharmacy', 'Sethma Pharmacy', '', 'TWCPI84207', '2019-09-12', 14, 16774.9, 16774.9),
('Oriyant Pharmacy', 'Oriyant Pharmacy', '', 'TWCPI84208', '2019-09-12', 14, 13945.9, 13945.9),
('City Medicals', 'City Medicals', '', 'TWCPI84210', '2019-09-12', 14, 6676.81, 6676.81),
('Thilina Pharmacy', 'Thilina Pharmacy', '', 'TWCPI84211', '2019-09-12', 14, 6618.91, 6618.91),
('International Institute Of Health Sciences (PVT) L', 'International Institute Of Health Sciences (PVT) L', '', 'TWCPI84212', '2019-09-12', 14, 9350.4, 9350.4),
('Union Pharmacy', 'Union Pharmacy', '', 'TWCPI84213', '2019-09-12', 14, 814.22, 814.22),
('Trust Chemist Pharmacy', 'Trust Chemist Pharmacy', '', 'TWCPI84214', '2019-09-12', 14, 9133.15, 9133.15),
('Oriyant Pharmacy', 'Oriyant Pharmacy', '', 'TWCPI84215', '2019-09-12', 14, 18770.5, 18770.5),
('Asoka Pharmacy', 'Asoka Pharmacy', '', 'TWCPI84216', '2019-09-12', 14, 18553.5, 18553.5),
('Reliance Pharma', 'Reliance Pharma', '', 'TWCPI84217', '2019-09-12', 14, 5332.57, 5332.57),
('Hiru Pharmacy', 'Hiru Pharmacy', '', 'TWCPI84218', '2019-09-12', 14, 102141, 102141),
('Pamunugama Pharmacy', 'Pamunugama Pharmacy', '', 'TWCPI84219', '2019-09-12', 14, 7950, 7950),
('Health care medical and groceries', 'Health care medical and groceries', '', 'TWCPI84220', '2019-09-12', 14, 13600.7, 12468.7),
('Kandawala Pharmacy', 'Kandawala Pharmacy', '', 'TWCPI84221', '2019-09-12', 14, 7635.94, 7635.94),
('Supreme Pharmacy', 'Supreme Pharmacy', '', 'TWCPI84222', '2019-09-12', 14, 5569.52, 5169.43),
('Shanthi Pharmacy', 'Shanthi Pharmacy', '', 'TWCPI84223', '2019-09-12', 14, 10099.8, 10099.8),
('J And J Pharmacy', 'J And J Pharmacy', '', 'TWCPI84225', '2019-09-12', 14, 2119.98, 2119.98),
('Jayakody Pharmacy', 'Jayakody Pharmacy', '', 'TWCPI84226', '2019-09-12', 14, 20881.3, 20881.3),
('St\' Mary\'s Pharmacy', 'St\' Mary\'s Pharmacy', '', 'TWCPI84227', '2019-09-12', 14, 19322, 19322),
('Royal Pharmacy Kandana', 'Royal Pharmacy Kandana', '', 'TWCPI84228', '2019-09-12', 14, 5441.8, 5441.8),
('Chrishanthas Pharmacy', 'Chrishanthas Pharmacy', '', 'TWCPI84229', '2019-09-12', 14, 8982.88, 8982.88),
('New Peoples Pharmacy', 'New Peoples Pharmacy', '', 'TWCPI84231', '2019-09-12', 14, 4633.25, 4633.25),
('New St. Joseph Pharmacy & Grocery', 'New St. Joseph Pharmacy & Grocery', '', 'TWCPI84232', '2019-09-12', 14, 2603.04, 2603.04),
('Supreme Pharmacy', 'Supreme Pharmacy', '', 'TWCPI84233', '2019-09-12', 14, 1492.2, 1492.2),
('Asiri Pharmacy And Grocery', 'Asiri Pharmacy And Grocery', '', 'TWCPI84234', '2019-09-12', 14, 25751.2, 25751.2),
('Laxsiri Pharmacy', 'Laxsiri Pharmacy', '', 'TWCPI84235', '2019-09-12', 14, 6739.65, 6397.43),
('Health care Pharmacy And Family Needs', 'Health care Pharmacy And Family Needs', '', 'TWCPI84236', '2019-09-12', 14, 18188.7, 14116.7),
('The Raddolugama Pharmacy', 'The Raddolugama Pharmacy', '', 'TWCPI84238', '2019-09-12', 14, 6715.19, 6715.19),
('Health care Pharmacy And Family Needs', 'Health care Pharmacy And Family Needs', '', 'TWCPI84239', '2019-09-12', 14, 9651.22, 9651.22),
('Asiri Pharmacy And Grocery', 'Asiri Pharmacy And Grocery', '', 'TWCPI84240', '2019-09-12', 14, 10162, 10162),
('Pamunugama Osusala', 'Pamunugama Osusala', '', 'TWCPI84241', '2019-09-12', 14, 9844.08, 9844.08),
('Srilak Pharmacy', 'Srilak Pharmacy', '', 'TWCPI84242', '2019-09-12', 14, 14195.5, 14195.5),
('Thilina Pharmacy', 'Thilina Pharmacy', '', 'TWCPI84243', '2019-09-12', 14, 5339.1, 5339.1),
('Super Medical', 'Super Medical', '', 'TWCPI84245', '2019-09-12', 14, 29019, 29019),
('Angels Pharmacy', 'Angels Pharmacy', '', 'TWCPI84246', '2019-09-12', 14, 4972.98, 4972.98),
('City Medicals', 'City Medicals', '', 'TWCPI84248', '2019-09-12', 14, 9948.37, 9948.37),
('Dr. R.S.S.K Pathirana', 'Dr. R.S.S.K Pathirana', '', 'TWCPI84249', '2019-09-12', 14, 12542.4, 12542.4),
('Asiri Pharmacy And Grocery', 'Asiri Pharmacy And Grocery', '', 'TWCPI84250', '2019-09-12', 14, 3161.7, 3161.7),
('Asiri Pharmacy And Grocery', 'Asiri Pharmacy And Grocery', '', 'TWCPI84251', '2019-09-12', 14, 7881.36, 7881.36),
('St\' Mary\'s Pharmacy', 'St\' Mary\'s Pharmacy', '', 'TWCPI84254', '2019-09-12', 14, 4157.11, 4157.11),
('Health care Pharmacy And Family Needs', 'Health care Pharmacy And Family Needs', '', 'TWCPI84255', '2019-09-12', 14, 22002.4, 22002.4),
('Reliance Pharma', 'Reliance Pharma', '', 'TWCPI84256', '2019-09-12', 14, 8841.92, 8841.92),
('Suranga Pharmacy', 'Suranga Pharmacy', '', 'TWCPI84257', '2019-09-12', 14, 1159.32, 1159.32),
('Pradipa Pharmacy', 'Pradipa Pharmacy', '', 'TWCPI84258', '2019-09-12', 14, 2469.2, 2469.2),
('Suranga Pharmacy', 'Suranga Pharmacy', '', 'TWCPI84259', '2019-09-12', 14, 7088.24, 7088.24),
('Shanthi Pharmacy', 'Shanthi Pharmacy', '', 'TWCPI84260', '2019-09-12', 14, 32834.5, 32834.5),
('Pamunugama Osusala', 'Pamunugama Osusala', '', 'TWCPI84261', '2019-09-14', 12, 32144.5, 32144.5),
('Dagonna Pharmacy', 'Dagonna Pharmacy', '', 'TWCPI84262', '2019-09-14', 12, 6409.6, 6409.6),
('Negombo Drugs', 'Negombo Drugs', '', 'TWCPI84263', '2019-09-14', 12, 1268.58, 1268.58),
('Pamunugama Osusala', 'Pamunugama Osusala', '', 'TWCPI84265', '2019-09-14', 12, 18753, 18753),
('Pradipa Pharmacy', 'Pradipa Pharmacy', '', 'TWCPI84266', '2019-09-14', 12, 3921.16, 3921.16),
('J And J Pharmacy', 'J And J Pharmacy', '', 'TWCPI84267', '2019-09-14', 12, 6602.8, 6602.8),
('Subhani Pharmacy', 'Subhani Pharmacy', '', 'TWCPI84270', '2019-09-14', 12, 4675.2, 4675.2),
('S M Medicals Pharmacy', 'S M Medicals Pharmacy', '', 'TWCPI84271', '2019-09-14', 12, 4675.2, 4675.2),
('Srilak Pharmacy', 'Srilak Pharmacy', '', 'TWCPI84272', '2019-09-14', 12, 4384.12, 4384.12),
('St\' Mary\'s Pharmacy', 'St\' Mary\'s Pharmacy', '', 'TWCPI84273', '2019-09-14', 12, 5596.38, 5596.38),
('Kalidson Pharmacy', 'Kalidson Pharmacy', '', 'TWCPI84276', '2019-09-14', 12, 19096.8, 19096.8),
('Mabole Osusala', 'Mabole Osusala', '', 'TWCPI84278', '2019-09-16', 10, 7308.94, 7308.94),
('Health And Glow Pharmacy', 'Health And Glow Pharmacy', '', 'TWCPI84279', '2019-09-16', 10, 37152.1, 37152.1),
('V M Pharmacy -', 'V M Pharmacy -', '', 'TWCPI84280', '2019-09-16', 10, 1700.38, 1700.38),
('Niroga Pharmacy', 'Niroga Pharmacy', '', 'TWCPI84281', '2019-09-16', 10, 14516.7, 14516.7),
('Super Medical', 'Super Medical', '', 'TWCPI84282', '2019-09-16', 10, 53312.9, 52542),
('Home Need Pharmacy', 'Home Need Pharmacy', '', 'TWCPI84283', '2019-09-16', 10, 5101.14, 5101.14),
('Nawa Osusala', 'Nawa Osusala', '', 'TWCPI84284', '2019-09-16', 10, 4830.36, 4830.36),
('Hansi Pharmacy', 'Hansi Pharmacy', '', 'TWCPI84285', '2019-09-16', 10, 8440.88, 8440.88),
('Mabole Osusala', 'Mabole Osusala', '', 'TWCPI84287', '2019-09-16', 10, 3190.79, 3190.79),
('Health And Glow Pharmacy', 'Health And Glow Pharmacy', '', 'TWCPI84288', '2019-09-16', 10, 12819.2, 12819.2),
('Health And Glow Pharmacy', 'Health And Glow Pharmacy', '', 'TWCPI84289', '2019-09-16', 10, 25850.1, 25850.1),
('Srilak Pharmacy', 'Srilak Pharmacy', '', 'TWCPI84290', '2019-09-16', 10, 11026.5, 11026.5),
('V M Pharmacy -', 'V M Pharmacy -', '', 'TWCPI84292', '2019-09-16', 10, 2451.76, 2451.76),
('Iresha Pharmaceuticals', 'Iresha Pharmaceuticals', '', 'TWCPI84293', '2019-09-16', 10, 10883.6, 10883.6),
('Isira Pharmacy', 'Isira Pharmacy', '', 'TWCPI84295', '2019-09-16', 10, 4000, 4000),
('Lanka Pharmacy', 'Lanka Pharmacy', '', 'TWCPI84296', '2019-09-16', 10, 8000, 8000),
('Gold Crest Pharmacy', 'Gold Crest Pharmacy', '', 'TWCPI84297', '2019-09-16', 10, 11754.5, 11754.5),
('Iresha Pharmaceuticals', 'Iresha Pharmaceuticals', '', 'TWCPI84299', '2019-09-16', 10, 9893.16, 9893.16),
('Dr. Mahendra David', 'Dr. Mahendra David', '', 'TWCPI84300', '2019-09-16', 10, 26123.5, 26123.5),
('Jayakody Pharmacy', 'Jayakody Pharmacy', '', 'TWCPI84301', '2019-09-16', 10, 5686.59, 5686.59),
('Kandawala Pharmacy', 'Kandawala Pharmacy', '', 'TWCPI84302', '2019-09-16', 10, 4311.06, 4311.06),
('St\' Mary\'s Pharmacy', 'St\' Mary\'s Pharmacy', '', 'TWCPI84303', '2019-09-16', 10, 1536.09, 1536.09),
('Wijaya Pharmacy', 'Wijaya Pharmacy', '', 'TWCPI84304', '2019-09-16', 10, 1536.09, 1536.09),
('Hendala Medical', 'Hendala Medical', '', 'TWCPI84305', '2019-09-16', 10, 4460.85, 4460.85),
('Sethma Pharmacy', 'Sethma Pharmacy', '', 'TWCPI84306', '2019-09-16', 10, 23782.5, 23782.5),
('The Pharmacy', 'The Pharmacy', '', 'TWCPI84308', '2019-09-16', 10, 34461, 34461),
('New Kapuwatta Pharmacy', 'New Kapuwatta Pharmacy', '', 'TWCPI84309', '2019-09-16', 10, 2415.5, 2415.5),
('Home Need Pharmacy', 'Home Need Pharmacy', '', 'TWCPI84310', '2019-09-16', 10, 97.58, 97.58),
('Nawa Osusala', 'Nawa Osusala', '', 'TWCPI84311', '2019-09-16', 10, 14596, 14596),
('Dr. Krishantha Gunathilaka', 'Dr. Krishantha Gunathilaka', '', 'TWCPI84312', '2019-09-16', 10, 5813, 5813),
('St Joseph Pharmacy', 'St Joseph Pharmacy', '', 'TWCPI84313', '2019-09-16', 10, 1200, 1200),
('the British Stores', 'the British Stores', '', 'TWCPI84315', '2019-09-16', 10, 4704.5, 4704.5),
('New City Pharmacy', 'New City Pharmacy', '', 'TWCPI84316', '2019-09-16', 10, 22750.7, 21208.9),
('Chandrika Medical And Grocery', 'Chandrika Medical And Grocery', '', 'TWCPI84317', '2019-09-16', 10, 6715.31, 5944.44),
('Niroga Pharmacy', 'Niroga Pharmacy', '', 'TWCPI84319', '2019-09-16', 10, 6402.87, 6402.87),
('Dankotuwa Medicals', 'Dankotuwa Medicals', '', 'TWCPI84320', '2019-09-16', 10, 14245.6, 14245.6),
('Saduni Pharmacy', 'Saduni Pharmacy', '', 'TWCPI84321', '2019-09-16', 10, 16614.4, 16614.4),
('Wijaya Pharmacy', 'Wijaya Pharmacy', '', 'TWCPI84322', '2019-09-16', 10, 26724.8, 25954),
('C And D Pharmacy', 'C And D Pharmacy', '', 'TWCPI84323', '2019-09-16', 10, 5184.57, 5184.57),
('St\'joseph\'s Pharmacy', 'St\'joseph\'s Pharmacy', '', 'TWCPI84324', '2019-09-16', 10, 17557.3, 17557.3),
('Calvary Pharmacy', 'Calvary Pharmacy', '', 'TWCPI84325', '2019-09-16', 10, 1532.04, 1532.04),
('St\'jude\'s Pharmacy', 'St\'jude\'s Pharmacy', '', 'TWCPI84326', '2019-09-16', 10, 5844.64, 5844.64),
('Thilina Pharmacy', 'Thilina Pharmacy', '', 'TWCPI84327', '2019-09-16', 10, 2717.66, 2717.66),
('Niwasie Pharmacy', 'Niwasie Pharmacy', '', 'TWCPI84329', '2019-09-16', 10, 23167.8, 23167.8),
('P And J Pharmacy', 'P And J Pharmacy', '', 'TWCPI84330', '2019-09-16', 10, 90014, 90014),
('P And J Pharmacy', 'P And J Pharmacy', '', 'TWCPI84331', '2019-09-16', 10, 63779.6, 63779.6),
('Pamunugama Pharmacy', 'Pamunugama Pharmacy', '', 'TWCPI84332', '2019-09-16', 10, 18624, 14759.6),
('St\' Mary\'s Pharmacy', 'St\' Mary\'s Pharmacy', '', 'TWCPI84333', '2019-09-16', 10, 5803.02, 5803.02),
('P And J Pharmacy', 'P And J Pharmacy', '', 'TWCPI84334', '2019-09-16', 10, 14617, 7924.19),
('Saduni Pharmacy', 'Saduni Pharmacy', '', 'TWCPI84335', '2019-09-16', 10, 3742.19, 3742.19),
('Iresha Pharmaceuticals', 'Iresha Pharmaceuticals', '', 'TWCPI84337', '2019-09-16', 10, 30672.6, 30672.6),
('Niroga Pharmacy', 'Niroga Pharmacy', '', 'TWCPI84338', '2019-09-16', 10, 7659.29, 7110.92),
('Pamunugama Pharmacy', 'Pamunugama Pharmacy', '', 'TWCPI84339', '2019-09-16', 10, 6956.6, 6956.6),
('Dankotuwa Medicals', 'Dankotuwa Medicals', '', 'TWCPI84340', '2019-09-16', 10, 6324.29, 6324.29),
('St Joseph Pharmacy', 'St Joseph Pharmacy', '', 'TWCPI84341', '2019-09-16', 10, 3542.42, 1704.16),
('New City Pharmacy', 'New City Pharmacy', '', 'TWCPI84342', '2019-09-16', 10, 24524.8, 24524.8),
('Dankotuwa Medicals', 'Dankotuwa Medicals', '', 'TWCPI84343', '2019-09-16', 10, 5105.87, 5105.87),
('Niroga Pharmacy', 'Niroga Pharmacy', '', 'TWCPI84344', '2019-09-16', 10, 2600.12, 2600.12),
('St Ciciliya Pharmacy', 'St Ciciliya Pharmacy', '', 'TWCPI84346', '2019-09-16', 10, 4316.67, 4316.67),
('New City Pharmacy', 'New City Pharmacy', '', 'TWCPI84347', '2019-09-16', 10, 29277.8, 27748.1),
('Iresha Pharmaceuticals', 'Iresha Pharmaceuticals', '', 'TWCPI84348', '2019-09-16', 10, 10083.4, 10083.4),
('St\'joseph\'s Pharmacy', 'St\'joseph\'s Pharmacy', '', 'TWCPI84349', '2019-09-16', 10, 9202.14, 9202.14),
('P And J Pharmacy', 'P And J Pharmacy', '', 'TWCPI84350', '2019-09-16', 10, 76598.4, 76129.1),
('C And D Pharmacy', 'C And D Pharmacy', '', 'TWCPI84352', '2019-09-16', 10, 7625.53, 7625.53),
('P And J Pharmacy', 'P And J Pharmacy', '', 'TWCPI84354', '2019-09-16', 10, 48287, 40360.2),
('Hansi Pharmacy', 'Hansi Pharmacy', '', 'TWCPI84357', '2019-09-16', 10, 6427.61, 6427.61),
('Royal Pharmacy', 'Royal Pharmacy', '', 'TWCPI84358', '2019-09-17', 9, 8440.9, 8440.9),
('Iresha Pharmaceuticals', 'Iresha Pharmaceuticals', '', 'TWCPI84359', '2019-09-17', 9, 50725.1, 47910.4),
('Pamunugama Pharmacy', 'Pamunugama Pharmacy', '', 'TWCPI84360', '2019-09-17', 9, 19322, 19322),
('Home Need Pharmacy', 'Home Need Pharmacy', '', 'TWCPI84361', '2019-09-17', 9, 11714.4, 11714.4),
('Sahana Osusala', 'Sahana Osusala', '', 'TWCPI84362', '2019-09-17', 9, 4478.32, 4006.98),
('Pamunugama Osusala', 'Pamunugama Osusala', '', 'TWCPI84363', '2019-09-17', 9, 3676.52, 3676.52),
('Lanka Pharmacy', 'Lanka Pharmacy', '', 'TWCPI84364', '2019-09-17', 9, 25512.9, 25512.9),
('Dr. Mahesh Kodagoda', 'Dr. Mahesh Kodagoda', '', 'TWCPI84365', '2019-09-17', 9, 5339.1, 5339.1),
('Browns Healthcare Pvt Ltd', 'Browns Healthcare Pvt Ltd', '', 'TWCPI84366', '2019-09-17', 9, 3238, 3238),
('Home Need Pharmacy', 'Home Need Pharmacy', '', 'TWCPI84367', '2019-09-17', 9, 18827.3, 18827.3),
('Hemas Hospital', 'Hemas Hospital', '', 'TWCPI84368', '2019-09-17', 9, 1193.9, 0),
('Pamunugama Osusala', 'Pamunugama Osusala', '', 'TWCPI84369', '2019-09-17', 9, 14797, 14797),
('Pamunugama Pharmacy', 'Pamunugama Pharmacy', '', 'TWCPI84370', '2019-09-17', 9, 34535.1, 29341.9),
('Hemas Hospital', 'Hemas Hospital', '', 'TWCPI84371', '2019-09-17', 9, 15170.4, 15170.4),
('Iresha Pharmaceuticals', 'Iresha Pharmaceuticals', '', 'TWCPI84372', '2019-09-17', 9, 4632.72, 4632.72),
('Kandawala Pharmacy', 'Kandawala Pharmacy', '', 'TWCPI84373', '2019-09-17', 9, 5123.1, 5123.1),
('Thilina Pharmacy', 'Thilina Pharmacy', '', 'TWCPI84376', '2019-09-17', 9, 5154.8, 5154.8),
('Kapuwatta Pharmacy', 'Kapuwatta Pharmacy', '', 'TWCPI84377', '2019-09-17', 9, 3196.31, 3196.31),
('Iresha Pharmaceuticals', 'Iresha Pharmaceuticals', '', 'TWCPI84378', '2019-09-17', 9, 3168.99, 3168.99),
('Alliance Pharmacy', 'Alliance Pharmacy', '', 'TWCPI84380', '2019-09-17', 9, 2110.22, 2110.22),
('Reliable Pharmacy', 'Reliable Pharmacy', '', 'TWCPI84381', '2019-09-17', 9, 73957.9, 73957.9),
('Reliable Pharmacy', 'Reliable Pharmacy', '', 'TWCPI84382', '2019-09-17', 9, 25714.5, 25714.5),
('Bopitiya Pharmacy', 'Bopitiya Pharmacy', '', 'TWCPI84383', '2019-09-17', 9, 35083.8, 35083.8),
('New Ekala Pharmacy', 'New Ekala Pharmacy', '', 'TWCPI84384', '2019-09-17', 9, 2357.02, 2357.02),
('St\'joseph Pharmacy', 'St\'joseph Pharmacy', '', 'TWCPI84385', '2019-09-17', 9, 7223.56, 3161.68),
('Srilak Pharmacy', 'Srilak Pharmacy', '', 'TWCPI84386', '2019-09-17', 9, 23522.3, 23522.3),
('Isura Pharmacy', 'Isura Pharmacy', '', 'TWCPI84387', '2019-09-17', 9, 2543.49, 2543.49),
('Health care Pharmacy And Family Needs', 'Health care Pharmacy And Family Needs', '', 'TWCPI84388', '2019-09-17', 9, 1155.56, 1155.56),
('Dr. Palitha Perera', 'Dr. Palitha Perera', '', 'TWCPI84390', '2019-09-17', 9, 6314.1, 6314.1),
('Home Need Pharmacy', 'Home Need Pharmacy', '', 'TWCPI84391', '2019-09-17', 9, 8609, 5984.7),
('Best Way Pharmacy', 'Best Way Pharmacy', '', 'TWCPI84392', '2019-09-17', 9, 4591, 2591),
('New Cristal Pharmacy', 'New Cristal Pharmacy', '', 'TWCPI84393', '2019-09-17', 9, 4316.67, 4316.67),
('Srilak Pharmacy', 'Srilak Pharmacy', '', 'TWCPI84394', '2019-09-17', 9, 36368.4, 35961.3),
('Nawa Osusala', 'Nawa Osusala', '', 'TWCPI84395', '2019-09-17', 9, 15272.3, 15272.3),
('New Ekala Pharmacy', 'New Ekala Pharmacy', '', 'TWCPI84396', '2019-09-17', 9, 1913.91, 1913.91),
('Isura Pharmacy', 'Isura Pharmacy', '', 'TWCPI84397', '2019-09-17', 9, 4756.5, 4756.5),
('Rilaulla Pharmacy', 'Rilaulla Pharmacy', '', 'TWCPI84398', '2019-09-17', 9, 33551.2, 33551.2),
('Trust Chemist Pharmacy', 'Trust Chemist Pharmacy', '', 'TWCPI84399', '2019-09-17', 9, 3655.39, 3655.39),
('Ranmina Pharmacy(Life Care Hospital)', 'Ranmina Pharmacy(Life Care Hospital)', '', 'TWCPI84401', '2019-09-17', 9, 21088, 21088),
('Lanka Pharmacy', 'Lanka Pharmacy', '', 'TWCPI84403', '2019-09-17', 9, 31653.3, 31653.3),
('New Cristal Pharmacy', 'New Cristal Pharmacy', '', 'TWCPI84404', '2019-09-17', 9, 6195.02, 6195.02),
('St\' Jude Pharmacy', 'St\' Jude Pharmacy', '', 'TWCPI84406', '2019-09-17', 9, 26858.3, 26087.4),
('Royal Pharmacy', 'Royal Pharmacy', '', 'TWCPI84407', '2019-09-17', 9, 4220.45, 4220.45),
('Sampath Pharmacy', 'Sampath Pharmacy', '', 'TWCPI84408', '2019-09-17', 9, 20219.1, 20219.1),
('Jasmine Pharmacy', 'Jasmine Pharmacy', '', 'TWCPI84409', '2019-09-17', 9, 5037.68, 5037.68),
('Sahana Osusala', 'Sahana Osusala', '', 'TWCPI84410', '2019-09-17', 9, 15979, 13586.3),
('Ragama Pharmacy 1', 'Ragama Pharmacy 1', '', 'TWCPI84411', '2019-09-17', 9, 101704, 101704),
('New City Pharmacy', 'New City Pharmacy', '', 'TWCPI84412', '2019-09-17', 9, 5733.8, 5733.8),
('leesons Pharmacy', 'leesons Pharmacy', '', 'TWCPI84413', '2019-09-17', 9, 15975.8, 15975.8),
('Jayasiri Pharmacy', 'Jayasiri Pharmacy', '', 'TWCPI84414', '2019-09-17', 9, 21584.8, 21584.8),
('W. Mendis Chemist', 'W. Mendis Chemist', '', 'TWCPI84415', '2019-09-17', 9, 14090.9, 14090.9),
('Royal Pharma', 'Royal Pharma', '', 'TWCPI84417', '2019-09-17', 9, 9149.87, 8418.71),
('Isira Pharmacy', 'Isira Pharmacy', '', 'TWCPI84418', '2019-09-17', 9, 5244.9, 5244.9),
('Iresha Pharmaceuticals', 'Iresha Pharmaceuticals', '', 'TWCPI84419', '2019-09-17', 9, 5342.6, 3320.87),
('Chandrika Medical And Grocery', 'Chandrika Medical And Grocery', '', 'TWCPI84421', '2019-09-17', 9, 1081.94, 1081.94),
('Royal Pharma', 'Royal Pharma', '', 'TWCPI84422', '2019-09-17', 9, 1776.54, 1776.54),
('Isira Pharmacy', 'Isira Pharmacy', '', 'TWCPI84423', '2019-09-17', 9, 1821.64, 1821.64),
('Nipuni Pharmacy,', 'Nipuni Pharmacy,', '', 'TWCPI84424', '2019-09-17', 9, 4756.5, 4756.5),
('Isura Pharmacy', 'Isura Pharmacy', '', 'TWCPI84425', '2019-09-17', 9, 7023.51, 7023.51),
('Jasmine Pharmacy', 'Jasmine Pharmacy', '', 'TWCPI84427', '2019-09-17', 9, 28543.9, 28543.9),
('New City Pharmacy', 'New City Pharmacy', '', 'TWCPI84428', '2019-09-17', 9, 4906.28, 4906.28),
('Leesons Pharmacy', 'Leesons Pharmacy', '', 'TWCPI84429', '2019-09-17', 9, 69050.4, 69050.4),
('Sahana Osusala', 'Sahana Osusala', '', 'TWCPI84430', '2019-09-17', 9, 8346.24, 7159.04),
('Ragama Pharmacy 1', 'Ragama Pharmacy 1', '', 'TWCPI84431', '2019-09-17', 9, 29952, 29952),
('Sampath Pharmacy', 'Sampath Pharmacy', '', 'TWCPI84432', '2019-09-17', 9, 9214.86, 8561.53),
('Health Line Pharmacy', 'Health Line Pharmacy', '', 'TWCPI84434', '2019-09-17', 9, 8660.25, 8660.25),
('Bopitiya Pharmacy', 'Bopitiya Pharmacy', '', 'TWCPI84435', '2019-09-17', 9, 10501.7, 10501.7);
INSERT INTO `emoutupload` (`eID`, `eCustName`, `eTown`, `inv`, `date`, `age`, `amount`, `balAmount`) VALUES
('Alliance Pharmacy', 'Alliance Pharmacy', '', 'TWCPI84436', '2019-09-17', 9, 1509, 1509),
('Alliance Pharmacy', 'Alliance Pharmacy', '', 'TWCPI84437', '2019-09-17', 9, 2378.25, 2378.25),
('Gimshani Pharmacy', 'Gimshani Pharmacy', '', 'TWCPI84439', '2019-09-17', 9, 4119.57, 4119.57),
('Chrishanthas Pharmacy', 'Chrishanthas Pharmacy', '', 'TWCPI84440', '2019-09-18', 8, 11048.7, 7965.17),
('Isira Pharmacy', 'Isira Pharmacy', '', 'TWCPI84441', '2019-09-18', 8, 9221.66, 9221.66),
('Royal Pharma', 'Royal Pharma', '', 'TWCPI84442', '2019-09-18', 8, 4879.12, 4879.12),
('Royal Pharmacy Kandana', 'Royal Pharmacy Kandana', '', 'TWCPI84443', '2019-09-18', 8, 29887.9, 29887.9),
('St\' Jude Pharmacy', 'St\' Jude Pharmacy', '', 'TWCPI84444', '2019-09-18', 8, 7860.48, 7860.48),
('Chrishanthas Pharmacy', 'Chrishanthas Pharmacy', '', 'TWCPI84446', '2019-09-18', 8, 1059.62, 1059.62),
('Royal Pharmacy Kandana', 'Royal Pharmacy Kandana', '', 'TWCPI84447', '2019-09-18', 8, 10342.9, 10342.9),
('Reliable Pharmacy', 'Reliable Pharmacy', '', 'TWCPI84448', '2019-09-18', 8, 3200, 3200),
('Dr Daya Fernando', 'Dr Daya Fernando', '', 'TWCPI84449', '2019-09-18', 8, 32588.1, 32588.1),
('Reliable Pharmacy', 'Reliable Pharmacy', '', 'TWCPI84450', '2019-09-18', 8, 5327, 5327),
('Jasmine Pharmacy', 'Jasmine Pharmacy', '', 'TWCPI84451', '2019-09-18', 8, 95130, 95130),
('New West Line Pharmacy', 'New West Line Pharmacy', '', 'TWCPI84452', '2019-09-18', 8, 58701.2, 7.46),
('Ragama Pharmacy 1', 'Ragama Pharmacy 1', '', 'TWCPI84453', '2019-09-18', 8, 29274, 29274),
('Gimshani Pharmacy', 'Gimshani Pharmacy', '', 'TWCPI84454', '2019-09-18', 8, 9214.3, 6627.78),
('Osusala Kandana', 'Osusala Kandana', '', 'TWCPI84455', '2019-09-18', 8, 4399.53, 4399.53),
('Health Line Pharmacy', 'Health Line Pharmacy', '', 'TWCPI84456', '2019-09-18', 8, 18875.2, 18875.2),
('Negombo Food And Drugs', 'Negombo Food And Drugs', '', 'TWCPI84457', '2019-09-18', 8, 27015.9, 20419.8),
('Osusala Kandana', 'Osusala Kandana', '', 'TWCPI84459', '2019-09-18', 8, 10410.5, 10410.5),
('Rilaulla Pharmacy', 'Rilaulla Pharmacy', '', 'TWCPI84460', '2019-09-18', 8, 22009.2, 19675.7),
('St\'joseph Pharmacy', 'St\'joseph Pharmacy', '', 'TWCPI84461', '2019-09-18', 8, 6532.76, 4097.96),
('Dr. G. G. S. weerasuriya', 'Dr. G. G. S. weerasuriya', '', 'TWCPI84462', '2019-09-18', 8, 2820.2, 2820.2),
('Ajantha Osusala', 'Ajantha Osusala', '', 'TWCPI84463', '2019-09-18', 8, 5837.24, 5837.24),
('The British Pharmacy', 'The British Pharmacy', '', 'TWCPI84464', '2019-09-18', 8, 22176.3, 22176.3),
('Dr. G. G. S. weerasuriya', 'Dr. G. G. S. weerasuriya', '', 'TWCPI84465', '2019-09-18', 8, 3287.21, 3287.21),
('St Joseph Pharmacy', 'St Joseph Pharmacy', '', 'TWCPI84468', '2019-09-18', 8, 5194.19, 5194.19),
('Sarani Pharmacy', 'Sarani Pharmacy', '', 'TWCPI84469', '2019-09-18', 8, 7109.38, 7109.38),
('Oshidi Medical\'s', 'Oshidi Medical\'s', '', 'TWCPI84470', '2019-09-18', 8, 2660.29, 2660.29),
('Nalaka Pharmacy', 'Nalaka Pharmacy', '', 'TWCPI84471', '2019-09-18', 8, 28621, 24284.7),
('Araliya Pharmacy', 'Araliya Pharmacy', '', 'TWCPI84472', '2019-09-18', 8, 66898.7, 64586.1),
('Chrishanthas Pharmacy', 'Chrishanthas Pharmacy', '', 'TWCPI84473', '2019-09-18', 8, 5475.03, 5475.03),
('Ragama Pharmacy 1', 'Ragama Pharmacy 1', '', 'TWCPI84474', '2019-09-18', 8, 55020, 55020),
('Nalaka Pharmacy', 'Nalaka Pharmacy', '', 'TWCPI84475', '2019-09-18', 8, 36134.1, 30868.7),
('Araliya Pharmacy', 'Araliya Pharmacy', '', 'TWCPI84476', '2019-09-18', 8, 23233.9, 23233.9),
('Oshidi Medical\'s', 'Oshidi Medical\'s', '', 'TWCPI84477', '2019-09-18', 8, 5681.5, 5681.5),
('St Joseph Pharmacy', 'St Joseph Pharmacy', '', 'TWCPI84478', '2019-09-18', 8, 30550, 30550),
('Ragama Pharmacy 1', 'Ragama Pharmacy 1', '', 'TWCPI84479', '2019-09-18', 8, 112308, 112308),
('Sethma Pharmacy', 'Sethma Pharmacy', '', 'TWCPI84480', '2019-09-18', 8, 139419, 139419),
('leesons Pharmacy', 'leesons Pharmacy', '', 'TWCPI84481', '2019-09-18', 8, 34461, 34461),
('Supreme Pharmacy', 'Supreme Pharmacy', '', 'TWCPI84482', '2019-09-18', 8, 2126.16, 2126.16),
('Iresha Pharmaceuticals', 'Iresha Pharmaceuticals', '', 'TWCPI84484', '2019-09-18', 8, 58344.8, 58344.8),
('Suranga Pharmacy', 'Suranga Pharmacy', '', 'TWCPI84486', '2019-09-18', 8, 1314.33, 1314.33),
('Kandawala Pharmacy', 'Kandawala Pharmacy', '', 'TWCPI84487', '2019-09-18', 8, 7274.55, 7274.55),
('Hemas Hospital', 'Hemas Hospital', '', 'TWCPI84488', '2019-09-18', 8, 42426, 42426),
('Kandawala Pharmacy', 'Kandawala Pharmacy', '', 'TWCPI84489', '2019-09-18', 8, 5304.49, 5304.49),
('Araliya Pharmacy', 'Araliya Pharmacy', '', 'TWCPI84490', '2019-09-18', 8, 6675.36, 6267.6),
('Supreme Pharmacy', 'Supreme Pharmacy', '', 'TWCPI84492', '2019-09-18', 8, 3061.45, 3061.45),
('Dr. Ananda Rathnayeke', 'Dr. Ananda Rathnayeke', '', 'TWCPI84493', '2019-09-18', 8, 5333.4, 5333.4),
('Dr. Mahesh Kodagoda', 'Dr. Mahesh Kodagoda', '', 'TWCPI84494', '2019-09-18', 8, 2071.15, 2071.15),
('Sethma Pharmacy', 'Sethma Pharmacy', '', 'TWCPI84495', '2019-09-18', 8, 15459, 15459),
('Dankotuwa Medicals', 'Dankotuwa Medicals', '', 'TWCPI84496', '2019-09-18', 8, 10825.9, 10825.9),
('Oshidi Medical\'s', 'Oshidi Medical\'s', '', 'TWCPI84497', '2019-09-18', 8, 6241.98, 6241.98),
('Niroga Pharmacy', 'Niroga Pharmacy', '', 'TWCPI84499', '2019-09-18', 8, 9435.45, 9435.45),
('Dr. Sujeewa Rodrigo', 'Dr. Sujeewa Rodrigo', '', 'TWCPI84500', '2019-09-18', 8, 4959.3, 4959.3),
('Wijaya Pharmacy', 'Wijaya Pharmacy', '', 'TWCPI84501', '2019-09-18', 8, 7359.73, 7359.73),
('Robert Mdicals', 'Robert Mdicals', '', 'TWCPI84503', '2019-09-18', 8, 13370.1, 13370.1),
('Suranga Pharmacy', 'Suranga Pharmacy', '', 'TWCPI84504', '2019-09-18', 8, 2596.72, 2596.72),
('New City Pharmacy', 'New City Pharmacy', '', 'TWCPI84505', '2019-09-18', 8, 40608.7, 40608.7),
('Dankotuwa Medicals', 'Dankotuwa Medicals', '', 'TWCPI84506', '2019-09-18', 8, 6524.3, 6524.3),
('Oshidi Medical\'s', 'Oshidi Medical\'s', '', 'TWCPI84507', '2019-09-18', 8, 4201.65, 4201.65),
('Robert Mdicals', 'Robert Mdicals', '', 'TWCPI84508', '2019-09-19', 7, 18588.2, 18588.2),
('Laxsiri Pharmacy', 'Laxsiri Pharmacy', '', 'TWCPI84509', '2019-09-19', 7, 3244.62, 1700.38),
('St\'joseph Pharmacy', 'St\'joseph Pharmacy', '', 'TWCPI84510', '2019-09-19', 7, 10873.2, 10873.2),
('Supreme Pharmacy', 'Supreme Pharmacy', '', 'TWCPI84511', '2019-09-19', 7, 13801, 13801),
('Suranga Pharmacy', 'Suranga Pharmacy', '', 'TWCPI84512', '2019-09-19', 7, 10798, 10798),
('Kandawala Pharmacy', 'Kandawala Pharmacy', '', 'TWCPI84513', '2019-09-19', 7, 15448.7, 15448.7),
('Sarani Pharmacy', 'Sarani Pharmacy', '', 'TWCPI84515', '2019-09-19', 7, 58854.4, 38644),
('Sarani Pharmacy', 'Sarani Pharmacy', '', 'TWCPI84516', '2019-09-19', 7, 19374.7, 19374.7),
('Niroga Pharmacy', 'Niroga Pharmacy', '', 'TWCPI84517', '2019-09-19', 7, 11208.5, 9700.51),
('Thilina Pharmacy', 'Thilina Pharmacy', '', 'TWCPI84518', '2019-09-19', 7, 3124.36, 3124.36),
('Jayakody Pharmacy', 'Jayakody Pharmacy', '', 'TWCPI84520', '2019-09-19', 7, 9965.29, 9965.29),
('leesons Pharmacy', 'leesons Pharmacy', '', 'TWCPI84521', '2019-09-19', 7, 21223, 21223),
('Robert Mdicals', 'Robert Mdicals', '', 'TWCPI84522', '2019-09-19', 7, 4865.87, 4865.87),
('Niroga Pharmacy', 'Niroga Pharmacy', '', 'TWCPI84523', '2019-09-19', 7, 11128.9, 11128.9),
('Pradipa Pharmacy', 'Pradipa Pharmacy', '', 'TWCPI84524', '2019-09-19', 7, 3055.89, 1996.27),
('The Raddolugama Pharmacy', 'The Raddolugama Pharmacy', '', 'TWCPI84525', '2019-09-19', 7, 9513, 9513),
('New Cristal Pharmacy', 'New Cristal Pharmacy', '', 'TWCPI84526', '2019-09-19', 7, 7880.96, 7880.96),
('Ranmina Pharmacy(Life Care Hospital)', 'Ranmina Pharmacy(Life Care Hospital)', '', 'TWCPI84527', '2019-09-19', 7, 19626.3, 17714.7),
('Wijaya Pharmacy', 'Wijaya Pharmacy', '', 'TWCPI84528', '2019-09-19', 7, 17850.4, 17205.7),
('Chandrika Medical And Grocery', 'Chandrika Medical And Grocery', '', 'TWCPI84529', '2019-09-19', 7, 15773, 12889.7),
('St Ciciliya Pharmacy', 'St Ciciliya Pharmacy', '', 'TWCPI84530', '2019-09-19', 7, 36426.8, 220.26),
('Iresha Pharmaceuticals', 'Iresha Pharmaceuticals', '', 'TWCPI84531', '2019-09-19', 7, 34230, 34230),
('Iresha Pharmaceuticals', 'Iresha Pharmaceuticals', '', 'TWCPI84532', '2019-09-19', 7, 4135.32, 4135.32),
('St\'joseph Pharmacy', 'St\'joseph Pharmacy', '', 'TWCPI84533', '2019-09-19', 7, 9502.11, 9502.11),
('Ranmimi Pharmacy', 'Ranmimi Pharmacy', '', 'TWCPI84534', '2019-09-19', 7, 1368.35, 1368.35),
('Saduni Pharmacy', 'Saduni Pharmacy', '', 'TWCPI84535', '2019-09-19', 7, 3110.45, 3110.45),
('St Joseph Pharmacy', 'St Joseph Pharmacy', '', 'TWCPI84536', '2019-09-19', 7, 1990.68, 1990.68),
('The British Stores', 'The British Stores', '', 'TWCPI84537', '2019-09-19', 7, 36474.2, 36474.2),
('The British Pharmacy', 'The British Pharmacy', '', 'TWCPI84538', '2019-09-19', 7, 37424.6, 37424.6),
('Ranmina Pharmacy', 'Ranmina Pharmacy', '', 'TWCPI84539', '2019-09-19', 7, 6514.99, 6514.99),
('The Raddolugama Pharmacy', 'The Raddolugama Pharmacy', '', 'TWCPI84540', '2019-09-19', 7, 25731.6, 25731.6),
('Pradeep Pharmacy', 'Pradeep Pharmacy', '', 'TWCPI84541', '2019-09-19', 7, 1413.84, 1413.84),
('Saduni Pharmacy', 'Saduni Pharmacy', '', 'TWCPI84542', '2019-09-19', 7, 2521.54, 2521.54),
('The British Pharmacy', 'The British Pharmacy', '', 'TWCPI84543', '2019-09-19', 7, 19744.8, 19744.8),
('the British Stores', 'the British Stores', '', 'TWCPI84545', '2019-09-19', 7, 28464.5, 28464.5),
('Santhana Pharmacy', 'Santhana Pharmacy', '', 'TWCPI84546', '2019-09-19', 7, 7112.9, 7112.9),
('The British Stores', 'The British Stores', '', 'TWCPI84547', '2019-09-19', 7, 8907.4, 8907.4),
('The British Pharmacy', 'The British Pharmacy', '', 'TWCPI84548', '2019-09-19', 7, 21546.1, 21546.1),
('The British Pharmacy', 'The British Pharmacy', '', 'TWCPI84549', '2019-09-19', 7, 9513, 9513),
('Nalaka Pharmacy', 'Nalaka Pharmacy', '', 'TWCPI84550', '2019-09-19', 7, 2530.56, 2530.56),
('New St. Joseph Pharmacy & Grocery', 'New St. Joseph Pharmacy & Grocery', '', 'TWCPI84551', '2019-09-19', 7, 5685.72, 5685.72),
('The British Pharmacy', 'The British Pharmacy', '', 'TWCPI84552', '2019-09-19', 7, 16719.7, 16719.7),
('Dr. Thilak N Ranasinghe', 'Dr. Thilak N Ranasinghe', '', 'TWCPI84553', '2019-09-19', 7, 14920, 14920),
('The Raddolugama Pharmacy', 'The Raddolugama Pharmacy', '', 'TWCPI84554', '2019-09-19', 7, 22683.3, 22683.3),
('Pamunugama Osusala', 'Pamunugama Osusala', '', 'TWCPI84555', '2019-09-19', 7, 21785.1, 21785.1),
('Nalaka Pharmacy', 'Nalaka Pharmacy', '', 'TWCPI84556', '2019-09-19', 7, 10876.8, 9987.91),
('Dr. Uditha Herath', 'Dr. Uditha Herath', '', 'TWCPI84557', '2019-09-19', 7, 17804.6, 17804.6),
('Kandawala Pharmacy', 'Kandawala Pharmacy', '', 'TWCPI84558', '2019-09-19', 7, 4756.5, 4756.5),
('Dr. Uditha Herath', 'Dr. Uditha Herath', '', 'TWCPI84559', '2019-09-19', 7, 13662.3, 13662.3),
('Dagonna Pharmacy', 'Dagonna Pharmacy', '', 'TWCPI84560', '2019-09-19', 7, 13501, 13501),
('Dagonna Pharmacy', 'Dagonna Pharmacy', '', 'TWCPI84561', '2019-09-19', 7, 30550, 30550),
('Lanka Pharmacy', 'Lanka Pharmacy', '', 'TWCPI84562', '2019-09-19', 7, 91650, 91650),
('Chandrika Medical And Grocery', 'Chandrika Medical And Grocery', '', 'TWCPI84563', '2019-09-19', 7, 6747.84, 6747.84),
('Dagonna Pharmacy', 'Dagonna Pharmacy', '', 'TWCPI84564', '2019-09-19', 7, 6889.73, 6889.73),
('Lanka Pharmacy', 'Lanka Pharmacy', '', 'TWCPI84566', '2019-09-19', 7, 9455.9, 9455.9),
('Dagonna Pharmacy', 'Dagonna Pharmacy', '', 'TWCPI84568', '2019-09-19', 7, 19026, 19026),
('Dr. Lakshman Fernando', 'Dr. Lakshman Fernando', '', 'TWCPI84569', '2019-09-19', 7, 7119.6, 7119.6),
('Jude Pharmacy', 'Jude Pharmacy', '', 'TWCPI84570', '2019-09-19', 7, 91650, 91650),
('Pamunugama Osusala', 'Pamunugama Osusala', '', 'TWCPI84571', '2019-09-19', 7, 61100, 61100),
('Seeduwa Osusala', 'Seeduwa Osusala', '', 'TWCPI84573', '2019-09-19', 7, 27103.6, 27103.6),
('Shanthi Pharmacy', 'Shanthi Pharmacy', '', 'TWCPI84575', '2019-09-19', 7, 43458.5, 43458.5),
('Isuru Pharmacy', 'Isuru Pharmacy', '', 'TWCPI84576', '2019-09-19', 7, 4496.08, 4496.08),
('Santhana Pharmacy', 'Santhana Pharmacy', '', 'TWCPI84577', '2019-09-19', 7, 25838.1, 25838.1),
('Jayanthi Pharmacy', 'Jayanthi Pharmacy', '', 'TWCPI84578', '2019-09-19', 7, 975.8, 975.8),
('New St. Joseph Pharmacy & Grocery', 'New St. Joseph Pharmacy & Grocery', '', 'TWCPI84579', '2019-09-19', 7, 19924.1, 19158.1),
('Jude Pharmacy', 'Jude Pharmacy', '', 'TWCPI84580', '2019-09-19', 7, 5618.32, 5618.32),
('Isuru Pharmacy', 'Isuru Pharmacy', '', 'TWCPI84581', '2019-09-19', 7, 1089.03, 1089.03),
('Sampath Pharmacy', 'Sampath Pharmacy', '', 'TWCPI84582', '2019-09-19', 7, 12741.4, 12118.8),
('Sahana Osusala', 'Sahana Osusala', '', 'TWCPI84583', '2019-09-19', 7, 8504.3, 8504.3),
('Sahana Osusala', 'Sahana Osusala', '', 'TWCPI84584', '2019-09-19', 7, 11877.1, 11565.8),
('leesons Pharmacy', 'leesons Pharmacy', '', 'TWCPI84585', '2019-09-19', 7, 99439.7, 99439.7),
('Jayasri Pharmacy', 'Jayasri Pharmacy', '', 'TWCPI84586', '2019-09-19', 7, 3306.25, 3306.25),
('Imedra Medical\'s', 'Imedra Medical\'s', '', 'TWCPI84587', '2019-09-19', 7, 3711.54, 3711.54),
('Shanthi Pharmacy', 'Shanthi Pharmacy', '', 'TWCPI84588', '2019-09-19', 7, 11215.5, 11215.5),
('Jayasri Pharmacy', 'Jayasri Pharmacy', '', 'TWCPI84589', '2019-09-19', 7, 1357.62, 1357.62),
('Kandawala Pharmacy', 'Kandawala Pharmacy', '', 'TWCPI84590', '2019-09-19', 7, 708.72, 708.72),
('Rilaulla Pharmacy', 'Rilaulla Pharmacy', '', 'TWCPI84591', '2019-09-19', 7, 11672.8, 11672.8),
('Osusala Kandana', 'Osusala Kandana', '', 'TWCPI84592', '2019-09-19', 7, 5100.9, 5100.9),
('Sahana Osusala', 'Sahana Osusala', '', 'TWCPI84593', '2019-09-19', 7, 5865.81, 5474.7),
('Leesons Pharmacy', 'Leesons Pharmacy', '', 'TWCPI84594', '2019-09-19', 7, 12787.1, 12787.1),
('Sampath Pharmacy', 'Sampath Pharmacy', '', 'TWCPI84595', '2019-09-19', 7, 11021.5, 11021.5),
('Royal Pharmacy Kandana', 'Royal Pharmacy Kandana', '', 'TWCPI84596', '2019-09-19', 7, 7219.53, 7219.53),
('Shanthi Pharmacy', 'Shanthi Pharmacy', '', 'TWCPI84597', '2019-09-19', 7, 15497.2, 15497.2),
('Isuru Pharmacy', 'Isuru Pharmacy', '', 'TWCPI84598', '2019-09-19', 7, 4756.5, 4756.5),
('Pamunugama Osusala', 'Pamunugama Osusala', '', 'TWCPI84600', '2019-09-19', 7, 15135.1, 15135.1),
('Shris Lanka Pharmacy', 'Shris Lanka Pharmacy', '', 'TWCPI84603', '2019-09-19', 7, 2943.59, 2943.59),
('The Raddolugama Pharmacy', 'The Raddolugama Pharmacy', '', 'TWCPI84604', '2019-09-19', 7, 6860.06, 6860.06),
('Laxsiri Pharmacy', 'Laxsiri Pharmacy', '', 'TWCPI84605', '2019-09-19', 7, 6337.56, 6337.56),
('Srilak Pharmacy', 'Srilak Pharmacy', '', 'TWCPI84606', '2019-09-19', 7, 772.88, 772.88),
('Royal Pharmacy Kandana', 'Royal Pharmacy Kandana', '', 'TWCPI84607', '2019-09-19', 7, 13922.6, 13922.6),
('Gimshani Pharmacy', 'Gimshani Pharmacy', '', 'TWCPI84608', '2019-09-19', 7, 4413.64, 4413.64),
('New City Pharmacy', 'New City Pharmacy', '', 'TWCPI84609', '2019-09-19', 7, 4471.02, 4471.02),
('Royal Pharmacy Kandana', 'Royal Pharmacy Kandana', '', 'TWCPI84611', '2019-09-20', 6, 18058.6, 15269.2),
('New City Pharmacy', 'New City Pharmacy', '', 'TWCPI84612', '2019-09-20', 6, 10380.8, 10380.8),
('Health Line Pharmacy', 'Health Line Pharmacy', '', 'TWCPI84613', '2019-09-20', 6, 10030.7, 10030.7),
('Health Line Pharmacy', 'Health Line Pharmacy', '', 'TWCPI84614', '2019-09-20', 6, 2408.54, 2408.54),
('Ajantha Osusala', 'Ajantha Osusala', '', 'TWCPI84615', '2019-09-20', 6, 14400.2, 14400.2),
('Pamunugama Osusala', 'Pamunugama Osusala', '', 'TWCPI84616', '2019-09-20', 6, 33834.2, 32894.6),
('Niroga Pharmacy', 'Niroga Pharmacy', '', 'TWCPI84617', '2019-09-20', 6, 1423.92, 1423.92),
('Shris Lanka Pharmacy', 'Shris Lanka Pharmacy', '', 'TWCPI84618', '2019-09-20', 6, 3940.36, 3940.36),
('Sahana Osusala', 'Sahana Osusala', '', 'TWCPI84620', '2019-09-20', 6, 14021.6, 14021.6),
('St\' Mary\'s Pharmacy', 'St\' Mary\'s Pharmacy', '', 'TWCPI84621', '2019-09-20', 6, 12740.6, 12740.6),
('Sampath Pharmacy', 'Sampath Pharmacy', '', 'TWCPI84622', '2019-09-20', 6, 16263.9, 16263.9),
('Health Line Pharmacy', 'Health Line Pharmacy', '', 'TWCPI84623', '2019-09-20', 6, 6148.98, 6148.98),
('Leesons Pharmacy', 'Leesons Pharmacy', '', 'TWCPI84624', '2019-09-20', 6, 25328.4, 25328.4),
('Lanka Pharmacy', 'Lanka Pharmacy', '', 'TWCPI84625', '2019-09-20', 6, 4618.11, 4618.11),
('Lanka Pharmacy', 'Lanka Pharmacy', '', 'TWCPI84626', '2019-09-20', 6, 77124, 77124),
('People\'s Healthcare', 'People\'s Healthcare', '', 'TWCPI84627', '2019-09-20', 6, 2439.56, 2439.56),
('Gimshani Pharmacy', 'Gimshani Pharmacy', '', 'TWCPI84628', '2019-09-20', 6, 11369.5, 10448.7),
('Lanka Pharmacy', 'Lanka Pharmacy', '', 'TWCPI84631', '2019-09-20', 6, 66644.8, 66644.8),
('Sethma Pharmacy', 'Sethma Pharmacy', '', 'TWCPI84632', '2019-09-20', 6, 51992.2, 47825.6),
('Thalahen Pharmacy', 'Thalahen Pharmacy', '', 'TWCPI84633', '2019-09-20', 6, 13056.9, 13056.9),
('New Western Pharmacy', 'New Western Pharmacy', '', 'TWCPI84634', '2019-09-20', 6, 97766.9, 97766.9),
('Browns Healthcare Pvt Ltd', 'Browns Healthcare Pvt Ltd', '', 'TWCPI84635', '2019-09-20', 6, 142432, 134468),
('Mahajana Osusala', 'Mahajana Osusala', '', 'TWCPI84636', '2019-09-20', 6, 19026, 19026),
('Browns Healthcare Pvt Ltd', 'Browns Healthcare Pvt Ltd', '', 'TWCPI84637', '2019-09-20', 6, 33994, 33994),
('Beta Health Pharmacy', 'Beta Health Pharmacy', '', 'TWCPI84638', '2019-09-20', 6, 15151.5, 15151.5),
('Silvarry Pharmacy', 'Silvarry Pharmacy', '', 'TWCPI84639', '2019-09-20', 6, 9205.8, 8415.38),
('Thalahen Pharmacy', 'Thalahen Pharmacy', '', 'TWCPI84640', '2019-09-20', 6, 7250.1, 7250.1),
('Lanka Pharmacy', 'Lanka Pharmacy', '', 'TWCPI84641', '2019-09-20', 6, 29600.3, 29600.3),
('Chrishanthas Pharmacy', 'Chrishanthas Pharmacy', '', 'TWCPI84642', '2019-09-20', 6, 17280.2, 17280.2),
('Shanthi Pharmacy', 'Shanthi Pharmacy', '', 'TWCPI84643', '2019-09-20', 6, 5726.39, 5726.39),
('Asoka Pharmacy', 'Asoka Pharmacy', '', 'TWCPI84644', '2019-09-20', 6, 10633.7, 10633.7),
('Reliance Pharma', 'Reliance Pharma', '', 'TWCPI84645', '2019-09-20', 6, 6406.61, 6406.61),
('Negombo Drugs', 'Negombo Drugs', '', 'TWCPI84646', '2019-09-20', 6, 4968.44, 4968.44),
('Jude Pharmacy', 'Jude Pharmacy', '', 'TWCPI84647', '2019-09-20', 6, 2032.8, 2032.8),
('Jude Pharmacy', 'Jude Pharmacy', '', 'TWCPI84648', '2019-09-20', 6, 2238.3, 2238.3),
('Ajantha Osusala', 'Ajantha Osusala', '', 'TWCPI84649', '2019-09-20', 6, 39098.2, 39098.2),
('Lanka Pharmacy', 'Lanka Pharmacy', '', 'TWCPI84650', '2019-09-20', 6, 10765, 10765),
('Health And Glow Pharmacy', 'Health And Glow Pharmacy', '', 'TWCPI84651', '2019-09-20', 6, 22071, 22071),
('Lanka Pharmacy', 'Lanka Pharmacy', '', 'TWCPI84652', '2019-09-20', 6, 3846.63, 3846.63),
('Nawa Lanka Pharmacy', 'Nawa Lanka Pharmacy', '', 'TWCPI84654', '2019-09-20', 6, 1155.2, 1155.2),
('Royal Pharmacy', 'Royal Pharmacy', '', 'TWCPI84655', '2019-09-20', 6, 8217.26, 8217.26),
('Healing Pharmacy', 'Healing Pharmacy', '', 'TWCPI84656', '2019-09-20', 6, 2338.42, 2338.42),
('S And G Pharmacy', 'S And G Pharmacy', '', 'TWCPI84657', '2019-09-20', 6, 4133.85, 4133.85),
('The Pharmacy', 'The Pharmacy', '', 'TWCPI84658', '2019-09-20', 6, 9044.18, 8644.18),
('Best Way Pharmacy', 'Best Way Pharmacy', '', 'TWCPI84659', '2019-09-20', 6, 2533.91, 1437.85),
('Ajantha Osusala', 'Ajantha Osusala', '', 'TWCPI84660', '2019-09-20', 6, 19224.6, 19224.6),
('St\'joseph\'s Pharmacy', 'St\'joseph\'s Pharmacy', '', 'TWCPI84661', '2019-09-20', 6, 5339.1, 5339.1),
('Ajantha Osusala', 'Ajantha Osusala', '', 'TWCPI84662', '2019-09-20', 6, 4702.6, 4702.6),
('Iresha Pharmaceuticals', 'Iresha Pharmaceuticals', '', 'TWCPI84663', '2019-09-20', 6, 9866.76, 9866.76),
('Ajantha Osusala', 'Ajantha Osusala', '', 'TWCPI84664', '2019-09-20', 6, 103112, 103112),
('Shanthi Pharmacy', 'Shanthi Pharmacy', '', 'TWCPI84665', '2019-09-20', 6, 3241.48, 3241.48),
('Beta Health Pharmacy', 'Beta Health Pharmacy', '', 'TWCPI84666', '2019-09-20', 6, 27303.1, 23864.4),
('Union Pharmacy', 'Union Pharmacy', '', 'TWCPI84667', '2019-09-20', 6, 5623.25, 5623.25),
('City Medicals', 'City Medicals', '', 'TWCPI84668', '2019-09-20', 6, 9245.08, 9245.08),
('New Central Pharmacy', 'New Central Pharmacy', '', 'TWCPI84669', '2019-09-20', 6, 1452.58, 1452.58),
('City Medicals', 'City Medicals', '', 'TWCPI84670', '2019-09-20', 6, 8653, 8653),
('Health care Pharmacy And Family Needs', 'Health care Pharmacy And Family Needs', '', 'TWCPI84671', '2019-09-20', 6, 8666.7, 8666.7),
('The British Pharmacy', 'The British Pharmacy', '', 'TWCPI84673', '2019-09-20', 6, 4693.72, 4693.72),
('Shanthi Pharmacy', 'Shanthi Pharmacy', '', 'TWCPI84674', '2019-09-20', 6, 61100, 61100),
('New Central Pharmacy', 'New Central Pharmacy', '', 'TWCPI84675', '2019-09-20', 6, 61100, 61100),
('Thalahen Pharmacy', 'Thalahen Pharmacy', '', 'TWCPI84676', '2019-09-20', 6, 61100, 61100),
('Reliance Pharma', 'Reliance Pharma', '', 'TWCPI84677', '2019-09-21', 5, 15755.3, 15755.3),
('Nawa Lanka Pharmacy', 'Nawa Lanka Pharmacy', '', 'TWCPI84678', '2019-09-21', 5, 14967.7, 14967.7),
('St\'joseph Pharmacy', 'St\'joseph Pharmacy', '', 'TWCPI84679', '2019-09-21', 5, 12596.8, 12596.8),
('leesons Pharmacy', 'leesons Pharmacy', '', 'TWCPI84680', '2019-09-21', 5, 4693.72, 4693.72),
('Healing Pharmacy', 'Healing Pharmacy', '', 'TWCPI84681', '2019-09-21', 5, 684.48, 684.48),
('Dr. R.S.S.K Pathirana', 'Dr. R.S.S.K Pathirana', '', 'TWCPI84682', '2019-09-21', 5, 23503.8, 23503.8),
('Best Way Pharmacy', 'Best Way Pharmacy', '', 'TWCPI84683', '2019-09-21', 5, 3033.3, 3033.3),
('Dr. R.S.S.K Pathirana', 'Dr. R.S.S.K Pathirana', '', 'TWCPI84684', '2019-09-21', 5, 10765, 10765),
('New City Pharmacy', 'New City Pharmacy', '', 'TWCPI84685', '2019-09-21', 5, 596.88, 596.88),
('Gimshani Pharmacy', 'Gimshani Pharmacy', '', 'TWCPI84686', '2019-09-21', 5, 6103.55, 6103.55),
('Dr. Diliru Madusanka', 'Dr. Diliru Madusanka', '', 'TWCPI84687', '2019-09-21', 5, 7644.5, 7644.5),
('Mahajana Osusala', 'Mahajana Osusala', '', 'TWCPI84688', '2019-09-21', 5, 1723.09, 1723.09),
('Negombo Drugs', 'Negombo Drugs', '', 'TWCPI84689', '2019-09-21', 5, 4303.8, 4303.8),
('Thalahen Pharmacy', 'Thalahen Pharmacy', '', 'TWCPI84690', '2019-09-21', 5, 4425.48, 3123.36),
('Sarani Pharmacy', 'Sarani Pharmacy', '', 'TWCPI84691', '2019-09-21', 5, 7516.5, 7516.5),
('Kalidson Pharmacy', 'Kalidson Pharmacy', '', 'TWCPI84692', '2019-09-21', 5, 17111.1, 17111.1),
('Kalidson Pharmacy', 'Kalidson Pharmacy', '', 'TWCPI84693', '2019-09-21', 5, 11216.6, 10810.1),
('Supreme Pharmacy', 'Supreme Pharmacy', '', 'TWCPI84694', '2019-09-21', 5, 3466.68, 3466.68),
('Ajantha Osusala', 'Ajantha Osusala', '', 'TWCPI84695', '2019-09-21', 5, 1699.41, 1699.41),
('Asoka Pharmacy', 'Asoka Pharmacy', '', 'TWCPI84696', '2019-09-21', 5, 4756.5, 4756.5),
('Asoka Pharmacy', 'Asoka Pharmacy', '', 'TWCPI84697', '2019-09-21', 5, 7519.9, 7519.9),
('New Cristal Pharmacy', 'New Cristal Pharmacy', '', 'TWCPI84698', '2019-09-21', 5, 5354.72, 5354.72),
('Ajantha Osusala', 'Ajantha Osusala', '', 'TWCPI84699', '2019-09-21', 5, 98195.5, 98195.5),
('Mahajana Osusala', 'Mahajana Osusala', '', 'TWCPI84700', '2019-09-21', 5, 61100, 61100),
('Asoka Pharmacy', 'Asoka Pharmacy', '', 'TWCPI84701', '2019-09-21', 5, 61100, 61100),
('Sarani Pharmacy', 'Sarani Pharmacy', '', 'TWCPI84702', '2019-09-21', 5, 22456, 22456),
('Ave Maria Pharmacy', 'Ave Maria Pharmacy', '', 'TWCPI84703', '2019-09-21', 5, 17338, 17338),
('New St. Joseph Pharmacy & Grocery', 'New St. Joseph Pharmacy & Grocery', '', 'TWCPI84705', '2019-09-23', 3, 21892.9, 21892.9),
('Beta Health Pharmacy', 'Beta Health Pharmacy', '', 'TWCPI84706', '2019-09-23', 3, 18172.4, 18172.4),
('Shris Lanka Pharmacy', 'Shris Lanka Pharmacy', '', 'TWCPI84707', '2019-09-23', 3, 12357.6, 12357.6),
('The Pharmacy', 'The Pharmacy', '', 'TWCPI84708', '2019-09-23', 3, 7245.53, 7245.53),
('Swadesh Pharmacy', 'Swadesh Pharmacy', '', 'TWCPI84709', '2019-09-23', 3, 13573.9, 13573.9),
('Angels Pharmacy', 'Angels Pharmacy', '', 'TWCPI84710', '2019-09-23', 3, 9009.35, 9009.35),
('Health And Glow Pharmacy', 'Health And Glow Pharmacy', '', 'TWCPI84711', '2019-09-23', 3, 93457.7, 93457.7),
('Shanthi Pharmacy', 'Shanthi Pharmacy', '', 'TWCPI84712', '2019-09-23', 3, 34905.5, 34905.5),
('Mahajana Osusala', 'Mahajana Osusala', '', 'TWCPI84714', '2019-09-23', 3, 26803.7, 26803.7),
('Royal Pharmacy', 'Royal Pharmacy', '', 'TWCPI84715', '2019-09-23', 3, 18527.1, 14871.6),
('The Pharmacy', 'The Pharmacy', '', 'TWCPI84716', '2019-09-23', 3, 14412.1, 11207.3),
('Health And Glow Pharmacy', 'Health And Glow Pharmacy', '', 'TWCPI84718', '2019-09-23', 3, 63995.6, 63995.6),
('Rilaulla Pharmacy', 'Rilaulla Pharmacy', '', 'TWCPI84719', '2019-09-23', 3, 11228, 11228),
('Swadesh Pharmacy', 'Swadesh Pharmacy', '', 'TWCPI84720', '2019-09-23', 3, 6072.38, 6072.38),
('Angels Pharmacy', 'Angels Pharmacy', '', 'TWCPI84721', '2019-09-23', 3, 1910.08, 1910.08),
('Dr. R.S.S.K Pathirana', 'Dr. R.S.S.K Pathirana', '', 'TWCPI84722', '2019-09-23', 3, 6646.8, 6646.8),
('Trust Chemist Pharmacy', 'Trust Chemist Pharmacy', '', 'TWCPI84723', '2019-09-23', 3, 1199.19, 1199.19),
('Thalahen Pharmacy', 'Thalahen Pharmacy', '', 'TWCPI84724', '2019-09-23', 3, 4904.54, 3592.39),
('Negombo Drugs', 'Negombo Drugs', '', 'TWCPI84725', '2019-09-23', 3, 522.55, 522.55),
('Beta Health Pharmacy', 'Beta Health Pharmacy', '', 'TWCPI84726', '2019-09-23', 3, 11947.2, 11947.2),
('Negombo Drugs', 'Negombo Drugs', '', 'TWCPI84727', '2019-09-23', 3, 866.36, 866.36),
('Lanka Pharmacy', 'Lanka Pharmacy', '', 'TWCPI84728', '2019-09-23', 3, 7067.02, 7067.02),
('Gold Crest Pharmacy', 'Gold Crest Pharmacy', '', 'TWCPI84730', '2019-09-23', 3, 11451, 11451),
('Ajantha Osusala', 'Ajantha Osusala', '', 'TWCPI84731', '2019-09-23', 3, 3568.68, 3568.68),
('Trust Chemist Pharmacy', 'Trust Chemist Pharmacy', '', 'TWCPI84732', '2019-09-23', 3, 2001.23, 2001.23),
('Angels Pharmacy', 'Angels Pharmacy', '', 'TWCPI84733', '2019-09-23', 3, 5172.86, 5172.86),
('K S A Medical', 'K S A Medical', '', 'TWCPI84734', '2019-09-23', 3, 9516.14, 9516.14),
('The Pharmacy', 'The Pharmacy', '', 'TWCPI84735', '2019-09-23', 3, 13314.7, 13314.7),
('New City Pharmacy', 'New City Pharmacy', '', 'TWCPI84736', '2019-09-23', 3, 32077.2, 32077.2),
('Best Way Pharmacy', 'Best Way Pharmacy', '', 'TWCPI84737', '2019-09-23', 3, 9991.38, 8307.03),
('Thalahen Pharmacy', 'Thalahen Pharmacy', '', 'TWCPI84738', '2019-09-23', 3, 4429.77, 4429.77),
('Negombo Drugs', 'Negombo Drugs', '', 'TWCPI84739', '2019-09-23', 3, 2140.23, 2140.23),
('Trust Chemist Pharmacy', 'Trust Chemist Pharmacy', '', 'TWCPI84740', '2019-09-23', 3, 1133.17, 1133.17),
('Healing Pharmacy', 'Healing Pharmacy', '', 'TWCPI84741', '2019-09-23', 3, 11417.2, 11417.2),
('Unique Pharmacy', 'Unique Pharmacy', '', 'TWCPI84742', '2019-09-23', 3, 7087.2, 7087.2),
('Unique Pharmacy', 'Unique Pharmacy', '', 'TWCPI84743', '2019-09-23', 3, 101827, 101827),
('Unique Pharmacy', 'Unique Pharmacy', '', 'TWCPI84744', '2019-09-23', 3, 46716.6, 46716.6),
('Unique Pharmacy', 'Unique Pharmacy', '', 'TWCPI84745', '2019-09-23', 3, 63822.5, 63822.5),
('Mahajana Osusala', 'Mahajana Osusala', '', 'TWCPI84746', '2019-09-23', 3, 71037.6, 71037.6),
('Unique Pharmacy', 'Unique Pharmacy', '', 'TWCPI84747', '2019-09-23', 3, 11108, 11108),
('Unique Pharmacy', 'Unique Pharmacy', '', 'TWCPI84748', '2019-09-23', 3, 20978.7, 20978.7),
('Unique Pharmacy', 'Unique Pharmacy', '', 'TWCPI84749', '2019-09-23', 3, 5208.48, 5208.48),
('Unique Pharmacy', 'Unique Pharmacy', '', 'TWCPI84750', '2019-09-23', 3, 90014, 90014),
('Unique Pharmacy', 'Unique Pharmacy', '', 'TWCPI84751', '2019-09-23', 3, 2303.82, 2303.82),
('Jude Pharmacy', 'Jude Pharmacy', '', 'TWCPI84752', '2019-09-23', 3, 11084.3, 11084.3),
('Unique Pharmacy', 'Unique Pharmacy', '', 'TWCPI84753', '2019-09-23', 3, 14608.7, 14608.7),
('Unique Pharmacy', 'Unique Pharmacy', '', 'TWCPI84754', '2019-09-23', 3, 36465.1, 36465.1),
('Trust Chemist Pharmacy', 'Trust Chemist Pharmacy', '', 'TWCPI84755', '2019-09-23', 3, 1713.91, 1713.91),
('Asoka Pharmacy', 'Asoka Pharmacy', '', 'TWCPI84756', '2019-09-23', 3, 6677.1, 6677.1),
('Jude Pharmacy', 'Jude Pharmacy', '', 'TWCPI84757', '2019-09-23', 3, 27583.6, 27583.6),
('City Medicals', 'City Medicals', '', 'TWCPI84758', '2019-09-23', 3, 19293.7, 19293.7),
('Rilaulla Pharmacy', 'Rilaulla Pharmacy', '', 'TWCPI84759', '2019-09-23', 3, 3032.3, 3032.3),
('Nawa Lanka Pharmacy', 'Nawa Lanka Pharmacy', '', 'TWCPI84760', '2019-09-23', 3, 3558.9, 3558.9),
('Araliya Pharmacy', 'Araliya Pharmacy', '', 'TWCPI84761', '2019-09-23', 3, 10676.7, 10676.7),
('the British Stores', 'the British Stores', '', 'TWCPI84763', '2019-09-23', 3, 3558.9, 3558.9),
('St\' Mary\'s Pharmacy', 'St\' Mary\'s Pharmacy', '', 'TWCPI84764', '2019-09-23', 3, 3558.9, 3558.9),
('Shanthi Pharmacy', 'Shanthi Pharmacy', '', 'TWCPI84765', '2019-09-23', 3, 5338.35, 5338.35),
('Robert Mdicals', 'Robert Mdicals', '', 'TWCPI84766', '2019-09-23', 3, 2135.34, 2135.34),
('Jayasri Pharmacy', 'Jayasri Pharmacy', '', 'TWCPI84767', '2019-09-23', 3, 1779.45, 1779.45),
('Sahana Osusala', 'Sahana Osusala', '', 'TWCPI84768', '2019-09-23', 3, 3558.9, 3558.9),
('leesons Pharmacy', 'leesons Pharmacy', '', 'TWCPI84769', '2019-09-23', 3, 3558.9, 3558.9),
('Gimshani Pharmacy', 'Gimshani Pharmacy', '', 'TWCPI84770', '2019-09-23', 3, 1423.56, 1423.56),
('Royal Pharmacy Kandana', 'Royal Pharmacy Kandana', '', 'TWCPI84771', '2019-09-23', 3, 3558.9, 3558.9),
('Ajantha Osusala', 'Ajantha Osusala', '', 'TWCPI84772', '2019-09-23', 3, 10676.7, 10676.7),
('Dr. R.S.S.K Pathirana', 'Dr. R.S.S.K Pathirana', '', 'TWCPI84773', '2019-09-23', 3, 7117.8, 7117.8),
('Shanthi Pharmacy', 'Shanthi Pharmacy', '', 'TWCPI84775', '2019-09-23', 3, 17167, 17167),
('St\'joseph Pharmacy', 'St\'joseph Pharmacy', '', 'TWCPI84776', '2019-09-23', 3, 10627.4, 10627.4),
('Nawa Lanka Pharmacy', 'Nawa Lanka Pharmacy', '', 'TWCPI84777', '2019-09-23', 3, 10505, 10505),
('St\'jude\'s Pharmacy', 'St\'jude\'s Pharmacy', '', 'TWCPI84778', '2019-09-23', 3, 7820.4, 7820.4),
('Calvary Pharmacy', 'Calvary Pharmacy', '', 'TWCPI84779', '2019-09-23', 3, 3662.62, 3662.62),
('Ajantha Osusala', 'Ajantha Osusala', '', 'TWCPI84780', '2019-09-23', 3, 21554.1, 21554.1),
('The Pharmacy', 'The Pharmacy', '', 'TWCPI84781', '2019-09-23', 3, 2945.41, 2149.75),
('New Central Pharmacy', 'New Central Pharmacy', '', 'TWCPI84782', '2019-09-23', 3, 4065.6, 4065.6),
('Calvary Pharmacy', 'Calvary Pharmacy', '', 'TWCPI84783', '2019-09-23', 3, 1525.41, 1525.41),
('The Pharmacy', 'The Pharmacy', '', 'TWCPI84784', '2019-09-23', 3, 3803.79, 3803.79),
('C And D Pharmacy', 'C And D Pharmacy', '', 'TWCPI84785', '2019-09-23', 3, 8496.49, 8052.05),
('Sasithma Pharmacy', 'Sasithma Pharmacy', '', 'TWCPI84786', '2019-09-23', 3, 12639.7, 12639.7),
('Laxsiri Pharmacy', 'Laxsiri Pharmacy', '', 'TWCPI84787', '2019-09-23', 3, 4445.94, 4445.94),
('Dr. Nishantha Wickramasinghe', 'Dr. Nishantha Wickramasinghe', '', 'TWCPI84788', '2019-09-23', 3, 2360.1, 2360.1),
('Royal Pharmacy', 'Royal Pharmacy', '', 'TWCPI84789', '2019-09-23', 3, 14662.2, 14662.2),
('Mahajana Osusala', 'Mahajana Osusala', '', 'TWCPI84790', '2019-09-23', 3, 14559, 14559),
('New Cristal Pharmacy', 'New Cristal Pharmacy', '', 'TWCPI84791', '2019-09-23', 3, 10757.7, 10757.7),
('Induwara Pharmacy', 'Induwara Pharmacy', '', 'TWCPI84792', '2019-09-23', 3, 9947.8, 9947.8),
('Royal Pharmacy Kandana', 'Royal Pharmacy Kandana', '', 'TWCPI84793', '2019-09-23', 3, 8066.66, 8066.66),
('Niwasie Pharmacy', 'Niwasie Pharmacy', '', 'TWCPI84795', '2019-09-23', 3, 2244.8, 2244.8),
('St\'joseph Pharmacy', 'St\'joseph Pharmacy', '', 'TWCPI84796', '2019-09-23', 3, 5796.42, 5796.42),
('St\'jude\'s Pharmacy', 'St\'jude\'s Pharmacy', '', 'TWCPI84797', '2019-09-23', 3, 4249.72, 4249.72),
('Calvary Pharmacy', 'Calvary Pharmacy', '', 'TWCPI84798', '2019-09-23', 3, 2217.56, 2217.56),
('Hemas Hospital', 'Hemas Hospital', '', 'TWCPI84799', '2019-09-23', 3, 63744.7, 63744.7),
('Krishmo Pharmacy', 'Krishmo Pharmacy', '', 'TWCPI84800', '2019-09-23', 3, 790.42, 790.42),
('Enderamulla Pharmacy', 'Enderamulla Pharmacy', '', 'TWCPI84801', '2019-09-23', 3, 7085.8, 3221.8),
('A K M Pharmacy', 'A K M Pharmacy', '', 'TWCPI84802', '2019-09-23', 3, 975.8, 975.8),
('A K M Pharmacy', 'A K M Pharmacy', '', 'TWCPI84803', '2019-09-23', 3, 2767.8, 2767.8),
('Pharmacheme Pharmacy', 'Pharmacheme Pharmacy', '', 'TWCPI84804', '2019-09-23', 3, 5660.28, 5660.28),
('Osusala Wattala', 'Osusala Wattala', '', 'TWCPI84805', '2019-09-23', 3, 11513.5, 11513.5),
('Asiri Pharmacy', 'Asiri Pharmacy', '', 'TWCPI84806', '2019-09-23', 3, 2926.98, 2926.98),
('St\' Mary\'s Pharmacy', 'St\' Mary\'s Pharmacy', '', 'TWCPI84807', '2019-09-23', 3, 11622.7, 11622.7),
('Sasithma Pharmacy', 'Sasithma Pharmacy', '', 'TWCPI84808', '2019-09-23', 3, 8121.9, 8121.9),
('C And D Pharmacy', 'C And D Pharmacy', '', 'TWCPI84809', '2019-09-23', 3, 8737.7, 4192.76),
('New Central Pharmacy', 'New Central Pharmacy', '', 'TWCPI84810', '2019-09-23', 3, 5441.8, 5441.8),
('Shanthi Pharmacy', 'Shanthi Pharmacy', '', 'TWCPI84811', '2019-09-23', 3, 3558.9, 3558.9),
('Mahajana Osusala', 'Mahajana Osusala', '', 'TWCPI84812', '2019-09-23', 3, 12681.2, 12681.2),
('Trust Chemist Pharmacy', 'Trust Chemist Pharmacy', '', 'TWCPI84813', '2019-09-23', 3, 10375.3, 10375.3),
('St\'joseph Pharmacy', 'St\'joseph Pharmacy', '', 'TWCPI84814', '2019-09-23', 3, 3616.16, 3616.16),
('St\'joseph\'s Pharmacy', 'St\'joseph\'s Pharmacy', '', 'TWCPI84815', '2019-09-24', 2, 2849.42, 2849.42),
('Rilaulla Pharmacy', 'Rilaulla Pharmacy', '', 'TWCPI84816', '2019-09-24', 2, 23441.8, 22385.4),
('Pamunugama Pharmacy', 'Pamunugama Pharmacy', '', 'TWCPI84817', '2019-09-24', 2, 26951, 26951),
('C And D Pharmacy', 'C And D Pharmacy', '', 'TWCPI84818', '2019-09-24', 2, 13251.7, 13251.7),
('The Pharmacy', 'The Pharmacy', '', 'TWCPI84819', '2019-09-24', 2, 1954.09, 1954.09),
('Health care Pharmacy And Family Needs', 'Health care Pharmacy And Family Needs', '', 'TWCPI84820', '2019-09-24', 2, 4742.52, 4742.52),
('Union Pharmacy', 'Union Pharmacy', '', 'TWCPI84821', '2019-09-24', 2, 4435.14, 4435.14),
('Lakshan Chamist', 'Lakshan Chamist', '', 'TWCPI84823', '2019-09-24', 2, 4403.39, 4403.39),
('Riyo Pharmacy', 'Riyo Pharmacy', '', 'TWCPI84825', '2019-09-24', 2, 3436.06, 3436.06),
('St\'joseph\'s Pharmacy', 'St\'joseph\'s Pharmacy', '', 'TWCPI84826', '2019-09-24', 2, 25261, 25261),
('Pamunugama Pharmacy', 'Pamunugama Pharmacy', '', 'TWCPI84827', '2019-09-24', 2, 6476.66, 6476.66),
('St\'joseph\'s Pharmacy', 'St\'joseph\'s Pharmacy', '', 'TWCPI84828', '2019-09-24', 2, 3329.93, 3329.93),
('St\'jude\'s Pharmacy', 'St\'jude\'s Pharmacy', '', 'TWCPI84829', '2019-09-24', 2, 5455.41, 5455.41),
('Lakshan Chamist', 'Lakshan Chamist', '', 'TWCPI84831', '2019-09-24', 2, 704.89, 704.89),
('Alliance Pharmacy', 'Alliance Pharmacy', '', 'TWCPI84832', '2019-09-24', 2, 1180.9, 1180.9),
('P And J Pharmacy', 'P And J Pharmacy', '', 'TWCPI84834', '2019-09-24', 2, 104096, 104096),
('P And J Pharmacy', 'P And J Pharmacy', '', 'TWCPI84835', '2019-09-24', 2, 100872, 100872),
('Reliable Pharmacy', 'Reliable Pharmacy', '', 'TWCPI84837', '2019-09-24', 2, 10632.5, 10632.5),
('Health And Glow', 'Health And Glow', '', 'TWCPI84838', '2019-09-24', 2, 12545.2, 12545.2),
('People\'s Healthcare', 'People\'s Healthcare', '', 'TWCPI84839', '2019-09-24', 2, 10957.5, 10957.5),
('Reliable Pharmacy', 'Reliable Pharmacy', '', 'TWCPI84840', '2019-09-24', 2, 11161.2, 11161.2),
('Pamunugama Osusala', 'Pamunugama Osusala', '', 'TWCPI84841', '2019-09-24', 2, 5063.84, 5063.84),
('Pamunugama Osusala', 'Pamunugama Osusala', '', 'TWCPI84842', '2019-09-24', 2, 3873.1, 3873.1),
('Pamunugama Pharmacy', 'Pamunugama Pharmacy', '', 'TWCPI84843', '2019-09-24', 2, 39230.3, 39230.3),
('Health care Pharmacy And Family Needs', 'Health care Pharmacy And Family Needs', '', 'TWCPI84844', '2019-09-24', 2, 3558.9, 3558.9),
('Shanthi Pharmacy', 'Shanthi Pharmacy', '', 'TWCPI84845', '2019-09-24', 2, 3558.9, 3558.9),
('Kapuwatta Pharmacy', 'Kapuwatta Pharmacy', '', 'TWCPI84846', '2019-09-24', 2, 1186.88, 1186.88),
('P And J Pharmacy', 'P And J Pharmacy', '', 'TWCPI84847', '2019-09-24', 2, 27401.5, 27401.5),
('P And J Pharmacy', 'P And J Pharmacy', '', 'TWCPI84849', '2019-09-24', 2, 84070.4, 84070.4),
('Reliable Pharmacy', 'Reliable Pharmacy', '', 'TWCPI84850', '2019-09-24', 2, 4808.52, 4808.52),
('Health And Glow', 'Health And Glow', '', 'TWCPI84851', '2019-09-24', 2, 9539.64, 9539.64),
('Dr. Lakshman Fernando', 'Dr. Lakshman Fernando', '', 'TWCPI84852', '2019-09-24', 2, 29679.5, 29679.5),
('New Western Pharmacy', 'New Western Pharmacy', '', 'TWCPI84853', '2019-09-24', 2, 13121.5, 13121.5),
('Laxsiri Pharmacy', 'Laxsiri Pharmacy', '', 'TWCPI84854', '2019-09-24', 2, 10134.5, 10134.5),
('Araliya Pharmacy', 'Araliya Pharmacy', '', 'TWCPI84855', '2019-09-24', 2, 44324.7, 44324.7),
('Sarani Pharmacy', 'Sarani Pharmacy', '', 'TWCPI84856', '2019-09-24', 2, 2263.92, 2263.92),
('Shashikalas Complex And Medical Stores', 'Shashikalas Complex And Medical Stores', '', 'TWCPI84857', '2019-09-24', 2, 25792.4, 25792.4),
('Kandawala Pharmacy', 'Kandawala Pharmacy', '', 'TWCPI84858', '2019-09-24', 2, 2854.29, 2854.29),
('Shris Lanka Pharmacy', 'Shris Lanka Pharmacy', '', 'TWCPI84859', '2019-09-24', 2, 1585.03, 1585.03),
('Laxsiri Pharmacy', 'Laxsiri Pharmacy', '', 'TWCPI84860', '2019-09-24', 2, 2791.16, 2791.16),
('Silvarry Pharmacy', 'Silvarry Pharmacy', '', 'TWCPI84861', '2019-09-24', 2, 3558.9, 3558.9),
('Jude Pharmacy', 'Jude Pharmacy', '', 'TWCPI84862', '2019-09-24', 2, 2509.5, 2509.5),
('Shris Lanka Pharmacy', 'Shris Lanka Pharmacy', '', 'TWCPI84863', '2019-09-24', 2, 3419.86, 2553.5),
('Shashikalas Complex And Medical Stores', 'Shashikalas Complex And Medical Stores', '', 'TWCPI84864', '2019-09-24', 2, 5098.23, 5098.23),
('Laxsiri Pharmacy', 'Laxsiri Pharmacy', '', 'TWCPI84865', '2019-09-24', 2, 8713.57, 8713.57),
('Seeduwa Medical Stories', 'Seeduwa Medical Stories', '', 'TWCPI84866', '2019-09-24', 2, 21361.3, 21361.3),
('People\'s Healthcare', 'People\'s Healthcare', '', 'TWCPI84867', '2019-09-24', 2, 56605.2, 56605.2),
('St\' Mary\'s Pharmacy', 'St\' Mary\'s Pharmacy', '', 'TWCPI84868', '2019-09-24', 2, 7134.75, 7134.75),
('Hansi Pharmacy', 'Hansi Pharmacy', '', 'TWCPI84869', '2019-09-24', 2, 1161.24, 1161.24),
('Lanka Pharmacy', 'Lanka Pharmacy', '', 'TWCPI84870', '2019-09-24', 2, 975.8, 975.8),
('Isuri Pharmacy And Grocery', 'Isuri Pharmacy And Grocery', '', 'TWCPI84871', '2019-09-24', 2, 6480.15, 5706.15),
('Seeduwa Medical Stories', 'Seeduwa Medical Stories', '', 'TWCPI84872', '2019-09-24', 2, 42304.7, 42304.7),
('Isuri Pharmacy And Grocery', 'Isuri Pharmacy And Grocery', '', 'TWCPI84873', '2019-09-24', 2, 3558.9, 3558.9),
('Isuri Pharmacy And Grocery', 'Isuri Pharmacy And Grocery', '', 'TWCPI84874', '2019-09-24', 2, 2382.68, 2382.68),
('Isuri Pharmacy And Grocery', 'Isuri Pharmacy And Grocery', '', 'TWCPI84875', '2019-09-24', 2, 4730.8, 4730.8),
('Laxsiri Pharmacy', 'Laxsiri Pharmacy', '', 'TWCPI84876', '2019-09-24', 2, 11169, 11169),
('Chrishanthas Pharmacy', 'Chrishanthas Pharmacy', '', 'TWCPI84878', '2019-09-25', 1, 2754.28, 2754.28),
('Thilina Pharmacy', 'Thilina Pharmacy', '', 'TWCPI84879', '2019-09-25', 1, 6570.28, 6570.28),
('Chrishanthas Pharmacy', 'Chrishanthas Pharmacy', '', 'TWCPI84880', '2019-09-25', 1, 3839.88, 3839.88),
('St\' Jude Pharmacy', 'St\' Jude Pharmacy', '', 'TWCPI84881', '2019-09-25', 1, 4177.4, 4177.4),
('The British Stores', 'The British Stores', '', 'TWCPI84882', '2019-09-25', 1, 14950.4, 14950.4),
('Lanka Pharmacy', 'Lanka Pharmacy', '', 'TWCPI84883', '2019-09-25', 1, 10676.7, 10676.7),
('New Ekala Pharmacy', 'New Ekala Pharmacy', '', 'TWCPI84884', '2019-09-25', 1, 2113.51, 2113.51),
('Union Chemist', 'Union Chemist', '', 'TWCPI84885', '2019-09-25', 1, 19406.8, 19406.8),
('Hansi Pharmacy', 'Hansi Pharmacy', '', 'TWCPI84886', '2019-09-25', 1, 2602.62, 2602.62),
('Jude Pharmacy', 'Jude Pharmacy', '', 'TWCPI84887', '2019-09-25', 1, 6416.45, 6416.45),
('Cure Pharmacy', 'Cure Pharmacy', '', 'TWCPI84888', '2019-09-25', 1, 11633.1, 11633.1),
('New Pharmacy', 'New Pharmacy', '', 'TWCPI84889', '2019-09-25', 1, 1187.2, 1187.2),
('New Pharmacy', 'New Pharmacy', '', 'TWCPI84890', '2019-09-25', 1, 3560.64, 3560.64),
('New Western Pharmacy', 'New Western Pharmacy', '', 'TWCPI84891', '2019-09-25', 1, 57872.8, 57872.8),
('Wijaya Pharmacy', 'Wijaya Pharmacy', '', 'TWCPI84892', '2019-09-25', 1, 17719.5, 17719.5),
('Cure Pharmacy', 'Cure Pharmacy', '', 'TWCPI84893', '2019-09-25', 1, 7150.49, 7150.49),
('Champika Medical', 'Champika Medical', '', 'TWCPI84894', '2019-09-25', 1, 30658.6, 30658.6),
('Champika Medical', 'Champika Medical', '', 'TWCPI84895', '2019-09-25', 1, 16741.6, 16741.6),
('Champika Medical', 'Champika Medical', '', 'TWCPI84896', '2019-09-25', 1, 17383.6, 17383.6),
('Champika Medical', 'Champika Medical', '', 'TWCPI84897', '2019-09-25', 1, 23899, 23899),
('Ragama Pharmacy 1', 'Ragama Pharmacy 1', '', 'TWCPI84898', '2019-09-25', 1, 70710, 56568),
('Thilina Pharmacy', 'Thilina Pharmacy', '', 'TWCPI84899', '2019-09-25', 1, 2806.84, 2806.84),
('Jayasiri Pharmacy', 'Jayasiri Pharmacy', '', 'TWCPI84900', '2019-09-25', 1, 4167.85, 4167.85),
('Jayasiri Pharmacy', 'Jayasiri Pharmacy', '', 'TWCPI84901', '2019-09-25', 1, 4220.44, 4220.44),
('Jayasiri Pharmacy', 'Jayasiri Pharmacy', '', 'TWCPI84902', '2019-09-25', 1, 9485.05, 9485.05),
('Nalaka Pharmacy', 'Nalaka Pharmacy', '', 'TWCPI84903', '2019-09-25', 1, 14803.8, 14803.8),
('Nalaka Pharmacy', 'Nalaka Pharmacy', '', 'TWCPI84904', '2019-09-25', 1, 23318.6, 23318.6),
('Santhana Pharmacy', 'Santhana Pharmacy', '', 'TWCPI84905', '2019-09-25', 1, 7312.12, 7312.12),
('Santhana Pharmacy', 'Santhana Pharmacy', '', 'TWCPI84906', '2019-09-25', 1, 10464.1, 10464.1),
('Jayasiri Pharmacy', 'Jayasiri Pharmacy', '', 'TWCPI84907', '2019-09-25', 1, 11228, 11228),
('Browns Healthcare Pvt Ltd', 'Browns Healthcare Pvt Ltd', '', 'TWCPI84908', '2019-09-25', 1, 67757.2, 63472.7),
('St\' Jude Pharmacy', 'St\' Jude Pharmacy', '', 'TWCPI84909', '2019-09-25', 1, 25649.3, 25649.3),
('Union Chemist', 'Union Chemist', '', 'TWCPI84910', '2019-09-25', 1, 47870.9, 47870.9),
('Ranmina Pharmacy', 'Ranmina Pharmacy', '', 'TWCPI84911', '2019-09-25', 1, 12874.3, 12874.3),
('Ranmina Pharmacy', 'Ranmina Pharmacy', '', 'TWCPI84912', '2019-09-25', 1, 8032.88, 8032.88),
('New Western Pharmacy', 'New Western Pharmacy', '', 'TWCPI84913', '2019-09-25', 1, 138133, 138133),
('Hemas Hospital', 'Hemas Hospital', '', 'TWCPI84915', '2019-09-25', 1, 273943, 273943),
('New Pharmacy', 'New Pharmacy', '', 'TWCPI84916', '2019-09-25', 1, 41939.6, 41939.6),
('People\'s Healthcare', 'People\'s Healthcare', '', 'TWCPI84917', '2019-09-25', 1, 38225.5, 38225.5),
('People\'s Pharmacy', 'People\'s Pharmacy', '', 'TWCPI84918', '2019-09-25', 1, 4220.44, 4220.44),
('Iresha Pharmaceuticals', 'Iresha Pharmaceuticals', '', 'TWCPI84919', '2019-09-25', 1, 10413.4, 10413.4),
('Health And Glow Pharmacy', 'Health And Glow Pharmacy', '', 'TWCPI84920', '2019-09-25', 1, 12403, 12403),
('New Pharmacy', 'New Pharmacy', '', 'TWCPI84921', '2019-09-25', 1, 8505.64, 8505.64),
('People\'s Healthcare', 'People\'s Healthcare', '', 'TWCPI84922', '2019-09-25', 1, 33812.2, 33812.2),
('Osusala Wattala', 'Osusala Wattala', '', 'TWCPI84923', '2019-09-25', 1, 8652.42, 8652.42),
('Isuri Pharmacy And Grocery', 'Isuri Pharmacy And Grocery', '', 'TWCPI84924', '2019-09-25', 1, 4637.97, 4637.97),
('Pharmacheme Pharmacy', 'Pharmacheme Pharmacy', '', 'TWCPI84925', '2019-09-25', 1, 10303.6, 10303.6),
('Induwara Pharmacy', 'Induwara Pharmacy', '', 'TWCPI84926', '2019-09-25', 1, 8440.14, 8440.14),
('Health And Glow', 'Health And Glow', '', 'TWCPI84927', '2019-09-25', 1, 1312.15, 1312.15),
('Milan Pharmacy', 'Milan Pharmacy', '', 'TWCPI84928', '2019-09-25', 1, 6047.82, 6047.82),
('Chemi World Pharmacy', 'Chemi World Pharmacy', '', 'TWCPI84929', '2019-09-25', 1, 30106.4, 30106.4),
('Shashikalas Complex And Medical Stores', 'Shashikalas Complex And Medical Stores', '', 'TWCPI84930', '2019-09-25', 1, 11327.3, 11327.3),
('Araliya Pharmacy', 'Araliya Pharmacy', '', 'TWCPI84931', '2019-09-25', 1, 25068.3, 25068.3),
('Mahajana Osusala', 'Mahajana Osusala', '', 'TWCPI84932', '2019-09-25', 1, 4071.1, 4071.1),
('Lakshi Pharmacy & Grocery', 'Lakshi Pharmacy & Grocery', '', 'TWCPI84933', '2019-09-25', 1, 5598.8, 5598.8),
('Lakshi Pharmacy & Grocery', 'Lakshi Pharmacy & Grocery', '', 'TWCPI84934', '2019-09-25', 1, 4061.88, 4061.88),
('Lakshi Pharmacy & Grocery', 'Lakshi Pharmacy & Grocery', '', 'TWCPI84935', '2019-09-25', 1, 4829.29, 4829.29),
('Lakshi Pharmacy & Grocery', 'Lakshi Pharmacy & Grocery', '', 'TWCPI84936', '2019-09-25', 1, 6323.47, 6323.47),
('Lakshi Pharmacy & Grocery', 'Lakshi Pharmacy & Grocery', '', 'TWCPI84937', '2019-09-25', 1, 1779.45, 1779.45),
('Lakshi Pharmacy & Grocery', 'Lakshi Pharmacy & Grocery', '', 'TWCPI84938', '2019-09-25', 1, 3232.73, 3232.73),
('Lakshi Pharmacy & Grocery', 'Lakshi Pharmacy & Grocery', '', 'TWCPI84939', '2019-09-25', 1, 12113.3, 12113.3),
('Pharmacheme Pharmacy', 'Pharmacheme Pharmacy', '', 'TWCPI84940', '2019-09-25', 1, 689.22, 689.22),
('Health And Glow Pharmacy', 'Health And Glow Pharmacy', '', 'TWCPI84941', '2019-09-25', 1, 42400.6, 42400.6),
('Chandrika Medical And Grocery', 'Chandrika Medical And Grocery', '', 'TWCPI84942', '2019-09-25', 1, 12656.5, 12656.5),
('Health And Glow', 'Health And Glow', '', 'TWCPI84943', '2019-09-25', 1, 10238.1, 10238.1),
('Pharmacheme Pharmacy', 'Pharmacheme Pharmacy', '', 'TWCPI84944', '2019-09-25', 1, 10343.2, 10343.2),
('St\' Mary\'s Pharmacy', 'St\' Mary\'s Pharmacy', '', 'TWCPI84945', '2019-09-25', 1, 4730.8, 4730.8),
('New Pharmacy', 'New Pharmacy', '', 'TWCPI84946', '2019-09-25', 1, 8990.33, 8990.33),
('Browns Healthcare Pvt Ltd', 'Browns Healthcare Pvt Ltd', '', 'TWCPI84947', '2019-09-25', 1, 40339.9, 40339.9),
('Alliance Pharmacy', 'Alliance Pharmacy', '', 'TWCPI84948', '2019-09-26', 0, 4196.55, 4196.55),
('Osusala Wattala', 'Osusala Wattala', '', 'TWCPI84949', '2019-09-26', 0, 19128.1, 19128.1),
('Isuri Pharmacy And Grocery', 'Isuri Pharmacy And Grocery', '', 'TWCPI84950', '2019-09-26', 0, 8035.1, 8035.1),
('Sahana Osusala', 'Sahana Osusala', '', 'TWCPI84951', '2019-09-26', 0, 1219.78, 1219.78),
('Health And Glow', 'Health And Glow', '', 'TWCPI84952', '2019-09-26', 0, 30399.9, 30399.9),
('Thalahen Pharmacy', 'Thalahen Pharmacy', '', 'TWCPI84953', '2019-09-26', 0, 14271.5, 14271.5),
('Dankotuwa Medicals', 'Dankotuwa Medicals', '', 'TWCPI84954', '2019-09-26', 0, 7095.7, 7095.7),
('Niroga Pharmacy', 'Niroga Pharmacy', '', 'TWCPI84955', '2019-09-26', 0, 13587, 13587),
('Oshidi Medical\'s', 'Oshidi Medical\'s', '', 'TWCPI84956', '2019-09-26', 0, 3832.56, 3832.56),
('Ranmina Pharmacy(Life Care Hospital)', 'Ranmina Pharmacy(Life Care Hospital)', '', 'TWCPI84957', '2019-09-26', 0, 6900.01, 6900.01),
('St Ciciliya Pharmacy', 'St Ciciliya Pharmacy', '', 'TWCPI84958', '2019-09-26', 0, 3799.58, 3799.58),
('Alliance Pharmacy', 'Alliance Pharmacy', '', 'TWCPI84959', '2019-09-26', 0, 5633.97, 5633.97),
('Osusala Wattala', 'Osusala Wattala', '', 'TWCPI84960', '2019-09-26', 0, 25559.7, 25559.7),
('Isuri Pharmacy And Grocery', 'Isuri Pharmacy And Grocery', '', 'TWCPI84961', '2019-09-26', 0, 5096.77, 5096.77),
('W. Mendis Chemist', 'W. Mendis Chemist', '', 'TWCPI84962', '2019-09-26', 0, 11874.6, 11874.6),
('Isuru Pharmacy', 'Isuru Pharmacy', '', 'TWCPI84963', '2019-09-26', 0, 19193.8, 19193.8),
('Sahana Osusala', 'Sahana Osusala', '', 'TWCPI84964', '2019-09-26', 0, 5339.1, 5339.1),
('Oshidi Medical\'s', 'Oshidi Medical\'s', '', 'TWCPI84965', '2019-09-26', 0, 14244.1, 14244.1),
('Dankotuwa Medicals', 'Dankotuwa Medicals', '', 'TWCPI84966', '2019-09-26', 0, 14282.8, 14282.8),
('Ranmina Pharmacy(Life Care Hospital)', 'Ranmina Pharmacy(Life Care Hospital)', '', 'TWCPI84967', '2019-09-26', 0, 4597.56, 4597.56),
('St Ciciliya Pharmacy', 'St Ciciliya Pharmacy', '', 'TWCPI84968', '2019-09-26', 0, 7583.5, 7583.5),
('St Ciciliya Pharmacy', 'St Ciciliya Pharmacy', '', 'TWCPI84969', '2019-09-26', 0, 7247.94, 7247.94),
('Niroga Pharmacy', 'Niroga Pharmacy', '', 'TWCPI84970', '2019-09-26', 0, 11379.9, 11379.9),
('Iresha Pharmaceuticals', 'Iresha Pharmaceuticals', '', 'TWCPI84971', '2019-09-26', 0, 3733.62, 3733.62),
('Chandrika Medical And Grocery', 'Chandrika Medical And Grocery', '', 'TWCPI84972', '2019-09-26', 0, 8230.74, 8230.74),
('Unique Pharmacy', 'Unique Pharmacy', '', 'TWCPI84973', '2019-09-26', 0, 164001, 164001),
('Wijaya Pharmacy', 'Wijaya Pharmacy', '', 'TWCPI84974', '2019-09-26', 0, 1552, 1552),
('The British Stores', 'The British Stores', '', 'TWCPI84975', '2019-09-26', 0, 17169.7, 17169.7),
('Enderamulla Pharmacy', 'Enderamulla Pharmacy', '', 'TWCPI84976', '2019-09-26', 0, 4756.5, 4756.5),
('Lakse Pharmacy', 'Lakse Pharmacy', '', 'TWCPI84977', '2019-09-26', 0, 2670.43, 2670.43),
('Lanka Pharmacy', 'Lanka Pharmacy', '', 'TWCPI84978', '2019-09-26', 0, 1426.95, 1426.95),
('Pharmacheme Pharmacy', 'Pharmacheme Pharmacy', '', 'TWCPI84979', '2019-09-26', 0, 11633.2, 11633.2),
('Dr.R Somasundaran', 'Dr.R Somasundaran', '', 'TWCPI84980', '2019-09-26', 0, 94797.6, 94797.6),
('Dr. Ganga Fernando', 'Dr. Ganga Fernando', '', 'TWCPI84981', '2019-09-26', 0, 7627.7, 7627.7),
('Dr. Namal Jayasingha', 'Dr. Namal Jayasingha', '', 'TWCPI84982', '2019-09-26', 0, 10678.2, 10678.2),
('Kapuwatta Pharmacy', 'Kapuwatta Pharmacy', '', 'TWCPI84983', '2019-09-26', 0, 2568.4, 2568.4),
('Unique Pharmacy', 'Unique Pharmacy', '', 'TWCPI84984', '2019-09-26', 0, 10676.7, 10676.7),
('Imedra Medical\'s', 'Imedra Medical\'s', '', 'TWCPI84985', '2019-09-26', 0, 29340.4, 29340.4),
('S And G Pharmacy', 'S And G Pharmacy', '', 'TWCPI84986', '2019-09-26', 0, 11247.1, 11247.1),
('St Joseph Pharmacy', 'St Joseph Pharmacy', '', 'TWCPI84987', '2019-09-26', 0, 13845, 13845),
('Lanka Pharmacy', 'Lanka Pharmacy', '', 'TWCPI84988', '2019-09-26', 0, 12822.4, 12822.4),
('Arogya Pharmacy', 'Arogya Pharmacy', '', 'TWCPI84989', '2019-09-26', 0, 585.48, 585.48),
('Soft Life Pharmacy', 'Soft Life Pharmacy', '', 'TWCPI84990', '2019-09-26', 0, 726.02, 726.02),
('Ragama Pharmacy 1', 'Ragama Pharmacy 1', '', 'TWCPI84991', '2019-09-26', 0, 22316.9, 22316.9),
('Calvary Pharmacy', 'Calvary Pharmacy', '', 'TWCPI84992', '2019-09-26', 0, 5492.46, 5492.46),
('Imedra Medical\'s', 'Imedra Medical\'s', '', 'TWCPI84993', '2019-09-26', 0, 32588.1, 32588.1),
('Health care medical and groceries', 'Health care medical and groceries', '', 'TWCPI84994', '2019-09-26', 0, 9513, 9513),
('Jasmine Pharmacy', 'Jasmine Pharmacy', '', 'TWCPI84995', '2019-09-26', 0, 17634.3, 17634.3),
('P And J Pharmacy', 'P And J Pharmacy', '', 'TWCPI84996', '2019-09-26', 0, 57120.9, 57120.9);
INSERT INTO `emoutupload` (`eID`, `eCustName`, `eTown`, `inv`, `date`, `age`, `amount`, `balAmount`) VALUES
('P And J Pharmacy', 'P And J Pharmacy', '', 'TWCPI84997', '2019-09-26', 0, 95660.2, 95660.2),
('S And G Pharmacy', 'S And G Pharmacy', '', 'TWCPI84998', '2019-09-26', 0, 2245.6, 2245.6),
('Sarani Pharmacy', 'Sarani Pharmacy', '', 'TWCPI84999', '2019-09-26', 0, 18215, 18215),
('Mahajana Osusala', 'Mahajana Osusala', '', 'TWCPI85000', '2019-09-26', 0, 8648.75, 8648.75),
('Lanka Pharmacy', 'Lanka Pharmacy', '', 'TWCPI85001', '2019-09-26', 0, 131980, 131980),
('New St. Joseph Pharmacy & Grocery', 'New St. Joseph Pharmacy & Grocery', '', 'TWCPI85002', '2019-09-26', 0, 131980, 131980),
('Home Need Pharmacy', 'Home Need Pharmacy', '', 'TWCPI85003', '2019-09-26', 0, 27287.2, 27287.2),
('St Ciciliya Pharmacy', 'St Ciciliya Pharmacy', '', 'TWCPI85004', '2019-09-26', 0, 19527.8, 19527.8),
('International Institute Of Health Sciences (PVT) L', 'International Institute Of Health Sciences (PVT) L', '', 'TWCPI85005', '2019-09-26', 0, 6330.66, 6330.66),
('Union Chemist', 'Union Chemist', '', 'TWCPI85006', '2019-09-26', 0, 23927.2, 23927.2),
('The Raddolugama Pharmacy', 'The Raddolugama Pharmacy', '', 'TWCPI85007', '2019-09-26', 0, 8684.86, 8684.86),
('Iresha Pharmaceuticals', 'Iresha Pharmaceuticals', '', 'TWCPI85008', '2019-09-26', 0, 42726.3, 42726.3),
('Union Chemist', 'Union Chemist', '', 'TWCPI85009', '2019-09-26', 0, 91650, 91650),
('St\'joseph Pharmacy', 'St\'joseph Pharmacy', '', 'TWCPI85010', '2019-09-26', 0, 31395.1, 31395.1),
('Calvary Pharmacy', 'Calvary Pharmacy', '', 'TWCPI85011', '2019-09-26', 0, 1353.96, 1353.96),
('The Pharmacy', 'The Pharmacy', '', 'TWCPI85012', '2019-09-26', 0, 955.04, 955.04),
('Sasithma Pharmacy', 'Sasithma Pharmacy', '', 'TWCPI85013', '2019-09-26', 0, 2245.6, 2245.6),
('St\'joseph\'s Pharmacy', 'St\'joseph\'s Pharmacy', '', 'TWCPI85014', '2019-09-26', 0, 5897.28, 5897.28),
('Wijaya Pharmacy', 'Wijaya Pharmacy', '', 'TWCPI85015', '2019-09-26', 0, 3690.26, 3690.26),
('The British Pharmacy', 'The British Pharmacy', '', 'TWCPI85016', '2019-09-26', 0, 17926, 17926),
('The Golden Pharmacy', 'The Golden Pharmacy', '', 'TWCPI85017', '2019-09-26', 0, 18083.4, 18083.4),
('Dankotuwa Medicals', 'Dankotuwa Medicals', '', 'TWCPI85018', '2019-09-26', 0, 3742.51, 3742.51),
('Niroga Pharmacy', 'Niroga Pharmacy', '', 'TWCPI85019', '2019-09-26', 0, 3156.62, 3156.62),
('The Raddolugama Pharmacy', 'The Raddolugama Pharmacy', '', 'TWCPI85020', '2019-09-26', 0, 4514.82, 4514.82),
('Niroga Pharmacy', 'Niroga Pharmacy', '', 'TWCPI85021', '2019-09-26', 0, 8888.48, 8888.48),
('Wijaya Pharmacy', 'Wijaya Pharmacy', '', 'TWCPI85022', '2019-09-26', 0, 4063.71, 4063.71),
('Oshidi Medical\'s', 'Oshidi Medical\'s', '', 'TWCPI85023', '2019-09-26', 0, 1270.6, 1270.6),
('Niroga Pharmacy', 'Niroga Pharmacy', '', 'TWCPI85024', '2019-09-26', 0, 2288.71, 2288.71),
('Dankotuwa Medicals', 'Dankotuwa Medicals', '', 'TWCPI85025', '2019-09-26', 0, 5155.87, 5155.87),
('The Pharmacy', 'The Pharmacy', '', 'TWCPI85026', '2019-09-26', 0, 1402.09, 1402.09),
('Chrishanthas Pharmacy', 'Chrishanthas Pharmacy', '', 'TWCPI85027', '2019-09-26', 0, 2965.68, 2965.68),
('Niwasie Pharmacy', 'Niwasie Pharmacy', '', 'TWCPI85028', '2019-09-26', 0, 1081.08, 1081.08),
('Arogya Pharmacy', 'Arogya Pharmacy', '', 'TWCPI85029', '2019-09-26', 0, 4325.9, 4325.9),
('X Lab Pharmacy', 'X Lab Pharmacy', '', 'TWCPI85030', '2019-09-26', 0, 1869.64, 1869.64),
('X Lab Pharmacy', 'X Lab Pharmacy', '', 'TWCPI85031', '2019-09-26', 0, 4218.01, 4218.01);

-- --------------------------------------------------------

--
-- Table structure for table `gs`
--

DROP TABLE IF EXISTS `gs`;
CREATE TABLE IF NOT EXISTS `gs` (
  `gID` varchar(20) NOT NULL,
  `custName` varchar(50) NOT NULL,
  `town` varchar(20) NOT NULL,
  PRIMARY KEY (`gID`),
  UNIQUE KEY `hID` (`gID`)
) ENGINE=InnoDB DEFAULT CHARSET=latin1;

--
-- Dumping data for table `gs`
--

INSERT INTO `gs` (`gID`, `custName`, `town`) VALUES
('', '', ''),
('GAM00139', 'RILLAULLA PHARMACY', 'Kandana'),
('GAM00140', 'SETHMA PHARMACY', 'Kandana'),
('GAM00141', 'ORIENT PHARMACY', 'Kandana'),
('GAM00142', 'KANDANA FOOD AND DRUGS', 'Kandana'),
('GAM00143', 'KANDANA OSUSALA', 'Kandana'),
('GAM00144', 'KAPUWATTE PHARMACY', 'Kandana'),
('GAM00145', 'HANSI PHARMACY', 'Kandana'),
('GAM00146', 'CHEMA PHARMACY', 'Kandana'),
('GAM00147', 'CITY PHARMACY', 'Kandana'),
('GAM00148', 'GIMSHANI PHARMACY', 'Kandana'),
('GAM00149', 'GOLDEN CREST', 'Kandana'),
('GAM00151', 'HEALTH LINE PHARMACY', 'Kandana'),
('GAM00153', 'ST ANNES PHARMACY', 'Kandana'),
('GAM00154', 'SETHSIRI PHARMACY', 'Kandana'),
('GAM00155', 'JASMINE PHARMACY', 'Kandana'),
('GAM00156', 'DR RIZVI HASAN', 'Kandana'),
('GAM00157', 'DR RANJITH', 'Kandana'),
('GAM00158', 'DR DAYA FERNANDO', 'Kandana'),
('GAM00159', 'DR N S M MENDIS', 'Kandana'),
('GAM00160', 'ROSHINI PHARMACY', 'JA-ELA'),
('GAM00162', 'CALVERY MEDICALS', 'JA-ELA'),
('GAM00163', 'THE PHARMACY A P Y', 'JA-ELA'),
('GAM00164', 'DARSHANA PHARMACY', 'JA-ELA'),
('GAM00165', 'CITY PHARMACY', 'JA-ELA'),
('GAM00167', 'ISHARA PHARMACY', 'JA-ELA'),
('GAM00168', 'C  D PHARMACY', 'JA-ELA'),
('GAM00169', 'ASIRI PHARMACY', 'JA-ELA'),
('GAM00170', 'PJ ENTERPRISES', 'JA-ELA'),
('GAM00171', 'NAWA OSUSALA', 'JA-ELA'),
('GAM00172', 'ST. JUDE PHARMACY', 'JA-ELA'),
('GAM00173', 'ST. JOSHEP PHARMACY', 'JA-ELA'),
('GAM00174', 'NILMINI PHARMACY', 'JA-ELA'),
('GAM00175', 'THILINA PHARMACY', 'JA-ELA'),
('GAM00176', 'DIGASIRI PHARMACY', 'JA-ELA'),
('GAM00178', 'NEW EKALA PHARMACY', 'JA-ELA'),
('GAM00179', 'NIVASI PHARMACY', 'JA-ELA'),
('GAM00180', 'PAMUNUGAMA PHARMACY', 'JA-ELA'),
('GAM00181', 'BOPITIYA PHARMACY', 'JA-ELA'),
('GAM00182', 'ST JOSHEPS PHARMACY', 'JA-ELA'),
('GAM00183', 'DR NIRANKA ILLUKPITIYA', 'JA-ELA'),
('GAM00185', 'DR LAKSIRI LOKULIYANAGE', 'JA-ELA'),
('GAM00187', 'DR A  SELLAMUTHTHU', 'JA-ELA'),
('GAM00188', 'DR J P MAYADUNNA', 'JA-ELA'),
('GAM00189', 'DR D D ABESINGHE', 'JA-ELA'),
('GAM00191', 'GOLD CREST PHARMACY', 'SEEDUWA'),
('GAM00192', 'N S MEIDCAL', 'SEEDUWA'),
('GAM00193', 'ST. JUDE PHARMACY', 'SEEDUWA'),
('GAM00194', 'SEEDUWA OSUSALA', 'SEEDUWA'),
('GAM00195', 'SEEDUWA MEDICAL', 'SEEDUWA'),
('GAM00196', 'ASIRI PHARMACY', 'SEEDUWA'),
('GAM00197', 'PEOPLES PHARMACY', 'SEEDUWA'),
('GAM00198', 'HEALTHCARE PHARMACY', 'SEEDUWA'),
('GAM00199', 'THE RADDOLUGAMA PHARMACY', 'SEEDUWA'),
('GAM00200', 'PAMUNUGAMA OSUSALA', 'SEEDUWA'),
('GAM00201', 'SRILAK PHARMACY', 'SEEDUWA'),
('GAM00202', 'NEW ST. JOSHEP PHARMACY', 'SEEDUWA'),
('GAM00203', 'ORIENT PHARMACY', 'SEEDUWA'),
('GAM00204', 'LAXSIRI PHARMACY', 'SEEDUWA'),
('GAM00206', 'ST. MARYS PHARMACY', 'SEEDUWA'),
('GAM00208', 'DR ANUJA FERNANDO', 'SEEDUWA'),
('GAM00209', 'DR WELIKALA', 'SEEDUWA'),
('GAM00210', 'DR RASANTHI', 'SEEDUWA'),
('GAM00211', 'DR GAYAN JAYAKODY', 'SEEDUWA'),
('GAM00212', 'DR SILVA', 'SEEDUWA'),
('GAM00215', 'SUWASALA PHARMACY', 'MINUWANGODA'),
('GAM00216', 'LASITH PHARMACY', 'MINUWANGODA'),
('GAM00217', 'RANMINI PHARMACY', 'MINUWANGODA'),
('GAM00218', 'INDRA PHARMACY', 'MINUWANGODA'),
('GAM00219', 'CHALANI PHARMACY', 'MINUWANGODA'),
('GAM00220', 'DAGONNA PHARMACY', 'MINUWANGODA'),
('GAM00221', 'SAHANA OSOSALA', 'MINUWANGODA'),
('GAM00222', 'CENTRAL DIVINE', 'MINUWANGODA'),
('GAM00223', 'NANDANA PHARMACY', 'MINUWANGODA'),
('GAM00225', 'NEW CHALANI PHARMACY', 'MINUWANGODA'),
('GAM00226', 'OSILKA PHARMACY', 'MINUWANGODA'),
('GAM00227', 'ORIENT PHARMACY', 'MINUWANGODA'),
('GAM00228', 'PEOPLES PHARMACY', 'MINUWANGODA'),
('GAM00229', 'KALASI PHARMACY', 'MINUWANGODA'),
('GAM00230', 'K  K PHARMACY', 'MINUWANGODA'),
('GAM00232', 'DR CHAMINDA SOORIYARACHCHI', 'MINUWANGODA'),
('GAM00233', 'DR SALIYA BOMBUWALA', 'MINUWANGODA'),
('GAM00234', 'DR SUJITH NONIS', 'MINUWANGODA'),
('GAM00235', 'DR K R G UPASHANTHA', 'MINUWANGODA'),
('GAM00236', 'RAZUL PHARMACY', 'DIVULAPITIYA'),
('GAM00237', 'OSADA PHARMACY', 'DIVULAPITIYA'),
('GAM00238', 'COOP OSUSALA', 'DIVULAPITIYA'),
('GAM00239', 'THE NEW PHARMACY', 'DIVULAPITIYA'),
('GAM00240', 'WIJAYAMINI PHARMACY', 'DIVULAPITIYA'),
('GAM00241', 'M.P.C.S  OSUSALA', 'DIVULAPITIYA'),
('GAM00242', 'LAKRUWAN PHARMACY', 'DIVULAPITIYA'),
('GAM00243', 'SUWASETHA PHARMACY', 'DIVULAPITIYA'),
('GAM00244', 'SITHMINA PHARMACY', 'DIVULAPITIYA'),
('GAM00245', 'DUNAGAHA OSUSALA', 'DIVULAPITIYA'),
('GAM00246', 'HIRU PHARMACY', 'DIVULAPITIYA'),
('GAM00247', 'NAWA OSUSALA', 'DIVULAPITIYA'),
('GAM00248', 'VIDURA PHARMACY', 'DIVULAPITIYA'),
('GAM00250', 'MADURI PHARMACY', 'DIVULAPITIYA'),
('GAM00251', 'DR GAMINI GUNAWARDENA', 'DIVULAPITIYA'),
('GAM00253', 'RELIANCE PHARMACY', 'Negombo'),
('GAM00254', 'NEW CRYSTAL PHARMACY', 'Negombo'),
('GAM00255', 'J  J PHARMACY', 'Negombo'),
('GAM00256', 'ROBERT  MEDICALS', 'Negombo'),
('GAM00257', 'NEGOMBO FOOD  DRUGS', 'Negombo'),
('GAM00258', 'MOON PHARMACY', 'Negombo'),
('GAM00259', 'UNIQUE PHARMACY', 'Negombo'),
('GAM00260', 'NEW LEO PHARMACY', 'Negombo'),
('GAM00261', 'X LAB PHARMACY', 'Negombo'),
('GAM00262', 'NEW CENTRAL PHARMACY', 'Negombo'),
('GAM00263', 'CITY MEDICALS', 'Negombo'),
('GAM00264', 'JAYALANKA PHARMACY', 'Negombo'),
('GAM00265', 'ROYAL PHARMACY', 'Negombo'),
('GAM00266', 'ORIENT PHARMACY', 'Negombo'),
('GAM00267', 'HEALING PHARMACY', 'Negombo'),
('GAM00268', 'S  G MEDICALS', 'Negombo'),
('GAM00269', 'SUWASARANA OSUSALA', 'Negombo'),
('GAM00270', 'THE PHARMACY', 'Negombo'),
('GAM00271', 'BETTERHEALTH PHARMACY', 'Negombo'),
('GAM00272', 'THE LANKA PHARMACY', 'Negombo'),
('GAM00275', 'DR KEERTHI RATHNAYAKA', 'Negombo'),
('GAM00276', 'HEALTHCARE PHARMACY', 'Negombo'),
('GAM00277', 'JAYAKODY PHARMACY', 'Negombo'),
('GAM00278', 'THENUKA PHARMACY', 'Negombo'),
('GAM00279', 'MAHAJANA OSUSALA', 'Negombo'),
('GAM00280', 'ASIRI PHARMACY', 'Negombo'),
('GAM00281', 'KALIDSON PHARMACY', 'Negombo'),
('GAM00282', 'PRADEEPA PHARMACY', 'Negombo'),
('GAM00283', 'SUPREME PHARMACY', 'Negombo'),
('GAM00284', 'KANDAWALA PHARMACY', 'Negombo'),
('GAM00285', 'SHANTHI PHARMACY', 'Negombo'),
('GAM00286', 'SURANGA PHARMACY', 'Negombo'),
('GAM00287', 'UNION PHARMACY', 'Negombo'),
('GAM00288', 'SHANTHI PHARMACY', 'Negombo'),
('GAM00289', 'SILVER RAY PHARMACY', 'Negombo'),
('GAM00290', 'THALAHENA PHARMACY', 'Negombo'),
('GAM00291', 'SRIEE    PHARMACY', 'Negombo'),
('GAM00292', 'SUPER MEDICALS', 'Negombo'),
('GAM00293', 'SEA STREET OSUSALA', 'Negombo'),
('GAM00294', 'K F D (PVT) LTD.', 'Negombo'),
('GAM00295', 'ROYAL PHARMACY LANKA', 'Negombo'),
('GAM00296', 'S  S MEDICAL', 'Negombo'),
('GAM00297', 'AVE MARIA PHARMACY', 'Negombo'),
('GAM00298', 'DR PRASANJAYA PRAMODITH', 'Negombo'),
('GAM00299', 'K S A MEDICAL', 'KOCHCHIKADE'),
('GAM00300', 'LAKSHI PHARMACY', 'KOCHCHIKADE'),
('GAM00301', 'BESTWAY PHARMACY', 'KOCHCHIKADE'),
('GAM00304', 'TRUST CHEMIST', 'KOCHCHIKADE'),
('GAM00306', 'CHAMPIKA MEDICAL', 'KOCHCHIKADE'),
('GAM00307', 'AJANTHA OSUSALA', 'KOCHCHIKADE'),
('GAM00308', 'ANRITA PHARMACY', 'KOCHCHIKADE'),
('GAM00310', 'THE BRITISH PHARMACY', 'KOCHCHIKADE'),
('GAM00312', 'DANKOTUWA MEDICAL', 'KOCHCHIKADE'),
('GAM00313', 'OSHIDI MEDICALS', 'KOCHCHIKADE'),
('GAM00314', 'NEEROGA PHARMACY', 'KOCHCHIKADE'),
('GAM00315', 'NIMESHA PHARMACY', 'KOCHCHIKADE'),
('GAM00316', 'ROYAL PHARMACY', 'KOCHCHIKADE'),
('GAM00317', 'SUWANA PHARMACY', 'KOCHCHIKADE'),
('GAM00318', 'DR MAHENDRA DAVID', 'KOCHCHIKADE'),
('GAM00319', 'DR IRESHA DASANAYAKE', 'KOCHCHIKADE'),
('GAM03221', 'Asoka Pharmacy', 'Negombo'),
('GAM03238', 'Asiri Pharmaceuticals', 'Kandana'),
('GAM03240', 'Nawaloka Hospital', 'Negombo'),
('GAM03243', 'Jeewanthi Pharmacy', 'DIVULAPITIYA'),
('GAM03245', 'Cash Payment', 'Negombo'),
('GAM03246', 'New Pharmacy', 'Negombo'),
('GAM03250', 'Osumina pharmacy', 'MINUWANGODA'),
('GAM03253', 'Jeewanthi Osusala', 'DIVULAPITIYA'),
('GAM03264', 'Niroga Pharmacy', 'Negombo'),
('GAM03276', 'New Medicare Pharmacy', 'JA-ELA'),
('GAM03277', 'Soft Life Pharmacy', 'JA-ELA'),
('GAM03302', 'New Lanka Pharmacy', 'Negombo'),
('GAM03306', 'Dr. NISHANTHA WIKRAMASINHA', 'JA-ELA'),
('GAM03307', 'Dr.Jayantha Rajapaksha', 'JA-ELA'),
('GAM03308', 'Dr Sujith Nonis', 'JA-ELA'),
('GAM03311', 'Dr Subodha Manoj', 'MINUWANGODA'),
('GAM03329', 'Lak osusala', 'SEEDUWA'),
('GAM03333', 'Isuru Pharmacy', 'Negombo'),
('GAM03339', 'Dr Samankula', 'Kandana'),
('GAM03354', 'Suwasaviya Hospital', 'DIVULAPITIYA'),
('GAM03361', 'Amila Pharmacy', 'JA-ELA'),
('GAM03370', 'Dr.Lalith Sisila Kumara', 'Kandana'),
('GAM03391', 'Dr Isuru Wijerathna', 'DIVULAPITIYA'),
('GAM03415', 'Dinara Pharmacy', 'Kandana'),
('GAM03417', 'Dr Nisal Fernando', 'Kandana'),
('GAM03418', 'Dr Saroja Wijeweera', 'DIVULAPITIYA'),
('GAM03493', 'Dr.Viraj Peramuna', 'JA-ELA'),
('GAM03518', 'Negombo Drugs', 'Negombo'),
('GAM03574', 'Dr Haritha Thennakoon', 'MINUWANGODA'),
('GAM03595', 'Dr Prasad Fernando', 'SEEDUWA'),
('GAM03604', 'Dr Ruwinda Abeyrathne', 'DIVULAPITIYA'),
('GAM03609', 'Dr Kumara Senadeera', 'Negombo'),
('GAMP003612', 'Dr Chamimda Salgadu', 'SEEDUWA'),
('GAMP004154', 'Dr Sisira Vidanagamage', 'SEEDUWA'),
('GAMP004177', 'Dr J. K. N. Jayamaha dental care.', 'Negombo'),
('GAMP004219', 'Arogya pharmacy', 'JA-ELA'),
('GAMP004261', 'Dr Saman Perera', 'SEEDUWA'),
('GAMP004337', 'Dr Sajee  Jayalingam', 'Negombo'),
('GAMP004349', 'Dr Lasantha Somarathne', 'Kandana'),
('GAMP004368', 'Shris lanka', 'Negombo'),
('GAMP004444', 'V. M pharmacy', 'DIVULAPITIYA'),
('GAMP004451', 'Nawa Lanka pharmacy', 'Negombo'),
('GAMP004827', 'Vision pharmacy', 'Kandana'),
('GAMP004874', 'Sasithma pharmacy', 'JA-ELA'),
('GAMP004879', 'Medicare Pharmacy', 'Kandana'),
('GAMP004969', 'Lanka Pharmacy Ganemulla', 'Kandana'),
('GAMP005041', 'Rooth pharmacy', 'DIVULAPITIYA'),
('GAMP005080', 'Dr Mohammed Ziyadh', 'Negombo'),
('GAMP005104', 'Dr Rinzeena', 'Negombo'),
('GAMP005187', 'Dr Aloka Jayamanna', 'SEEDUWA'),
('GAMP005250', 'Ravi Medical Center', 'KOCHCHIKADE'),
('GAMP005278', 'Royal Pharmacy-Kandana', 'Kandana'),
('GAMP005318', 'Dr Niroshan prasanga', 'Negombo'),
('GAMP005365', 'Nithya pharmacy', 'MINUWANGODA'),
('GAMP005375', 'Thudella Pharmacy', 'JA-ELA'),
('GAMP005393', 'Dr Dilantha Rajapaksha', 'MINUWANGODA'),
('GAMP005394', 'Dr Randeni R P J W', 'MINUWANGODA'),
('GAMP005399', 'Dr Dinesh Abesinghe', 'JA-ELA'),
('GAMP005413', 'BANDULA PHARMACY', 'MINUWANGODA'),
('GAMP005499', 'DIVYA PHARMACY', 'DIVULAPITIYA'),
('GAMP005522', 'Sagarika pharmacy', 'JA-ELA'),
('GAMP005587', 'Anjel pharmacy', 'KOCHCHIKADE'),
('GAMP005605', 'Shris Lanka pharmacy', 'SEEDUWA'),
('GAMP005606', 'S s pharmacy', 'SEEDUWA'),
('GAMP005609', 'Wellcare pharmace', 'DIVULAPITIYA'),
('GAMP005639', 'Sun pharmacy', 'Gampaha'),
('GAMP005657', 'Dr sisil fonseka', 'KOCHCHIKADE'),
('GAMP005658', 'Dr s r fernando', 'Negombo'),
('PUT00321', 'GAYASHA PHARMACY', 'WENNAPPUWA'),
('PUT00322', 'DARANI PHARMACY', 'WENNAPPUWA'),
('PUT00323', 'ISIRA PHARMACY', 'WENNAPPUWA'),
('PUT00324', 'ROYAL PHARMACY', 'WENNAPPUWA'),
('PUT00325', 'SUASI PHARMACY', 'WENNAPPUWA'),
('PUT00326', 'W.MENDIS CHEMIST', 'WENNAPPUWA'),
('PUT00328', 'WIJAYA PHARMACY', 'WENNAPPUWA'),
('PUT00329', 'CICILIYA PHARMACY', 'WENNAPPUWA'),
('PUT00330', 'IRESHA  PHARMACY', 'WENNAPPUWA'),
('PUT00331', 'RANMINA PHARMACY', 'WENNAPPUWA'),
('PUT00332', 'PRADEEP PHARMACY', 'WENNAPPUWA'),
('PUT00333', 'NEW ST JOSHEP PHARMACY', 'WENNAPPUWA'),
('PUT00334', 'SADUNI PHARMACY', 'WENNAPPUWA'),
('PUT00335', 'APEKSHA PHARMACY', 'WENNAPPUWA'),
('PUT00336', 'SARANI PHARMACY', 'WENNAPPUWA'),
('PUT00338', 'HOME NEEDS PHARMACY', 'WENNAPPUWA'),
('PUT00339', 'SITHARA PHARMACY', 'WENNAPPUWA'),
('PUT00340', 'NEW WESTRAN PHARMACY', 'WENNAPPUWA'),
('PUT00341', 'PRASANNA PHARMACY', 'WENNAPPUWA'),
('PUT00342', 'NEW HEELING PHARMACY', 'WENNAPPUWA'),
('PUT00343', 'DR SANATH FERNANDO', 'WENNAPPUWA'),
('PUT00344', 'DR THILAK N RANASINGHE', 'WENNAPPUWA'),
('PUT00346', 'DR I P SISIRA KUMARA', 'WENNAPPUWA'),
('PUT00348', 'JAYASOORIYA PHARMACY', 'MARAWILA'),
('PUT00349', 'SITHUMINA PHARMACY', 'MARAWILA'),
('PUT00350', 'SELANI MEDIKAL', 'MARAWILA'),
('PUT00351', 'RAJAPAKSHA PHARMACY', 'MARAWILA'),
('PUT00353', 'AMAN PHARMACY', 'MARAWILA'),
('PUT00354', 'PAVITHRA PHARMACY', 'MARAWILA'),
('PUT00355', 'ST JUDE PHARMACY', 'MARAWILA'),
('PUT00356', 'SAHANAYA PHARMACY', 'MARAWILA'),
('PUT00357', 'CURE PHARMACY', 'MARAWILA'),
('PUT00358', 'SISILA MULTY SHOP', 'MARAWILA'),
('PUT00360', 'NEW MEDICALSTORS', 'MARAWILA'),
('PUT00361', 'ARALIYA PHARMACY', 'MARAWILA'),
('PUT00362', 'NALAKA PHARMACY', 'MARAWILA'),
('PUT00364', 'SANTHANA PHARMACY', 'MARAWILA'),
('PUT00366', 'THE BRITISH  STORES', 'MARAWILA'),
('PUT00367', 'JAYASIRI PHARMACY', 'MARAWILA'),
('PUT00369', 'DR CHANNA DE SILVA', 'MARAWILA'),
('PUT00372', 'HEALTHY CARE PHARMACY', 'CHILAW'),
('PUT00373', 'SUWANA HOSPITAL', 'CHILAW'),
('PUT00374', 'J.S PHARMACY', 'CHILAW'),
('PUT00375', 'SUVINI PHARMACY', 'CHILAW'),
('PUT00377', 'SETHSIRI PHARMACY', 'CHILAW'),
('PUT00378', 'SETHMA PHARMACY', 'CHILAW'),
('PUT00379', 'THINUSHI PHARMACY', 'CHILAW'),
('PUT00380', 'NEW PHARMACY', 'CHILAW'),
('PUT00381', 'AROMA PHARMACY', 'CHILAW'),
('PUT00382', 'CITY PHARMACY', 'CHILAW'),
('PUT00386', 'ROYAL PHARMACY 2', 'CHILAW'),
('PUT00388', 'SUHADA PHARMACY', 'CHILAW'),
('PUT00390', 'DR ARUNA PATHIRANA', 'CHILAW'),
('PUT00391', 'DR BOPAGE', 'CHILAW'),
('PUT00393', 'DR ERANGA INDRAJITH', 'CHILAW'),
('PUT00394', 'DR PRASANNA DISSANAYAKE', 'CHILAW'),
('PUT00396', 'DR ROHAN AMARAJEEWA', 'CHILAW'),
('PUT00397', 'DR UPALI AMARASINGHE', 'CHILAW'),
('PUT00398', 'DR SALINGA  WEERASENA', 'CHILAW'),
('PUT00400', 'OSETH PHARMACY', 'KULIYAPITIYA'),
('PUT00401', 'DEEGAYU PHARMACY', 'KULIYAPITIYA'),
('PUT00403', 'MADHARA PHARMACY', 'KULIYAPITIYA'),
('PUT00404', 'SUWANETH PHARMACY', 'KULIYAPITIYA'),
('PUT00406', 'ISURU PHARMACY', 'KULIYAPITIYA'),
('PUT00407', 'SAMADHI PHARMACY', 'KULIYAPITIYA'),
('PUT00408', 'K.M.G HOSPITAL', 'KULIYAPITIYA'),
('PUT00409', 'SUWANI PHARMACY', 'KULIYAPITIYA'),
('PUT00410', 'ASHEN PHARMACY', 'KULIYAPITIYA'),
('PUT00412', 'SETHSUWA PHARMACY', 'KULIYAPITIYA'),
('PUT00414', 'WESTERN PHARMACY', 'KULIYAPITIYA'),
('PUT00415', 'DR D.M.S DISSANAYKE', 'KULIYAPITIYA'),
('PUT00416', 'DR PALITHA GUNARATHNE', 'KULIYAPITIYA'),
('PUT00418', 'DR ROHAN KERAGALA', 'KULIYAPITIYA'),
('PUT00422', 'COLOMBO MEDICALS', 'Puttalam'),
('PUT00424', 'BALASOORIYA PHARMACY', 'Puttalam'),
('PUT00425', 'HANYU PHARMACY', 'Puttalam'),
('PUT00426', 'LANKAN PHARMACY', 'Puttalam'),
('PUT00433', 'J  C MEDICAL', 'Puttalam'),
('PUT00434', 'NEW J  C PHARMACY', 'Puttalam'),
('PUT00435', 'BIO PLUS PHARMACY', 'Puttalam'),
('PUT00437', 'DR THIMASHA RASOOL', 'Puttalam'),
('PUT00438', 'DR THASLEEM', 'Puttalam'),
('PUT00441', 'DR M S PRIYANKARA', 'Puttalam'),
('PUT03229', 'Westline Pharmaceuticals', 'MARAWILA'),
('PUT03241', 'Chandrika Medical', 'WENNAPPUWA'),
('PUT03242', 'Dr.M.R.M Sadeek', 'Puttalam'),
('PUT03251', 'New Seth Pharmacy', 'CHILAW'),
('PUT03254', 'Wijaya Lanka Pharmacy', 'CHILAW'),
('PUT03278', 'Dr Namal Priyankara', 'KULIYAPITIYA'),
('PUT03290', 'Hiran Pharmacy', 'MARAWILA'),
('PUT03293', 'New Shifa pharmacy', 'Puttalam'),
('PUT03299', 'Nahadi Pharmacy', 'Puttalam'),
('PUT03304', 'Life care hospital', 'WENNAPPUWA'),
('PUT03325', 'New Lak Medical', 'Puttalam'),
('PUT03331', 'Dr V N R Weerakkody', 'Puttalam'),
('PUT03356', 'Dr Megasuriya', 'CHILAW'),
('PUT03357', 'Dr Rohan Ekanayake', 'CHILAW'),
('PUT03367', 'Dr. Lal Perera', 'WENNAPPUWA'),
('PUT03397', 'K.M.G Suwasewa Pharmacy 2', 'KULIYAPITIYA'),
('PUT03419', 'Nuha Pharmacy', 'Puttalam'),
('PUT03433', 'Dr M.kalam', 'Puttalam'),
('PUT03470', 'Dallas Pharmacy', 'Puttalam'),
('PUT03567', 'Dr S Thenuwara', 'CHILAW'),
('PUTT003255', 'Dr Namal Priyankara', 'KULIYAPITIYA'),
('PUTT003610', 'Dr W A W Weerasinghe', 'KULIYAPITIYA'),
('PUTT004005', 'Dr nalaka chandasekara', 'Puttalam'),
('PUTT004569', 'Dr. Neel Jayasundara', 'Puttalam'),
('PUTT005047', 'W.R.N.A.AMRASEKARA', 'KULIYAPITIYA'),
('PUTT005082', 'TIANA PHARMACY', 'MARAWILA'),
('PUTT005189', 'Dr N S Siramanna', 'KULIYAPITIYA'),
('PUTT005198', 'Ranmina Pharmacy2', 'MARAWILA'),
('PUTT005557', 'Dr wasantha k herath', 'KULIYAPITIYA');

-- --------------------------------------------------------

--
-- Table structure for table `gsoutupload`
--

DROP TABLE IF EXISTS `gsoutupload`;
CREATE TABLE IF NOT EXISTS `gsoutupload` (
  `gID` varchar(20) NOT NULL,
  `gCustName` varchar(50) NOT NULL,
  `gTown` varchar(20) NOT NULL,
  `inv` varchar(20) NOT NULL,
  `date` date DEFAULT NULL,
  `age` int(11) DEFAULT NULL,
  `amount` float DEFAULT NULL,
  `balAmount` float DEFAULT NULL,
  PRIMARY KEY (`inv`),
  KEY `hID` (`gID`)
) ENGINE=InnoDB DEFAULT CHARSET=latin1;

--
-- Dumping data for table `gsoutupload`
--

INSERT INTO `gsoutupload` (`gID`, `gCustName`, `gTown`, `inv`, `date`, `age`, `amount`, `balAmount`) VALUES
('', '', '', '', NULL, 0, 0, 25),
('GAM00151', 'HEALTH LINE PHARMACY', 'Kandana', 'CSO007900608', '2018-08-20', 364, 3769, 2102),
('GAM00253', 'RELIANCE PHARMACY', 'Negombo', 'CSO007901104', '2018-09-27', 326, 10522.8, 7410.48),
('GAM00271', 'BETTERHEALTH PHARMACY', 'Negombo', 'CSO007901708', '2018-11-13', 279, 18280.3, 15438.2),
('GAM00254', 'NEW CRYSTAL PHARMACY', 'Negombo', 'CSO007901713', '2018-11-13', 279, 14840.2, 11248.2),
('GAM00316', 'ROYAL PHARMACY', 'KOCHCHIKADE', 'CSO007901872', '2018-11-27', 265, 17106.3, 15764.3),
('GAM00149', 'GOLDEN CREST', 'Kandana', 'CSO007901984', '2018-12-07', 255, 4473.8, 4473.8),
('GAM00243', 'SUWASETHA PHARMACY', 'DIVULAPITIYA', 'CSO007902031', '2018-12-06', 256, 6016.6, 6016.6),
('GAM00290', 'THALAHENA PHARMACY', 'Negombo', 'CSO007902139', '2018-12-13', 249, 3977.3, 3977.3),
('PUT03293', 'New Shifa pharmacy', 'Puttalam', 'CSO007902244', '2018-12-20', 242, 12524.9, 12524.9),
('GAM00253', 'RELIANCE PHARMACY', 'Negombo', 'CSO007902300', '2018-12-27', 235, 2579, 2579),
('GAM00254', 'NEW CRYSTAL PHARMACY', 'Negombo', 'CSO007902355', '2018-12-31', 231, 18151.7, 18151.7),
('PUT00407', 'SAMADHI PHARMACY', 'KULIYAPITIYA', 'CSO007902442', '2019-01-04', 227, 2475, 1189),
('GAM00147', 'CITY PHARMACY', 'Kandana', 'CSO007902457', '2019-01-07', 224, 3070.1, 3070.1),
('GAM00174', 'NILMINI PHARMACY', 'JA-ELA', 'CSO007902501', '2019-01-08', 223, 11952.2, 11952.2),
('GAM00263', 'CITY MEDICALS', 'Negombo', 'CSO007902583', '2019-01-14', 217, 21435.2, 21435.2),
('PUT03293', 'New Shifa pharmacy', 'Puttalam', 'CSO007902633', '2019-01-17', 214, 14658.8, 7094),
('GAM00146', 'CHEMA PHARMACY', 'Kandana', 'CSO007902681', '2019-01-21', 210, 882.7, 882.7),
('GAM00147', 'CITY PHARMACY', 'Kandana', 'CSO007902683', '2019-01-21', 210, 5348.8, 5348.8),
('GAM00182', 'ST JOSHEPS PHARMACY', 'JA-ELA', 'CSO007902744', '2019-01-23', 208, 3996.05, 3996.05),
('GAM00202', 'NEW ST. JOSHEP PHARMACY', 'SEEDUWA', 'CSO007902750', '2019-01-29', 202, 7719.2, 7719.2),
('GAM00256', 'ROBERT  MEDICALS', 'Negombo', 'CSO007902776', '2019-01-26', 205, 11860.9, 11860.9),
('GAM00281', 'KALIDSON PHARMACY', 'Negombo', 'CSO007902795', '2019-01-28', 203, 1013.25, 1013.25),
('GAM00268', 'S  G MEDICALS', 'Negombo', 'CSO007902796', '2019-01-28', 203, 4016.9, 4016.9),
('GAM00283', 'SUPREME PHARMACY', 'Negombo', 'CSO007902798', '2019-01-28', 203, 2026.5, 2026.5),
('GAM00284', 'KANDAWALA PHARMACY', 'Negombo', 'CSO007902799', '2019-01-28', 203, 1987.7, 1987.7),
('GAM00285', 'SHANTHI PHARMACY', 'Negombo', 'CSO007902800', '2019-01-28', 203, 13358.1, 13358.1),
('PUT00339', 'SITHARA PHARMACY', 'WENNAPPUWA', 'CSO007902820', '2019-01-29', 202, 561.4, 561.4),
('PUT03304', 'Life care hospital', 'WENNAPPUWA', 'CSO007902827', '2019-01-29', 202, 6276.6, 6276.6),
('GAM03415', 'Dinara Pharmacy', 'Kandana', 'CSO007902870', '2019-02-05', 195, 3302.8, 3302.8),
('GAM00270', 'THE PHARMACY', 'Negombo', 'CSO007902995', '2019-02-13', 187, 17272.3, 6128),
('GAM00174', 'NILMINI PHARMACY', 'JA-ELA', 'CSO007903143', '2019-02-25', 175, 3870, 3870),
('GAM00180', 'PAMUNUGAMA PHARMACY', 'JA-ELA', 'CSO007903151', '2019-02-28', 172, 46440, 46440),
('GAM03276', 'New Medicare Pharmacy', 'JA-ELA', 'CSO007903160', '2019-02-25', 175, 2632, 2632),
('PUT00434', 'NEW J  C PHARMACY', 'Puttalam', 'CSO007903264', '2019-03-05', 167, 15240.2, 7740),
('GAM00265', 'ROYAL PHARMACY', 'Negombo', 'CSO007903388', '2019-03-15', 157, 2836.8, 2836.8),
('PUT00354', 'PAVITHRA PHARMACY', 'MARAWILA', 'CSO007903459', '2019-03-19', 153, 8601, 1532),
('PUT00386', 'ROYAL PHARMACY 2', 'CHILAW', 'CSO007903483', '2019-03-21', 151, 29354.4, 0.4),
('GAM00259', 'UNIQUE PHARMACY', 'Negombo', 'CSO007903588', '2019-03-29', 143, 92620, 10961),
('GAM00297', 'AVE MARIA PHARMACY', 'Negombo', 'CSO007903618', '2019-03-29', 143, 3947.4, 3947.4),
('PUT00407', 'SAMADHI PHARMACY', 'KULIYAPITIYA', 'CSO007903661', '2019-04-05', 136, 2632, 2632),
('PUT03251', 'New Seth Pharmacy', 'CHILAW', 'CSO007903683', '2019-04-08', 133, 12343.5, 12343.5),
('GAM00277', 'JAYAKODY PHARMACY', 'Negombo', 'CSO007903717', '2019-04-08', 133, 27981.8, 8395),
('GAM00174', 'NILMINI PHARMACY', 'JA-ELA', 'CSO007903755', '2019-04-10', 131, 1816, 1816),
('GAM00255', 'J  J PHARMACY', 'Negombo', 'CSO007903774', '2019-04-11', 130, 14045.3, 14045.3),
('GAM00241', 'M.P.C.S  OSUSALA', 'DIVULAPITIYA', 'CSO007903779', '2019-04-11', 130, 9726.25, 9726.25),
('GAM00270', 'THE PHARMACY', 'Negombo', 'CSO007903801', '2019-04-18', 123, 10119.1, 3152),
('GAM00254', 'NEW CRYSTAL PHARMACY', 'Negombo', 'CSO007903803', '2019-04-18', 123, 13592.8, 4453),
('GAM00316', 'ROYAL PHARMACY', 'KOCHCHIKADE', 'CSO007903832', '2019-04-23', 118, 19018.4, 1545),
('GAM00315', 'NIMESHA PHARMACY', 'KOCHCHIKADE', 'CSO007903833', '2019-04-23', 118, 1982.4, 1243.8),
('GAM00317', 'SUWANA PHARMACY', 'KOCHCHIKADE', 'CSO007903834', '2019-04-23', 118, 570.2, 570.2),
('GAM00308', 'ANRITA PHARMACY', 'KOCHCHIKADE', 'CSO007903840', '2019-04-23', 118, 1684, 894.4),
('PUT00331', 'RANMINA PHARMACY', 'WENNAPPUWA', 'CSO007903897', '2019-04-29', 112, 42084.6, 1667.55),
('GAM00272', 'THE LANKA PHARMACY', 'Negombo', 'CSO007903964', '2019-05-02', 109, 19678.4, 19678.4),
('PUT00434', 'NEW J  C PHARMACY', 'Puttalam', 'CSO007904012', '2019-05-06', 105, 25598.8, 25598.8),
('PUT03254', 'Wijaya Lanka Pharmacy', 'CHILAW', 'CSO007904023', '2019-05-20', 91, 15869.9, 15869.9),
('PUT00425', 'HANYU PHARMACY', 'Puttalam', 'CSO007904062', '2019-05-09', 102, 28808, 1176),
('PUT03299', 'Nahadi Pharmacy', 'Puttalam', 'CSO007904063', '2019-05-09', 102, 41669.6, 7631.6),
('GAM00259', 'UNIQUE PHARMACY', 'Negombo', 'CSO007904078', '2019-05-11', 100, 46248.3, 0.4),
('GAM00218', 'INDRA PHARMACY', 'MINUWANGODA', 'CSO007904088', '2019-05-13', 98, 3947.4, 3947.4),
('GAM00247', 'NAWA OSUSALA', 'DIVULAPITIYA', 'CSO007904106', '2019-05-13', 98, 5037, 5037),
('GAM00245', 'DUNAGAHA OSUSALA', 'DIVULAPITIYA', 'CSO007904110', '2019-05-13', 98, 8209, 8209),
('GAM03243', 'Jeewanthi Pharmacy', 'DIVULAPITIYA', 'CSO007904118', '2019-05-13', 98, 51888, 51888),
('GAM00218', 'INDRA PHARMACY', 'MINUWANGODA', 'CSO007904125', '2019-05-15', 96, 37955.4, 37955.4),
('PUT00400', 'OSETH PHARMACY', 'KULIYAPITIYA', 'CSO007904129', '2019-05-15', 96, 8915.8, 1420),
('GAM00143', 'KANDANA OSUSALA', 'Kandana', 'CSO007904163', '2019-05-17', 94, 2875.5, 2875.5),
('PUT00372', 'HEALTHY CARE PHARMACY', 'CHILAW', 'CSO007904185', '2019-05-21', 90, 31972.9, 30081.7),
('PUT00375', 'SUVINI PHARMACY', 'CHILAW', 'CSO007904191', '2019-05-21', 90, 1684, 1684),
('PUT00379', 'THINUSHI PHARMACY', 'CHILAW', 'CSO007904193', '2019-05-21', 90, 27210.8, 27210.8),
('GAM00262', 'NEW CENTRAL PHARMACY', 'Negombo', 'CSO007904248', '2019-05-28', 83, 2632, 2632),
('GAM00301', 'BESTWAY PHARMACY', 'KOCHCHIKADE', 'CSO007904250', '2019-05-27', 84, 2470.4, 9.9),
('GAM00312', 'DANKOTUWA MEDICAL', 'KOCHCHIKADE', 'CSO007904267', '2019-05-29', 82, 7666.2, 7666.2),
('GAM00296', 'S  S MEDICAL', 'Negombo', 'CSO007904292', '2019-05-31', 80, 39480, 39480),
('GAM00180', 'PAMUNUGAMA PHARMACY', 'JA-ELA', 'CSO007904325', '2019-05-31', 80, 33772, 15620),
('PUT03299', 'Nahadi Pharmacy', 'Puttalam', 'CSO007904329', '2019-05-31', 80, 25078.3, 25078.3),
('GAM00220', 'DAGONNA PHARMACY', 'MINUWANGODA', 'CSO007904336', '2019-05-31', 80, 427020, 93574),
('PUT03470', 'Dallas Pharmacy', 'Puttalam', 'CSO007904337', '2019-05-31', 80, 8033.4, 8033.4),
('GAM00259', 'UNIQUE PHARMACY', 'Negombo', 'CSO007904338', '2019-05-31', 80, 8395, 8395),
('PUT00390', 'DR ARUNA PATHIRANA', 'CHILAW', 'CSO007904339', '2019-05-31', 80, 18160, 18160),
('GAM00180', 'PAMUNUGAMA PHARMACY', 'JA-ELA', 'CSO007904340', '2019-05-31', 80, 3152.4, 3152.4),
('PUT00386', 'ROYAL PHARMACY 2', 'CHILAW', 'CSO007904342', '2019-05-31', 80, 15486.8, 338),
('GAM03391', 'Dr Isuru Wijerathna', 'DIVULAPITIYA', 'CSO007904344', '2019-05-31', 80, 49219.6, 39474),
('GAM00153', 'ST ANNES PHARMACY', 'Kandana', 'CSO007904355', '2019-06-04', 76, 18321, 16492.2),
('PUT00379', 'THINUSHI PHARMACY', 'CHILAW', 'CSO007904369', '2019-06-05', 75, 4570, 4570),
('PUT00375', 'SUVINI PHARMACY', 'CHILAW', 'CSO007904371', '2019-06-05', 75, 5405.6, 5405.6),
('PUT00416', 'DR PALITHA GUNARATHNE', 'KULIYAPITIYA', 'CSO007904380', '2019-06-15', 65, 18160, 18160),
('PUT00353', 'AMAN PHARMACY', 'MARAWILA', 'CSO007904392', '2019-06-06', 74, 18258.9, 10000),
('PUT03254', 'Wijaya Lanka Pharmacy', 'CHILAW', 'CSO007904395', '2019-06-06', 74, 12804.2, 0.2),
('GAM00301', 'BESTWAY PHARMACY', 'KOCHCHIKADE', 'CSO007904407', '2019-06-10', 70, 5159.6, 389),
('GAM00299', 'K S A MEDICAL', 'KOCHCHIKADE', 'CSO007904409', '2019-06-10', 70, 4015.9, 3252.75),
('PUT00321', 'GAYASHA PHARMACY', 'WENNAPPUWA', 'CSO007904418', '2019-06-10', 70, 505.2, 505.2),
('GAM00317', 'SUWANA PHARMACY', 'KOCHCHIKADE', 'CSO007904424', '2019-06-10', 70, 288.4, 288.4),
('PUT00434', 'NEW J  C PHARMACY', 'Puttalam', 'CSO007904436', '2019-06-11', 69, 10710.6, 10710.6),
('PUT00433', 'J  C MEDICAL', 'Puttalam', 'CSO007904444', '2019-06-11', 69, 3792.1, 3792.1),
('GAM00245', 'DUNAGAHA OSUSALA', 'DIVULAPITIYA', 'CSO007904445', '2019-06-12', 68, 2851, 2851),
('GAM00247', 'NAWA OSUSALA', 'DIVULAPITIYA', 'CSO007904449', '2019-06-12', 68, 570.2, 570.2),
('GAM03243', 'Jeewanthi Pharmacy', 'DIVULAPITIYA', 'CSO007904451', '2019-06-12', 68, 32355.3, 32355.3),
('GAM00218', 'INDRA PHARMACY', 'MINUWANGODA', 'CSO007904454', '2019-06-12', 68, 31639.2, 30028.7),
('GAM00219', 'CHALANI PHARMACY', 'MINUWANGODA', 'CSO007904458', '2019-07-01', 49, 10426.2, 10426.2),
('GAM00254', 'NEW CRYSTAL PHARMACY', 'Negombo', 'CSO007904471', '2019-06-13', 67, 23266.9, 23266.9),
('GAM00263', 'CITY MEDICALS', 'Negombo', 'CSO007904475', '2019-07-01', 49, 10350.8, 10350.8),
('PUT00408', 'K.M.G HOSPITAL', 'KULIYAPITIYA', 'CSO007904478', '2019-06-14', 66, 5526, 5526),
('PUT00358', 'SISILA MULTY SHOP', 'MARAWILA', 'CSO007904485', '2019-06-14', 66, 26320, 1884),
('GAM00281', 'KALIDSON PHARMACY', 'Negombo', 'CSO007904492', '2019-07-01', 49, 12707.2, 12707.2),
('GAM03277', 'Soft Life Pharmacy', 'JA-ELA', 'CSO007904500', '2019-06-17', 63, 6100.6, 0.33),
('GAM00165', 'CITY PHARMACY', 'JA-ELA', 'CSO007904517', '2019-06-17', 63, 5483, 4005.8),
('GAM00182', 'ST JOSHEPS PHARMACY', 'JA-ELA', 'CSO007904522', '2019-06-18', 62, 11185.6, 11185.6),
('GAM00147', 'CITY PHARMACY', 'Kandana', 'CSO007904526', '2019-06-18', 62, 10417.9, 10417.9),
('GAM00154', 'SETHSIRI PHARMACY', 'Kandana', 'CSO007904531', '2019-06-18', 62, 4645.4, 3803.4),
('PUT00400', 'OSETH PHARMACY', 'KULIYAPITIYA', 'CSO007904544', '2019-06-19', 61, 12668.3, 2527.6),
('PUT00408', 'K.M.G HOSPITAL', 'KULIYAPITIYA', 'CSO007904557', '2019-06-20', 60, 5264, 3597),
('PUT03251', 'New Seth Pharmacy', 'CHILAW', 'CSO007904560', '2019-06-20', 60, 14962.2, 14962.2),
('PUT00373', 'SUWANA HOSPITAL', 'CHILAW', 'CSO007904561', '2019-06-20', 60, 21216.6, 17851.8),
('PUT00382', 'CITY PHARMACY', 'CHILAW', 'CSO007904570', '2019-06-20', 60, 17536.5, 15869.5),
('PUT00349', 'SITHUMINA PHARMACY', 'MARAWILA', 'CSO007904581', '2019-06-21', 59, 32657.7, 32657.7),
('PUT03290', 'Hiran Pharmacy', 'MARAWILA', 'CSO007904584', '2019-06-21', 59, 11485.8, 2788.2),
('PUT00358', 'SISILA MULTY SHOP', 'MARAWILA', 'CSO007904586', '2019-06-21', 59, 19975.6, 14657.2),
('PUT00362', 'NALAKA PHARMACY', 'MARAWILA', 'CSO007904588', '2019-06-22', 58, 17719, 16052),
('PUT00364', 'SANTHANA PHARMACY', 'MARAWILA', 'CSO007904589', '2019-06-22', 58, 21421.8, 21421.8),
('PUT00364', 'SANTHANA PHARMACY', 'MARAWILA', 'CSO007904591', '2019-06-21', 59, 8540.4, 8540.4),
('PUTT005198', 'Ranmina Pharmacy2', 'MARAWILA', 'CSO007904593', '2019-06-22', 58, 9793.85, 9793.85),
('PUT00342', 'NEW HEELING PHARMACY', 'WENNAPPUWA', 'CSO007904594', '2019-06-22', 58, 2947.4, 0.4),
('GAM00239', 'THE NEW PHARMACY', 'DIVULAPITIYA', 'CSO007904595', '2019-06-22', 58, 1521, 1521),
('PUT03241', 'Chandrika Medical', 'WENNAPPUWA', 'CSO007904600', '2019-06-24', 56, 6703.9, 6094.3),
('PUT00336', 'SARANI PHARMACY', 'WENNAPPUWA', 'CSO007904606', '2019-06-24', 56, 839.5, 181.61),
('PUT00393', 'DR ERANGA INDRAJITH', 'CHILAW', 'CSO007904608', '2019-06-29', 51, 71210, 71210),
('GAM00218', 'INDRA PHARMACY', 'MINUWANGODA', 'CSO007904615', '2019-06-27', 53, 13160, 13160),
('PUT00434', 'NEW J  C PHARMACY', 'Puttalam', 'CSO007904616', '2019-06-24', 56, 20898.7, 20898.7),
('GAM03246', 'New Pharmacy', 'Negombo', 'CSO007904620', '2019-06-25', 55, 8777.8, 7716.8),
('GAM00299', 'K S A MEDICAL', 'KOCHCHIKADE', 'CSO007904621', '2019-06-25', 55, 2730.9, 2730.9),
('PUT00324', 'ROYAL PHARMACY', 'WENNAPPUWA', 'CSO007904622', '2019-07-01', 49, 3686.8, 3686.8),
('GAM00308', 'ANRITA PHARMACY', 'KOCHCHIKADE', 'CSO007904627', '2019-06-25', 55, 2851, 2851),
('GAM00312', 'DANKOTUWA MEDICAL', 'KOCHCHIKADE', 'CSO007904628', '2019-06-25', 55, 5933.2, 5933.2),
('PUT00366', 'THE BRITISH  STORES', 'MARAWILA', 'CSO007904632', '2019-06-26', 54, 839.5, 839.5),
('GAM00259', 'UNIQUE PHARMACY', 'Negombo', 'CSO007904636', '2019-06-26', 54, 68524.7, 68524.7),
('GAM00254', 'NEW CRYSTAL PHARMACY', 'Negombo', 'CSO007904638', '2019-07-01', 49, 9903.8, 9903.8),
('GAM00262', 'NEW CENTRAL PHARMACY', 'Negombo', 'CSO007904643', '2019-06-27', 53, 19780.8, 13026.4),
('PUT00393', 'DR ERANGA INDRAJITH', 'CHILAW', 'CSO007904651', '2019-06-29', 51, 13158, 13158),
('PUT00400', 'OSETH PHARMACY', 'KULIYAPITIYA', 'CSO007904653', '2019-06-27', 53, 8240.8, 8240.8),
('PUT03433', 'Dr M.kalam', 'Puttalam', 'CSO007904659', '2019-06-27', 53, 20702, 20702),
('PUTT004005', 'Dr nalaka chandasekara', 'Puttalam', 'CSO007904660', '2019-06-27', 53, 16658, 16658),
('GAM00285', 'SHANTHI PHARMACY', 'Negombo', 'CSO007904661', '2019-06-27', 53, 16525.2, 15685.8),
('PUT00408', 'K.M.G HOSPITAL', 'KULIYAPITIYA', 'CSO007904665', '2019-06-28', 52, 10583.4, 10583.4),
('GAM00203', 'ORIENT PHARMACY', 'SEEDUWA', 'CSO007904677', '2019-06-28', 52, 18986.9, 15714),
('PUT03433', 'Dr M.kalam', 'Puttalam', 'CSO007904692', '2019-06-29', 51, 27829.5, 27829.5),
('PUT00434', 'NEW J  C PHARMACY', 'Puttalam', 'CSO007904694', '2019-06-29', 51, 14184, 14184),
('PUT03299', 'Nahadi Pharmacy', 'Puttalam', 'CSO007904695', '2019-06-29', 51, 36763, 14184),
('PUT00438', 'DR THASLEEM', 'Puttalam', 'CSO007904696', '2019-07-01', 49, 14404, 14404),
('GAM00294', 'K F D (PVT) LTD.', 'Negombo', 'CSO007904698', '2019-07-01', 49, 98809, 98809),
('GAM00220', 'DAGONNA PHARMACY', 'MINUWANGODA', 'CSO007904707', '2019-07-01', 49, 27895, 27895),
('GAM03302', 'New Lanka Pharmacy', 'Negombo', 'CSO007904708', '2019-07-01', 49, 138007, 108533),
('GAM03302', 'New Lanka Pharmacy', 'Negombo', 'CSO007904709', '2019-07-01', 49, 39474, 39474),
('GAM00170', 'PJ ENTERPRISES', 'JA-ELA', 'CSO007904710', '2019-07-01', 49, 23203.8, 1852.8),
('PUT00364', 'SANTHANA PHARMACY', 'MARAWILA', 'CSO007904711', '2019-07-01', 49, 21351, 21351),
('GAM00153', 'ST ANNES PHARMACY', 'Kandana', 'CSO007904717', '2019-07-02', 48, 2632, 2632),
('GAM03238', 'Asiri Pharmaceuticals', 'Kandana', 'CSO007904720', '2019-07-02', 48, 5366.1, 1496.1),
('PUT00373', 'SUWANA HOSPITAL', 'CHILAW', 'CSO007904721', '2019-07-02', 48, 35449, 35449),
('GAM00182', 'ST JOSHEPS PHARMACY', 'JA-ELA', 'CSO007904733', '2019-07-02', 48, 12795.4, 11145.4),
('PUT00393', 'DR ERANGA INDRAJITH', 'CHILAW', 'CSO007904740', '2019-07-04', 46, 26320, 26320),
('PUT00400', 'OSETH PHARMACY', 'KULIYAPITIYA', 'CSO007904742', '2019-07-03', 47, 5810.3, 5810.3),
('GAM03240', 'Nawaloka Hospital', 'Negombo', 'CSO007904743', '2019-07-03', 47, 15887.1, 15887.1),
('PUT00403', 'MADHARA PHARMACY', 'KULIYAPITIYA', 'CSO007904745', '2019-07-03', 47, 21777.9, 19961.9),
('PUT00404', 'SUWANETH PHARMACY', 'KULIYAPITIYA', 'CSO007904747', '2019-07-03', 47, 22261, 22261),
('PUT00349', 'SITHUMINA PHARMACY', 'MARAWILA', 'CSO007904749', '2019-07-03', 47, 4728, 4728),
('PUT00409', 'SUWANI PHARMACY', 'KULIYAPITIYA', 'CSO007904752', '2019-07-03', 47, 17319.3, 16661.4),
('PUT03397', 'K.M.G Suwasewa Pharmacy 2', 'KULIYAPITIYA', 'CSO007904753', '2019-07-03', 47, 7795.5, 7795.5),
('PUT00373', 'SUWANA HOSPITAL', 'CHILAW', 'CSO007904759', '2019-07-04', 46, 65769.5, 65769.5),
('PUT03254', 'Wijaya Lanka Pharmacy', 'CHILAW', 'CSO007904776', '2019-07-05', 45, 4724.5, 3001.7),
('PUT03290', 'Hiran Pharmacy', 'MARAWILA', 'CSO007904783', '2019-07-05', 45, 2279.9, 2279.9),
('PUT00362', 'NALAKA PHARMACY', 'MARAWILA', 'CSO007904784', '2019-07-05', 45, 17158.2, 17158.2),
('PUT00364', 'SANTHANA PHARMACY', 'MARAWILA', 'CSO007904786', '2019-07-05', 45, 64962.4, 64962.4),
('PUT00367', 'JAYASIRI PHARMACY', 'MARAWILA', 'CSO007904787', '2019-07-05', 45, 4270.2, 4270.2),
('PUT00349', 'SITHUMINA PHARMACY', 'MARAWILA', 'CSO007904792', '2019-07-06', 44, 55450.9, 31404.4),
('GAM00290', 'THALAHENA PHARMACY', 'Negombo', 'CSO007904793', '2019-07-06', 44, 12972, 12972),
('PUT00425', 'HANYU PHARMACY', 'Puttalam', 'CSO007904798', '2019-07-08', 42, 3947.4, 400),
('GAM00200', 'PAMUNUGAMA OSUSALA', 'SEEDUWA', 'CSO007904801', '2019-07-09', 41, 3867.2, 3867.2),
('PUT00373', 'SUWANA HOSPITAL', 'CHILAW', 'CSO007904806', '2019-07-09', 41, 25830, 25830),
('GAM03240', 'Nawaloka Hospital', 'Negombo', 'CSO007904807', '2019-07-10', 40, 29404.6, 29404.6),
('GAM00246', 'HIRU PHARMACY', 'DIVULAPITIYA', 'CSO007904808', '2019-07-10', 40, 24496.5, 22207.1),
('PUT00386', 'ROYAL PHARMACY 2', 'CHILAW', 'CSO007904810', '2019-07-10', 40, 15781, 15781),
('GAM00227', 'ORIENT PHARMACY', 'MINUWANGODA', 'CSO007904812', '2019-07-10', 40, 7105.5, 7105.5),
('GAM00228', 'PEOPLES PHARMACY', 'MINUWANGODA', 'CSO007904816', '2019-07-10', 40, 3682.8, 3682.8),
('GAM00225', 'NEW CHALANI PHARMACY', 'MINUWANGODA', 'CSO007904817', '2019-07-10', 40, 13234, 13234),
('GAM00226', 'OSILKA PHARMACY', 'MINUWANGODA', 'CSO007904818', '2019-07-10', 40, 405.3, 405.3),
('GAM00247', 'NAWA OSUSALA', 'DIVULAPITIYA', 'CSO007904819', '2019-07-10', 40, 1917.5, 1917.5),
('GAM03391', 'Dr Isuru Wijerathna', 'DIVULAPITIYA', 'CSO007904820', '2019-07-11', 39, 55397, 40660),
('GAM00245', 'DUNAGAHA OSUSALA', 'DIVULAPITIYA', 'CSO007904822', '2019-07-10', 40, 4075.2, 3618.2),
('GAM00244', 'SITHMINA PHARMACY', 'DIVULAPITIYA', 'CSO007904823', '2019-07-10', 40, 21920, 21920),
('GAM00215', 'SUWASALA PHARMACY', 'MINUWANGODA', 'CSO007904824', '2019-07-10', 40, 10576.2, 10576.2),
('GAM00216', 'LASITH PHARMACY', 'MINUWANGODA', 'CSO007904825', '2019-07-10', 40, 5263.5, 5263.5),
('GAM00218', 'INDRA PHARMACY', 'MINUWANGODA', 'CSO007904827', '2019-07-10', 40, 18293.4, 18293.4),
('GAM00229', 'KALASI PHARMACY', 'MINUWANGODA', 'CSO007904828', '2019-07-10', 40, 2260.8, 2260.8),
('GAM00242', 'LAKRUWAN PHARMACY', 'DIVULAPITIYA', 'CSO007904831', '2019-07-11', 39, 6633.7, 6633.7),
('GAM03243', 'Jeewanthi Pharmacy', 'DIVULAPITIYA', 'CSO007904834', '2019-07-11', 39, 15438.4, 7719.2),
('PUT00349', 'SITHUMINA PHARMACY', 'MARAWILA', 'CSO007904835', '2019-07-11', 39, 3956, 3956),
('PUT00321', 'GAYASHA PHARMACY', 'WENNAPPUWA', 'CSO007904837', '2019-07-11', 39, 14015, 14015),
('PUT00335', 'APEKSHA PHARMACY', 'WENNAPPUWA', 'CSO007904838', '2019-07-11', 39, 6181.85, 6181.85),
('PUT00332', 'PRADEEP PHARMACY', 'WENNAPPUWA', 'CSO007904839', '2019-07-11', 39, 1679, 1679),
('PUT00333', 'NEW ST JOSHEP PHARMACY', 'WENNAPPUWA', 'CSO007904840', '2019-07-11', 39, 754.4, 754.4),
('PUT00336', 'SARANI PHARMACY', 'WENNAPPUWA', 'CSO007904841', '2019-07-11', 39, 13179, 8908.8),
('PUT00331', 'RANMINA PHARMACY', 'WENNAPPUWA', 'CSO007904843', '2019-07-12', 38, 26274.4, 26274.4),
('PUT00340', 'NEW WESTRAN PHARMACY', 'WENNAPPUWA', 'CSO007904846', '2019-07-17', 33, 80981.1, 74994.1),
('PUT00355', 'ST JUDE PHARMACY', 'MARAWILA', 'CSO007904849', '2019-07-12', 38, 2518.5, 2518.5),
('GAM03246', 'New Pharmacy', 'Negombo', 'CSO007904851', '2019-07-12', 38, 7325.5, 7325.5),
('GAM00301', 'BESTWAY PHARMACY', 'KOCHCHIKADE', 'CSO007904852', '2019-07-12', 38, 1860.6, 1860.6),
('GAM00306', 'CHAMPIKA MEDICAL', 'KOCHCHIKADE', 'CSO007904853', '2019-07-12', 38, 16223.4, 15552.4),
('GAM00310', 'THE BRITISH PHARMACY', 'KOCHCHIKADE', 'CSO007904857', '2019-07-12', 38, 13311.4, 13311.4),
('GAM00313', 'OSHIDI MEDICALS', 'KOCHCHIKADE', 'CSO007904858', '2019-07-12', 38, 4632, 4632),
('GAM00314', 'NEEROGA PHARMACY', 'KOCHCHIKADE', 'CSO007904859', '2019-07-12', 38, 2234, 2234),
('PUT00361', 'ARALIYA PHARMACY', 'MARAWILA', 'CSO007904862', '2019-07-13', 37, 37312.1, 37312.1),
('GAM00259', 'UNIQUE PHARMACY', 'Negombo', 'CSO007904864', '2019-07-13', 37, 25944, 25944),
('GAM03391', 'Dr Isuru Wijerathna', 'DIVULAPITIYA', 'CSO007904865', '2019-07-13', 37, 14737, 14737),
('GAM00285', 'SHANTHI PHARMACY', 'Negombo', 'CSO007904866', '2019-07-13', 37, 21243.4, 21243.4),
('GAM00285', 'SHANTHI PHARMACY', 'Negombo', 'CSO007904867', '2019-07-13', 37, 46777.4, 46777.4),
('GAM00297', 'AVE MARIA PHARMACY', 'Negombo', 'CSO007904868', '2019-07-13', 37, 1897.5, 1897.5),
('GAM00279', 'MAHAJANA OSUSALA', 'Negombo', 'CSO007904870', '2019-07-15', 35, 22323.4, 18778.7),
('GAM00280', 'ASIRI PHARMACY', 'Negombo', 'CSO007904871', '2019-07-15', 35, 1315.8, 1315.8),
('GAM00173', 'ST. JOSHEP PHARMACY', 'JA-ELA', 'CSO007904872', '2019-07-15', 35, 14087.6, 14087.6),
('GAM00261', 'X LAB PHARMACY', 'Negombo', 'CSO007904874', '2019-07-15', 35, 6049, 6049),
('GAM00254', 'NEW CRYSTAL PHARMACY', 'Negombo', 'CSO007904875', '2019-07-15', 35, 17345.4, 17345.4),
('GAM00259', 'UNIQUE PHARMACY', 'Negombo', 'CSO007904876', '2019-07-15', 35, 30166.4, 30166.4),
('GAM00256', 'ROBERT  MEDICALS', 'Negombo', 'CSO007904880', '2019-07-15', 35, 10958, 10958),
('GAM03240', 'Nawaloka Hospital', 'Negombo', 'CSO007904882', '2019-07-15', 35, 61695, 61133.6),
('GAM00263', 'CITY MEDICALS', 'Negombo', 'CSO007904883', '2019-07-17', 33, 11758, 5605.4),
('GAM00255', 'J  J PHARMACY', 'Negombo', 'CSO007904886', '2019-07-17', 33, 8438.6, 6609.8),
('GAM03264', 'Niroga Pharmacy', 'Negombo', 'CSO007904887', '2019-07-17', 33, 13213.7, 13213.7),
('GAMP004444', 'V. M pharmacy', 'DIVULAPITIYA', 'CSO007904888', '2019-07-17', 33, 3046.8, 3046.8),
('GAM00285', 'SHANTHI PHARMACY', 'Negombo', 'CSO007904890', '2019-07-17', 33, 21215.3, 21215.3),
('GAM00283', 'SUPREME PHARMACY', 'Negombo', 'CSO007904891', '2019-07-17', 33, 2835.9, 1996.4),
('GAM00281', 'KALIDSON PHARMACY', 'Negombo', 'CSO007904892', '2019-07-17', 33, 8091.2, 8091.2),
('GAM00278', 'THENUKA PHARMACY', 'Negombo', 'CSO007904893', '2019-07-17', 33, 8337.1, 8337.1),
('GAM00268', 'S  G MEDICALS', 'Negombo', 'CSO007904894', '2019-07-17', 33, 10978, 10978),
('GAM00287', 'UNION PHARMACY', 'Negombo', 'CSO007904895', '2019-07-17', 33, 8808.3, 5255.3),
('GAM00276', 'HEALTHCARE PHARMACY', 'Negombo', 'CSO007904896', '2019-07-17', 33, 2604.9, 2604.9),
('GAM00292', 'SUPER MEDICALS', 'Negombo', 'CSO007904897', '2019-07-17', 33, 7667.7, 7667.7),
('GAMP004451', 'Nawa Lanka pharmacy', 'Negombo', 'CSO007904899', '2019-07-17', 33, 26665.9, 26665.9),
('GAM00288', 'SHANTHI PHARMACY', 'Negombo', 'CSO007904900', '2019-07-17', 33, 10466.9, 10466.9),
('GAM00140', 'SETHMA PHARMACY', 'Kandana', 'CSO007904903', '2019-07-18', 32, 53289.5, 49789.5),
('PUT00373', 'SUWANA HOSPITAL', 'CHILAW', 'CSO007904904', '2019-07-19', 31, 52943.9, 52943.9),
('GAM00191', 'GOLD CREST PHARMACY', 'SEEDUWA', 'CSO007904906', '2019-07-18', 32, 4579.8, 4579.8),
('GAM00193', 'ST. JUDE PHARMACY', 'SEEDUWA', 'CSO007904907', '2019-07-18', 32, 13444.8, 11944.8),
('GAM00201', 'SRILAK PHARMACY', 'SEEDUWA', 'CSO007904909', '2019-07-18', 32, 2181, 2181),
('GAM00204', 'LAXSIRI PHARMACY', 'SEEDUWA', 'CSO007904911', '2019-07-18', 32, 14855.2, 14855.2),
('GAMP004368', 'Shris lanka', 'Negombo', 'CSO007904913', '2019-07-18', 32, 2342.1, 2342.1),
('GAM00200', 'PAMUNUGAMA OSUSALA', 'SEEDUWA', 'CSO007904914', '2019-07-19', 31, 36989.8, 36989.8),
('GAM00199', 'THE RADDOLUGAMA PHARMACY', 'SEEDUWA', 'CSO007904915', '2019-07-19', 31, 9598.7, 9598.7),
('GAM00200', 'PAMUNUGAMA OSUSALA', 'SEEDUWA', 'CSO007904916', '2019-07-19', 31, 4324, 4324),
('GAM00209', 'DR WELIKALA', 'SEEDUWA', 'CSO007904917', '2019-07-19', 31, 2518.5, 2518.5),
('GAM00196', 'ASIRI PHARMACY', 'SEEDUWA', 'CSO007904918', '2019-07-19', 31, 4734.6, 4734.6),
('GAM00189', 'DR D D ABESINGHE', 'JA-ELA', 'CSO007904920', '2019-07-20', 30, 4872.8, 4872.8),
('GAM00179', 'NIVASI PHARMACY', 'JA-ELA', 'CSO007904921', '2019-07-19', 31, 2493.8, 2493.8),
('GAM00178', 'NEW EKALA PHARMACY', 'JA-ELA', 'CSO007904922', '2019-07-19', 31, 2655.5, 2655.5),
('GAM00180', 'PAMUNUGAMA PHARMACY', 'JA-ELA', 'CSO007904923', '2019-07-19', 31, 15108.2, 12257.2),
('GAM00173', 'ST. JOSHEP PHARMACY', 'JA-ELA', 'CSO007904926', '2019-07-19', 31, 9621.65, 9095.15),
('GAM00171', 'NAWA OSUSALA', 'JA-ELA', 'CSO007904929', '2019-07-19', 31, 25670.8, 24003.8),
('GAM00170', 'PJ ENTERPRISES', 'JA-ELA', 'CSO007904930', '2019-07-19', 31, 137907, 116784),
('GAM00260', 'NEW LEO PHARMACY', 'Negombo', 'CSO007904936', '2019-07-24', 26, 29748.7, 29748.7),
('GAM00260', 'NEW LEO PHARMACY', 'Negombo', 'CSO007904937', '2019-07-24', 26, 46842, 46842),
('GAM00144', 'KAPUWATTE PHARMACY', 'Kandana', 'CSO007904938', '2019-07-22', 28, 6322.9, 6322.9),
('GAM00144', 'KAPUWATTE PHARMACY', 'Kandana', 'CSO007904939', '2019-07-22', 28, 2632, 2632),
('GAM00145', 'HANSI PHARMACY', 'Kandana', 'CSO007904940', '2019-07-22', 28, 707, 707),
('GAM00151', 'HEALTH LINE PHARMACY', 'Kandana', 'CSO007904943', '2019-07-22', 28, 8166.6, 8166.6),
('GAM00259', 'UNIQUE PHARMACY', 'Negombo', 'CSO007904946', '2019-07-20', 30, 8652, 8652),
('GAM00155', 'JASMINE PHARMACY', 'Kandana', 'CSO007904947', '2019-07-22', 28, 3841, 3841),
('GAM00141', 'ORIENT PHARMACY', 'Kandana', 'CSO007904948', '2019-07-22', 28, 914, 914),
('GAM00143', 'KANDANA OSUSALA', 'Kandana', 'CSO007904950', '2019-07-22', 28, 739, 739),
('GAM00168', 'C  D PHARMACY', 'JA-ELA', 'CSO007904951', '2019-07-22', 28, 12977.8, 7455.8),
('GAM00218', 'INDRA PHARMACY', 'MINUWANGODA', 'CSO007904952', '2019-07-22', 28, 1690, 1690),
('GAM00222', 'CENTRAL DIVINE', 'MINUWANGODA', 'CSO007904954', '2019-07-22', 28, 14736, 14736),
('GAM00218', 'INDRA PHARMACY', 'MINUWANGODA', 'CSO007904955', '2019-07-22', 28, 10776.5, 10776.5),
('GAM00262', 'NEW CENTRAL PHARMACY', 'Negombo', 'CSO007904956', '2019-07-22', 28, 6579, 6579),
('PUT00400', 'OSETH PHARMACY', 'KULIYAPITIYA', 'CSO007904957', '2019-07-22', 28, 27312, 27312),
('PUT00400', 'OSETH PHARMACY', 'KULIYAPITIYA', 'CSO007904958', '2019-07-22', 28, 2631.6, 2631.6),
('PUT00410', 'ASHEN PHARMACY', 'KULIYAPITIYA', 'CSO007904959', '2019-07-22', 28, 23016.2, 23016.2),
('PUT00401', 'DEEGAYU PHARMACY', 'KULIYAPITIYA', 'CSO007904960', '2019-07-22', 28, 2095.3, 2095.3),
('PUT00403', 'MADHARA PHARMACY', 'KULIYAPITIYA', 'CSO007904961', '2019-07-22', 28, 13910.8, 7162.8),
('PUT00404', 'SUWANETH PHARMACY', 'KULIYAPITIYA', 'CSO007904963', '2019-07-22', 28, 12547.6, 6063.6),
('PUT00406', 'ISURU PHARMACY', 'KULIYAPITIYA', 'CSO007904964', '2019-07-23', 27, 14755.8, 14755.8),
('PUT00412', 'SETHSUWA PHARMACY', 'KULIYAPITIYA', 'CSO007904965', '2019-07-23', 27, 4448, 4448),
('PUT00414', 'WESTERN PHARMACY', 'KULIYAPITIYA', 'CSO007904966', '2019-07-23', 27, 20567, 20567),
('PUT00400', 'OSETH PHARMACY', 'KULIYAPITIYA', 'CSO007904968', '2019-07-23', 27, 926.4, 926.4),
('PUT00409', 'SUWANI PHARMACY', 'KULIYAPITIYA', 'CSO007904969', '2019-07-23', 27, 9138.8, 5764.8),
('PUT03397', 'K.M.G Suwasewa Pharmacy 2', 'KULIYAPITIYA', 'CSO007904970', '2019-07-23', 27, 5568.5, 559.5),
('GAM00237', 'OSADA PHARMACY', 'DIVULAPITIYA', 'CSO007904972', '2019-07-23', 27, 10653.3, 10653.3),
('PUT00373', 'SUWANA HOSPITAL', 'CHILAW', 'CSO007904973', '2019-07-23', 27, 61424.8, 61424.8),
('PUT00373', 'SUWANA HOSPITAL', 'CHILAW', 'CSO007904974', '2019-07-23', 27, 3990, 3990),
('PUT00382', 'CITY PHARMACY', 'CHILAW', 'CSO007904975', '2019-07-23', 27, 18848.6, 15968.6),
('PUT00372', 'HEALTHY CARE PHARMACY', 'CHILAW', 'CSO007904977', '2019-07-23', 27, 75762.6, 64962.1),
('PUT00386', 'ROYAL PHARMACY 2', 'CHILAW', 'CSO007904978', '2019-07-23', 27, 84520.8, 84520.8),
('PUT00398', 'DR SALINGA  WEERASENA', 'CHILAW', 'CSO007904979', '2019-07-23', 27, 30263.5, 30263.5),
('GAM03240', 'Nawaloka Hospital', 'Negombo', 'CSO007904980', '2019-07-23', 27, 35797.1, 28407.1),
('PUT00388', 'SUHADA PHARMACY', 'CHILAW', 'CSO007904981', '2019-07-23', 27, 111066, 106796),
('PUT00380', 'NEW PHARMACY', 'CHILAW', 'CSO007904984', '2019-07-23', 27, 7451.3, 7451.3),
('PUT00377', 'SETHSIRI PHARMACY', 'CHILAW', 'CSO007904985', '2019-07-24', 26, 20061.6, 20061.6),
('PUT00393', 'DR ERANGA INDRAJITH', 'CHILAW', 'CSO007904986', '2019-07-24', 26, 13158, 13158),
('PUT03251', 'New Seth Pharmacy', 'CHILAW', 'CSO007904987', '2019-07-24', 26, 29334.8, 29334.8),
('GAM00284', 'KANDAWALA PHARMACY', 'Negombo', 'CSO007904988', '2019-07-24', 26, 1684, 1684),
('PUTT005082', 'TIANA PHARMACY', 'MARAWILA', 'CSO007904990', '2019-07-24', 26, 8648, 8648),
('PUT00349', 'SITHUMINA PHARMACY', 'MARAWILA', 'CSO007904991', '2019-07-24', 26, 75098.4, 51545.3),
('PUT00350', 'SELANI MEDIKAL', 'MARAWILA', 'CSO007904992', '2019-07-24', 26, 12821.7, 12821.7),
('PUT00354', 'PAVITHRA PHARMACY', 'MARAWILA', 'CSO007904994', '2019-07-24', 26, 8119, 8119),
('PUT00366', 'THE BRITISH  STORES', 'MARAWILA', 'CSO007904996', '2019-07-24', 26, 16967.8, 13593.8),
('PUT00361', 'ARALIYA PHARMACY', 'MARAWILA', 'CSO007904999', '2019-07-25', 25, 14585.2, 12895.2),
('PUT00362', 'NALAKA PHARMACY', 'MARAWILA', 'CSO007905000', '2019-07-25', 25, 10062.8, 10062.8),
('PUT00364', 'SANTHANA PHARMACY', 'MARAWILA', 'CSO007905002', '2019-07-25', 25, 12585, 12585),
('PUT00364', 'SANTHANA PHARMACY', 'MARAWILA', 'CSO007905003', '2019-07-25', 25, 5263.2, 5263.2),
('GAM00307', 'AJANTHA OSUSALA', 'KOCHCHIKADE', 'CSO007905004', '2019-07-25', 25, 68145.7, 57049.4),
('PUT00388', 'SUHADA PHARMACY', 'CHILAW', 'CSO007905005', '2019-07-26', 24, 1526.3, 1526.3),
('PUT00321', 'GAYASHA PHARMACY', 'WENNAPPUWA', 'CSO007905006', '2019-07-25', 25, 9055.6, 9055.6),
('PUT00333', 'NEW ST JOSHEP PHARMACY', 'WENNAPPUWA', 'CSO007905007', '2019-07-25', 25, 4791.1, 2654.35),
('GAM00278', 'THENUKA PHARMACY', 'Negombo', 'CSO007905008', '2019-07-25', 25, 6347.7, 6347.7),
('GAM00200', 'PAMUNUGAMA OSUSALA', 'SEEDUWA', 'CSO007905009', '2019-07-25', 25, 4321.2, 4321.2),
('GAM00219', 'CHALANI PHARMACY', 'MINUWANGODA', 'CSO007905011', '2019-07-31', 19, 6529.6, 6529.6),
('PUT00336', 'SARANI PHARMACY', 'WENNAPPUWA', 'CSO007905012', '2019-07-25', 25, 3859.6, 3859.6),
('PUT00323', 'ISIRA PHARMACY', 'WENNAPPUWA', 'CSO007905013', '2019-07-25', 25, 4946.8, 4946.8),
('PUT00325', 'SUASI PHARMACY', 'WENNAPPUWA', 'CSO007905014', '2019-07-25', 25, 2456.75, 2456.75),
('PUT00326', 'W.MENDIS CHEMIST', 'WENNAPPUWA', 'CSO007905015', '2019-07-25', 25, 11656.6, 11656.6),
('PUT00328', 'WIJAYA PHARMACY', 'WENNAPPUWA', 'CSO007905017', '2019-07-25', 25, 14351.8, 13036.8),
('GAM00263', 'CITY MEDICALS', 'Negombo', 'CSO007905018', '2019-07-25', 25, 7202, 7202),
('PUT00331', 'RANMINA PHARMACY', 'WENNAPPUWA', 'CSO007905020', '2019-07-25', 25, 11953, 11953),
('PUTT005198', 'Ranmina Pharmacy2', 'MARAWILA', 'CSO007905021', '2019-07-25', 25, 12338.2, 10671.2),
('PUT00330', 'IRESHA  PHARMACY', 'WENNAPPUWA', 'CSO007905022', '2019-07-26', 24, 9203.4, 9203.4),
('GAM00316', 'ROYAL PHARMACY', 'KOCHCHIKADE', 'CSO007905023', '2019-07-29', 21, 8273.4, 8273.4),
('PUT00388', 'SUHADA PHARMACY', 'CHILAW', 'CSO007905025', '2019-07-26', 24, 16780, 16780),
('GAM00299', 'K S A MEDICAL', 'KOCHCHIKADE', 'CSO007905026', '2019-07-26', 24, 1594.4, 1594.4),
('GAM00318', 'DR MAHENDRA DAVID', 'KOCHCHIKADE', 'CSO007905027', '2019-07-26', 24, 10810, 10810),
('GAM00312', 'DANKOTUWA MEDICAL', 'KOCHCHIKADE', 'CSO007905028', '2019-07-27', 23, 4414, 4414),
('GAM00256', 'ROBERT  MEDICALS', 'Negombo', 'CSO007905033', '2019-07-29', 21, 3647.3, 3647.3),
('GAM00259', 'UNIQUE PHARMACY', 'Negombo', 'CSO007905034', '2019-07-29', 21, 27000.2, 27000.2),
('GAM00261', 'X LAB PHARMACY', 'Negombo', 'CSO007905035', '2019-07-29', 21, 19686.5, 6722.9),
('GAM00269', 'SUWASARANA OSUSALA', 'Negombo', 'CSO007905036', '2019-07-29', 21, 5447.1, 4885.7),
('GAM00254', 'NEW CRYSTAL PHARMACY', 'Negombo', 'CSO007905037', '2019-07-29', 21, 20509, 20509),
('GAM00270', 'THE PHARMACY', 'Negombo', 'CSO007905038', '2019-07-29', 21, 26952.7, 23058.1),
('GAM00265', 'ROYAL PHARMACY', 'Negombo', 'CSO007905041', '2019-07-29', 21, 7371.5, 7371.5),
('GAM00268', 'S  G MEDICALS', 'Negombo', 'CSO007905043', '2019-07-29', 21, 9848.9, 4106.7),
('GAM00285', 'SHANTHI PHARMACY', 'Negombo', 'CSO007905044', '2019-07-29', 21, 17240.8, 17240.8),
('GAM00266', 'ORIENT PHARMACY', 'Negombo', 'CSO007905046', '2019-07-29', 21, 20763, 20763),
('PUT00331', 'RANMINA PHARMACY', 'WENNAPPUWA', 'CSO007905048', '2019-07-29', 21, 2431.5, 2431.5),
('GAM00297', 'AVE MARIA PHARMACY', 'Negombo', 'CSO007905049', '2019-07-29', 21, 10509.8, 4522.8),
('GAM00287', 'UNION PHARMACY', 'Negombo', 'CSO007905051', '2019-07-29', 21, 4420.25, 4420.25),
('GAM00292', 'SUPER MEDICALS', 'Negombo', 'CSO007905052', '2019-07-29', 21, 4992.5, 4992.5),
('GAM00279', 'MAHAJANA OSUSALA', 'Negombo', 'CSO007905053', '2019-07-29', 21, 12105.2, 12105.2),
('GAM00276', 'HEALTHCARE PHARMACY', 'Negombo', 'CSO007905054', '2019-07-29', 21, 576.8, 576.8),
('GAM00281', 'KALIDSON PHARMACY', 'Negombo', 'CSO007905056', '2019-07-29', 21, 6703.6, 6703.6),
('GAM00282', 'PRADEEPA PHARMACY', 'Negombo', 'CSO007905057', '2019-07-30', 20, 1147, 1147),
('GAM00284', 'KANDAWALA PHARMACY', 'Negombo', 'CSO007905058', '2019-07-30', 20, 6418.5, 4076.4),
('GAM00288', 'SHANTHI PHARMACY', 'Negombo', 'CSO007905059', '2019-07-30', 20, 9091.9, 9091.9),
('GAM03329', 'Lak osusala', 'SEEDUWA', 'CSO007905062', '2019-07-30', 20, 5533.1, 5533.1),
('GAM00193', 'ST. JUDE PHARMACY', 'SEEDUWA', 'CSO007905063', '2019-07-30', 20, 7258.2, 7258.2),
('GAM00201', 'SRILAK PHARMACY', 'SEEDUWA', 'CSO007905066', '2019-07-30', 20, 561.4, 561.4),
('GAM00198', 'HEALTHCARE PHARMACY', 'SEEDUWA', 'CSO007905068', '2019-07-30', 20, 2632, 1941.2),
('GAM00200', 'PAMUNUGAMA OSUSALA', 'SEEDUWA', 'CSO007905069', '2019-07-30', 20, 13259.4, 13259.4),
('GAM00285', 'SHANTHI PHARMACY', 'Negombo', 'CSO007905074', '2019-07-31', 19, 3380, 3380),
('GAM00259', 'UNIQUE PHARMACY', 'Negombo', 'CSO007905075', '2019-07-31', 19, 9080, 9080),
('GAM00167', 'ISHARA PHARMACY', 'JA-ELA', 'CSO007905076', '2019-07-31', 19, 13434.8, 13434.8),
('GAM00168', 'C  D PHARMACY', 'JA-ELA', 'CSO007905077', '2019-07-31', 19, 15238.8, 11861.8),
('GAM00171', 'NAWA OSUSALA', 'JA-ELA', 'CSO007905078', '2019-07-31', 19, 4329.8, 2662.8),
('GAM00212', 'DR SILVA', 'SEEDUWA', 'CSO007905079', '2019-07-31', 19, 91569.4, 91569.4),
('GAM00173', 'ST. JOSHEP PHARMACY', 'JA-ELA', 'CSO007905080', '2019-07-31', 19, 4872.8, 4872.8),
('GAM00181', 'BOPITIYA PHARMACY', 'JA-ELA', 'CSO007905081', '2019-07-31', 19, 3639.5, 3639.5),
('GAM00180', 'PAMUNUGAMA PHARMACY', 'JA-ELA', 'CSO007905082', '2019-07-31', 19, 8598.6, 8598.6),
('GAM00294', 'K F D (PVT) LTD.', 'Negombo', 'CSO007905083', '2019-07-31', 19, 469794, 344091),
('GAM00295', 'ROYAL PHARMACY LANKA', 'Negombo', 'CSO007905084', '2019-07-31', 19, 210354, 170454),
('PUT00373', 'SUWANA HOSPITAL', 'CHILAW', 'CSO007905085', '2019-07-31', 19, 47280, 47280),
('PUT00424', 'BALASOORIYA PHARMACY', 'Puttalam', 'CSO007905086', '2019-07-31', 19, 14404, 14404),
('GAM00259', 'UNIQUE PHARMACY', 'Negombo', 'CSO007905088', '2019-07-31', 19, 8390, 8390),
('GAM00281', 'KALIDSON PHARMACY', 'Negombo', 'CSO007905089', '2019-07-31', 19, 4474, 4474),
('GAM00200', 'PAMUNUGAMA OSUSALA', 'SEEDUWA', 'CSO007905090', '2019-07-31', 19, 8948, 8948),
('GAM00269', 'SUWASARANA OSUSALA', 'Negombo', 'CSO007905091', '2019-07-31', 19, 4474, 4474),
('GAM00279', 'MAHAJANA OSUSALA', 'Negombo', 'CSO007905093', '2019-07-31', 19, 4474, 4474),
('GAM00295', 'ROYAL PHARMACY LANKA', 'Negombo', 'CSO007905094', '2019-07-31', 19, 186558, 186558),
('GAM00295', 'ROYAL PHARMACY LANKA', 'Negombo', 'CSO007905096', '2019-07-31', 19, 39474, 39474),
('GAM00316', 'ROYAL PHARMACY', 'KOCHCHIKADE', 'CSO007905097', '2019-07-31', 19, 55834, 55834),
('GAM03302', 'New Lanka Pharmacy', 'Negombo', 'CSO007905100', '2019-07-31', 19, 151865, 131600),
('GAM00259', 'UNIQUE PHARMACY', 'Negombo', 'CSO007905101', '2019-07-31', 19, 31986.5, 31986.5),
('PUT00331', 'RANMINA PHARMACY', 'WENNAPPUWA', 'CSO007905102', '2019-07-31', 19, 2080, 2080),
('GAM03302', 'New Lanka Pharmacy', 'Negombo', 'CSO007905103', '2019-07-31', 19, 29474, 29474),
('GAM00159', 'DR N S M MENDIS', 'Kandana', 'CSO007905105', '2019-07-31', 19, 6480, 6480),
('GAM00192', 'N S MEIDCAL', 'SEEDUWA', 'CSO007905106', '2019-07-31', 19, 6888, 6888),
('PUT00372', 'HEALTHY CARE PHARMACY', 'CHILAW', 'CSO007905110', '2019-07-31', 19, 22794, 22794),
('PUT00373', 'SUWANA HOSPITAL', 'CHILAW', 'CSO007905112', '2019-07-31', 19, 31625, 31625),
('GAM00170', 'PJ ENTERPRISES', 'JA-ELA', 'CSO007905113', '2019-07-31', 19, 33740, 33740),
('GAM00270', 'THE PHARMACY', 'Negombo', 'CSO007905115', '2019-08-03', 16, 1678, 1678),
('GAM00259', 'UNIQUE PHARMACY', 'Negombo', 'CSO007905116', '2019-08-02', 17, 6820, 6820),
('GAM03264', 'Niroga Pharmacy', 'Negombo', 'CSO007905117', '2019-08-05', 14, 4570, 4570),
('GAM00268', 'S  G MEDICALS', 'Negombo', 'CSO007905118', '2019-08-03', 16, 1816, 1816),
('GAM00286', 'SURANGA PHARMACY', 'Negombo', 'CSO007905119', '2019-08-05', 14, 5087.05, 5087.05),
('GAM00253', 'RELIANCE PHARMACY', 'Negombo', 'CSO007905120', '2019-08-03', 16, 589.5, 589.5),
('GAM00285', 'SHANTHI PHARMACY', 'Negombo', 'CSO007905121', '2019-08-05', 14, 11710.5, 11710.5),
('GAM00285', 'SHANTHI PHARMACY', 'Negombo', 'CSO007905123', '2019-08-05', 14, 16026, 11304.4),
('GAM00283', 'SUPREME PHARMACY', 'Negombo', 'CSO007905124', '2019-08-05', 14, 11770.5, 11770.5),
('GAM00189', 'DR D D ABESINGHE', 'JA-ELA', 'CSO007905125', '2019-08-05', 14, 2591, 2591),
('GAM00257', 'NEGOMBO FOOD  DRUGS', 'Negombo', 'CSO007905127', '2019-08-05', 14, 12353.2, 8450),
('GAM00256', 'ROBERT  MEDICALS', 'Negombo', 'CSO007905129', '2019-08-05', 14, 4150, 4150),
('GAM00259', 'UNIQUE PHARMACY', 'Negombo', 'CSO007905130', '2019-08-05', 14, 15368, 15368),
('GAM00290', 'THALAHENA PHARMACY', 'Negombo', 'CSO007905131', '2019-08-05', 14, 4498.7, 4498.7),
('GAM00288', 'SHANTHI PHARMACY', 'Negombo', 'CSO007905132', '2019-08-05', 14, 4788, 4788),
('GAM00278', 'THENUKA PHARMACY', 'Negombo', 'CSO007905137', '2019-08-05', 14, 635.5, 635.5),
('GAMP005587', 'Anjel pharmacy', 'KOCHCHIKADE', 'CSO007905139', '2019-08-06', 13, 10928, 10928),
('GAM00259', 'UNIQUE PHARMACY', 'Negombo', 'CSO007905140', '2019-08-06', 13, 3460, 3460),
('GAM03240', 'Nawaloka Hospital', 'Negombo', 'CSO007905141', '2019-08-06', 13, 73595.3, 73595.3),
('GAM00267', 'HEALING PHARMACY', 'Negombo', 'CSO007905143', '2019-08-06', 13, 3756.5, 3756.5),
('GAM00265', 'ROYAL PHARMACY', 'Negombo', 'CSO007905144', '2019-08-06', 13, 5418.7, 5418.7),
('GAM00266', 'ORIENT PHARMACY', 'Negombo', 'CSO007905145', '2019-08-06', 13, 2911.5, 2911.5),
('GAM00299', 'K S A MEDICAL', 'KOCHCHIKADE', 'CSO007905146', '2019-08-06', 13, 12522.5, 12522.5),
('GAM00300', 'LAKSHI PHARMACY', 'KOCHCHIKADE', 'CSO007905147', '2019-08-06', 13, 10525.2, 10525.2),
('GAM03221', 'Asoka Pharmacy', 'Negombo', 'CSO007905148', '2019-08-06', 13, 2860, 2860),
('GAM00304', 'TRUST CHEMIST', 'KOCHCHIKADE', 'CSO007905150', '2019-08-06', 13, 4462.9, 4462.9),
('GAM00307', 'AJANTHA OSUSALA', 'KOCHCHIKADE', 'CSO007905151', '2019-08-07', 12, 38002.1, 35503.7),
('GAM00308', 'ANRITA PHARMACY', 'KOCHCHIKADE', 'CSO007905152', '2019-08-07', 12, 1315.8, 1315.8),
('GAM03221', 'Asoka Pharmacy', 'Negombo', 'CSO007905153', '2019-08-07', 12, 9129.75, 8175.15),
('GAM00269', 'SUWASARANA OSUSALA', 'Negombo', 'CSO007905154', '2019-08-08', 11, 6214.55, 6214.55),
('GAM00192', 'N S MEIDCAL', 'SEEDUWA', 'CSO007905155', '2019-08-08', 11, 10700.2, 10700.2),
('GAM03329', 'Lak osusala', 'SEEDUWA', 'CSO007905156', '2019-08-07', 12, 18545.7, 18545.7),
('GAM00201', 'SRILAK PHARMACY', 'SEEDUWA', 'CSO007905157', '2019-08-08', 11, 7663.8, 6672.4),
('GAM03329', 'Lak osusala', 'SEEDUWA', 'CSO007905158', '2019-08-08', 11, 10525, 10525),
('GAM00278', 'THENUKA PHARMACY', 'Negombo', 'CSO007905159', '2019-08-07', 12, 5614, 5614),
('GAM00195', 'SEEDUWA MEDICAL', 'SEEDUWA', 'CSO007905160', '2019-08-08', 11, 23443.2, 23443.2),
('GAM00197', 'PEOPLES PHARMACY', 'SEEDUWA', 'CSO007905161', '2019-08-07', 12, 2123.1, 2123.1),
('GAM00198', 'HEALTHCARE PHARMACY', 'SEEDUWA', 'CSO007905162', '2019-08-07', 12, 3030.5, 3030.5),
('GAM00200', 'PAMUNUGAMA OSUSALA', 'SEEDUWA', 'CSO007905163', '2019-08-07', 12, 9759.4, 9759.4),
('GAM00199', 'THE RADDOLUGAMA PHARMACY', 'SEEDUWA', 'CSO007905164', '2019-08-07', 12, 3541.75, 2824.36),
('GAM00204', 'LAXSIRI PHARMACY', 'SEEDUWA', 'CSO007905165', '2019-08-07', 12, 5576.7, 5576.7),
('GAM00193', 'ST. JUDE PHARMACY', 'SEEDUWA', 'CSO007905166', '2019-08-08', 11, 8085.5, 8085.5),
('GAMP005605', 'Shris Lanka pharmacy', 'SEEDUWA', 'CSO007905167', '2019-08-08', 11, 3543.9, 3543.9),
('GAM00236', 'RAZUL PHARMACY', 'DIVULAPITIYA', 'CSO007905170', '2019-08-08', 11, 6862.8, 6862.8),
('GAM00246', 'HIRU PHARMACY', 'DIVULAPITIYA', 'CSO007905171', '2019-08-08', 11, 10164.1, 10164.1),
('GAM00272', 'THE LANKA PHARMACY', 'Negombo', 'CSO007905173', '2019-08-08', 11, 11052, 11052),
('GAM00244', 'SITHMINA PHARMACY', 'DIVULAPITIYA', 'CSO007905176', '2019-08-08', 11, 3361, 3361),
('GAM00242', 'LAKRUWAN PHARMACY', 'DIVULAPITIYA', 'CSO007905178', '2019-08-08', 11, 6539.4, 4259.4),
('GAM00240', 'WIJAYAMINI PHARMACY', 'DIVULAPITIYA', 'CSO007905179', '2019-08-08', 11, 8472.9, 7617.6),
('GAM00237', 'OSADA PHARMACY', 'DIVULAPITIYA', 'CSO007905180', '2019-08-08', 11, 15922.2, 13439.7),
('GAM00241', 'M.P.C.S  OSUSALA', 'DIVULAPITIYA', 'CSO007905181', '2019-08-08', 11, 14333, 11151.5),
('GAMP004337', 'Dr Sajee  Jayalingam', 'Negombo', 'CSO007905183', '2019-08-09', 10, 5211, 5211),
('GAM03243', 'Jeewanthi Pharmacy', 'DIVULAPITIYA', 'CSO007905185', '2019-08-09', 10, 73815, 73815),
('GAM03243', 'Jeewanthi Pharmacy', 'DIVULAPITIYA', 'CSO007905186', '2019-08-09', 10, 38784.7, 38784.7),
('GAM00239', 'THE NEW PHARMACY', 'DIVULAPITIYA', 'CSO007905189', '2019-08-09', 10, 12421.6, 12421.6),
('GAM00233', 'DR SALIYA BOMBUWALA', 'MINUWANGODA', 'CSO007905192', '2019-08-09', 10, 17837, 172),
('GAM00173', 'ST. JOSHEP PHARMACY', 'JA-ELA', 'CSO007905193', '2019-08-09', 10, 3947.4, 3947.4),
('GAM00291', 'SRIEE    PHARMACY', 'Negombo', 'CSO007905194', '2019-08-15', 4, 8662.5, 8662.5),
('GAM00222', 'CENTRAL DIVINE', 'MINUWANGODA', 'CSO007905195', '2019-08-09', 10, 76015.1, 76015.1),
('GAM00193', 'ST. JUDE PHARMACY', 'SEEDUWA', 'CSO007905196', '2019-08-09', 10, 3947.4, 3947.4),
('GAM00221', 'SAHANA OSOSALA', 'MINUWANGODA', 'CSO007905197', '2019-08-09', 10, 7877, 7877),
('GAM00233', 'DR SALIYA BOMBUWALA', 'MINUWANGODA', 'CSO007905198', '2019-08-09', 10, 17665, 17665),
('GAM00228', 'PEOPLES PHARMACY', 'MINUWANGODA', 'CSO007905199', '2019-08-10', 9, 5516.95, 5516.95),
('GAM00215', 'SUWASALA PHARMACY', 'MINUWANGODA', 'CSO007905200', '2019-08-10', 9, 3578.25, 3578.25),
('GAM00216', 'LASITH PHARMACY', 'MINUWANGODA', 'CSO007905201', '2019-08-10', 9, 4443.6, 4443.6),
('GAM00217', 'RANMINI PHARMACY', 'MINUWANGODA', 'CSO007905202', '2019-08-10', 9, 8027.45, 8027.45),
('GAM00219', 'CHALANI PHARMACY', 'MINUWANGODA', 'CSO007905204', '2019-08-10', 9, 14115, 14115),
('GAM00218', 'INDRA PHARMACY', 'MINUWANGODA', 'CSO007905205', '2019-08-10', 9, 24605.6, 23360.9),
('GAM00220', 'DAGONNA PHARMACY', 'MINUWANGODA', 'CSO007905206', '2019-08-10', 9, 54248.2, 54248.2),
('GAM00225', 'NEW CHALANI PHARMACY', 'MINUWANGODA', 'CSO007905207', '2019-08-10', 9, 4478.7, 3005),
('GAM00168', 'C  D PHARMACY', 'JA-ELA', 'CSO007905208', '2019-08-12', 7, 14291.2, 14291.2),
('GAMP004874', 'Sasithma pharmacy', 'JA-ELA', 'CSO007905209', '2019-08-12', 7, 2130, 2130),
('GAM00176', 'DIGASIRI PHARMACY', 'JA-ELA', 'CSO007905210', '2019-08-12', 7, 45750, 45750),
('GAM00181', 'BOPITIYA PHARMACY', 'JA-ELA', 'CSO007905212', '2019-08-12', 7, 3281.8, 3281.8),
('GAM00181', 'BOPITIYA PHARMACY', 'JA-ELA', 'CSO007905213', '2019-08-12', 7, 296, 41.6),
('GAM00180', 'PAMUNUGAMA PHARMACY', 'JA-ELA', 'CSO007905214', '2019-08-12', 7, 11387.5, 11387.5),
('GAM00182', 'ST JOSHEPS PHARMACY', 'JA-ELA', 'CSO007905215', '2019-08-12', 7, 12485.9, 11612.9),
('GAM00209', 'DR WELIKALA', 'SEEDUWA', 'CSO007905217', '2019-08-12', 7, 1732.5, 1732.5),
('GAM00170', 'PJ ENTERPRISES', 'JA-ELA', 'CSO007905218', '2019-08-12', 7, 13158, 13158),
('GAM00171', 'NAWA OSUSALA', 'JA-ELA', 'CSO007905219', '2019-08-12', 7, 4359.6, 3013.12),
('GAM00173', 'ST. JOSHEP PHARMACY', 'JA-ELA', 'CSO007905221', '2019-08-12', 7, 20590.9, 14911),
('GAMP004219', 'Arogya pharmacy', 'JA-ELA', 'CSO007905222', '2019-08-12', 7, 2021.95, 2021.95),
('GAM00179', 'NIVASI PHARMACY', 'JA-ELA', 'CSO007905223', '2019-08-12', 7, 849.8, 849.8),
('GAM00178', 'NEW EKALA PHARMACY', 'JA-ELA', 'CSO007905225', '2019-08-12', 7, 2824.05, 2824.05),
('GAM00170', 'PJ ENTERPRISES', 'JA-ELA', 'CSO007905228', '2019-08-12', 7, 147442, 134971),
('GAM03240', 'Nawaloka Hospital', 'Negombo', 'CSO007905229', '2019-08-13', 6, 90521.6, 90521.6),
('GAM00268', 'S  G MEDICALS', 'Negombo', 'CSO007905230', '2019-08-13', 6, 325, 325),
('GAM00155', 'JASMINE PHARMACY', 'Kandana', 'CSO007905231', '2019-08-13', 6, 4433.85, 4433.85),
('GAM00141', 'ORIENT PHARMACY', 'Kandana', 'CSO007905232', '2019-08-13', 6, 2747.8, 1971.5),
('GAM00140', 'SETHMA PHARMACY', 'Kandana', 'CSO007905233', '2019-08-13', 6, 77352.1, 72739.4),
('GAMP005278', 'Royal Pharmacy-Kandana', 'Kandana', 'CSO007905234', '2019-08-13', 6, 4419.7, 4419.7),
('GAM00143', 'KANDANA OSUSALA', 'Kandana', 'CSO007905235', '2019-08-13', 6, 1189.65, 1189.65),
('GAM00307', 'AJANTHA OSUSALA', 'KOCHCHIKADE', 'CSO007905236', '2019-08-13', 6, 3030, 3030),
('GAM00148', 'GIMSHANI PHARMACY', 'Kandana', 'CSO007905237', '2019-08-13', 6, 11528.5, 11528.5),
('GAM00151', 'HEALTH LINE PHARMACY', 'Kandana', 'CSO007905238', '2019-08-15', 4, 5200.75, 5200.75),
('GAM00139', 'RILLAULLA PHARMACY', 'Kandana', 'CSO007905239', '2019-08-15', 4, 8627.55, 8627.55),
('GAM00297', 'AVE MARIA PHARMACY', 'Negombo', 'CSO007905240', '2019-08-15', 4, 6082.5, 6082.5),
('GAMP004879', 'Medicare Pharmacy', 'Kandana', 'CSO007905241', '2019-08-15', 4, 11568.5, 11568.5),
('GAM03238', 'Asiri Pharmaceuticals', 'Kandana', 'CSO007905242', '2019-08-15', 4, 76000, 76000),
('GAM00218', 'INDRA PHARMACY', 'MINUWANGODA', 'CSO007905243', '2019-08-15', 4, 866.25, 866.25),
('GAM00238', 'COOP OSUSALA', 'DIVULAPITIYA', 'CSO007905244', '2019-08-15', 4, 1824.75, 1824.75),
('GAMP005413', 'BANDULA PHARMACY', 'MINUWANGODA', 'CSO007905245', '2019-08-15', 4, 2691, 2691),
('GAM00225', 'NEW CHALANI PHARMACY', 'MINUWANGODA', 'CSO007905246', '2019-08-15', 4, 6082.5, 6082.5),
('GAM00233', 'DR SALIYA BOMBUWALA', 'MINUWANGODA', 'CSO007905247', '2019-08-16', 3, 8662.5, 8662.5),
('GAM00285', 'SHANTHI PHARMACY', 'Negombo', 'CSO007905248', '2019-08-15', 4, 22370, 22370),
('GAM00297', 'AVE MARIA PHARMACY', 'Negombo', 'CSO007905249', '2019-08-15', 4, 37932, 37932),
('GAM00144', 'KAPUWATTE PHARMACY', 'Kandana', 'CSO007905250', '2019-08-15', 4, 914, 914),
('GAM00145', 'HANSI PHARMACY', 'Kandana', 'CSO007905251', '2019-08-15', 4, 2038.6, 2038.6),
('GAM00297', 'AVE MARIA PHARMACY', 'Negombo', 'CSO007905252', '2019-08-15', 4, 27050, 27050),
('GAMP004827', 'Vision pharmacy', 'Kandana', 'CSO007905253', '2019-08-15', 4, 4822.8, 4822.8),
('GAMP004969', 'Lanka Pharmacy Ganemulla', 'Kandana', 'CSO007905254', '2019-08-15', 4, 9819, 9819),
('GAMP004969', 'Lanka Pharmacy Ganemulla', 'Kandana', 'CSO007905255', '2019-08-15', 4, 13200, 13200),
('GAM03238', 'Asiri Pharmaceuticals', 'Kandana', 'CSO007905256', '2019-08-15', 4, 1219.35, 1219.35),
('GAM00153', 'ST ANNES PHARMACY', 'Kandana', 'CSO007905257', '2019-08-15', 4, 14147.1, 14147.1),
('GAM00154', 'SETHSIRI PHARMACY', 'Kandana', 'CSO007905259', '2019-08-16', 3, 15248.5, 15248.5),
('GAM00254', 'NEW CRYSTAL PHARMACY', 'Negombo', 'CSO007905260', '2019-08-16', 3, 1690, 1690),
('GAM00307', 'AJANTHA OSUSALA', 'KOCHCHIKADE', 'CSO007905261', '2019-08-16', 3, 7381.5, 7381.5),
('GAM00257', 'NEGOMBO FOOD  DRUGS', 'Negombo', 'CSO008000617', '2018-08-27', 357, 12171, 12171),
('GAM00155', 'JASMINE PHARMACY', 'Kandana', 'CSO008000930', '2018-09-18', 335, 6085.5, 6085.5),
('GAM00160', 'ROSHINI PHARMACY', 'JA-ELA', 'CSO008001549', '2018-11-08', 284, 701.8, 701.8),
('GAM00271', 'BETTERHEALTH PHARMACY', 'Negombo', 'CSO008001619', '2018-11-13', 279, 14632, 14226.5),
('GAM03221', 'Asoka Pharmacy', 'Negombo', 'CSO008001676', '2018-11-14', 278, 3419, 2851.3),
('GAM00148', 'GIMSHANI PHARMACY', 'Kandana', 'CSO008001745', '2018-11-23', 269, 2319, 2319),
('GAM03415', 'Dinara Pharmacy', 'Kandana', 'CSO008001800', '2018-11-26', 266, 4007.7, 1030),
('GAM00306', 'CHAMPIKA MEDICAL', 'KOCHCHIKADE', 'CSO008001855', '2018-11-28', 264, 1740, 1740),
('GAM00290', 'THALAHENA PHARMACY', 'Negombo', 'CSO008001872', '2018-11-29', 263, 2610, 2610),
('GAM00292', 'SUPER MEDICALS', 'Negombo', 'CSO008001892', '2018-11-29', 263, 14249.7, 14249.7),
('GAMP004261', 'Dr Saman Perera', 'SEEDUWA', 'CSO008001955', '2018-11-30', 262, 60855, 60855),
('GAM03354', 'Suwasaviya Hospital', 'DIVULAPITIYA', 'CSO008001963', '2018-11-30', 262, 32421, 30799.9),
('GAM00222', 'CENTRAL DIVINE', 'MINUWANGODA', 'CSO008001977', '2018-11-30', 262, 17544, 3.2),
('GAM00170', 'PJ ENTERPRISES', 'JA-ELA', 'CSO008001996', '2018-12-04', 258, 2895, 2895),
('PUT03293', 'New Shifa pharmacy', 'Puttalam', 'CSO008002012', '2018-12-04', 258, 1410.5, 1410.5),
('GAM00243', 'SUWASETHA PHARMACY', 'DIVULAPITIYA', 'CSO008002060', '2018-12-06', 256, 8164.3, 8164.3),
('GAM00243', 'SUWASETHA PHARMACY', 'DIVULAPITIYA', 'CSO008002061', '2018-12-06', 256, 1449, 1449),
('GAM00173', 'ST. JOSHEP PHARMACY', 'JA-ELA', 'CSO008002116', '2018-12-10', 252, 1449, 1449),
('GAM00269', 'SUWASARANA OSUSALA', 'Negombo', 'CSO008002163', '2018-12-12', 250, 1449, 1449),
('GAM00266', 'ORIENT PHARMACY', 'Negombo', 'CSO008002168', '2018-12-12', 250, 1449, 1449),
('GAM00280', 'ASIRI PHARMACY', 'Negombo', 'CSO008002188', '2018-12-13', 249, 1449, 1449),
('GAMP004177', 'Dr J. K. N. Jayamaha dental care.', 'Negombo', 'CSO008002370', '2018-12-28', 234, 15658, 15658),
('GAM00147', 'CITY PHARMACY', 'Kandana', 'CSO008002523', '2019-01-07', 224, 3805.4, 3805.4),
('GAM00272', 'THE LANKA PHARMACY', 'Negombo', 'CSO008002602', '2019-01-10', 221, 15528, 15528),
('GAM00246', 'HIRU PHARMACY', 'DIVULAPITIYA', 'CSO008002615', '2019-01-10', 221, 11993.1, 8494.9),
('GAM00147', 'CITY PHARMACY', 'Kandana', 'CSO008002748', '2019-01-21', 210, 14673.3, 14673.3),
('GAM00146', 'CHEMA PHARMACY', 'Kandana', 'CSO008002751', '2019-01-21', 210, 3393.1, 3393.1),
('GAM00182', 'ST JOSHEPS PHARMACY', 'JA-ELA', 'CSO008002818', '2019-01-23', 208, 15999.1, 15999.1),
('GAM00253', 'RELIANCE PHARMACY', 'Negombo', 'CSO008002833', '2019-01-25', 206, 2865.9, 2865.9),
('GAM00285', 'SHANTHI PHARMACY', 'Negombo', 'CSO008002867', '2019-01-28', 203, 723.7, 723.7),
('GAM00286', 'SURANGA PHARMACY', 'Negombo', 'CSO008002868', '2019-01-28', 203, 1140.4, 1140.4),
('GAM00277', 'JAYAKODY PHARMACY', 'Negombo', 'CSO008002869', '2019-01-28', 203, 3571.05, 3571.05);
INSERT INTO `gsoutupload` (`gID`, `gCustName`, `gTown`, `inv`, `date`, `age`, `amount`, `balAmount`) VALUES
('GAMP004177', 'Dr J. K. N. Jayamaha dental care.', 'Negombo', 'CSO008002912', '2019-01-31', 200, 17228, 17228),
('GAM00193', 'ST. JUDE PHARMACY', 'SEEDUWA', 'CSO008002915', '2019-01-30', 201, 15790, 15790),
('GAM03415', 'Dinara Pharmacy', 'Kandana', 'CSO008002984', '2019-02-05', 195, 636.8, 636.8),
('PUT00422', 'COLOMBO MEDICALS', 'Puttalam', 'CSO008002993', '2019-02-05', 195, 2527.3, 2527.3),
('GAM00295', 'ROYAL PHARMACY LANKA', 'Negombo', 'CSO008003007', '2019-02-06', 194, 198424, 26790),
('GAM03240', 'Nawaloka Hospital', 'Negombo', 'CSO008003022', '2019-02-06', 194, 5790, 5790),
('GAM03415', 'Dinara Pharmacy', 'Kandana', 'CSO008003046', '2019-02-08', 192, 636.8, 636.8),
('GAM00230', 'K  K PHARMACY', 'MINUWANGODA', 'CSO008003067', '2019-02-11', 189, 27663.2, 27663.2),
('GAM00278', 'THENUKA PHARMACY', 'Negombo', 'CSO008003107', '2019-02-12', 188, 1910.4, 1910.4),
('GAM00295', 'ROYAL PHARMACY LANKA', 'Negombo', 'CSO008003116', '2019-02-28', 172, 84121.7, 20443),
('GAM00202', 'NEW ST. JOSHEP PHARMACY', 'SEEDUWA', 'CSO008003160', '2019-02-15', 185, 3821.2, 3821.2),
('PUTT005047', 'W.R.N.A.AMRASEKARA', 'KULIYAPITIYA', 'CSO008003259', '2019-02-22', 178, 12065, 12065),
('GAM00174', 'NILMINI PHARMACY', 'JA-ELA', 'CSO008003282', '2019-02-25', 175, 2570, 2570),
('GAM00295', 'ROYAL PHARMACY LANKA', 'Negombo', 'CSO008003353', '2019-02-28', 172, 107405, 74470.5),
('PUT00403', 'MADHARA PHARMACY', 'KULIYAPITIYA', 'CSO008003409', '2019-03-06', 166, 30410.3, 1330),
('GAMP005041', 'Rooth pharmacy', 'DIVULAPITIYA', 'CSO008003447', '2019-03-09', 163, 3915.05, 975),
('GAM00218', 'INDRA PHARMACY', 'MINUWANGODA', 'CSO008003463', '2019-03-12', 160, 28706.6, 28706.6),
('GAM00149', 'GOLDEN CREST', 'Kandana', 'CSO008003477', '2019-03-11', 161, 17023.8, 1503.2),
('GAM00206', 'ST. MARYS PHARMACY', 'SEEDUWA', 'CSO008003520', '2019-03-13', 159, 32423.6, 17990.6),
('PUT00338', 'HOME NEEDS PHARMACY', 'WENNAPPUWA', 'CSO008003542', '2019-03-14', 158, 1660.65, 1660.65),
('GAM00310', 'THE BRITISH PHARMACY', 'KOCHCHIKADE', 'CSO008003585', '2019-03-18', 154, 13037.2, 13037.2),
('PUT00367', 'JAYASIRI PHARMACY', 'MARAWILA', 'CSO008003625', '2019-03-21', 151, 3600.4, 1416),
('GAM00318', 'DR MAHENDRA DAVID', 'KOCHCHIKADE', 'CSO008003685', '2019-03-30', 142, 46293, 46293),
('GAM03276', 'New Medicare Pharmacy', 'JA-ELA', 'CSO008003726', '2019-03-28', 144, 6760, 6760),
('GAM00295', 'ROYAL PHARMACY LANKA', 'Negombo', 'CSO008003752', '2019-03-30', 142, 109450, 1167),
('GAM03243', 'Jeewanthi Pharmacy', 'DIVULAPITIYA', 'CSO008003772', '2019-03-30', 142, 18172, 7764),
('GAM00295', 'ROYAL PHARMACY LANKA', 'Negombo', 'CSO008003778', '2019-03-30', 142, 174675, 27862),
('GAM00318', 'DR MAHENDRA DAVID', 'KOCHCHIKADE', 'CSO008003780', '2019-03-30', 142, 14912, 14912),
('GAM00295', 'ROYAL PHARMACY LANKA', 'Negombo', 'CSO008003782', '2019-04-01', 140, 4439, 4439),
('GAM00272', 'THE LANKA PHARMACY', 'Negombo', 'CSO008003826', '2019-04-05', 136, 3000, 3000),
('GAM00206', 'ST. MARYS PHARMACY', 'SEEDUWA', 'CSO008003829', '2019-04-06', 135, 3000, 3000),
('GAM00262', 'NEW CENTRAL PHARMACY', 'Negombo', 'CSO008003830', '2019-04-05', 136, 1500, 1500),
('GAM00277', 'JAYAKODY PHARMACY', 'Negombo', 'CSO008003835', '2019-04-06', 135, 1500, 1500),
('PUT00388', 'SUHADA PHARMACY', 'CHILAW', 'CSO008003877', '2019-04-05', 136, 3000, 3000),
('GAM00307', 'AJANTHA OSUSALA', 'KOCHCHIKADE', 'CSO008003885', '2019-04-05', 136, 3000, 3000),
('GAM00306', 'CHAMPIKA MEDICAL', 'KOCHCHIKADE', 'CSO008003886', '2019-04-06', 135, 1500, 1500),
('GAM00316', 'ROYAL PHARMACY', 'KOCHCHIKADE', 'CSO008003889', '2019-04-06', 135, 3000, 2840),
('GAM00239', 'THE NEW PHARMACY', 'DIVULAPITIYA', 'CSO008003894', '2019-04-06', 135, 1500, 1500),
('GAM00199', 'THE RADDOLUGAMA PHARMACY', 'SEEDUWA', 'CSO008003909', '2019-04-06', 135, 1500, 1500),
('GAM00193', 'ST. JUDE PHARMACY', 'SEEDUWA', 'CSO008003912', '2019-04-06', 135, 1500, 1500),
('PUT03367', 'Dr. Lal Perera', 'WENNAPPUWA', 'CSO008003917', '2019-05-02', 109, 8114, 8114),
('PUT00435', 'BIO PLUS PHARMACY', 'Puttalam', 'CSO008003944', '2019-04-08', 133, 1500, 1500),
('GAM00142', 'KANDANA FOOD AND DRUGS', 'Kandana', 'CSO008003972', '2019-04-11', 130, 1500, 1500),
('PUT03304', 'Life care hospital', 'WENNAPPUWA', 'CSO008003975', '2019-04-12', 129, 8930, 8930),
('GAM00174', 'NILMINI PHARMACY', 'JA-ELA', 'CSO008003982', '2019-04-10', 131, 3000, 3000),
('GAM00255', 'J  J PHARMACY', 'Negombo', 'CSO008004003', '2019-04-11', 130, 3539.7, 3539.7),
('GAM00240', 'WIJAYAMINI PHARMACY', 'DIVULAPITIYA', 'CSO008004014', '2019-04-12', 129, 6685.8, 4119.9),
('GAM00139', 'RILLAULLA PHARMACY', 'Kandana', 'CSO008004024', '2019-04-12', 129, 12171, 12171),
('GAM00308', 'ANRITA PHARMACY', 'KOCHCHIKADE', 'CSO008004062', '2019-04-23', 118, 2171.1, 2171.1),
('PUT00322', 'DARANI PHARMACY', 'WENNAPPUWA', 'CSO008004147', '2019-05-02', 109, 2865.9, 2865.9),
('GAM03354', 'Suwasaviya Hospital', 'DIVULAPITIYA', 'CSO008004156', '2019-04-27', 114, 11664, 6690),
('GAMP005250', 'Ravi Medical Center', 'KOCHCHIKADE', 'CSO008004157', '2019-05-02', 109, 12850, 12850),
('GAM00192', 'N S MEIDCAL', 'SEEDUWA', 'CSO008004186', '2019-05-02', 109, 1552.8, 1552.8),
('PUT00418', 'DR ROHAN KERAGALA', 'KULIYAPITIYA', 'CSO008004187', '2019-05-02', 109, 12171, 12171),
('GAM00185', 'DR LAKSIRI LOKULIYANAGE', 'JA-ELA', 'CSO008004209', '2019-05-07', 104, 41080, 41080),
('GAM03604', 'Dr Ruwinda Abeyrathne', 'DIVULAPITIYA', 'CSO008004237', '2019-05-06', 105, 12171, 12171),
('GAM03302', 'New Lanka Pharmacy', 'Negombo', 'CSO008004257', '2019-05-14', 97, 547695, 304275),
('GAM00235', 'DR K R G UPASHANTHA', 'MINUWANGODA', 'CSO008004259', '2019-05-13', 98, 12772, 12772),
('PUT03254', 'Wijaya Lanka Pharmacy', 'CHILAW', 'CSO008004271', '2019-05-20', 91, 18483.9, 18483.9),
('PUT00329', 'CICILIYA PHARMACY', 'WENNAPPUWA', 'CSO008004280', '2019-05-08', 103, 12171, 12171),
('GAM00270', 'THE PHARMACY', 'Negombo', 'CSO008004319', '2019-05-10', 101, 14160.6, 3178),
('GAM00218', 'INDRA PHARMACY', 'MINUWANGODA', 'CSO008004331', '2019-05-13', 98, 2237, 2237),
('GAM00280', 'ASIRI PHARMACY', 'Negombo', 'CSO008004340', '2019-05-13', 98, 9498.65, 2042),
('GAM00236', 'RAZUL PHARMACY', 'DIVULAPITIYA', 'CSO008004345', '2019-05-13', 98, 1542, 1542),
('GAM00245', 'DUNAGAHA OSUSALA', 'DIVULAPITIYA', 'CSO008004354', '2019-05-13', 98, 4507, 4507),
('GAM00218', 'INDRA PHARMACY', 'MINUWANGODA', 'CSO008004362', '2019-05-15', 96, 29385.2, 29385.2),
('GAM03302', 'New Lanka Pharmacy', 'Negombo', 'CSO008004380', '2019-05-21', 90, 427212, 4255.6),
('PUT00372', 'HEALTHY CARE PHARMACY', 'CHILAW', 'CSO008004398', '2019-05-17', 94, 1897.4, 1897.4),
('GAM00318', 'DR MAHENDRA DAVID', 'KOCHCHIKADE', 'CSO008004399', '2019-05-17', 94, 24035, 24035),
('GAM03302', 'New Lanka Pharmacy', 'Negombo', 'CSO008004414', '2019-05-20', 91, 48038, 12394),
('GAM00183', 'DR NIRANKA ILLUKPITIYA', 'JA-ELA', 'CSO008004415', '2019-05-20', 91, 24130, 24130),
('GAM00222', 'CENTRAL DIVINE', 'MINUWANGODA', 'CSO008004429', '2019-05-20', 91, 19298, 19298),
('PUT03304', 'Life care hospital', 'WENNAPPUWA', 'CSO008004434', '2019-05-21', 90, 13160, 13160),
('PUT00375', 'SUVINI PHARMACY', 'CHILAW', 'CSO008004445', '2019-05-21', 90, 5647.4, 5647.4),
('PUT00379', 'THINUSHI PHARMACY', 'CHILAW', 'CSO008004448', '2019-05-21', 90, 4396.6, 4396.6),
('GAM03243', 'Jeewanthi Pharmacy', 'DIVULAPITIYA', 'CSO008004462', '2019-05-23', 88, 79605, 79605),
('GAMP005318', 'Dr Niroshan prasanga', 'Negombo', 'CSO008004467', '2019-05-24', 87, 16325, 16325),
('PUTT003255', 'Dr Namal Priyankara', 'KULIYAPITIYA', 'CSO008004472', '2019-05-25', 86, 21840, 21840),
('GAM00296', 'S  S MEDICAL', 'Negombo', 'CSO008004487', '2019-05-31', 80, 23160, 23160),
('GAM03302', 'New Lanka Pharmacy', 'Negombo', 'CSO008004492', '2019-05-27', 84, 243420, 243420),
('PUT00346', 'DR I P SISIRA KUMARA', 'WENNAPPUWA', 'CSO008004495', '2019-05-30', 81, 21840, 21840),
('GAM00278', 'THENUKA PHARMACY', 'Negombo', 'CSO008004542', '2019-05-29', 82, 35705.6, 35705.6),
('GAM00278', 'THENUKA PHARMACY', 'Negombo', 'CSO008004543', '2019-05-29', 82, 12171, 12171),
('GAM00200', 'PAMUNUGAMA OSUSALA', 'SEEDUWA', 'CSO008004564', '2019-05-30', 81, 33148.5, 33148.5),
('GAM00193', 'ST. JUDE PHARMACY', 'SEEDUWA', 'CSO008004575', '2019-05-30', 81, 30104, 30104),
('PUT00433', 'J  C MEDICAL', 'Puttalam', 'CSO008004577', '2019-05-31', 80, 22370, 22370),
('GAMP005250', 'Ravi Medical Center', 'KOCHCHIKADE', 'CSO008004605', '2019-06-06', 74, 25700, 25700),
('GAM00153', 'ST ANNES PHARMACY', 'Kandana', 'CSO008004614', '2019-06-04', 76, 4640, 4640),
('PUT00375', 'SUVINI PHARMACY', 'CHILAW', 'CSO008004622', '2019-06-04', 76, 27842.2, 27842.2),
('PUT00416', 'DR PALITHA GUNARATHNE', 'KULIYAPITIYA', 'CSO008004640', '2019-06-15', 65, 20700, 20700),
('PUT00409', 'SUWANI PHARMACY', 'KULIYAPITIYA', 'CSO008004647', '2019-06-05', 75, 21785.8, 21785.8),
('PUT00375', 'SUVINI PHARMACY', 'CHILAW', 'CSO008004653', '2019-06-06', 74, 3765.2, 3765.2),
('GAM00317', 'SUWANA PHARMACY', 'KOCHCHIKADE', 'CSO008004676', '2019-06-10', 70, 771, 771),
('PUT00329', 'CICILIYA PHARMACY', 'WENNAPPUWA', 'CSO008004682', '2019-06-10', 70, 6564, 999),
('PUT00331', 'RANMINA PHARMACY', 'WENNAPPUWA', 'CSO008004684', '2019-06-10', 70, 8169.8, 2663),
('PUT00321', 'GAYASHA PHARMACY', 'WENNAPPUWA', 'CSO008004687', '2019-06-10', 70, 10265.1, 10265.1),
('PUT00397', 'DR UPALI AMARASINGHE', 'CHILAW', 'CSO008004707', '2019-06-14', 66, 14940.5, 14940.5),
('GAM00245', 'DUNAGAHA OSUSALA', 'DIVULAPITIYA', 'CSO008004713', '2019-06-11', 69, 3691.3, 3691.3),
('GAM03243', 'Jeewanthi Pharmacy', 'DIVULAPITIYA', 'CSO008004721', '2019-06-12', 68, 59144.5, 59144.5),
('PUT00321', 'GAYASHA PHARMACY', 'WENNAPPUWA', 'CSO008004724', '2019-06-12', 68, 2237, 2237),
('GAM00218', 'INDRA PHARMACY', 'MINUWANGODA', 'CSO008004730', '2019-06-12', 68, 39441.9, 39441.9),
('GAMP004337', 'Dr Sajee  Jayalingam', 'Negombo', 'CSO008004735', '2019-06-17', 63, 5140, 5140),
('GAM00219', 'CHALANI PHARMACY', 'MINUWANGODA', 'CSO008004736', '2019-07-01', 49, 20767.5, 20767.5),
('GAM00254', 'NEW CRYSTAL PHARMACY', 'Negombo', 'CSO008004754', '2019-06-13', 67, 8337.5, 8337.5),
('GAM00263', 'CITY MEDICALS', 'Negombo', 'CSO008004757', '2019-07-01', 49, 8313.6, 8313.6),
('GAM00263', 'CITY MEDICALS', 'Negombo', 'CSO008004758', '2019-07-01', 49, 12171, 12171),
('PUT00408', 'K.M.G HOSPITAL', 'KULIYAPITIYA', 'CSO008004765', '2019-06-14', 66, 14571.1, 14571.1),
('GAM00281', 'KALIDSON PHARMACY', 'Negombo', 'CSO008004775', '2019-07-01', 49, 4122.8, 4122.8),
('PUT00397', 'DR UPALI AMARASINGHE', 'CHILAW', 'CSO008004788', '2019-06-15', 65, 12850, 12850),
('GAM00200', 'PAMUNUGAMA OSUSALA', 'SEEDUWA', 'CSO008004792', '2019-06-17', 63, 19896, 19896),
('PUT00340', 'NEW WESTRAN PHARMACY', 'WENNAPPUWA', 'CSO008004808', '2019-06-20', 60, 41691.1, 22587.1),
('GAM00154', 'SETHSIRI PHARMACY', 'Kandana', 'CSO008004809', '2019-06-18', 62, 6079.1, 6079.1),
('GAM00147', 'CITY PHARMACY', 'Kandana', 'CSO008004812', '2019-06-18', 62, 28209.1, 28209.1),
('GAM00153', 'ST ANNES PHARMACY', 'Kandana', 'CSO008004814', '2019-06-18', 62, 1000, 1000),
('PUT00348', 'JAYASOORIYA PHARMACY', 'MARAWILA', 'CSO008004820', '2019-06-20', 60, 5926.3, 1135.4),
('GAM00232', 'DR CHAMINDA SOORIYARACHCHI', 'MINUWANGODA', 'CSO008004827', '2019-06-19', 61, 68250, 5750),
('PUT00408', 'K.M.G HOSPITAL', 'KULIYAPITIYA', 'CSO008004837', '2019-06-20', 60, 17317, 17317),
('PUT03251', 'New Seth Pharmacy', 'CHILAW', 'CSO008004838', '2019-06-20', 60, 12561.3, 8087.3),
('GAM00255', 'J  J PHARMACY', 'Negombo', 'CSO008004848', '2019-06-27', 53, 1552.8, 1552.8),
('PUT00382', 'CITY PHARMACY', 'CHILAW', 'CSO008004850', '2019-06-20', 60, 8904.7, 8904.7),
('PUT00349', 'SITHUMINA PHARMACY', 'MARAWILA', 'CSO008004858', '2019-06-21', 59, 26886.9, 26886.9),
('PUT00358', 'SISILA MULTY SHOP', 'MARAWILA', 'CSO008004861', '2019-06-21', 59, 50220.8, 49784),
('PUT00362', 'NALAKA PHARMACY', 'MARAWILA', 'CSO008004864', '2019-06-22', 58, 22814.8, 22814.8),
('PUT00364', 'SANTHANA PHARMACY', 'MARAWILA', 'CSO008004866', '2019-06-22', 58, 24993.7, 24993.7),
('PUTT005198', 'Ranmina Pharmacy2', 'MARAWILA', 'CSO008004868', '2019-06-22', 58, 8789.4, 8789.4),
('GAM00262', 'NEW CENTRAL PHARMACY', 'Negombo', 'CSO008004869', '2019-06-22', 58, 5647.8, 5647.8),
('GAM00239', 'THE NEW PHARMACY', 'DIVULAPITIYA', 'CSO008004871', '2019-06-22', 58, 18040.4, 18040.4),
('PUT00364', 'SANTHANA PHARMACY', 'MARAWILA', 'CSO008004872', '2019-06-22', 58, 13160, 13160),
('PUT00325', 'SUASI PHARMACY', 'WENNAPPUWA', 'CSO008004873', '2019-06-24', 56, 3446.5, 3446.5),
('PUT03241', 'Chandrika Medical', 'WENNAPPUWA', 'CSO008004875', '2019-06-24', 56, 18787.7, 18787.7),
('PUT00434', 'NEW J  C PHARMACY', 'Puttalam', 'CSO008004886', '2019-06-24', 56, 9025.5, 4025.5),
('GAM00277', 'JAYAKODY PHARMACY', 'Negombo', 'CSO008004892', '2019-06-24', 56, 2570, 2570),
('PUT00433', 'J  C MEDICAL', 'Puttalam', 'CSO008004896', '2019-06-25', 55, 25700, 25700),
('GAM00312', 'DANKOTUWA MEDICAL', 'KOCHCHIKADE', 'CSO008004905', '2019-06-25', 55, 2472.2, 2472.2),
('PUT00324', 'ROYAL PHARMACY', 'WENNAPPUWA', 'CSO008004906', '2019-06-25', 55, 14818.1, 14818.1),
('PUT00349', 'SITHUMINA PHARMACY', 'MARAWILA', 'CSO008004911', '2019-06-26', 54, 3117.8, 3117.8),
('GAM00254', 'NEW CRYSTAL PHARMACY', 'Negombo', 'CSO008004913', '2019-07-01', 49, 9323.9, 9323.9),
('GAM00263', 'CITY MEDICALS', 'Negombo', 'CSO008004918', '2019-07-01', 49, 12171, 12171),
('GAM00262', 'NEW CENTRAL PHARMACY', 'Negombo', 'CSO008004919', '2019-06-27', 53, 16669.2, 16669.2),
('PUT00400', 'OSETH PHARMACY', 'KULIYAPITIYA', 'CSO008004928', '2019-06-27', 53, 5447.6, 5447.6),
('GAM00259', 'UNIQUE PHARMACY', 'Negombo', 'CSO008004929', '2019-06-28', 52, 61960.5, 61960.5),
('GAM00285', 'SHANTHI PHARMACY', 'Negombo', 'CSO008004932', '2019-06-28', 52, 15516.3, 15516.3),
('PUT00373', 'SUWANA HOSPITAL', 'CHILAW', 'CSO008004938', '2019-06-28', 52, 25181, 25181),
('GAM00200', 'PAMUNUGAMA OSUSALA', 'SEEDUWA', 'CSO008004947', '2019-06-28', 52, 29307.6, 29307.6),
('GAMP005187', 'Dr Aloka Jayamanna', 'SEEDUWA', 'CSO008004952', '2019-06-29', 51, 21840, 21840),
('GAM00279', 'MAHAJANA OSUSALA', 'Negombo', 'CSO008004956', '2019-06-29', 51, 18826, 18826),
('GAM00210', 'DR RASANTHI', 'SEEDUWA', 'CSO008004960', '2019-06-29', 51, 5316, 5316),
('PUT00393', 'DR ERANGA INDRAJITH', 'CHILAW', 'CSO008004962', '2019-06-29', 51, 18826, 18826),
('GAM00315', 'NIMESHA PHARMACY', 'KOCHCHIKADE', 'CSO008004963', '2019-06-29', 51, 2447, 2447),
('GAMP003612', 'Dr Chamimda Salgadu', 'SEEDUWA', 'CSO008004964', '2019-06-29', 51, 14912, 14912),
('GAM03302', 'New Lanka Pharmacy', 'Negombo', 'CSO008004966', '2019-06-29', 51, 386787, 386787),
('GAM03302', 'New Lanka Pharmacy', 'Negombo', 'CSO008004967', '2019-06-29', 51, 83025, 35584),
('GAM03302', 'New Lanka Pharmacy', 'Negombo', 'CSO008004968', '2019-06-29', 51, 225282, 158238),
('GAM00259', 'UNIQUE PHARMACY', 'Negombo', 'CSO008004969', '2019-06-29', 51, 40731, 40731),
('GAM00259', 'UNIQUE PHARMACY', 'Negombo', 'CSO008004970', '2019-06-29', 51, 10387.5, 10387.5),
('PUT00418', 'DR ROHAN KERAGALA', 'KULIYAPITIYA', 'CSO008004975', '2019-06-29', 51, 2237, 2237),
('GAM03238', 'Asiri Pharmaceuticals', 'Kandana', 'CSO008004981', '2019-07-02', 48, 4157.95, 4157.95),
('GAM00153', 'ST ANNES PHARMACY', 'Kandana', 'CSO008004987', '2019-07-02', 48, 7881.1, 7881.1),
('GAM00182', 'ST JOSHEPS PHARMACY', 'JA-ELA', 'CSO008004993', '2019-07-02', 48, 12557.5, 9330.4),
('GAM00163', 'THE PHARMACY A P Y', 'JA-ELA', 'CSO008004995', '2019-07-02', 48, 436.8, 436.8),
('GAM00173', 'ST. JOSHEP PHARMACY', 'JA-ELA', 'CSO008004998', '2019-07-02', 48, 22706.1, 17327.6),
('GAM03240', 'Nawaloka Hospital', 'Negombo', 'CSO008005001', '2019-07-03', 47, 32568.6, 30599.9),
('GAM03302', 'New Lanka Pharmacy', 'Negombo', 'CSO008005003', '2019-07-03', 47, 48285, 48285),
('PUT00400', 'OSETH PHARMACY', 'KULIYAPITIYA', 'CSO008005004', '2019-07-03', 47, 2596.7, 2256.3),
('PUT00403', 'MADHARA PHARMACY', 'KULIYAPITIYA', 'CSO008005008', '2019-07-03', 47, 15264, 15264),
('PUT00404', 'SUWANETH PHARMACY', 'KULIYAPITIYA', 'CSO008005012', '2019-07-03', 47, 20437.4, 20437.4),
('PUT00409', 'SUWANI PHARMACY', 'KULIYAPITIYA', 'CSO008005015', '2019-07-03', 47, 4080.9, 4080.9),
('PUT03397', 'K.M.G Suwasewa Pharmacy 2', 'KULIYAPITIYA', 'CSO008005016', '2019-07-03', 47, 5485.1, 5485.1),
('GAM03302', 'New Lanka Pharmacy', 'Negombo', 'CSO008005018', '2019-07-03', 47, 67044, 67044),
('PUT00373', 'SUWANA HOSPITAL', 'CHILAW', 'CSO008005020', '2019-07-04', 46, 12421.2, 12421.2),
('PUT03254', 'Wijaya Lanka Pharmacy', 'CHILAW', 'CSO008005035', '2019-07-05', 45, 18085.7, 18085.7),
('PUT00366', 'THE BRITISH  STORES', 'MARAWILA', 'CSO008005041', '2019-07-05', 45, 776.4, 776.4),
('PUT00336', 'SARANI PHARMACY', 'WENNAPPUWA', 'CSO008005044', '2019-07-05', 45, 3184, 3184),
('PUT03290', 'Hiran Pharmacy', 'MARAWILA', 'CSO008005045', '2019-07-05', 45, 2721.1, 2721.1),
('PUT00362', 'NALAKA PHARMACY', 'MARAWILA', 'CSO008005046', '2019-07-05', 45, 10587, 10587),
('PUT00364', 'SANTHANA PHARMACY', 'MARAWILA', 'CSO008005047', '2019-07-05', 45, 21740.4, 17975.2),
('PUT00355', 'ST JUDE PHARMACY', 'MARAWILA', 'CSO008005052', '2019-07-06', 44, 1273.6, 1273.6),
('PUT00349', 'SITHUMINA PHARMACY', 'MARAWILA', 'CSO008005054', '2019-07-09', 41, 28881.8, 28881.8),
('PUT00433', 'J  C MEDICAL', 'Puttalam', 'CSO008005064', '2019-07-09', 41, 22370, 22370),
('GAM03240', 'Nawaloka Hospital', 'Negombo', 'CSO008005065', '2019-07-10', 40, 52211.3, 52211.3),
('GAM03238', 'Asiri Pharmaceuticals', 'Kandana', 'CSO008005066', '2019-07-10', 40, 723.7, 723.7),
('GAM00246', 'HIRU PHARMACY', 'DIVULAPITIYA', 'CSO008005068', '2019-07-10', 40, 19540.2, 18519),
('GAM00170', 'PJ ENTERPRISES', 'JA-ELA', 'CSO008005069', '2019-07-10', 40, 98295, 98295),
('GAM00279', 'MAHAJANA OSUSALA', 'Negombo', 'CSO008005070', '2019-07-10', 40, 16123.5, 16123.5),
('GAM00215', 'SUWASALA PHARMACY', 'MINUWANGODA', 'CSO008005074', '2019-07-10', 40, 1375.5, 1375.5),
('GAM00297', 'AVE MARIA PHARMACY', 'Negombo', 'CSO008005075', '2019-07-10', 40, 25700, 25700),
('GAM00216', 'LASITH PHARMACY', 'MINUWANGODA', 'CSO008005076', '2019-07-10', 40, 5445.6, 5445.6),
('GAM00218', 'INDRA PHARMACY', 'MINUWANGODA', 'CSO008005078', '2019-07-10', 40, 18900.6, 18900.6),
('GAM00245', 'DUNAGAHA OSUSALA', 'DIVULAPITIYA', 'CSO008005079', '2019-07-10', 40, 6079.15, 6079.15),
('GAM00244', 'SITHMINA PHARMACY', 'DIVULAPITIYA', 'CSO008005081', '2019-07-10', 40, 6742.6, 6742.6),
('GAM00227', 'ORIENT PHARMACY', 'MINUWANGODA', 'CSO008005082', '2019-07-10', 40, 10246.5, 10246.5),
('GAM00225', 'NEW CHALANI PHARMACY', 'MINUWANGODA', 'CSO008005084', '2019-07-10', 40, 22346.1, 22346.1),
('GAM00226', 'OSILKA PHARMACY', 'MINUWANGODA', 'CSO008005085', '2019-07-10', 40, 9643.8, 9643.8),
('GAM00247', 'NAWA OSUSALA', 'DIVULAPITIYA', 'CSO008005087', '2019-07-10', 40, 1778.05, 1778.05),
('GAM00229', 'KALASI PHARMACY', 'MINUWANGODA', 'CSO008005090', '2019-07-10', 40, 3801.8, 3801.8),
('GAM00228', 'PEOPLES PHARMACY', 'MINUWANGODA', 'CSO008005091', '2019-07-10', 40, 2760.9, 2760.9),
('GAM03391', 'Dr Isuru Wijerathna', 'DIVULAPITIYA', 'CSO008005093', '2019-07-11', 39, 72465, 72465),
('PUT00321', 'GAYASHA PHARMACY', 'WENNAPPUWA', 'CSO008005095', '2019-07-11', 39, 17206.5, 17206.5),
('PUT00335', 'APEKSHA PHARMACY', 'WENNAPPUWA', 'CSO008005096', '2019-07-11', 39, 12790.7, 12790.7),
('GAMP004219', 'Arogya pharmacy', 'JA-ELA', 'CSO008005100', '2019-07-11', 39, 13295.2, 13295.2),
('PUT00332', 'PRADEEP PHARMACY', 'WENNAPPUWA', 'CSO008005103', '2019-07-11', 39, 671.1, 671.1),
('PUT00333', 'NEW ST JOSHEP PHARMACY', 'WENNAPPUWA', 'CSO008005104', '2019-07-11', 39, 7753.2, 7753.2),
('PUT00336', 'SARANI PHARMACY', 'WENNAPPUWA', 'CSO008005105', '2019-07-11', 39, 4081.5, 4081.5),
('PUT00339', 'SITHARA PHARMACY', 'WENNAPPUWA', 'CSO008005107', '2019-07-11', 39, 18161.3, 18161.3),
('PUT00331', 'RANMINA PHARMACY', 'WENNAPPUWA', 'CSO008005109', '2019-07-11', 39, 11688.3, 9030.35),
('PUT00340', 'NEW WESTRAN PHARMACY', 'WENNAPPUWA', 'CSO008005112', '2019-07-17', 33, 41562, 41562),
('PUT00340', 'NEW WESTRAN PHARMACY', 'WENNAPPUWA', 'CSO008005113', '2019-07-17', 33, 3957.6, 3343.6),
('GAM00306', 'CHAMPIKA MEDICAL', 'KOCHCHIKADE', 'CSO008005115', '2019-07-12', 38, 9553, 9553),
('GAM00259', 'UNIQUE PHARMACY', 'Negombo', 'CSO008005118', '2019-07-12', 38, 22370, 22370),
('PUT03567', 'Dr S Thenuwara', 'CHILAW', 'CSO008005119', '2019-07-12', 38, 12850, 12850),
('GAM00170', 'PJ ENTERPRISES', 'JA-ELA', 'CSO008005121', '2019-07-12', 38, 8684.4, 8684.4),
('GAM00299', 'K S A MEDICAL', 'KOCHCHIKADE', 'CSO008005124', '2019-07-12', 38, 14139.5, 14139.5),
('GAM00306', 'CHAMPIKA MEDICAL', 'KOCHCHIKADE', 'CSO008005125', '2019-07-12', 38, 9574.6, 9208.85),
('GAM00304', 'TRUST CHEMIST', 'KOCHCHIKADE', 'CSO008005126', '2019-07-12', 38, 1992.1, 1992.1),
('GAM00301', 'BESTWAY PHARMACY', 'KOCHCHIKADE', 'CSO008005127', '2019-07-12', 38, 2782.4, 2782.4),
('GAM00308', 'ANRITA PHARMACY', 'KOCHCHIKADE', 'CSO008005129', '2019-07-12', 38, 1352, 1352),
('GAM00310', 'THE BRITISH PHARMACY', 'KOCHCHIKADE', 'CSO008005130', '2019-07-12', 38, 7619.6, 7619.6),
('GAM00313', 'OSHIDI MEDICALS', 'KOCHCHIKADE', 'CSO008005131', '2019-07-12', 38, 9349.9, 9349.9),
('GAM00314', 'NEEROGA PHARMACY', 'KOCHCHIKADE', 'CSO008005132', '2019-07-13', 37, 2443.9, 2443.9),
('GAM00312', 'DANKOTUWA MEDICAL', 'KOCHCHIKADE', 'CSO008005133', '2019-07-13', 37, 6478.15, 824),
('GAM03329', 'Lak osusala', 'SEEDUWA', 'CSO008005135', '2019-07-13', 37, 21967.4, 14853.4),
('PUT00361', 'ARALIYA PHARMACY', 'MARAWILA', 'CSO008005137', '2019-07-13', 37, 36148.2, 36148.2),
('PUT00331', 'RANMINA PHARMACY', 'WENNAPPUWA', 'CSO008005138', '2019-07-13', 37, 21711, 21711),
('GAM00279', 'MAHAJANA OSUSALA', 'Negombo', 'CSO008005140', '2019-07-15', 35, 11527, 11141),
('GAM00279', 'MAHAJANA OSUSALA', 'Negombo', 'CSO008005141', '2019-07-15', 35, 9736.8, 9736.8),
('PUTT005198', 'Ranmina Pharmacy2', 'MARAWILA', 'CSO008005143', '2019-07-15', 35, 4868.4, 4868.4),
('PUT00336', 'SARANI PHARMACY', 'WENNAPPUWA', 'CSO008005144', '2019-07-15', 35, 9736.8, 9736.8),
('GAM00170', 'PJ ENTERPRISES', 'JA-ELA', 'CSO008005148', '2019-07-15', 35, 16228, 16228),
('GAM00230', 'K  K PHARMACY', 'MINUWANGODA', 'CSO008005149', '2019-07-20', 30, 8114, 8114),
('GAM00228', 'PEOPLES PHARMACY', 'MINUWANGODA', 'CSO008005150', '2019-07-15', 35, 4868.4, 4868.4),
('GAM00218', 'INDRA PHARMACY', 'MINUWANGODA', 'CSO008005151', '2019-07-17', 33, 16228, 16228),
('GAM00227', 'ORIENT PHARMACY', 'MINUWANGODA', 'CSO008005152', '2019-07-15', 35, 3245.6, 3245.6),
('GAM00185', 'DR LAKSIRI LOKULIYANAGE', 'JA-ELA', 'CSO008005153', '2019-07-15', 35, 16228, 16228),
('GAM00180', 'PAMUNUGAMA PHARMACY', 'JA-ELA', 'CSO008005156', '2019-07-15', 35, 16228, 16228),
('GAM00151', 'HEALTH LINE PHARMACY', 'Kandana', 'CSO008005158', '2019-07-15', 35, 3245.6, 3245.6),
('GAMP004444', 'V. M pharmacy', 'DIVULAPITIYA', 'CSO008005160', '2019-07-15', 35, 4776.3, 1592.1),
('GAM03391', 'Dr Isuru Wijerathna', 'DIVULAPITIYA', 'CSO008005161', '2019-07-17', 33, 14345, 14345),
('GAM00259', 'UNIQUE PHARMACY', 'Negombo', 'CSO008005162', '2019-07-15', 35, 28019.8, 28019.8),
('GAM00261', 'X LAB PHARMACY', 'Negombo', 'CSO008005163', '2019-07-15', 35, 6522.6, 6522.6),
('GAM00254', 'NEW CRYSTAL PHARMACY', 'Negombo', 'CSO008005164', '2019-07-15', 35, 3029.8, 3029.8),
('GAM00259', 'UNIQUE PHARMACY', 'Negombo', 'CSO008005165', '2019-07-15', 35, 47765, 47765),
('GAM00256', 'ROBERT  MEDICALS', 'Negombo', 'CSO008005167', '2019-07-15', 35, 6721.2, 6721.2),
('GAM00268', 'S  G MEDICALS', 'Negombo', 'CSO008005168', '2019-07-15', 35, 21369.6, 18278.4),
('GAM00171', 'NAWA OSUSALA', 'JA-ELA', 'CSO008005170', '2019-07-17', 33, 5702, 5702),
('GAM03240', 'Nawaloka Hospital', 'Negombo', 'CSO008005171', '2019-07-17', 33, 31979.2, 31979.2),
('GAM00263', 'CITY MEDICALS', 'Negombo', 'CSO008005172', '2019-07-17', 33, 13580.6, 12080.6),
('PUT00340', 'NEW WESTRAN PHARMACY', 'WENNAPPUWA', 'CSO008005175', '2019-07-17', 33, 5702, 5702),
('PUT00349', 'SITHUMINA PHARMACY', 'MARAWILA', 'CSO008005176', '2019-07-17', 33, 12850, 12850),
('GAM03264', 'Niroga Pharmacy', 'Negombo', 'CSO008005177', '2019-07-17', 33, 7898.1, 7898.1),
('GAM03264', 'Niroga Pharmacy', 'Negombo', 'CSO008005178', '2019-07-17', 33, 18400, 18400),
('GAM00285', 'SHANTHI PHARMACY', 'Negombo', 'CSO008005182', '2019-07-17', 33, 13388.8, 11237.4),
('GAM03333', 'Isuru Pharmacy', 'Negombo', 'CSO008005183', '2019-07-19', 31, 9642.6, 9642.6),
('GAM00281', 'KALIDSON PHARMACY', 'Negombo', 'CSO008005184', '2019-07-17', 33, 18259.5, 18259.5),
('GAMP004451', 'Nawa Lanka pharmacy', 'Negombo', 'CSO008005187', '2019-07-17', 33, 23180.8, 20915.8),
('GAM00185', 'DR LAKSIRI LOKULIYANAGE', 'JA-ELA', 'CSO008005188', '2019-07-18', 32, 46572, 46572),
('GAM00287', 'UNION PHARMACY', 'Negombo', 'CSO008005191', '2019-07-18', 32, 8565, 8380.8),
('GAM00287', 'UNION PHARMACY', 'Negombo', 'CSO008005192', '2019-07-18', 32, 5520, 5520),
('GAM00292', 'SUPER MEDICALS', 'Negombo', 'CSO008005193', '2019-07-18', 32, 33865, 31584.2),
('GAM00288', 'SHANTHI PHARMACY', 'Negombo', 'CSO008005194', '2019-07-18', 32, 6786.7, 5532.2),
('GAM00140', 'SETHMA PHARMACY', 'Kandana', 'CSO008005198', '2019-07-18', 32, 65016.3, 59637.8),
('PUT00358', 'SISILA MULTY SHOP', 'MARAWILA', 'CSO008005199', '2019-07-18', 32, 2435, 2435),
('GAM00140', 'SETHMA PHARMACY', 'Kandana', 'CSO008005200', '2019-07-18', 32, 18816, 18816),
('PUT00386', 'ROYAL PHARMACY 2', 'CHILAW', 'CSO008005202', '2019-07-18', 32, 28659, 28659),
('GAM00193', 'ST. JUDE PHARMACY', 'SEEDUWA', 'CSO008005204', '2019-07-18', 32, 29814.8, 29814.8),
('GAM00194', 'SEEDUWA OSUSALA', 'SEEDUWA', 'CSO008005205', '2019-07-18', 32, 21610.8, 21610.8),
('GAM00201', 'SRILAK PHARMACY', 'SEEDUWA', 'CSO008005206', '2019-07-18', 32, 11273.2, 10197.5),
('GAM00202', 'NEW ST. JOSHEP PHARMACY', 'SEEDUWA', 'CSO008005207', '2019-07-18', 32, 11186.6, 11186.6),
('GAM00196', 'ASIRI PHARMACY', 'SEEDUWA', 'CSO008005208', '2019-07-18', 32, 5312.6, 5312.6),
('GAM00199', 'THE RADDOLUGAMA PHARMACY', 'SEEDUWA', 'CSO008005209', '2019-07-18', 32, 15485.3, 15485.3),
('GAM00200', 'PAMUNUGAMA OSUSALA', 'SEEDUWA', 'CSO008005210', '2019-07-18', 32, 42862.8, 42862.8),
('GAM00200', 'PAMUNUGAMA OSUSALA', 'SEEDUWA', 'CSO008005212', '2019-07-18', 32, 18400, 18400),
('GAM00192', 'N S MEIDCAL', 'SEEDUWA', 'CSO008005214', '2019-07-19', 31, 2570, 2570),
('GAM00160', 'ROSHINI PHARMACY', 'JA-ELA', 'CSO008005216', '2019-07-19', 31, 978.8, 978.8),
('GAM00171', 'NAWA OSUSALA', 'JA-ELA', 'CSO008005217', '2019-07-19', 31, 30138, 25835.2),
('GAMP005375', 'Thudella Pharmacy', 'JA-ELA', 'CSO008005218', '2019-07-19', 31, 6368.4, 2547.2),
('GAM00165', 'CITY PHARMACY', 'JA-ELA', 'CSO008005221', '2019-07-19', 31, 8121, 8121),
('GAM00180', 'PAMUNUGAMA PHARMACY', 'JA-ELA', 'CSO008005224', '2019-07-19', 31, 18696.2, 18696.2),
('GAM00173', 'ST. JOSHEP PHARMACY', 'JA-ELA', 'CSO008005227', '2019-07-20', 30, 7515.4, 7515.4),
('GAM00178', 'NEW EKALA PHARMACY', 'JA-ELA', 'CSO008005229', '2019-07-20', 30, 994.7, 994.7),
('GAM00175', 'THILINA PHARMACY', 'JA-ELA', 'CSO008005230', '2019-07-20', 30, 5460.6, 5460.6),
('GAM00170', 'PJ ENTERPRISES', 'JA-ELA', 'CSO008005233', '2019-07-20', 30, 153787, 153787),
('PUT00328', 'WIJAYA PHARMACY', 'WENNAPPUWA', 'CSO008005234', '2019-07-20', 30, 4776.3, 4776.3),
('GAM00145', 'HANSI PHARMACY', 'Kandana', 'CSO008005236', '2019-07-22', 28, 6155.9, 6155.9),
('GAM00144', 'KAPUWATTE PHARMACY', 'Kandana', 'CSO008005239', '2019-07-22', 28, 3622.9, 3622.9),
('GAM00151', 'HEALTH LINE PHARMACY', 'Kandana', 'CSO008005242', '2019-07-22', 28, 9508.8, 9508.8),
('GAM00155', 'JASMINE PHARMACY', 'Kandana', 'CSO008005245', '2019-07-22', 28, 4127.2, 4127.2),
('GAM00141', 'ORIENT PHARMACY', 'Kandana', 'CSO008005246', '2019-07-22', 28, 3971.3, 3971.3),
('GAM00143', 'KANDANA OSUSALA', 'Kandana', 'CSO008005248', '2019-07-22', 28, 2895.2, 2895.2),
('GAM00168', 'C  D PHARMACY', 'JA-ELA', 'CSO008005249', '2019-07-22', 28, 12818.9, 9953),
('GAM00222', 'CENTRAL DIVINE', 'MINUWANGODA', 'CSO008005250', '2019-07-22', 28, 19564, 19564),
('PUT00361', 'ARALIYA PHARMACY', 'MARAWILA', 'CSO008005252', '2019-07-23', 27, 11040, 3680),
('PUT00355', 'ST JUDE PHARMACY', 'MARAWILA', 'CSO008005253', '2019-07-23', 27, 11040, 11040),
('GAM00218', 'INDRA PHARMACY', 'MINUWANGODA', 'CSO008005254', '2019-07-22', 28, 6991.3, 6991.3),
('GAM00240', 'WIJAYAMINI PHARMACY', 'DIVULAPITIYA', 'CSO008005256', '2019-07-22', 28, 3680, 3680),
('GAM00220', 'DAGONNA PHARMACY', 'MINUWANGODA', 'CSO008005257', '2019-07-22', 28, 10526, 10526),
('GAM00297', 'AVE MARIA PHARMACY', 'Negombo', 'CSO008005258', '2019-07-22', 28, 1098.4, 1098.4),
('GAM00262', 'NEW CENTRAL PHARMACY', 'Negombo', 'CSO008005259', '2019-07-22', 28, 6990, 6990),
('PUT00400', 'OSETH PHARMACY', 'KULIYAPITIYA', 'CSO008005260', '2019-07-22', 28, 9772.6, 9772.6),
('PUT00410', 'ASHEN PHARMACY', 'KULIYAPITIYA', 'CSO008005261', '2019-07-22', 28, 17357.7, 17357.7),
('PUT00401', 'DEEGAYU PHARMACY', 'KULIYAPITIYA', 'CSO008005262', '2019-07-22', 28, 4187.3, 3216.8),
('PUT00403', 'MADHARA PHARMACY', 'KULIYAPITIYA', 'CSO008005263', '2019-07-22', 28, 11378, 8198.1),
('PUT00403', 'MADHARA PHARMACY', 'KULIYAPITIYA', 'CSO008005264', '2019-07-22', 28, 9200, 9200),
('PUT00403', 'MADHARA PHARMACY', 'KULIYAPITIYA', 'CSO008005265', '2019-07-22', 28, 2237, 2237),
('PUT00406', 'ISURU PHARMACY', 'KULIYAPITIYA', 'CSO008005267', '2019-07-22', 28, 23157, 23157),
('PUT00406', 'ISURU PHARMACY', 'KULIYAPITIYA', 'CSO008005268', '2019-07-22', 28, 9200, 9200),
('PUT00404', 'SUWANETH PHARMACY', 'KULIYAPITIYA', 'CSO008005270', '2019-07-22', 28, 12665.3, 6297.3),
('PUT00412', 'SETHSUWA PHARMACY', 'KULIYAPITIYA', 'CSO008005272', '2019-07-23', 27, 5192.2, 5192.2),
('PUT00412', 'SETHSUWA PHARMACY', 'KULIYAPITIYA', 'CSO008005273', '2019-07-23', 27, 3000, 3000),
('GAM00237', 'OSADA PHARMACY', 'DIVULAPITIYA', 'CSO008005277', '2019-07-23', 27, 27865.2, 27865.2),
('PUT00373', 'SUWANA HOSPITAL', 'CHILAW', 'CSO008005279', '2019-07-23', 27, 23971.8, 23971.8),
('PUT00382', 'CITY PHARMACY', 'CHILAW', 'CSO008005280', '2019-07-23', 27, 11365.3, 11365.3),
('GAM00260', 'NEW LEO PHARMACY', 'Negombo', 'CSO008005282', '2019-07-24', 26, 18964, 18964),
('PUT00372', 'HEALTHY CARE PHARMACY', 'CHILAW', 'CSO008005283', '2019-07-23', 27, 84256.5, 84256.5),
('PUT00386', 'ROYAL PHARMACY 2', 'CHILAW', 'CSO008005284', '2019-07-23', 27, 31811.2, 31811.2),
('GAM03240', 'Nawaloka Hospital', 'Negombo', 'CSO008005285', '2019-07-23', 27, 23693.6, 23693.6),
('PUT00388', 'SUHADA PHARMACY', 'CHILAW', 'CSO008005287', '2019-07-23', 27, 54159.2, 54159.2),
('PUT00346', 'DR I P SISIRA KUMARA', 'WENNAPPUWA', 'CSO008005288', '2019-07-24', 26, 10920, 10920),
('PUT00388', 'SUHADA PHARMACY', 'CHILAW', 'CSO008005289', '2019-07-23', 27, 3184, 3184),
('PUT00372', 'HEALTHY CARE PHARMACY', 'CHILAW', 'CSO008005291', '2019-07-23', 27, 9200, 9200),
('PUT00380', 'NEW PHARMACY', 'CHILAW', 'CSO008005296', '2019-07-23', 27, 18400, 18400),
('PUT00377', 'SETHSIRI PHARMACY', 'CHILAW', 'CSO008005297', '2019-07-24', 26, 14376.3, 14376.3),
('PUT00393', 'DR ERANGA INDRAJITH', 'CHILAW', 'CSO008005298', '2019-07-24', 26, 8930, 8930),
('PUT03251', 'New Seth Pharmacy', 'CHILAW', 'CSO008005299', '2019-07-24', 26, 9345, 9345),
('PUT03251', 'New Seth Pharmacy', 'CHILAW', 'CSO008005300', '2019-07-24', 26, 3245.6, 3245.6),
('PUT00354', 'PAVITHRA PHARMACY', 'MARAWILA', 'CSO008005301', '2019-07-24', 26, 6042.4, 6042.4),
('PUT00349', 'SITHUMINA PHARMACY', 'MARAWILA', 'CSO008005302', '2019-07-24', 26, 33392.5, 33392.5),
('PUT00350', 'SELANI MEDIKAL', 'MARAWILA', 'CSO008005303', '2019-07-24', 26, 9067.9, 9067.9),
('PUT00357', 'CURE PHARMACY', 'MARAWILA', 'CSO008005306', '2019-07-24', 26, 4868.4, 4868.4),
('PUT00366', 'THE BRITISH  STORES', 'MARAWILA', 'CSO008005308', '2019-07-24', 26, 42409.2, 42409.2),
('PUT00364', 'SANTHANA PHARMACY', 'MARAWILA', 'CSO008005309', '2019-07-24', 26, 19953.9, 19182.9),
('PUT00361', 'ARALIYA PHARMACY', 'MARAWILA', 'CSO008005310', '2019-07-25', 25, 1447.5, 1447.5),
('PUT00362', 'NALAKA PHARMACY', 'MARAWILA', 'CSO008005312', '2019-07-25', 25, 3875.6, 3875.6),
('PUT00364', 'SANTHANA PHARMACY', 'MARAWILA', 'CSO008005315', '2019-07-25', 25, 7896, 7896),
('PUT00366', 'THE BRITISH  STORES', 'MARAWILA', 'CSO008005316', '2019-07-25', 25, 500, 500),
('PUT00362', 'NALAKA PHARMACY', 'MARAWILA', 'CSO008005317', '2019-07-25', 25, 18400, 18400),
('PUT00333', 'NEW ST JOSHEP PHARMACY', 'WENNAPPUWA', 'CSO008005319', '2019-07-25', 25, 3183.4, 3183.4),
('PUT00336', 'SARANI PHARMACY', 'WENNAPPUWA', 'CSO008005320', '2019-07-25', 25, 3184.2, 3184.2),
('PUT00334', 'SADUNI PHARMACY', 'WENNAPPUWA', 'CSO008005321', '2019-07-25', 25, 1180, 1180),
('PUT00334', 'SADUNI PHARMACY', 'WENNAPPUWA', 'CSO008005322', '2019-07-25', 25, 1180, 1180),
('PUT00323', 'ISIRA PHARMACY', 'WENNAPPUWA', 'CSO008005324', '2019-07-25', 25, 3508.5, 3508.5),
('PUT00325', 'SUASI PHARMACY', 'WENNAPPUWA', 'CSO008005325', '2019-07-25', 25, 3896.1, 3896.1),
('PUT00326', 'W.MENDIS CHEMIST', 'WENNAPPUWA', 'CSO008005326', '2019-07-25', 25, 11875.5, 9175.5),
('PUT00328', 'WIJAYA PHARMACY', 'WENNAPPUWA', 'CSO008005331', '2019-07-25', 25, 9200, 9200),
('PUT00339', 'SITHARA PHARMACY', 'WENNAPPUWA', 'CSO008005334', '2019-07-25', 25, 1552.8, 1552.8),
('PUT00331', 'RANMINA PHARMACY', 'WENNAPPUWA', 'CSO008005335', '2019-07-25', 25, 6698.8, 5078.8),
('PUTT005198', 'Ranmina Pharmacy2', 'MARAWILA', 'CSO008005336', '2019-07-25', 25, 7389.2, 4689.2),
('PUT00330', 'IRESHA  PHARMACY', 'WENNAPPUWA', 'CSO008005337', '2019-07-26', 24, 13065, 13065),
('GAM03240', 'Nawaloka Hospital', 'Negombo', 'CSO008005339', '2019-07-26', 24, 27492.4, 27492.4),
('GAM00306', 'CHAMPIKA MEDICAL', 'KOCHCHIKADE', 'CSO008005342', '2019-07-26', 24, 6368, 6368),
('GAM00307', 'AJANTHA OSUSALA', 'KOCHCHIKADE', 'CSO008005344', '2019-07-26', 24, 63684, 63684),
('PUT00326', 'W.MENDIS CHEMIST', 'WENNAPPUWA', 'CSO008005346', '2019-07-26', 24, 3680, 3680),
('PUT00326', 'W.MENDIS CHEMIST', 'WENNAPPUWA', 'CSO008005347', '2019-07-26', 24, 5140, 5140),
('GAM00307', 'AJANTHA OSUSALA', 'KOCHCHIKADE', 'CSO008005348', '2019-07-26', 24, 22011.6, 22011.6),
('GAM00316', 'ROYAL PHARMACY', 'KOCHCHIKADE', 'CSO008005349', '2019-07-29', 21, 21060.8, 21060.8),
('PUT00321', 'GAYASHA PHARMACY', 'WENNAPPUWA', 'CSO008005351', '2019-07-26', 24, 13302.6, 13302.6),
('GAM00285', 'SHANTHI PHARMACY', 'Negombo', 'CSO008005352', '2019-07-26', 24, 8092.2, 8092.2),
('GAM00285', 'SHANTHI PHARMACY', 'Negombo', 'CSO008005353', '2019-07-26', 24, 3218.2, 3218.2),
('GAM00220', 'DAGONNA PHARMACY', 'MINUWANGODA', 'CSO008005354', '2019-07-31', 19, 73585, 73585),
('PUTT005557', 'Dr wasantha k herath', 'KULIYAPITIYA', 'CSO008005355', '2019-07-26', 24, 28439.2, 28439.2),
('PUTT005557', 'Dr wasantha k herath', 'KULIYAPITIYA', 'CSO008005356', '2019-07-26', 24, 9200, 9200),
('GAM00279', 'MAHAJANA OSUSALA', 'Negombo', 'CSO008005357', '2019-07-27', 23, 10676.5, 10676.5),
('GAM00278', 'THENUKA PHARMACY', 'Negombo', 'CSO008005358', '2019-07-29', 21, 2762.9, 2762.9),
('GAM00261', 'X LAB PHARMACY', 'Negombo', 'CSO008005359', '2019-07-29', 21, 3954.4, 3954.4),
('GAM00261', 'X LAB PHARMACY', 'Negombo', 'CSO008005360', '2019-07-29', 21, 3680, 3680),
('GAM00270', 'THE PHARMACY', 'Negombo', 'CSO008005361', '2019-07-29', 21, 18452.3, 16005.3),
('GAM00269', 'SUWASARANA OSUSALA', 'Negombo', 'CSO008005362', '2019-07-29', 21, 10845.3, 10845.3),
('GAM00254', 'NEW CRYSTAL PHARMACY', 'Negombo', 'CSO008005363', '2019-07-29', 21, 20902.3, 20902.3),
('GAM00265', 'ROYAL PHARMACY', 'Negombo', 'CSO008005364', '2019-07-29', 21, 7416.5, 7416.5),
('GAM00268', 'S  G MEDICALS', 'Negombo', 'CSO008005367', '2019-07-29', 21, 3117.6, 3117.6),
('GAM00198', 'HEALTHCARE PHARMACY', 'SEEDUWA', 'CSO008005368', '2019-07-29', 21, 2631.5, 2631.5),
('GAM00262', 'NEW CENTRAL PHARMACY', 'Negombo', 'CSO008005373', '2019-07-29', 21, 28258.8, 28258.8),
('GAM00262', 'NEW CENTRAL PHARMACY', 'Negombo', 'CSO008005374', '2019-07-29', 21, 18400, 18400),
('GAM03391', 'Dr Isuru Wijerathna', 'DIVULAPITIYA', 'CSO008005376', '2019-07-31', 19, 20725, 20725),
('GAM00253', 'RELIANCE PHARMACY', 'Negombo', 'CSO008005377', '2019-07-29', 21, 4045.9, 4045.9),
('GAM00282', 'PRADEEPA PHARMACY', 'Negombo', 'CSO008005378', '2019-07-29', 21, 5796.7, 2072.1),
('GAM00279', 'MAHAJANA OSUSALA', 'Negombo', 'CSO008005379', '2019-07-29', 21, 9222, 9222),
('GAM00259', 'UNIQUE PHARMACY', 'Negombo', 'CSO008005380', '2019-07-29', 21, 47948, 47948),
('GAM00281', 'KALIDSON PHARMACY', 'Negombo', 'CSO008005381', '2019-07-29', 21, 7105.5, 7105.5),
('GAM00285', 'SHANTHI PHARMACY', 'Negombo', 'CSO008005382', '2019-07-30', 20, 2570, 2570),
('GAM00284', 'KANDAWALA PHARMACY', 'Negombo', 'CSO008005383', '2019-07-30', 20, 5090.3, 5090.3),
('GAM00288', 'SHANTHI PHARMACY', 'Negombo', 'CSO008005384', '2019-07-30', 20, 6562.3, 6562.3),
('PUT00364', 'SANTHANA PHARMACY', 'MARAWILA', 'CSO008005388', '2019-07-30', 20, 7896, 7896),
('GAMP005318', 'Dr Niroshan prasanga', 'Negombo', 'CSO008005389', '2019-07-30', 20, 24035, 16325),
('PUT00334', 'SADUNI PHARMACY', 'WENNAPPUWA', 'CSO008005390', '2019-07-30', 20, 13249.9, 9365.4),
('GAM00193', 'ST. JUDE PHARMACY', 'SEEDUWA', 'CSO008005392', '2019-07-30', 20, 12706.3, 11000.3),
('GAM00194', 'SEEDUWA OSUSALA', 'SEEDUWA', 'CSO008005393', '2019-07-30', 20, 48384.1, 33911.9),
('GAM00201', 'SRILAK PHARMACY', 'SEEDUWA', 'CSO008005394', '2019-07-30', 20, 11329.1, 11329.1),
('GAM00195', 'SEEDUWA MEDICAL', 'SEEDUWA', 'CSO008005395', '2019-07-30', 20, 30906.4, 30906.4),
('GAM00198', 'HEALTHCARE PHARMACY', 'SEEDUWA', 'CSO008005396', '2019-07-30', 20, 6193.9, 4487.9),
('GAM00196', 'ASIRI PHARMACY', 'SEEDUWA', 'CSO008005397', '2019-07-30', 20, 12284.8, 12284.8),
('GAM00200', 'PAMUNUGAMA OSUSALA', 'SEEDUWA', 'CSO008005398', '2019-07-30', 20, 27381.4, 24702.4),
('GAM00199', 'THE RADDOLUGAMA PHARMACY', 'SEEDUWA', 'CSO008005399', '2019-07-30', 20, 14598.9, 14598.9),
('GAM00204', 'LAXSIRI PHARMACY', 'SEEDUWA', 'CSO008005400', '2019-07-30', 20, 8622.3, 8622.3),
('GAM00151', 'HEALTH LINE PHARMACY', 'Kandana', 'CSO008005403', '2019-07-30', 20, 4114.9, 4114.9),
('GAM03245', 'Cash Payment', 'Negombo', 'CSO008005404', '2019-07-30', 20, 12850, 12850),
('GAM00139', 'RILLAULLA PHARMACY', 'Kandana', 'CSO008005405', '2019-07-31', 19, 19808.6, 19808.6),
('GAMP004349', 'Dr Lasantha Somarathne', 'Kandana', 'CSO008005406', '2019-07-31', 19, 18826, 18826),
('GAM00171', 'NAWA OSUSALA', 'JA-ELA', 'CSO008005409', '2019-07-31', 19, 17047, 14810),
('GAM00173', 'ST. JOSHEP PHARMACY', 'JA-ELA', 'CSO008005410', '2019-07-31', 19, 14180, 11945.2),
('GAM00181', 'BOPITIYA PHARMACY', 'JA-ELA', 'CSO008005411', '2019-07-31', 19, 27548.2, 19784.2),
('GAM00304', 'TRUST CHEMIST', 'KOCHCHIKADE', 'CSO008005412', '2019-07-31', 19, 4391, 4391),
('GAM00216', 'LASITH PHARMACY', 'MINUWANGODA', 'CSO008005413', '2019-07-31', 19, 12261.7, 12261.7),
('GAM00180', 'PAMUNUGAMA PHARMACY', 'JA-ELA', 'CSO008005414', '2019-07-31', 19, 17894.1, 17000.8),
('GAM00168', 'C  D PHARMACY', 'JA-ELA', 'CSO008005415', '2019-07-31', 19, 12445.6, 12445.6),
('GAM00167', 'ISHARA PHARMACY', 'JA-ELA', 'CSO008005416', '2019-07-31', 19, 21674.7, 18176.5),
('GAM00223', 'NANDANA PHARMACY', 'MINUWANGODA', 'CSO008005417', '2019-07-31', 19, 2751, 2751),
('GAM00222', 'CENTRAL DIVINE', 'MINUWANGODA', 'CSO008005418', '2019-07-31', 19, 70147.9, 70147.9),
('GAM00232', 'DR CHAMINDA SOORIYARACHCHI', 'MINUWANGODA', 'CSO008005419', '2019-07-31', 19, 11185, 11185),
('GAM00223', 'NANDANA PHARMACY', 'MINUWANGODA', 'CSO008005420', '2019-07-31', 19, 2965, 2965),
('GAM00222', 'CENTRAL DIVINE', 'MINUWANGODA', 'CSO008005421', '2019-07-31', 19, 101679, 101679),
('GAM00318', 'DR MAHENDRA DAVID', 'KOCHCHIKADE', 'CSO008005422', '2019-07-31', 19, 50952, 50952),
('PUT03242', 'Dr.M.R.M Sadeek', 'Puttalam', 'CSO008005423', '2019-07-31', 19, 35190, 35190),
('GAM00225', 'NEW CHALANI PHARMACY', 'MINUWANGODA', 'CSO008005424', '2019-07-31', 19, 31104.6, 13752.6),
('GAM00225', 'NEW CHALANI PHARMACY', 'MINUWANGODA', 'CSO008005425', '2019-07-31', 19, 9200, 9200),
('PUT00425', 'HANYU PHARMACY', 'Puttalam', 'CSO008005426', '2019-07-31', 19, 36800, 36800),
('GAM00259', 'UNIQUE PHARMACY', 'Negombo', 'CSO008005428', '2019-07-31', 19, 59236, 59236),
('GAM00259', 'UNIQUE PHARMACY', 'Negombo', 'CSO008005429', '2019-07-31', 19, 80193.6, 59694.6),
('GAM00316', 'ROYAL PHARMACY', 'KOCHCHIKADE', 'CSO008005431', '2019-07-31', 19, 6960, 6960),
('GAM00316', 'ROYAL PHARMACY', 'KOCHCHIKADE', 'CSO008005433', '2019-07-31', 19, 4640, 4640),
('GAM00316', 'ROYAL PHARMACY', 'KOCHCHIKADE', 'CSO008005434', '2019-07-31', 19, 23600, 23600),
('GAM03302', 'New Lanka Pharmacy', 'Negombo', 'CSO008005435', '2019-07-31', 19, 380247, 380247),
('GAM03302', 'New Lanka Pharmacy', 'Negombo', 'CSO008005436', '2019-07-31', 19, 111539, 111539),
('GAM03302', 'New Lanka Pharmacy', 'Negombo', 'CSO008005437', '2019-07-31', 19, 7670, 7670),
('GAM00170', 'PJ ENTERPRISES', 'JA-ELA', 'CSO008005438', '2019-07-31', 19, 45987, 45987),
('GAM00140', 'SETHMA PHARMACY', 'Kandana', 'CSO008005439', '2019-07-31', 19, 13048.5, 13048.5),
('GAM00259', 'UNIQUE PHARMACY', 'Negombo', 'CSO008005440', '2019-07-31', 19, 18820.2, 18820.2),
('GAM03391', 'Dr Isuru Wijerathna', 'DIVULAPITIYA', 'CSO008005442', '2019-07-31', 19, 6413, 6413),
('GAM00218', 'INDRA PHARMACY', 'MINUWANGODA', 'CSO008005444', '2019-07-31', 19, 13496, 3856),
('GAM00139', 'RILLAULLA PHARMACY', 'Kandana', 'CSO008005445', '2019-07-31', 19, 60517.5, 60517.5),
('GAM03339', 'Dr Samankula', 'Kandana', 'CSO008005447', '2019-08-02', 17, 106110, 15000),
('GAM00253', 'RELIANCE PHARMACY', 'Negombo', 'CSO008005448', '2019-08-03', 16, 15532, 15532),
('GAM00253', 'RELIANCE PHARMACY', 'Negombo', 'CSO008005449', '2019-08-03', 16, 2184, 2184),
('GAM00286', 'SURANGA PHARMACY', 'Negombo', 'CSO008005450', '2019-08-05', 14, 7374.65, 6752.9),
('GAM00285', 'SHANTHI PHARMACY', 'Negombo', 'CSO008005451', '2019-08-05', 14, 9200, 9200),
('GAM00284', 'KANDAWALA PHARMACY', 'Negombo', 'CSO008005452', '2019-08-05', 14, 5203, 5203),
('GAM00284', 'KANDAWALA PHARMACY', 'Negombo', 'CSO008005453', '2019-08-05', 14, 3680, 3680),
('GAM00283', 'SUPREME PHARMACY', 'Negombo', 'CSO008005454', '2019-08-05', 14, 12722.5, 12722.5),
('GAM00277', 'JAYAKODY PHARMACY', 'Negombo', 'CSO008005455', '2019-08-05', 14, 15538.7, 14930.7),
('GAM00140', 'SETHMA PHARMACY', 'Kandana', 'CSO008005458', '2019-08-05', 14, 10867.6, 10867.6),
('GAM03417', 'Dr Nisal Fernando', 'Kandana', 'CSO008005459', '2019-08-05', 14, 2375, 2375),
('GAM03329', 'Lak osusala', 'SEEDUWA', 'CSO008005460', '2019-08-05', 14, 3300, 187.8),
('GAM00272', 'THE LANKA PHARMACY', 'Negombo', 'CSO008005461', '2019-08-05', 14, 19649.4, 19649.4),
('GAM00279', 'MAHAJANA OSUSALA', 'Negombo', 'CSO008005462', '2019-08-05', 14, 7804, 7804),
('GAM00295', 'ROYAL PHARMACY LANKA', 'Negombo', 'CSO008005463', '2019-08-05', 14, 79520, 79520),
('GAM00290', 'THALAHENA PHARMACY', 'Negombo', 'CSO008005464', '2019-08-05', 14, 13438.2, 13438.2),
('GAM00288', 'SHANTHI PHARMACY', 'Negombo', 'CSO008005468', '2019-08-05', 14, 4105.55, 4105.55),
('GAM00290', 'THALAHENA PHARMACY', 'Negombo', 'CSO008005469', '2019-08-05', 14, 5321, 5321),
('GAM00257', 'NEGOMBO FOOD  DRUGS', 'Negombo', 'CSO008005473', '2019-08-05', 14, 2615.8, 2615.8),
('GAM00279', 'MAHAJANA OSUSALA', 'Negombo', 'CSO008005474', '2019-08-06', 13, 2570, 2570),
('GAM00297', 'AVE MARIA PHARMACY', 'Negombo', 'CSO008005475', '2019-08-06', 13, 7977.6, 5231.6),
('GAM00259', 'UNIQUE PHARMACY', 'Negombo', 'CSO008005476', '2019-08-06', 13, 54550, 40390),
('GAM03240', 'Nawaloka Hospital', 'Negombo', 'CSO008005477', '2019-08-06', 13, 41215.7, 41215.7),
('GAMP004874', 'Sasithma pharmacy', 'JA-ELA', 'CSO008005479', '2019-08-06', 13, 17630, 17630),
('GAM00267', 'HEALING PHARMACY', 'Negombo', 'CSO008005481', '2019-08-06', 13, 3427.3, 3427.3),
('GAM00194', 'SEEDUWA OSUSALA', 'SEEDUWA', 'CSO008005482', '2019-08-06', 13, 21666.9, 14966.9),
('GAM00265', 'ROYAL PHARMACY', 'Negombo', 'CSO008005483', '2019-08-06', 13, 20699.9, 20699.9),
('GAM00299', 'K S A MEDICAL', 'KOCHCHIKADE', 'CSO008005484', '2019-08-06', 13, 24314.5, 24314.5),
('GAM00300', 'LAKSHI PHARMACY', 'KOCHCHIKADE', 'CSO008005485', '2019-08-06', 13, 23967.2, 23967.2),
('GAM00304', 'TRUST CHEMIST', 'KOCHCHIKADE', 'CSO008005486', '2019-08-07', 12, 7992, 6706.9),
('GAM00307', 'AJANTHA OSUSALA', 'KOCHCHIKADE', 'CSO008005487', '2019-08-07', 12, 39437.9, 38552.9),
('GAM03221', 'Asoka Pharmacy', 'Negombo', 'CSO008005488', '2019-08-07', 12, 13227.5, 13227.5),
('GAM00170', 'PJ ENTERPRISES', 'JA-ELA', 'CSO008005489', '2019-08-07', 12, 44165, 44165),
('GAM00279', 'MAHAJANA OSUSALA', 'Negombo', 'CSO008005490', '2019-08-07', 12, 1485, 1485),
('GAM00307', 'AJANTHA OSUSALA', 'KOCHCHIKADE', 'CSO008005491', '2019-08-07', 12, 2815, 2815),
('GAM00222', 'CENTRAL DIVINE', 'MINUWANGODA', 'CSO008005493', '2019-08-07', 12, 8368.5, 8368.5),
('GAM00192', 'N S MEIDCAL', 'SEEDUWA', 'CSO008005495', '2019-08-08', 11, 6270.1, 6270.1),
('GAM00201', 'SRILAK PHARMACY', 'SEEDUWA', 'CSO008005496', '2019-08-08', 11, 29137.6, 28390),
('GAM00222', 'CENTRAL DIVINE', 'MINUWANGODA', 'CSO008005497', '2019-08-07', 12, 8250, 8250),
('GAM00195', 'SEEDUWA MEDICAL', 'SEEDUWA', 'CSO008005499', '2019-08-08', 11, 21072.1, 21072.1),
('GAM00197', 'PEOPLES PHARMACY', 'SEEDUWA', 'CSO008005500', '2019-08-08', 11, 8031.4, 6584.4),
('GAM00198', 'HEALTHCARE PHARMACY', 'SEEDUWA', 'CSO008005501', '2019-08-07', 12, 4098, 4098),
('GAM00196', 'ASIRI PHARMACY', 'SEEDUWA', 'CSO008005502', '2019-08-08', 11, 2838.3, 2838.3),
('GAM00199', 'THE RADDOLUGAMA PHARMACY', 'SEEDUWA', 'CSO008005503', '2019-08-08', 11, 18445.5, 18445.5),
('GAM00199', 'THE RADDOLUGAMA PHARMACY', 'SEEDUWA', 'CSO008005504', '2019-08-07', 12, 2447, 2447),
('GAM00200', 'PAMUNUGAMA OSUSALA', 'SEEDUWA', 'CSO008005505', '2019-08-07', 12, 17123.7, 17123.7),
('GAM00193', 'ST. JUDE PHARMACY', 'SEEDUWA', 'CSO008005507', '2019-08-08', 11, 12291.8, 12291.8),
('GAM00236', 'RAZUL PHARMACY', 'DIVULAPITIYA', 'CSO008005509', '2019-08-08', 11, 1528.5, 1528.5),
('GAM00246', 'HIRU PHARMACY', 'DIVULAPITIYA', 'CSO008005510', '2019-08-08', 11, 31192.1, 28949.3),
('GAM00245', 'DUNAGAHA OSUSALA', 'DIVULAPITIYA', 'CSO008005512', '2019-08-08', 11, 26338.9, 22682.9),
('GAM00237', 'OSADA PHARMACY', 'DIVULAPITIYA', 'CSO008005513', '2019-08-08', 11, 24430.8, 24430.8),
('GAM00240', 'WIJAYAMINI PHARMACY', 'DIVULAPITIYA', 'CSO008005515', '2019-08-08', 11, 15596.7, 15596.7),
('GAM00244', 'SITHMINA PHARMACY', 'DIVULAPITIYA', 'CSO008005516', '2019-08-08', 11, 34613.7, 34613.7),
('GAM00241', 'M.P.C.S  OSUSALA', 'DIVULAPITIYA', 'CSO008005517', '2019-08-08', 11, 32603.9, 32603.9),
('GAM00242', 'LAKRUWAN PHARMACY', 'DIVULAPITIYA', 'CSO008005519', '2019-08-08', 11, 21989.2, 21312.2),
('GAM03243', 'Jeewanthi Pharmacy', 'DIVULAPITIYA', 'CSO008005520', '2019-08-09', 10, 42167.9, 42167.9),
('GAM00239', 'THE NEW PHARMACY', 'DIVULAPITIYA', 'CSO008005523', '2019-08-09', 10, 37984.2, 35747.2),
('GAM00233', 'DR SALIYA BOMBUWALA', 'MINUWANGODA', 'CSO008005524', '2019-08-16', 3, 6700, 6700),
('GAM00216', 'LASITH PHARMACY', 'MINUWANGODA', 'CSO008005525', '2019-08-09', 10, 9449.6, 9449.6),
('GAM00272', 'THE LANKA PHARMACY', 'Negombo', 'CSO008005527', '2019-08-09', 10, 7548.3, 7548.3),
('GAM00200', 'PAMUNUGAMA OSUSALA', 'SEEDUWA', 'CSO008005528', '2019-08-09', 10, 6187.6, 6187.6),
('GAM00222', 'CENTRAL DIVINE', 'MINUWANGODA', 'CSO008005529', '2019-08-09', 10, 9413, 9413),
('GAM00215', 'SUWASALA PHARMACY', 'MINUWANGODA', 'CSO008005530', '2019-08-09', 10, 9772.5, 9772.5),
('GAM00216', 'LASITH PHARMACY', 'MINUWANGODA', 'CSO008005531', '2019-08-09', 10, 4420.4, 3481.4),
('GAM03243', 'Jeewanthi Pharmacy', 'DIVULAPITIYA', 'CSO008005532', '2019-08-09', 10, 14125, 14125),
('GAM00217', 'RANMINI PHARMACY', 'MINUWANGODA', 'CSO008005533', '2019-08-09', 10, 11305.2, 11305.2),
('GAM00219', 'CHALANI PHARMACY', 'MINUWANGODA', 'CSO008005535', '2019-08-09', 10, 22737.5, 22737.5),
('GAM00218', 'INDRA PHARMACY', 'MINUWANGODA', 'CSO008005537', '2019-08-09', 10, 50293.4, 50293.4),
('GAM00211', 'DR GAYAN JAYAKODY', 'SEEDUWA', 'CSO008005538', '2019-08-09', 10, 12850, 12850),
('GAM00220', 'DAGONNA PHARMACY', 'MINUWANGODA', 'CSO008005539', '2019-08-10', 9, 35669, 35669),
('GAM00237', 'OSADA PHARMACY', 'DIVULAPITIYA', 'CSO008005540', '2019-08-10', 9, 3680, 3680),
('GAM00222', 'CENTRAL DIVINE', 'MINUWANGODA', 'CSO008005541', '2019-08-10', 9, 70278.8, 70278.8),
('GAMP005413', 'BANDULA PHARMACY', 'MINUWANGODA', 'CSO008005542', '2019-08-10', 9, 8757.4, 8757.4),
('GAM00228', 'PEOPLES PHARMACY', 'MINUWANGODA', 'CSO008005543', '2019-08-10', 9, 7436.1, 7436.1),
('GAM00221', 'SAHANA OSOSALA', 'MINUWANGODA', 'CSO008005544', '2019-08-10', 9, 20731.2, 20731.2),
('GAM00225', 'NEW CHALANI PHARMACY', 'MINUWANGODA', 'CSO008005545', '2019-08-10', 9, 16418.3, 14092.3),
('GAM00199', 'THE RADDOLUGAMA PHARMACY', 'SEEDUWA', 'CSO008005546', '2019-08-10', 9, 2742, 2742),
('GAM00239', 'THE NEW PHARMACY', 'DIVULAPITIYA', 'CSO008005547', '2019-08-10', 9, 11800.1, 11800.1),
('GAM00220', 'DAGONNA PHARMACY', 'MINUWANGODA', 'CSO008005550', '2019-08-10', 9, 18400, 18400),
('GAM00220', 'DAGONNA PHARMACY', 'MINUWANGODA', 'CSO008005551', '2019-08-10', 9, 8850, 8850),
('GAM00225', 'NEW CHALANI PHARMACY', 'MINUWANGODA', 'CSO008005552', '2019-08-10', 9, 1770, 1770),
('GAM00295', 'ROYAL PHARMACY LANKA', 'Negombo', 'CSO008005553', '2019-08-15', 4, 17769, 17769),
('GAM00168', 'C  D PHARMACY', 'JA-ELA', 'CSO008005555', '2019-08-12', 7, 36702.2, 36702.2),
('GAMP004874', 'Sasithma pharmacy', 'JA-ELA', 'CSO008005556', '2019-08-12', 7, 3536, 2464),
('GAM00181', 'BOPITIYA PHARMACY', 'JA-ELA', 'CSO008005557', '2019-08-12', 7, 22392.2, 22392.2),
('GAM00180', 'PAMUNUGAMA PHARMACY', 'JA-ELA', 'CSO008005558', '2019-08-12', 7, 13610.2, 13610.2),
('GAM00180', 'PAMUNUGAMA PHARMACY', 'JA-ELA', 'CSO008005559', '2019-08-12', 7, 723.7, 723.7),
('GAM00182', 'ST JOSHEPS PHARMACY', 'JA-ELA', 'CSO008005560', '2019-08-12', 7, 23889.8, 22194.8),
('GAM00259', 'UNIQUE PHARMACY', 'Negombo', 'CSO008005562', '2019-08-12', 7, 25301, 25301),
('GAM00204', 'LAXSIRI PHARMACY', 'SEEDUWA', 'CSO008005563', '2019-08-12', 7, 13678.9, 13678.9),
('GAM00178', 'NEW EKALA PHARMACY', 'JA-ELA', 'CSO008005566', '2019-08-12', 7, 3619, 3619),
('GAMP004219', 'Arogya pharmacy', 'JA-ELA', 'CSO008005567', '2019-08-12', 7, 11778.5, 11778.5),
('GAM00175', 'THILINA PHARMACY', 'JA-ELA', 'CSO008005568', '2019-08-12', 7, 6334.7, 6334.7),
('GAM00173', 'ST. JOSHEP PHARMACY', 'JA-ELA', 'CSO008005571', '2019-08-12', 7, 14297.2, 14297.2),
('GAMP004219', 'Arogya pharmacy', 'JA-ELA', 'CSO008005572', '2019-08-12', 7, 5263, 5263),
('GAM00172', 'ST. JUDE PHARMACY', 'JA-ELA', 'CSO008005573', '2019-08-12', 7, 27939.2, 27706.7),
('GAM00163', 'THE PHARMACY A P Y', 'JA-ELA', 'CSO008005574', '2019-08-12', 7, 6508, 6508),
('GAM00163', 'THE PHARMACY A P Y', 'JA-ELA', 'CSO008005575', '2019-08-12', 7, 3000, 3000);
INSERT INTO `gsoutupload` (`gID`, `gCustName`, `gTown`, `inv`, `date`, `age`, `amount`, `balAmount`) VALUES
('GAM00170', 'PJ ENTERPRISES', 'JA-ELA', 'CSO008005576', '2019-08-12', 7, 272206, 272206),
('GAM03240', 'Nawaloka Hospital', 'Negombo', 'CSO008005577', '2019-08-12', 7, 59087.1, 58097.1),
('GAM00170', 'PJ ENTERPRISES', 'JA-ELA', 'CSO008005579', '2019-08-12', 7, 9650, 2978),
('GAMP005375', 'Thudella Pharmacy', 'JA-ELA', 'CSO008005580', '2019-08-12', 7, 4916, 4916),
('GAM00253', 'RELIANCE PHARMACY', 'Negombo', 'CSO008005581', '2019-08-12', 7, 10596, 10596),
('GAM00199', 'THE RADDOLUGAMA PHARMACY', 'SEEDUWA', 'CSO008005583', '2019-08-13', 6, 5321, 5321),
('GAM00148', 'GIMSHANI PHARMACY', 'Kandana', 'CSO008005584', '2019-08-13', 6, 6067.9, 6067.9),
('PUT00378', 'SETHMA PHARMACY', 'CHILAW', 'CSO008005585', '2019-08-13', 6, 140164, 122574),
('GAM00148', 'GIMSHANI PHARMACY', 'Kandana', 'CSO008005586', '2019-08-13', 6, 266, 266),
('GAM00155', 'JASMINE PHARMACY', 'Kandana', 'CSO008005587', '2019-08-13', 6, 5605.25, 3910.25),
('GAMP005278', 'Royal Pharmacy-Kandana', 'Kandana', 'CSO008005589', '2019-08-13', 6, 21729.9, 21729.9),
('GAM00143', 'KANDANA OSUSALA', 'Kandana', 'CSO008005590', '2019-08-13', 6, 13511, 13511),
('GAM00151', 'HEALTH LINE PHARMACY', 'Kandana', 'CSO008005591', '2019-08-13', 6, 6639.95, 6639.95),
('GAM00139', 'RILLAULLA PHARMACY', 'Kandana', 'CSO008005592', '2019-08-13', 6, 79425.1, 79425.1),
('GAMP004879', 'Medicare Pharmacy', 'Kandana', 'CSO008005593', '2019-08-15', 4, 9025.6, 9025.6),
('GAM00199', 'THE RADDOLUGAMA PHARMACY', 'SEEDUWA', 'CSO008005594', '2019-08-15', 4, 8786.45, 8786.45),
('GAM00259', 'UNIQUE PHARMACY', 'Negombo', 'CSO008005595', '2019-08-15', 4, 15508, 15508),
('GAM00193', 'ST. JUDE PHARMACY', 'SEEDUWA', 'CSO008005596', '2019-08-15', 4, 867, 867),
('GAM03302', 'New Lanka Pharmacy', 'Negombo', 'CSO008005597', '2019-08-15', 4, 91536, 91536),
('GAM00175', 'THILINA PHARMACY', 'JA-ELA', 'CSO008005598', '2019-08-15', 4, 1853, 1853),
('GAM00253', 'RELIANCE PHARMACY', 'Negombo', 'CSO008005599', '2019-08-15', 4, 7926.2, 7926.2),
('GAM00183', 'DR NIRANKA ILLUKPITIYA', 'JA-ELA', 'CSO008005600', '2019-08-15', 4, 40950, 40950),
('GAM00140', 'SETHMA PHARMACY', 'Kandana', 'CSO008005601', '2019-08-15', 4, 4245, 4245),
('GAM00285', 'SHANTHI PHARMACY', 'Negombo', 'CSO008005602', '2019-08-15', 4, 16694, 16694),
('GAM00145', 'HANSI PHARMACY', 'Kandana', 'CSO008005603', '2019-08-15', 4, 2022.4, 2022.4),
('GAMP004827', 'Vision pharmacy', 'Kandana', 'CSO008005604', '2019-08-15', 4, 30741.3, 30741.3),
('GAMP004969', 'Lanka Pharmacy Ganemulla', 'Kandana', 'CSO008005605', '2019-08-15', 4, 12663.4, 12663.4),
('GAMP004827', 'Vision pharmacy', 'Kandana', 'CSO008005606', '2019-08-15', 4, 4469.6, 4469.6),
('GAM03238', 'Asiri Pharmaceuticals', 'Kandana', 'CSO008005607', '2019-08-15', 4, 1500, 1500),
('GAM00206', 'ST. MARYS PHARMACY', 'SEEDUWA', 'CSO008005608', '2019-08-16', 3, 2593.4, 2593.4),
('GAM00194', 'SEEDUWA OSUSALA', 'SEEDUWA', 'CSO008005609', '2019-08-16', 3, 3030, 3030),
('GAM00153', 'ST ANNES PHARMACY', 'Kandana', 'CSO008005610', '2019-08-16', 3, 4343.5, 4343.5),
('GAM00154', 'SETHSIRI PHARMACY', 'Kandana', 'CSO008005612', '2019-08-16', 3, 19500.6, 19500.6),
('GAM00254', 'NEW CRYSTAL PHARMACY', 'Negombo', 'CSO008005613', '2019-08-16', 3, 12753.2, 12753.2),
('GAMP005639', 'Sun pharmacy', 'Gampaha', 'CSO008005614', '2019-08-16', 3, 23789.5, 285),
('GAM00279', 'MAHAJANA OSUSALA', 'Negombo', 'CSO008005615', '2019-08-16', 3, 11175.9, 11175.9),
('GAM03250', 'Osumina pharmacy', 'MINUWANGODA', 'CSO011700491', '2018-08-15', 369, 2367.35, 2367.35),
('GAM00239', 'THE NEW PHARMACY', 'DIVULAPITIYA', 'CSO011700999', '2018-09-28', 325, 5670, 5670),
('GAM00147', 'CITY PHARMACY', 'Kandana', 'CSO011701120', '2018-10-10', 313, 7869.9, 7637.4),
('GAM03311', 'Dr Subodha Manoj', 'MINUWANGODA', 'CSO011701167', '2018-10-13', 310, 5943, 5943),
('GAM03415', 'Dinara Pharmacy', 'Kandana', 'CSO011701358', '2018-10-30', 293, 13815, 13815),
('GAM00275', 'DR KEERTHI RATHNAYAKA', 'Negombo', 'CSO011701398', '2018-11-05', 287, 3735, 3735),
('GAM03221', 'Asoka Pharmacy', 'Negombo', 'CSO011701583', '2018-11-16', 276, 5456.25, 5456.25),
('GAM00253', 'RELIANCE PHARMACY', 'Negombo', 'CSO011701593', '2018-11-17', 275, 3369.5, 24.6),
('GAM00269', 'SUWASARANA OSUSALA', 'Negombo', 'CSO011701696', '2018-11-29', 263, 11256.1, 12.9),
('GAM00173', 'ST. JOSHEP PHARMACY', 'JA-ELA', 'CSO011701847', '2018-12-11', 251, 7094.95, 6900.25),
('GAM00290', 'THALAHENA PHARMACY', 'Negombo', 'CSO011701901', '2018-12-14', 248, 2450.4, 2450.4),
('PUT00366', 'THE BRITISH  STORES', 'MARAWILA', 'CSO011701949', '2018-12-17', 245, 1188.6, 1188.6),
('GAM00241', 'M.P.C.S  OSUSALA', 'DIVULAPITIYA', 'CSO011702002', '2018-12-21', 241, 3509.9, 3509.9),
('GAM00228', 'PEOPLES PHARMACY', 'MINUWANGODA', 'CSO011702010', '2018-12-21', 241, 4621.55, 4621.55),
('PUT00336', 'SARANI PHARMACY', 'WENNAPPUWA', 'CSO011702150', '2019-01-07', 224, 5160.1, 4653.5),
('PUT00435', 'BIO PLUS PHARMACY', 'Puttalam', 'CSO011702168', '2019-01-07', 224, 5255.3, 5255.3),
('GAM00317', 'SUWANA PHARMACY', 'KOCHCHIKADE', 'CSO011702275', '2019-01-17', 214, 7738, 7738),
('GAM03221', 'Asoka Pharmacy', 'Negombo', 'CSO011702300', '2019-01-18', 213, 1546.7, 1546.7),
('PUT00409', 'SUWANI PHARMACY', 'KULIYAPITIYA', 'CSO011702364', '2019-01-23', 208, 5378.8, 3376),
('GAMP004368', 'Shris lanka', 'Negombo', 'CSO011702445', '2019-01-29', 202, 9074.9, 9074.9),
('GAM00313', 'OSHIDI MEDICALS', 'KOCHCHIKADE', 'CSO011702527', '2019-02-08', 192, 6511.3, 6511.3),
('PUT00331', 'RANMINA PHARMACY', 'WENNAPPUWA', 'CSO011702545', '2019-02-07', 193, 10557.6, 10557.6),
('GAM03415', 'Dinara Pharmacy', 'Kandana', 'CSO011702597', '2019-02-12', 188, 23485, 23485),
('GAM03418', 'Dr Saroja Wijeweera', 'DIVULAPITIYA', 'CSO011702604', '2019-02-13', 187, 5829, 5040),
('GAM00202', 'NEW ST. JOSHEP PHARMACY', 'SEEDUWA', 'CSO011702634', '2019-02-14', 186, 8524.3, 8524.3),
('GAM00193', 'ST. JUDE PHARMACY', 'SEEDUWA', 'CSO011702650', '2019-02-15', 185, 14569.8, 14569.8),
('GAM00264', 'JAYALANKA PHARMACY', 'Negombo', 'CSO011702678', '2019-02-18', 182, 8233.2, 8233.2),
('GAM00317', 'SUWANA PHARMACY', 'KOCHCHIKADE', 'CSO011702690', '2019-02-18', 182, 2323.9, 2323.9),
('GAM00313', 'OSHIDI MEDICALS', 'KOCHCHIKADE', 'CSO011702692', '2019-02-18', 182, 8417.1, 8417.1),
('GAM03339', 'Dr Samankula', 'Kandana', 'CSO011702701', '2019-02-20', 180, 28250, 46.6),
('PUT00360', 'NEW MEDICALSTORS', 'MARAWILA', 'CSO011702768', '2019-02-25', 175, 5552.6, 5552.6),
('GAMP005104', 'Dr Rinzeena', 'Negombo', 'CSO011702808', '2019-02-27', 173, 16334, 16334),
('GAM03418', 'Dr Saroja Wijeweera', 'DIVULAPITIYA', 'CSO011702830', '2019-02-28', 172, 2390, 2390),
('PUT00344', 'DR THILAK N RANASINGHE', 'WENNAPPUWA', 'CSO011702914', '2019-03-30', 142, 3551.45, 1008),
('GAM00212', 'DR SILVA', 'SEEDUWA', 'CSO011702974', '2019-03-27', 145, 3395, 3395),
('GAMP004827', 'Vision pharmacy', 'Kandana', 'CSO011702984', '2019-03-13', 159, 8476.2, 0.3),
('GAM00148', 'GIMSHANI PHARMACY', 'Kandana', 'CSO011702991', '2019-03-14', 158, 1327.3, 1327.3),
('GAM00170', 'PJ ENTERPRISES', 'JA-ELA', 'CSO011702997', '2019-03-14', 158, 18969.6, 273),
('GAM00239', 'THE NEW PHARMACY', 'DIVULAPITIYA', 'CSO011703031', '2019-03-15', 157, 7062.5, 40),
('GAM00264', 'JAYALANKA PHARMACY', 'Negombo', 'CSO011703060', '2019-03-19', 153, 6480.8, 6480.8),
('GAM00170', 'PJ ENTERPRISES', 'JA-ELA', 'CSO011703110', '2019-03-25', 147, 9420, 9420),
('GAM03240', 'Nawaloka Hospital', 'Negombo', 'CSO011703139', '2019-03-27', 145, 6487.4, 6487.4),
('GAM03574', 'Dr Haritha Thennakoon', 'MINUWANGODA', 'CSO011703203', '2019-03-30', 142, 6360, 6360),
('GAM00235', 'DR K R G UPASHANTHA', 'MINUWANGODA', 'CSO011703205', '2019-03-30', 142, 2237.5, 2237.5),
('GAM00265', 'ROYAL PHARMACY', 'Negombo', 'CSO011703251', '2019-04-09', 132, 15206.6, 15206.6),
('PUT00321', 'GAYASHA PHARMACY', 'WENNAPPUWA', 'CSO011703266', '2019-04-08', 133, 3339.2, 3339.2),
('PUT00324', 'ROYAL PHARMACY', 'WENNAPPUWA', 'CSO011703276', '2019-04-08', 133, 1434.9, 702),
('PUT00398', 'DR SALINGA  WEERASENA', 'CHILAW', 'CSO011703303', '2019-04-09', 132, 895, 895),
('GAM00225', 'NEW CHALANI PHARMACY', 'MINUWANGODA', 'CSO011703324', '2019-04-10', 131, 14358.5, 6302),
('GAM00200', 'PAMUNUGAMA OSUSALA', 'SEEDUWA', 'CSO011703329', '2019-04-11', 130, 3260.7, 3260.7),
('GAM00317', 'SUWANA PHARMACY', 'KOCHCHIKADE', 'CSO011703391', '2019-04-23', 118, 828.9, 828.9),
('GAM00306', 'CHAMPIKA MEDICAL', 'KOCHCHIKADE', 'CSO011703398', '2019-04-23', 118, 7238.9, 327),
('PUT00339', 'SITHARA PHARMACY', 'WENNAPPUWA', 'CSO011703416', '2019-04-24', 117, 1205.6, 0.6),
('PUT00344', 'DR THILAK N RANASINGHE', 'WENNAPPUWA', 'CSO011703434', '2019-05-02', 109, 9044, 1175),
('PUT00415', 'DR D.M.S DISSANAYKE', 'KULIYAPITIYA', 'CSO011703477', '2019-05-02', 109, 10835, 10835),
('PUT00418', 'DR ROHAN KERAGALA', 'KULIYAPITIYA', 'CSO011703478', '2019-04-29', 112, 4318, 4318),
('GAM00254', 'NEW CRYSTAL PHARMACY', 'Negombo', 'CSO011703498', '2019-05-02', 109, 30054.6, 30054.6),
('GAM00142', 'KANDANA FOOD AND DRUGS', 'Kandana', 'CSO011703532', '2019-05-06', 105, 12641, 0.9),
('PUT00390', 'DR ARUNA PATHIRANA', 'CHILAW', 'CSO011703540', '2019-05-30', 81, 16975, 16975),
('PUT03367', 'Dr. Lal Perera', 'WENNAPPUWA', 'CSO011703542', '2019-05-06', 105, 4300, 4300),
('PUT00393', 'DR ERANGA INDRAJITH', 'CHILAW', 'CSO011703543', '2019-05-06', 105, 6790, 6790),
('PUT03331', 'Dr V N R Weerakkody', 'Puttalam', 'CSO011703545', '2019-05-06', 105, 68607, 68607),
('GAM00270', 'THE PHARMACY', 'Negombo', 'CSO011703578', '2019-05-08', 103, 6009, 895),
('GAM00259', 'UNIQUE PHARMACY', 'Negombo', 'CSO011703581', '2019-05-08', 103, 89886.2, 1980),
('GAM00218', 'INDRA PHARMACY', 'MINUWANGODA', 'CSO011703628', '2019-05-13', 98, 3947.9, 3947.9),
('PUT00358', 'SISILA MULTY SHOP', 'MARAWILA', 'CSO011703649', '2019-05-28', 83, 14435.4, 3340),
('GAM00188', 'DR J P MAYADUNNA', 'JA-ELA', 'CSO011703650', '2019-05-13', 98, 13788, 5307),
('PUT00344', 'DR THILAK N RANASINGHE', 'WENNAPPUWA', 'CSO011703662', '2019-05-31', 80, 9044, 9044),
('PUT00375', 'SUVINI PHARMACY', 'CHILAW', 'CSO011703666', '2019-05-21', 90, 7897.1, 7897.1),
('GAM00218', 'INDRA PHARMACY', 'MINUWANGODA', 'CSO011703716', '2019-05-22', 89, 31143.1, 31143.1),
('GAM00245', 'DUNAGAHA OSUSALA', 'DIVULAPITIYA', 'CSO011703721', '2019-05-22', 89, 4542.6, 4542.6),
('GAM00247', 'NAWA OSUSALA', 'DIVULAPITIYA', 'CSO011703723', '2019-05-22', 89, 7677.8, 314),
('GAM03253', 'Jeewanthi Osusala', 'DIVULAPITIYA', 'CSO011703728', '2019-05-23', 88, 39524.7, 39524.7),
('GAM00270', 'THE PHARMACY', 'Negombo', 'CSO011703742', '2019-05-23', 88, 5394.7, 5394.7),
('GAM00245', 'DUNAGAHA OSUSALA', 'DIVULAPITIYA', 'CSO011703755', '2019-05-31', 80, 13815, 13815),
('GAM00299', 'K S A MEDICAL', 'KOCHCHIKADE', 'CSO011703763', '2019-05-25', 86, 11148.5, 11148.5),
('PUTT005198', 'Ranmina Pharmacy2', 'MARAWILA', 'CSO011703786', '2019-05-28', 83, 26406.6, 5039),
('GAM03253', 'Jeewanthi Osusala', 'DIVULAPITIYA', 'CSO011703787', '2019-05-28', 83, 43049.6, 43049.6),
('PUT00321', 'GAYASHA PHARMACY', 'WENNAPPUWA', 'CSO011703804', '2019-05-29', 82, 2191, 2191),
('PUT00336', 'SARANI PHARMACY', 'WENNAPPUWA', 'CSO011703807', '2019-05-29', 82, 3218.5, 3218.5),
('PUT03241', 'Chandrika Medical', 'WENNAPPUWA', 'CSO011703812', '2019-05-29', 82, 7825, 7825),
('GAM03240', 'Nawaloka Hospital', 'Negombo', 'CSO011703823', '2019-05-29', 82, 10183.1, 10183.1),
('PUT00375', 'SUVINI PHARMACY', 'CHILAW', 'CSO011703828', '2019-05-30', 81, 1663.2, 1663.2),
('PUT00388', 'SUHADA PHARMACY', 'CHILAW', 'CSO011703837', '2019-05-29', 82, 1592.1, 1592.1),
('GAM00235', 'DR K R G UPASHANTHA', 'MINUWANGODA', 'CSO011703839', '2019-05-30', 81, 4655.25, 4655.25),
('PUT00406', 'ISURU PHARMACY', 'KULIYAPITIYA', 'CSO011703847', '2019-05-30', 81, 16575.8, 551),
('GAM03253', 'Jeewanthi Osusala', 'DIVULAPITIYA', 'CSO011703848', '2019-05-30', 81, 13788, 13788),
('PUTT003255', 'Dr Namal Priyankara', 'KULIYAPITIYA', 'CSO011703855', '2019-05-31', 80, 16368.8, 16368.8),
('GAM00319', 'DR IRESHA DASANAYAKE', 'KOCHCHIKADE', 'CSO011703857', '2019-05-31', 80, 7890, 7890),
('GAM00239', 'THE NEW PHARMACY', 'DIVULAPITIYA', 'CSO011703874', '2019-05-31', 80, 27028.5, 9053.45),
('PUT00398', 'DR SALINGA  WEERASENA', 'CHILAW', 'CSO011703876', '2019-05-31', 80, 895, 895),
('GAM00259', 'UNIQUE PHARMACY', 'Negombo', 'CSO011703877', '2019-05-31', 80, 12582.2, 12582.2),
('GAM00220', 'DAGONNA PHARMACY', 'MINUWANGODA', 'CSO011703885', '2019-06-03', 77, 1115.8, 1115.8),
('GAM00296', 'S  S MEDICAL', 'Negombo', 'CSO011703886', '2019-06-14', 66, 115810, 115810),
('GAM00153', 'ST ANNES PHARMACY', 'Kandana', 'CSO011703892', '2019-06-04', 76, 6352.4, 6352.4),
('GAM00294', 'K F D (PVT) LTD.', 'Negombo', 'CSO011703939', '2019-06-17', 63, 83947, 83947),
('GAM00299', 'K S A MEDICAL', 'KOCHCHIKADE', 'CSO011703953', '2019-06-10', 70, 3898.4, 3898.4),
('GAM00317', 'SUWANA PHARMACY', 'KOCHCHIKADE', 'CSO011703958', '2019-06-10', 70, 2455.4, 2455.4),
('PUT00321', 'GAYASHA PHARMACY', 'WENNAPPUWA', 'CSO011703984', '2019-06-11', 69, 1259.6, 1259.6),
('PUT00324', 'ROYAL PHARMACY', 'WENNAPPUWA', 'CSO011703998', '2019-06-11', 69, 4141.8, 2549.7),
('PUT00372', 'HEALTHY CARE PHARMACY', 'CHILAW', 'CSO011704010', '2019-06-12', 68, 3184.2, 3184.2),
('PUT00401', 'DEEGAYU PHARMACY', 'KULIYAPITIYA', 'CSO011704014', '2019-06-13', 67, 2936.3, 2936.3),
('PUT00400', 'OSETH PHARMACY', 'KULIYAPITIYA', 'CSO011704025', '2019-06-13', 67, 12718.2, 7604.2),
('PUT00438', 'DR THASLEEM', 'Puttalam', 'CSO011704030', '2019-06-15', 65, 15921, 15921),
('GAMP005393', 'Dr Dilantha Rajapaksha', 'MINUWANGODA', 'CSO011704031', '2019-06-14', 66, 4835.5, 4835.5),
('GAMP005394', 'Dr Randeni R P J W', 'MINUWANGODA', 'CSO011704032', '2019-06-14', 66, 3640, 3640),
('PUT00393', 'DR ERANGA INDRAJITH', 'CHILAW', 'CSO011704037', '2019-06-14', 66, 26704.1, 26704.1),
('PUT00364', 'SANTHANA PHARMACY', 'MARAWILA', 'CSO011704042', '2019-06-14', 66, 14878.7, 10955),
('PUT00397', 'DR UPALI AMARASINGHE', 'CHILAW', 'CSO011704048', '2019-06-14', 66, 6865, 6865),
('PUT03357', 'Dr Rohan Ekanayake', 'CHILAW', 'CSO011704049', '2019-06-14', 66, 4780, 4780),
('PUT03251', 'New Seth Pharmacy', 'CHILAW', 'CSO011704054', '2019-06-17', 63, 14079.3, 6254.3),
('GAM00148', 'GIMSHANI PHARMACY', 'Kandana', 'CSO011704058', '2019-06-17', 63, 5724.6, 5724.6),
('GAM00151', 'HEALTH LINE PHARMACY', 'Kandana', 'CSO011704062', '2019-06-17', 63, 8682.7, 7408.7),
('GAM00145', 'HANSI PHARMACY', 'Kandana', 'CSO011704064', '2019-06-17', 63, 9622.3, 9622.3),
('GAM00174', 'NILMINI PHARMACY', 'JA-ELA', 'CSO011704069', '2019-06-17', 63, 13253.9, 13253.9),
('GAM00165', 'CITY PHARMACY', 'JA-ELA', 'CSO011704074', '2019-06-17', 63, 7028.9, 7028.9),
('GAM00160', 'ROSHINI PHARMACY', 'JA-ELA', 'CSO011704078', '2019-06-18', 62, 2191, 2191),
('PUT03251', 'New Seth Pharmacy', 'CHILAW', 'CSO011704080', '2019-06-20', 60, 15650, 15650),
('PUT00349', 'SITHUMINA PHARMACY', 'MARAWILA', 'CSO011704081', '2019-06-21', 59, 2316, 2316),
('GAM00215', 'SUWASALA PHARMACY', 'MINUWANGODA', 'CSO011704082', '2019-06-18', 62, 6800.4, 6800.4),
('GAM00147', 'CITY PHARMACY', 'Kandana', 'CSO011704091', '2019-06-18', 62, 8340.4, 8340.4),
('GAM00218', 'INDRA PHARMACY', 'MINUWANGODA', 'CSO011704099', '2019-06-19', 61, 20174.4, 16893.7),
('GAM00245', 'DUNAGAHA OSUSALA', 'DIVULAPITIYA', 'CSO011704103', '2019-06-19', 61, 5283.8, 5283.8),
('GAM00242', 'LAKRUWAN PHARMACY', 'DIVULAPITIYA', 'CSO011704109', '2019-06-19', 61, 19034.3, 19034.3),
('GAM03253', 'Jeewanthi Osusala', 'DIVULAPITIYA', 'CSO011704111', '2019-06-19', 61, 24533.1, 24533.1),
('GAM00218', 'INDRA PHARMACY', 'MINUWANGODA', 'CSO011704113', '2019-06-20', 60, 2693, 2693),
('PUT00349', 'SITHUMINA PHARMACY', 'MARAWILA', 'CSO011704133', '2019-06-21', 59, 2184.6, 2184.6),
('GAM00272', 'THE LANKA PHARMACY', 'Negombo', 'CSO011704135', '2019-06-21', 59, 93860.2, 88595.5),
('GAM00278', 'THENUKA PHARMACY', 'Negombo', 'CSO011704137', '2019-07-01', 49, 9635.65, 9635.65),
('GAM00254', 'NEW CRYSTAL PHARMACY', 'Negombo', 'CSO011704139', '2019-07-01', 49, 15377.1, 15377.1),
('GAM00262', 'NEW CENTRAL PHARMACY', 'Negombo', 'CSO011704150', '2019-06-22', 58, 10894.7, 10894.7),
('GAM00239', 'THE NEW PHARMACY', 'DIVULAPITIYA', 'CSO011704154', '2019-06-22', 58, 16098.9, 16098.9),
('GAM00277', 'JAYAKODY PHARMACY', 'Negombo', 'CSO011704161', '2019-06-24', 56, 847.5, 847.5),
('GAM00299', 'K S A MEDICAL', 'KOCHCHIKADE', 'CSO011704167', '2019-06-24', 56, 14094.2, 13622.9),
('PUT00349', 'SITHUMINA PHARMACY', 'MARAWILA', 'CSO011704171', '2019-06-25', 55, 6790, 6790),
('GAM03302', 'New Lanka Pharmacy', 'Negombo', 'CSO011704173', '2019-06-26', 54, 60510, 60510),
('GAM00315', 'NIMESHA PHARMACY', 'KOCHCHIKADE', 'CSO011704175', '2019-06-24', 56, 3851.7, 3851.7),
('GAM03339', 'Dr Samankula', 'Kandana', 'CSO011704176', '2019-06-24', 56, 7302.5, 6.5),
('GAM00312', 'DANKOTUWA MEDICAL', 'KOCHCHIKADE', 'CSO011704179', '2019-06-24', 56, 7912.2, 7912.2),
('PUT00434', 'NEW J  C PHARMACY', 'Puttalam', 'CSO011704191', '2019-06-25', 55, 4341.5, 4341.5),
('PUT03241', 'Chandrika Medical', 'WENNAPPUWA', 'CSO011704193', '2019-06-25', 55, 4546.3, 4546.3),
('PUT00324', 'ROYAL PHARMACY', 'WENNAPPUWA', 'CSO011704195', '2019-07-01', 49, 4666.5, 2813.9),
('PUT00321', 'GAYASHA PHARMACY', 'WENNAPPUWA', 'CSO011704198', '2019-06-25', 55, 1797.9, 855.3),
('PUT00336', 'SARANI PHARMACY', 'WENNAPPUWA', 'CSO011704202', '2019-06-25', 55, 4445.1, 3973.8),
('PUT00355', 'ST JUDE PHARMACY', 'MARAWILA', 'CSO011704208', '2019-06-26', 54, 5342.8, 5342.8),
('GAM03246', 'New Pharmacy', 'Negombo', 'CSO011704211', '2019-06-26', 54, 8832.5, 8832.5),
('PUT00349', 'SITHUMINA PHARMACY', 'MARAWILA', 'CSO011704221', '2019-06-26', 54, 15545.4, 15545.4),
('PUT03229', 'Westline Pharmaceuticals', 'MARAWILA', 'CSO011704224', '2019-06-27', 53, 7156.9, 540.9),
('PUT00362', 'NALAKA PHARMACY', 'MARAWILA', 'CSO011704225', '2019-06-27', 53, 11198.7, 9773.6),
('PUT00400', 'OSETH PHARMACY', 'KULIYAPITIYA', 'CSO011704226', '2019-06-27', 53, 16876, 16876),
('PUT00409', 'SUWANI PHARMACY', 'KULIYAPITIYA', 'CSO011704231', '2019-06-27', 53, 14043.3, 14043.3),
('PUT00408', 'K.M.G HOSPITAL', 'KULIYAPITIYA', 'CSO011704233', '2019-06-27', 53, 15436.4, 13640.4),
('PUT00404', 'SUWANETH PHARMACY', 'KULIYAPITIYA', 'CSO011704238', '2019-06-27', 53, 13735.6, 0.6),
('GAM00259', 'UNIQUE PHARMACY', 'Negombo', 'CSO011704240', '2019-06-28', 52, 19350, 19350),
('PUT03251', 'New Seth Pharmacy', 'CHILAW', 'CSO011704241', '2019-06-28', 52, 7871.8, 7871.8),
('PUT00382', 'CITY PHARMACY', 'CHILAW', 'CSO011704243', '2019-06-28', 52, 11419.2, 10537.5),
('PUT00373', 'SUWANA HOSPITAL', 'CHILAW', 'CSO011704247', '2019-06-28', 52, 8755.6, 1965.6),
('PUT00381', 'AROMA PHARMACY', 'CHILAW', 'CSO011704249', '2019-06-28', 52, 5136.2, 4987),
('GAM03302', 'New Lanka Pharmacy', 'Negombo', 'CSO011704250', '2019-06-29', 51, 102265, 102265),
('PUT00393', 'DR ERANGA INDRAJITH', 'CHILAW', 'CSO011704254', '2019-06-29', 51, 26676.7, 26676.7),
('GAM03308', 'Dr Sujith Nonis', 'JA-ELA', 'CSO011704261', '2019-07-01', 49, 8190, 8190),
('GAMP004349', 'Dr Lasantha Somarathne', 'Kandana', 'CSO011704262', '2019-07-01', 49, 1820, 1820),
('PUT00418', 'DR ROHAN KERAGALA', 'KULIYAPITIYA', 'CSO011704265', '2019-07-01', 49, 956, 956),
('GAM03493', 'Dr.Viraj Peramuna', 'JA-ELA', 'CSO011704266', '2019-07-01', 49, 12720, 12720),
('GAM00187', 'DR A  SELLAMUTHTHU', 'JA-ELA', 'CSO011704267', '2019-07-01', 49, 7847.4, 7847.4),
('GAM03240', 'Nawaloka Hospital', 'Negombo', 'CSO011704278', '2019-07-02', 48, 7013.1, 7013.1),
('GAMP005399', 'Dr Dinesh Abesinghe', 'JA-ELA', 'CSO011704279', '2019-07-02', 48, 6086, 6086),
('PUT00373', 'SUWANA HOSPITAL', 'CHILAW', 'CSO011704287', '2019-07-02', 48, 22555.2, 22555.2),
('GAM00170', 'PJ ENTERPRISES', 'JA-ELA', 'CSO011704290', '2019-07-02', 48, 74826.9, 74826.9),
('GAM00153', 'ST ANNES PHARMACY', 'Kandana', 'CSO011704295', '2019-07-02', 48, 1805.2, 206.9),
('GAM00182', 'ST JOSHEPS PHARMACY', 'JA-ELA', 'CSO011704301', '2019-07-02', 48, 14719.4, 11251.8),
('GAMP004368', 'Shris lanka', 'Negombo', 'CSO011704308', '2019-07-03', 47, 2268.6, 2268.6),
('GAM00203', 'ORIENT PHARMACY', 'SEEDUWA', 'CSO011704310', '2019-07-03', 47, 18641.6, 18641.6),
('GAM00202', 'NEW ST. JOSHEP PHARMACY', 'SEEDUWA', 'CSO011704312', '2019-07-03', 47, 9820.5, 8381.1),
('GAM03264', 'Niroga Pharmacy', 'Negombo', 'CSO011704321', '2019-07-04', 46, 4596, 4596),
('GAM00255', 'J  J PHARMACY', 'Negombo', 'CSO011704327', '2019-07-04', 46, 3130, 3130),
('GAM00277', 'JAYAKODY PHARMACY', 'Negombo', 'CSO011704329', '2019-07-04', 46, 10848.5, 10295.8),
('GAM00279', 'MAHAJANA OSUSALA', 'Negombo', 'CSO011704331', '2019-07-04', 46, 5504.6, 4088.6),
('GAM00280', 'ASIRI PHARMACY', 'Negombo', 'CSO011704332', '2019-07-04', 46, 7729, 7729),
('PUTT004569', 'Dr. Neel Jayasundara', 'Puttalam', 'CSO011704337', '2019-07-08', 42, 6295, 6295),
('PUT00415', 'DR D.M.S DISSANAYKE', 'KULIYAPITIYA', 'CSO011704338', '2019-07-05', 45, 8291, 8291),
('GAM00285', 'SHANTHI PHARMACY', 'Negombo', 'CSO011704339', '2019-07-05', 45, 16381.4, 16381.4),
('GAM00271', 'BETTERHEALTH PHARMACY', 'Negombo', 'CSO011704342', '2019-07-05', 45, 23089.6, 23089.6),
('GAM00314', 'NEEROGA PHARMACY', 'KOCHCHIKADE', 'CSO011704345', '2019-07-05', 45, 4720.8, 4720.8),
('PUT00390', 'DR ARUNA PATHIRANA', 'CHILAW', 'CSO011704347', '2019-07-05', 45, 26158, 26158),
('GAM00262', 'NEW CENTRAL PHARMACY', 'Negombo', 'CSO011704348', '2019-07-05', 45, 23938, 23236.2),
('GAM00254', 'NEW CRYSTAL PHARMACY', 'Negombo', 'CSO011704349', '2019-07-05', 45, 28404.2, 28404.2),
('GAM00261', 'X LAB PHARMACY', 'Negombo', 'CSO011704351', '2019-07-05', 45, 3997.5, 3997.5),
('GAM00261', 'X LAB PHARMACY', 'Negombo', 'CSO011704352', '2019-07-05', 45, 1592.15, 1592.15),
('GAM00259', 'UNIQUE PHARMACY', 'Negombo', 'CSO011704353', '2019-07-05', 45, 1592.15, 1592.15),
('GAM00259', 'UNIQUE PHARMACY', 'Negombo', 'CSO011704354', '2019-07-05', 45, 32358, 32358),
('PUT00373', 'SUWANA HOSPITAL', 'CHILAW', 'CSO011704357', '2019-07-05', 45, 10185, 10185),
('GAM00256', 'ROBERT  MEDICALS', 'Negombo', 'CSO011704359', '2019-07-06', 44, 3060.3, 3060.3),
('GAM00222', 'CENTRAL DIVINE', 'MINUWANGODA', 'CSO011704360', '2019-07-06', 44, 12310.6, 12310.6),
('GAM00278', 'THENUKA PHARMACY', 'Negombo', 'CSO011704362', '2019-07-08', 42, 5289, 4770.6),
('GAM00288', 'SHANTHI PHARMACY', 'Negombo', 'CSO011704364', '2019-07-08', 42, 8419.5, 8419.5),
('GAM00256', 'ROBERT  MEDICALS', 'Negombo', 'CSO011704366', '2019-07-08', 42, 7384.2, 7384.2),
('GAM00266', 'ORIENT PHARMACY', 'Negombo', 'CSO011704367', '2019-07-08', 42, 4879.7, 4879.7),
('PUT00393', 'DR ERANGA INDRAJITH', 'CHILAW', 'CSO011704369', '2019-07-08', 42, 4475, 4475),
('PUT00425', 'HANYU PHARMACY', 'Puttalam', 'CSO011704375', '2019-07-08', 42, 5149, 5149),
('GAM03240', 'Nawaloka Hospital', 'Negombo', 'CSO011704378', '2019-07-09', 41, 11971.7, 9721.5),
('GAM03253', 'Jeewanthi Osusala', 'DIVULAPITIYA', 'CSO011704379', '2019-07-10', 40, 21584, 21584),
('GAM00315', 'NIMESHA PHARMACY', 'KOCHCHIKADE', 'CSO011704382', '2019-07-10', 40, 2652.1, 2652.1),
('GAM00314', 'NEEROGA PHARMACY', 'KOCHCHIKADE', 'CSO011704383', '2019-07-10', 40, 9763.6, 9763.6),
('GAMP005375', 'Thudella Pharmacy', 'JA-ELA', 'CSO011704384', '2019-07-11', 39, 3130, 3130),
('GAM00313', 'OSHIDI MEDICALS', 'KOCHCHIKADE', 'CSO011704386', '2019-07-10', 40, 8389.5, 8389.5),
('GAM00218', 'INDRA PHARMACY', 'MINUWANGODA', 'CSO011704388', '2019-07-10', 40, 7847.4, 7847.4),
('GAM00225', 'NEW CHALANI PHARMACY', 'MINUWANGODA', 'CSO011704389', '2019-07-10', 40, 8350.8, 8350.8),
('GAM00310', 'THE BRITISH PHARMACY', 'KOCHCHIKADE', 'CSO011704390', '2019-07-10', 40, 13806.4, 11640.7),
('GAM00304', 'TRUST CHEMIST', 'KOCHCHIKADE', 'CSO011704391', '2019-07-10', 40, 5741.7, 5741.7),
('GAM00306', 'CHAMPIKA MEDICAL', 'KOCHCHIKADE', 'CSO011704392', '2019-07-10', 40, 16635.6, 15043.5),
('GAM03221', 'Asoka Pharmacy', 'Negombo', 'CSO011704397', '2019-07-11', 39, 9189.2, 9189.2),
('PUT00321', 'GAYASHA PHARMACY', 'WENNAPPUWA', 'CSO011704398', '2019-07-11', 39, 5305.9, 5305.9),
('GAM03595', 'Dr Prasad Fernando', 'SEEDUWA', 'CSO011704400', '2019-07-15', 35, 4627.5, 4627.5),
('GAMP004154', 'Dr Sisira Vidanagamage', 'SEEDUWA', 'CSO011704402', '2019-07-15', 35, 2710.4, 2710.4),
('PUT00332', 'PRADEEP PHARMACY', 'WENNAPPUWA', 'CSO011704403', '2019-07-11', 39, 994.3, 547.8),
('PUT00333', 'NEW ST JOSHEP PHARMACY', 'WENNAPPUWA', 'CSO011704404', '2019-07-11', 39, 3498.9, 3498.9),
('PUT00336', 'SARANI PHARMACY', 'WENNAPPUWA', 'CSO011704405', '2019-07-11', 39, 1033.2, 1033.2),
('PUT00338', 'HOME NEEDS PHARMACY', 'WENNAPPUWA', 'CSO011704407', '2019-07-11', 39, 3819.4, 3819.4),
('PUT00331', 'RANMINA PHARMACY', 'WENNAPPUWA', 'CSO011704409', '2019-07-11', 39, 10457.6, 10457.6),
('PUT00340', 'NEW WESTRAN PHARMACY', 'WENNAPPUWA', 'CSO011704412', '2019-07-17', 33, 50415.6, 44511.4),
('GAM00259', 'UNIQUE PHARMACY', 'Negombo', 'CSO011704413', '2019-07-12', 38, 11598, 11598),
('PUT00331', 'RANMINA PHARMACY', 'WENNAPPUWA', 'CSO011704415', '2019-07-12', 38, 16010.5, 16010.5),
('PUT00358', 'SISILA MULTY SHOP', 'MARAWILA', 'CSO011704418', '2019-07-13', 37, 9024.2, 9024.2),
('PUT00354', 'PAVITHRA PHARMACY', 'MARAWILA', 'CSO011704421', '2019-07-13', 37, 5979.5, 5979.5),
('PUT00364', 'SANTHANA PHARMACY', 'MARAWILA', 'CSO011704423', '2019-07-13', 37, 5357.7, 4072.6),
('PUT00355', 'ST JUDE PHARMACY', 'MARAWILA', 'CSO011704424', '2019-07-13', 37, 3130, 3130),
('PUT00366', 'THE BRITISH  STORES', 'MARAWILA', 'CSO011704426', '2019-07-13', 37, 10649.7, 9939.1),
('PUT00362', 'NALAKA PHARMACY', 'MARAWILA', 'CSO011704427', '2019-07-13', 37, 8763.3, 8763.3),
('PUT00361', 'ARALIYA PHARMACY', 'MARAWILA', 'CSO011704428', '2019-07-13', 37, 12496.4, 8277.4),
('GAM00202', 'NEW ST. JOSHEP PHARMACY', 'SEEDUWA', 'CSO011704430', '2019-07-15', 35, 2615.8, 2615.8),
('GAM00279', 'MAHAJANA OSUSALA', 'Negombo', 'CSO011704431', '2019-07-15', 35, 20055.3, 18483.8),
('GAM03306', 'Dr. NISHANTHA WIKRAMASINHA', 'JA-ELA', 'CSO011704432', '2019-07-15', 35, 8198, 8198),
('GAM00233', 'DR SALIYA BOMBUWALA', 'MINUWANGODA', 'CSO011704433', '2019-07-20', 30, 4696, 4696),
('GAM00235', 'DR K R G UPASHANTHA', 'MINUWANGODA', 'CSO011704435', '2019-07-15', 35, 3132.5, 3132.5),
('GAM00296', 'S  S MEDICAL', 'Negombo', 'CSO011704436', '2019-07-15', 35, 115810, 115810),
('PUT00372', 'HEALTHY CARE PHARMACY', 'CHILAW', 'CSO011704437', '2019-07-24', 26, 9536, 9536),
('PUT00388', 'SUHADA PHARMACY', 'CHILAW', 'CSO011704438', '2019-07-15', 35, 7152, 7152),
('GAM00170', 'PJ ENTERPRISES', 'JA-ELA', 'CSO011704439', '2019-07-15', 35, 12540, 12540),
('GAM00259', 'UNIQUE PHARMACY', 'Negombo', 'CSO011704440', '2019-07-15', 35, 14502, 14502),
('GAM00151', 'HEALTH LINE PHARMACY', 'Kandana', 'CSO011704442', '2019-07-15', 35, 6124.8, 6124.8),
('GAM00147', 'CITY PHARMACY', 'Kandana', 'CSO011704446', '2019-07-15', 35, 12494.6, 12494.6),
('GAM00153', 'ST ANNES PHARMACY', 'Kandana', 'CSO011704448', '2019-07-15', 35, 3881.3, 3881.3),
('GAM00154', 'SETHSIRI PHARMACY', 'Kandana', 'CSO011704449', '2019-07-15', 35, 14463, 14463),
('GAM03240', 'Nawaloka Hospital', 'Negombo', 'CSO011704451', '2019-07-15', 35, 7968.4, 7968.4),
('PUT00349', 'SITHUMINA PHARMACY', 'MARAWILA', 'CSO011704453', '2019-07-15', 35, 5477.5, 5477.5),
('PUT00349', 'SITHUMINA PHARMACY', 'MARAWILA', 'CSO011704455', '2019-07-17', 33, 16584.1, 16584.1),
('GAM00139', 'RILLAULLA PHARMACY', 'Kandana', 'CSO011704457', '2019-07-17', 33, 25961.4, 1030),
('GAM00140', 'SETHMA PHARMACY', 'Kandana', 'CSO011704460', '2019-07-17', 33, 33841.9, 33841.9),
('GAM00180', 'PAMUNUGAMA PHARMACY', 'JA-ELA', 'CSO011704466', '2019-07-18', 32, 9709, 9709),
('GAM00171', 'NAWA OSUSALA', 'JA-ELA', 'CSO011704467', '2019-07-18', 32, 11262.3, 11262.3),
('GAM00279', 'MAHAJANA OSUSALA', 'Negombo', 'CSO011704469', '2019-07-18', 32, 1425.5, 1425.5),
('GAM00204', 'LAXSIRI PHARMACY', 'SEEDUWA', 'CSO011704471', '2019-07-18', 32, 4325.5, 3948.3),
('GAM00202', 'NEW ST. JOSHEP PHARMACY', 'SEEDUWA', 'CSO011704474', '2019-07-18', 32, 6121, 6121),
('GAM00193', 'ST. JUDE PHARMACY', 'SEEDUWA', 'CSO011704475', '2019-07-18', 32, 34127.3, 34127.3),
('GAM00196', 'ASIRI PHARMACY', 'SEEDUWA', 'CSO011704476', '2019-07-18', 32, 1130, 1130),
('GAM00200', 'PAMUNUGAMA OSUSALA', 'SEEDUWA', 'CSO011704478', '2019-07-18', 32, 10184.9, 10184.9),
('GAM00199', 'THE RADDOLUGAMA PHARMACY', 'SEEDUWA', 'CSO011704480', '2019-07-18', 32, 5449.7, 5449.7),
('GAM00201', 'SRILAK PHARMACY', 'SEEDUWA', 'CSO011704482', '2019-07-18', 32, 3413.8, 3413.8),
('PUT00373', 'SUWANA HOSPITAL', 'CHILAW', 'CSO011704486', '2019-07-19', 31, 18240, 18240),
('GAM00250', 'MADURI PHARMACY', 'DIVULAPITIYA', 'CSO011704488', '2019-07-19', 31, 16608.5, 16608.5),
('GAM00240', 'WIJAYAMINI PHARMACY', 'DIVULAPITIYA', 'CSO011704489', '2019-07-19', 31, 11850.4, 11850.4),
('GAM00247', 'NAWA OSUSALA', 'DIVULAPITIYA', 'CSO011704490', '2019-07-19', 31, 6091.4, 4902.8),
('GAM00237', 'OSADA PHARMACY', 'DIVULAPITIYA', 'CSO011704491', '2019-07-19', 31, 37338.5, 36022.7),
('GAM00241', 'M.P.C.S  OSUSALA', 'DIVULAPITIYA', 'CSO011704492', '2019-07-19', 31, 4382, 4382),
('GAM00245', 'DUNAGAHA OSUSALA', 'DIVULAPITIYA', 'CSO011704493', '2019-07-19', 31, 10651.7, 10651.7),
('GAM00242', 'LAKRUWAN PHARMACY', 'DIVULAPITIYA', 'CSO011704494', '2019-07-19', 31, 20170, 20170),
('PUT00344', 'DR THILAK N RANASINGHE', 'WENNAPPUWA', 'CSO011704495', '2019-07-20', 30, 13711, 13711),
('GAM03253', 'Jeewanthi Osusala', 'DIVULAPITIYA', 'CSO011704497', '2019-07-22', 28, 38429, 38429),
('GAM00227', 'ORIENT PHARMACY', 'MINUWANGODA', 'CSO011704499', '2019-07-22', 28, 24574.8, 24574.8),
('GAM00222', 'CENTRAL DIVINE', 'MINUWANGODA', 'CSO011704500', '2019-07-22', 28, 50432.2, 47712.2),
('GAM00255', 'J  J PHARMACY', 'Negombo', 'CSO011704501', '2019-07-22', 28, 3675.9, 3675.9),
('GAM00228', 'PEOPLES PHARMACY', 'MINUWANGODA', 'CSO011704502', '2019-07-22', 28, 11174.5, 11174.5),
('GAM00221', 'SAHANA OSOSALA', 'MINUWANGODA', 'CSO011704503', '2019-07-22', 28, 20207.1, 20207.1),
('GAM00225', 'NEW CHALANI PHARMACY', 'MINUWANGODA', 'CSO011704504', '2019-07-22', 28, 7626.3, 1324.5),
('GAM00218', 'INDRA PHARMACY', 'MINUWANGODA', 'CSO011704506', '2019-07-22', 28, 33016.6, 33016.6),
('GAM00223', 'NANDANA PHARMACY', 'MINUWANGODA', 'CSO011704508', '2019-07-22', 28, 29621.2, 29621.2),
('GAM00215', 'SUWASALA PHARMACY', 'MINUWANGODA', 'CSO011704509', '2019-07-22', 28, 7670.9, 7670.9),
('GAM00297', 'AVE MARIA PHARMACY', 'Negombo', 'CSO011704511', '2019-07-22', 28, 6280, 6280),
('GAM00262', 'NEW CENTRAL PHARMACY', 'Negombo', 'CSO011704512', '2019-07-22', 28, 6561.4, 6561.4),
('PUT00400', 'OSETH PHARMACY', 'KULIYAPITIYA', 'CSO011704513', '2019-07-22', 28, 15643.2, 15643.2),
('PUT00401', 'DEEGAYU PHARMACY', 'KULIYAPITIYA', 'CSO011704514', '2019-07-22', 28, 3378, 3378),
('PUT00410', 'ASHEN PHARMACY', 'KULIYAPITIYA', 'CSO011704515', '2019-07-22', 28, 38953.6, 38953.6),
('PUT00403', 'MADHARA PHARMACY', 'KULIYAPITIYA', 'CSO011704516', '2019-07-22', 28, 26405.8, 26405.8),
('PUT00406', 'ISURU PHARMACY', 'KULIYAPITIYA', 'CSO011704517', '2019-07-22', 28, 16884.5, 16884.5),
('PUT00403', 'MADHARA PHARMACY', 'KULIYAPITIYA', 'CSO011704519', '2019-07-22', 28, 2832, 2832),
('GAM03302', 'New Lanka Pharmacy', 'Negombo', 'CSO011704520', '2019-07-31', 19, 8604, 8604),
('GAM00269', 'SUWASARANA OSUSALA', 'Negombo', 'CSO011704521', '2019-07-23', 27, 9907, 9907),
('PUT00404', 'SUWANETH PHARMACY', 'KULIYAPITIYA', 'CSO011704522', '2019-07-22', 28, 43100.8, 41798.9),
('PUT00407', 'SAMADHI PHARMACY', 'KULIYAPITIYA', 'CSO011704523', '2019-07-22', 28, 5691.6, 5691.6),
('PUT00412', 'SETHSUWA PHARMACY', 'KULIYAPITIYA', 'CSO011704524', '2019-07-23', 27, 6018.7, 6018.7),
('PUT00412', 'SETHSUWA PHARMACY', 'KULIYAPITIYA', 'CSO011704525', '2019-07-23', 27, 4225.5, 4225.5),
('PUT03397', 'K.M.G Suwasewa Pharmacy 2', 'KULIYAPITIYA', 'CSO011704526', '2019-07-23', 27, 5066.4, 5066.4),
('PUT00409', 'SUWANI PHARMACY', 'KULIYAPITIYA', 'CSO011704527', '2019-07-23', 27, 11164.7, 11164.7),
('GAM00259', 'UNIQUE PHARMACY', 'Negombo', 'CSO011704530', '2019-07-23', 27, 46485, 46485),
('GAM00269', 'SUWASARANA OSUSALA', 'Negombo', 'CSO011704531', '2019-07-23', 27, 6094.8, 6094.8),
('PUT03251', 'New Seth Pharmacy', 'CHILAW', 'CSO011704532', '2019-07-23', 27, 8020.6, 8020.6),
('PUT00373', 'SUWANA HOSPITAL', 'CHILAW', 'CSO011704534', '2019-07-23', 27, 19900.1, 19900.1),
('PUT00382', 'CITY PHARMACY', 'CHILAW', 'CSO011704535', '2019-07-23', 27, 11186.7, 11186.7),
('PUT00373', 'SUWANA HOSPITAL', 'CHILAW', 'CSO011704536', '2019-07-23', 27, 5114, 5114),
('PUT00388', 'SUHADA PHARMACY', 'CHILAW', 'CSO011704538', '2019-07-23', 27, 42145.1, 42145.1),
('PUT00393', 'DR ERANGA INDRAJITH', 'CHILAW', 'CSO011704540', '2019-07-23', 27, 10502, 10502),
('PUT00386', 'ROYAL PHARMACY 2', 'CHILAW', 'CSO011704541', '2019-07-23', 27, 38457.7, 38457.7),
('GAM03240', 'Nawaloka Hospital', 'Negombo', 'CSO011704542', '2019-07-23', 27, 7884.85, 6700.6),
('PUT00398', 'DR SALINGA  WEERASENA', 'CHILAW', 'CSO011704543', '2019-07-23', 27, 2191, 2191),
('PUT00372', 'HEALTHY CARE PHARMACY', 'CHILAW', 'CSO011704544', '2019-07-23', 27, 27693.2, 27693.2),
('PUT00380', 'NEW PHARMACY', 'CHILAW', 'CSO011704550', '2019-07-24', 26, 17672.7, 13492.8),
('PUT00393', 'DR ERANGA INDRAJITH', 'CHILAW', 'CSO011704551', '2019-07-24', 26, 3553, 3553),
('PUT00377', 'SETHSIRI PHARMACY', 'CHILAW', 'CSO011704552', '2019-07-24', 26, 11790.5, 11790.5),
('PUT03357', 'Dr Rohan Ekanayake', 'CHILAW', 'CSO011704554', '2019-07-24', 26, 6447.5, 6447.5),
('GAM00256', 'ROBERT  MEDICALS', 'Negombo', 'CSO011704555', '2019-07-24', 26, 5528.7, 5528.7),
('GAM00254', 'NEW CRYSTAL PHARMACY', 'Negombo', 'CSO011704559', '2019-07-24', 26, 33115.7, 28867.7),
('GAM00261', 'X LAB PHARMACY', 'Negombo', 'CSO011704560', '2019-07-24', 26, 9667.65, 1575.55),
('GAM00269', 'SUWASARANA OSUSALA', 'Negombo', 'CSO011704561', '2019-07-24', 26, 2209.2, 2209.2),
('GAM00260', 'NEW LEO PHARMACY', 'Negombo', 'CSO011704562', '2019-07-24', 26, 14248.1, 14248.1),
('GAM00259', 'UNIQUE PHARMACY', 'Negombo', 'CSO011704563', '2019-07-24', 26, 42677, 28552),
('GAM00253', 'RELIANCE PHARMACY', 'Negombo', 'CSO011704564', '2019-07-24', 26, 27177.5, 25825.7),
('GAM00285', 'SHANTHI PHARMACY', 'Negombo', 'CSO011704566', '2019-07-24', 26, 8930, 8930),
('PUT00361', 'ARALIYA PHARMACY', 'MARAWILA', 'CSO011704567', '2019-07-25', 25, 4596, 4596),
('GAM00268', 'S  G MEDICALS', 'Negombo', 'CSO011704568', '2019-07-25', 25, 1333.75, 1333.75),
('GAM00279', 'MAHAJANA OSUSALA', 'Negombo', 'CSO011704569', '2019-07-25', 25, 1906, 956),
('GAM00288', 'SHANTHI PHARMACY', 'Negombo', 'CSO011704572', '2019-07-25', 25, 2045.5, 2045.5),
('GAM00287', 'UNION PHARMACY', 'Negombo', 'CSO011704573', '2019-07-25', 25, 10413.7, 10413.7),
('GAM03518', 'Negombo Drugs', 'Negombo', 'CSO011704574', '2019-07-25', 25, 3745, 3745),
('GAM00262', 'NEW CENTRAL PHARMACY', 'Negombo', 'CSO011704575', '2019-07-25', 25, 10120.9, 10120.9),
('GAM00263', 'CITY MEDICALS', 'Negombo', 'CSO011704576', '2019-07-25', 25, 5588.7, 4742.7),
('GAM00292', 'SUPER MEDICALS', 'Negombo', 'CSO011704579', '2019-07-25', 25, 56396.3, 56396.3),
('PUTT003255', 'Dr Namal Priyankara', 'KULIYAPITIYA', 'CSO011704581', '2019-07-29', 21, 8950, 8950),
('PUTT003610', 'Dr W A W Weerasinghe', 'KULIYAPITIYA', 'CSO011704582', '2019-07-29', 21, 9118, 9118),
('GAMP005187', 'Dr Aloka Jayamanna', 'SEEDUWA', 'CSO011704583', '2019-07-31', 19, 4780, 4780),
('GAM00187', 'DR A  SELLAMUTHTHU', 'JA-ELA', 'CSO011704584', '2019-07-31', 19, 5858.2, 4963.2),
('GAM03493', 'Dr.Viraj Peramuna', 'JA-ELA', 'CSO011704587', '2019-07-27', 23, 4475, 4475),
('PUTT003255', 'Dr Namal Priyankara', 'KULIYAPITIYA', 'CSO011704588', '2019-07-29', 21, 18285.5, 18285.5),
('PUTT003610', 'Dr W A W Weerasinghe', 'KULIYAPITIYA', 'CSO011704589', '2019-07-29', 21, 6790, 6790),
('GAM00140', 'SETHMA PHARMACY', 'Kandana', 'CSO011704590', '2019-07-27', 23, 4736, 4736),
('GAM00259', 'UNIQUE PHARMACY', 'Negombo', 'CSO011704591', '2019-07-27', 23, 6861.6, 6861.6),
('GAM00316', 'ROYAL PHARMACY', 'KOCHCHIKADE', 'CSO011704592', '2019-07-29', 21, 18530.5, 18530.5),
('GAM00314', 'NEEROGA PHARMACY', 'KOCHCHIKADE', 'CSO011704593', '2019-07-29', 21, 6340.6, 6340.6),
('GAM00313', 'OSHIDI MEDICALS', 'KOCHCHIKADE', 'CSO011704594', '2019-07-29', 21, 9483.9, 7927.8),
('GAM00312', 'DANKOTUWA MEDICAL', 'KOCHCHIKADE', 'CSO011704595', '2019-07-29', 21, 17992.5, 17567.9),
('GAM00310', 'THE BRITISH PHARMACY', 'KOCHCHIKADE', 'CSO011704596', '2019-07-29', 21, 16301, 16301),
('GAM00304', 'TRUST CHEMIST', 'KOCHCHIKADE', 'CSO011704597', '2019-07-29', 21, 6624.4, 6624.4),
('GAM00306', 'CHAMPIKA MEDICAL', 'KOCHCHIKADE', 'CSO011704599', '2019-07-29', 21, 17419.3, 9024.1),
('GAM03302', 'New Lanka Pharmacy', 'Negombo', 'CSO011704600', '2019-07-31', 19, 83392, 83392),
('PUT00321', 'GAYASHA PHARMACY', 'WENNAPPUWA', 'CSO011704601', '2019-07-29', 21, 8559.4, 8559.4),
('PUT00334', 'SADUNI PHARMACY', 'WENNAPPUWA', 'CSO011704602', '2019-07-29', 21, 2191, 2191),
('PUT00336', 'SARANI PHARMACY', 'WENNAPPUWA', 'CSO011704603', '2019-07-29', 21, 12040.8, 12040.8),
('PUT00333', 'NEW ST JOSHEP PHARMACY', 'WENNAPPUWA', 'CSO011704604', '2019-07-29', 21, 1307.9, 1307.9),
('PUT00331', 'RANMINA PHARMACY', 'WENNAPPUWA', 'CSO011704607', '2019-07-29', 21, 4776.3, 4776.3),
('GAM00306', 'CHAMPIKA MEDICAL', 'KOCHCHIKADE', 'CSO011704610', '2019-07-29', 21, 10016, 7825),
('PUT00366', 'THE BRITISH  STORES', 'MARAWILA', 'CSO011704612', '2019-07-30', 20, 18657.3, 17551.9),
('PUT00367', 'JAYASIRI PHARMACY', 'MARAWILA', 'CSO011704613', '2019-07-30', 20, 11700, 11700),
('PUT00326', 'W.MENDIS CHEMIST', 'WENNAPPUWA', 'CSO011704614', '2019-07-30', 20, 5725.9, 2595.9),
('PUT00362', 'NALAKA PHARMACY', 'MARAWILA', 'CSO011704615', '2019-07-30', 20, 10068.8, 10068.8),
('PUT00361', 'ARALIYA PHARMACY', 'MARAWILA', 'CSO011704617', '2019-07-30', 20, 8759.7, 3282.2),
('PUT00364', 'SANTHANA PHARMACY', 'MARAWILA', 'CSO011704618', '2019-07-30', 20, 1265.7, 1265.7),
('GAM00173', 'ST. JOSHEP PHARMACY', 'JA-ELA', 'CSO011704619', '2019-07-30', 20, 3905, 3905),
('GAM00139', 'RILLAULLA PHARMACY', 'Kandana', 'CSO011704620', '2019-07-30', 20, 18189.5, 18189.5),
('GAM00272', 'THE LANKA PHARMACY', 'Negombo', 'CSO011704622', '2019-07-30', 20, 66422.8, 62389.8),
('GAM00140', 'SETHMA PHARMACY', 'Kandana', 'CSO011704624', '2019-07-30', 20, 15650, 15650),
('GAMP005278', 'Royal Pharmacy-Kandana', 'Kandana', 'CSO011704625', '2019-07-30', 20, 6683.4, 5336.9),
('GAM00151', 'HEALTH LINE PHARMACY', 'Kandana', 'CSO011704627', '2019-07-30', 20, 1478, 1478),
('GAM00188', 'DR J P MAYADUNNA', 'JA-ELA', 'CSO011704630', '2019-07-30', 20, 22980, 22980),
('GAM00283', 'SUPREME PHARMACY', 'Negombo', 'CSO011704632', '2019-07-31', 19, 5469.8, 5469.8),
('GAM00181', 'BOPITIYA PHARMACY', 'JA-ELA', 'CSO011704633', '2019-07-31', 19, 14403.7, 11123),
('GAM00194', 'SEEDUWA OSUSALA', 'SEEDUWA', 'CSO011704634', '2019-07-31', 19, 6505.25, 6505.25),
('GAM00272', 'THE LANKA PHARMACY', 'Negombo', 'CSO011704635', '2019-07-31', 19, 5702, 5702),
('GAM00171', 'NAWA OSUSALA', 'JA-ELA', 'CSO011704638', '2019-07-31', 19, 22119.7, 16752.9),
('GAM00170', 'PJ ENTERPRISES', 'JA-ELA', 'CSO011704639', '2019-07-31', 19, 50725.5, 50725.5),
('GAM00173', 'ST. JOSHEP PHARMACY', 'JA-ELA', 'CSO011704640', '2019-07-31', 19, 17704.4, 17279.8),
('GAM00180', 'PAMUNUGAMA PHARMACY', 'JA-ELA', 'CSO011704641', '2019-07-31', 19, 20554.7, 20554.7),
('PUT00372', 'HEALTHY CARE PHARMACY', 'CHILAW', 'CSO011704643', '2019-07-31', 19, 13990, 13990),
('GAM00187', 'DR A  SELLAMUTHTHU', 'JA-ELA', 'CSO011704644', '2019-07-31', 19, 7542, 7542),
('GAM00170', 'PJ ENTERPRISES', 'JA-ELA', 'CSO011704645', '2019-07-31', 19, 6561.4, 6561.4),
('GAM00234', 'DR SUJITH NONIS', 'MINUWANGODA', 'CSO011704646', '2019-07-31', 19, 13822, 13822),
('GAM00180', 'PAMUNUGAMA PHARMACY', 'JA-ELA', 'CSO011704648', '2019-07-31', 19, 67712, 67712),
('GAM03250', 'Osumina pharmacy', 'MINUWANGODA', 'CSO011800395', '2018-08-15', 369, 2354.7, 2354.7),
('GAM03307', 'Dr.Jayantha Rajapaksha', 'JA-ELA', 'CSO011800413', '2018-08-17', 367, 16605.9, 16605.9),
('GAM03307', 'Dr.Jayantha Rajapaksha', 'JA-ELA', 'CSO011800505', '2018-08-29', 355, 29675.2, 29675.2),
('GAM03493', 'Dr.Viraj Peramuna', 'JA-ELA', 'CSO011800786', '2018-09-27', 326, 10587, 10587),
('GAM00275', 'DR KEERTHI RATHNAYAKA', 'Negombo', 'CSO011801079', '2018-10-29', 294, 18425, 8425),
('GAM03307', 'Dr.Jayantha Rajapaksha', 'JA-ELA', 'CSO011801107', '2018-10-31', 292, 20369.2, 20369.2),
('PUT03419', 'Nuha Pharmacy', 'Puttalam', 'CSO011801228', '2018-11-16', 276, 24932.8, 24932.8),
('GAM03221', 'Asoka Pharmacy', 'Negombo', 'CSO011801280', '2018-11-16', 276, 2615.55, 2615.55),
('GAM00283', 'SUPREME PHARMACY', 'Negombo', 'CSO011801345', '2018-11-30', 262, 2045.1, 682),
('PUT00437', 'DR THIMASHA RASOOL', 'Puttalam', 'CSO011801509', '2018-12-11', 251, 8750, 8750),
('GAM00248', 'VIDURA PHARMACY', 'DIVULAPITIYA', 'CSO011801555', '2018-12-14', 248, 4607.45, 4607.45),
('GAM00215', 'SUWASALA PHARMACY', 'MINUWANGODA', 'CSO011801637', '2018-12-21', 241, 1709.7, 1709.7),
('GAM00296', 'S  S MEDICAL', 'Negombo', 'CSO011801717', '2019-01-10', 221, 65241.1, 644.6),
('PUT00398', 'DR SALINGA  WEERASENA', 'CHILAW', 'CSO011801757', '2019-01-09', 222, 3202, 92.85),
('GAM00278', 'THENUKA PHARMACY', 'Negombo', 'CSO011801782', '2019-01-09', 222, 5756, 5756),
('GAM00283', 'SUPREME PHARMACY', 'Negombo', 'CSO011801812', '2019-01-11', 220, 3030, 3030),
('GAM00283', 'SUPREME PHARMACY', 'Negombo', 'CSO011801865', '2019-01-17', 214, 5743, 1843),
('GAM00316', 'ROYAL PHARMACY', 'KOCHCHIKADE', 'CSO011801970', '2019-01-30', 201, 23129.6, 23129.6),
('GAM00200', 'PAMUNUGAMA OSUSALA', 'SEEDUWA', 'CSO011802005', '2019-01-29', 202, 12192.5, 2780),
('GAM00318', 'DR MAHENDRA DAVID', 'KOCHCHIKADE', 'CSO011802026', '2019-02-05', 195, 17806, 17806),
('GAM03240', 'Nawaloka Hospital', 'Negombo', 'CSO011802057', '2019-02-06', 194, 9090, 9090),
('GAM03415', 'Dinara Pharmacy', 'Kandana', 'CSO011802106', '2019-02-12', 188, 78900, 78900),
('GAM00141', 'ORIENT PHARMACY', 'Kandana', 'CSO011802114', '2019-02-12', 188, 1650, 1650),
('GAM00165', 'CITY PHARMACY', 'JA-ELA', 'CSO011802127', '2019-02-13', 187, 2285, 2285),
('GAM00193', 'ST. JUDE PHARMACY', 'SEEDUWA', 'CSO011802143', '2019-02-15', 185, 2772, 2772),
('GAM00264', 'JAYALANKA PHARMACY', 'Negombo', 'CSO011802160', '2019-02-18', 182, 1439, 1439),
('GAM00317', 'SUWANA PHARMACY', 'KOCHCHIKADE', 'CSO011802162', '2019-02-18', 182, 2908.7, 2908.7),
('PUT00374', 'J.S PHARMACY', 'CHILAW', 'CSO011802183', '2019-02-20', 180, 6705.5, 6705.5),
('PUT00396', 'DR ROHAN AMARAJEEWA', 'CHILAW', 'CSO011802219', '2019-02-25', 175, 7107, 0.5),
('PUT03325', 'New Lak Medical', 'Puttalam', 'CSO011802302', '2019-03-05', 167, 3072.64, 3072.64),
('PUT00378', 'SETHMA PHARMACY', 'CHILAW', 'CSO011802366', '2019-03-12', 160, 7110.9, 405.4),
('GAM00148', 'GIMSHANI PHARMACY', 'Kandana', 'CSO011802389', '2019-03-14', 158, 405.2, 405.2),
('GAM00264', 'JAYALANKA PHARMACY', 'Negombo', 'CSO011802436', '2019-03-19', 153, 5872.85, 5872.85),
('GAM00259', 'UNIQUE PHARMACY', 'Negombo', 'CSO011802589', '2019-04-08', 133, 14118, 31.6),
('PUT00324', 'ROYAL PHARMACY', 'WENNAPPUWA', 'CSO011802592', '2019-04-08', 133, 595.4, 595.4),
('GAM00215', 'SUWASALA PHARMACY', 'MINUWANGODA', 'CSO011802652', '2019-04-11', 130, 4738.7, 4738.7),
('GAM00278', 'THENUKA PHARMACY', 'Negombo', 'CSO011802676', '2019-04-18', 123, 2878, 2878),
('GAM00258', 'MOON PHARMACY', 'Negombo', 'CSO011802680', '2019-04-18', 123, 5133.75, 5133.75),
('GAM00317', 'SUWANA PHARMACY', 'KOCHCHIKADE', 'CSO011802715', '2019-04-23', 118, 3852.85, 1256.85),
('GAM00308', 'ANRITA PHARMACY', 'KOCHCHIKADE', 'CSO011802718', '2019-04-23', 118, 1341.1, 1341.1),
('GAM00185', 'DR LAKSIRI LOKULIYANAGE', 'JA-ELA', 'CSO011802727', '2019-04-30', 111, 13125, 13125),
('GAM00254', 'NEW CRYSTAL PHARMACY', 'Negombo', 'CSO011802777', '2019-05-02', 109, 3098.3, 3098.3),
('GAM00220', 'DAGONNA PHARMACY', 'MINUWANGODA', 'CSO011802783', '2019-05-31', 80, 19500, 19500),
('GAM00259', 'UNIQUE PHARMACY', 'Negombo', 'CSO011802835', '2019-05-08', 103, 13251, 10299),
('PUT00350', 'SELANI MEDIKAL', 'MARAWILA', 'CSO011802841', '2019-05-09', 102, 5223.6, 5223.6),
('GAM00218', 'INDRA PHARMACY', 'MINUWANGODA', 'CSO011802886', '2019-05-15', 96, 9998.6, 9998.6),
('PUT00398', 'DR SALINGA  WEERASENA', 'CHILAW', 'CSO011802901', '2019-05-21', 90, 6081, 6081),
('PUT00375', 'SUVINI PHARMACY', 'CHILAW', 'CSO011802904', '2019-05-21', 90, 14515.1, 14515.1),
('PUT00372', 'HEALTHY CARE PHARMACY', 'CHILAW', 'CSO011802917', '2019-05-17', 94, 4270.14, 4270.14),
('PUTT004569', 'Dr. Neel Jayasundara', 'Puttalam', 'CSO011802964', '2019-05-22', 89, 20270, 20270),
('GAM00245', 'DUNAGAHA OSUSALA', 'DIVULAPITIYA', 'CSO011802966', '2019-05-22', 89, 12196.5, 12196.5),
('GAM00245', 'DUNAGAHA OSUSALA', 'DIVULAPITIYA', 'CSO011802967', '2019-05-22', 89, 26300, 26300),
('GAM03253', 'Jeewanthi Osusala', 'DIVULAPITIYA', 'CSO011802975', '2019-05-23', 88, 30731.6, 30731.6),
('GAMP004451', 'Nawa Lanka pharmacy', 'Negombo', 'CSO011803002', '2019-05-25', 86, 7494.45, 5931.15),
('PUT00329', 'CICILIYA PHARMACY', 'WENNAPPUWA', 'CSO011803005', '2019-05-27', 84, 2605.5, 2605.5),
('PUT00321', 'GAYASHA PHARMACY', 'WENNAPPUWA', 'CSO011803015', '2019-05-28', 83, 9819.85, 9819.85),
('PUT00336', 'SARANI PHARMACY', 'WENNAPPUWA', 'CSO011803020', '2019-05-29', 82, 856.65, 856.65),
('PUTT005082', 'TIANA PHARMACY', 'MARAWILA', 'CSO011803029', '2019-05-29', 82, 831.6, 555),
('PUT00375', 'SUVINI PHARMACY', 'CHILAW', 'CSO011803037', '2019-05-29', 82, 2569.95, 1980.45),
('PUT03278', 'Dr Namal Priyankara', 'KULIYAPITIYA', 'CSO011803053', '2019-05-31', 80, 10135, 10135),
('GAM00235', 'DR K R G UPASHANTHA', 'MINUWANGODA', 'CSO011803069', '2019-05-31', 80, 6705.5, 6705.5),
('GAM00296', 'S  S MEDICAL', 'Negombo', 'CSO011803072', '2019-05-31', 80, 55440, 55440),
('PUT00378', 'SETHMA PHARMACY', 'CHILAW', 'CSO011803092', '2019-06-05', 75, 2027, 2027),
('GAM00251', 'DR GAMINI GUNAWARDENA', 'DIVULAPITIYA', 'CSO011803123', '2019-06-10', 70, 12140, 12140),
('PUT00397', 'DR UPALI AMARASINGHE', 'CHILAW', 'CSO011803130', '2019-06-14', 66, 33527.5, 33527.5),
('GAM00299', 'K S A MEDICAL', 'KOCHCHIKADE', 'CSO011803132', '2019-06-10', 70, 6705.5, 6705.5),
('GAM00317', 'SUWANA PHARMACY', 'KOCHCHIKADE', 'CSO011803136', '2019-06-10', 70, 856.65, 856.65),
('PUT00424', 'BALASOORIYA PHARMACY', 'Puttalam', 'CSO011803147', '2019-06-11', 69, 7600, 3800),
('GAM00297', 'AVE MARIA PHARMACY', 'Negombo', 'CSO011803153', '2019-06-11', 69, 27280, 27280),
('PUT00426', 'LANKAN PHARMACY', 'Puttalam', 'CSO011803160', '2019-06-15', 65, 55440, 2612),
('PUT00331', 'RANMINA PHARMACY', 'WENNAPPUWA', 'CSO011803167', '2019-06-12', 68, 7526.34, 1337.56),
('PUT00401', 'DEEGAYU PHARMACY', 'KULIYAPITIYA', 'CSO011803195', '2019-06-14', 66, 856.65, 856.65),
('PUT00391', 'DR BOPAGE', 'CHILAW', 'CSO011803197', '2019-06-17', 63, 12210, 12210),
('PUT00393', 'DR ERANGA INDRAJITH', 'CHILAW', 'CSO011803198', '2019-06-14', 66, 10422, 10422),
('PUT00398', 'DR SALINGA  WEERASENA', 'CHILAW', 'CSO011803208', '2019-06-14', 66, 38000, 38000),
('PUT03251', 'New Seth Pharmacy', 'CHILAW', 'CSO011803213', '2019-06-14', 66, 2605.2, 2605.2),
('PUT00388', 'SUHADA PHARMACY', 'CHILAW', 'CSO011803216', '2019-06-15', 65, 24556.9, 0.9),
('GAM00145', 'HANSI PHARMACY', 'Kandana', 'CSO011803225', '2019-06-17', 63, 2569.95, 2569.95),
('GAM00160', 'ROSHINI PHARMACY', 'JA-ELA', 'CSO011803228', '2019-06-17', 63, 1236.1, 1236.1),
('GAM00165', 'CITY PHARMACY', 'JA-ELA', 'CSO011803232', '2019-06-17', 63, 2895, 2895),
('PUT00343', 'DR SANATH FERNANDO', 'WENNAPPUWA', 'CSO011803242', '2019-06-18', 62, 2027, 2027),
('GAM00215', 'SUWASALA PHARMACY', 'MINUWANGODA', 'CSO011803244', '2019-06-18', 62, 4390.75, 3075),
('PUT00331', 'RANMINA PHARMACY', 'WENNAPPUWA', 'CSO011803251', '2019-06-21', 59, 11250, 11250),
('GAM00218', 'INDRA PHARMACY', 'MINUWANGODA', 'CSO011803257', '2019-06-19', 61, 4538.65, 4538.65),
('PUT00418', 'DR ROHAN KERAGALA', 'KULIYAPITIYA', 'CSO011803260', '2019-06-19', 61, 15200, 15200),
('GAM00245', 'DUNAGAHA OSUSALA', 'DIVULAPITIYA', 'CSO011803263', '2019-06-19', 61, 2569.95, 2569.95),
('GAM00245', 'DUNAGAHA OSUSALA', 'DIVULAPITIYA', 'CSO011803264', '2019-06-19', 61, 34818, 34818),
('GAM00242', 'LAKRUWAN PHARMACY', 'DIVULAPITIYA', 'CSO011803268', '2019-06-19', 61, 879, 879),
('GAM03253', 'Jeewanthi Osusala', 'DIVULAPITIYA', 'CSO011803270', '2019-06-19', 61, 34685.9, 29056.6),
('PUT03357', 'Dr Rohan Ekanayake', 'CHILAW', 'CSO011803272', '2019-06-21', 59, 7600, 7600),
('GAM00198', 'HEALTHCARE PHARMACY', 'SEEDUWA', 'CSO011803286', '2019-06-20', 60, 1368, 1368),
('GAM00206', 'ST. MARYS PHARMACY', 'SEEDUWA', 'CSO011803290', '2019-06-21', 59, 12849.8, 9),
('GAM00278', 'THENUKA PHARMACY', 'Negombo', 'CSO011803294', '2019-07-01', 49, 15243.2, 15243.2),
('GAM00254', 'NEW CRYSTAL PHARMACY', 'Negombo', 'CSO011803296', '2019-07-01', 49, 2895.9, 2895.9),
('GAM00259', 'UNIQUE PHARMACY', 'Negombo', 'CSO011803297', '2019-06-21', 59, 24513.2, 2335),
('GAM00262', 'NEW CENTRAL PHARMACY', 'Negombo', 'CSO011803302', '2019-06-22', 58, 1882.4, 1882.4),
('GAM00298', 'DR PRASANJAYA PRAMODITH', 'Negombo', 'CSO011803311', '2019-06-27', 53, 3813.3, 3813.3),
('PUT00434', 'NEW J  C PHARMACY', 'Puttalam', 'CSO011803320', '2019-06-24', 56, 2027, 2027),
('GAM00299', 'K S A MEDICAL', 'KOCHCHIKADE', 'CSO011803322', '2019-06-25', 55, 2569.95, 2569.95),
('GAM00315', 'NIMESHA PHARMACY', 'KOCHCHIKADE', 'CSO011803324', '2019-06-25', 55, 2027, 2027),
('PUTT003255', 'Dr Namal Priyankara', 'KULIYAPITIYA', 'CSO011803328', '2019-06-25', 55, 7600, 7600),
('PUT00321', 'GAYASHA PHARMACY', 'WENNAPPUWA', 'CSO011803332', '2019-06-25', 55, 7801.25, 7801.25),
('PUT00324', 'ROYAL PHARMACY', 'WENNAPPUWA', 'CSO011803339', '2019-07-01', 49, 2419.2, 2419.2),
('PUT00325', 'SUASI PHARMACY', 'WENNAPPUWA', 'CSO011803340', '2019-06-25', 55, 3380.1, 3380.1),
('PUT03241', 'Chandrika Medical', 'WENNAPPUWA', 'CSO011803341', '2019-06-25', 55, 1473.1, 1473.1),
('GAM03246', 'New Pharmacy', 'Negombo', 'CSO011803350', '2019-06-26', 54, 2772, 2772),
('GAMP005080', 'Dr Mohammed Ziyadh', 'Negombo', 'CSO011803356', '2019-06-29', 51, 1368, 1368),
('PUT00355', 'ST JUDE PHARMACY', 'MARAWILA', 'CSO011803357', '2019-06-26', 54, 1500, 1500),
('PUT00367', 'JAYASIRI PHARMACY', 'MARAWILA', 'CSO011803358', '2019-06-26', 54, 405.4, 221.15),
('PUT00366', 'THE BRITISH  STORES', 'MARAWILA', 'CSO011803359', '2019-06-26', 54, 4133.25, 4133.25),
('PUT00349', 'SITHUMINA PHARMACY', 'MARAWILA', 'CSO011803362', '2019-06-26', 54, 14486.7, 14302.4),
('PUT00362', 'NALAKA PHARMACY', 'MARAWILA', 'CSO011803364', '2019-06-27', 53, 1520, 1520),
('PUTT005189', 'Dr N S Siramanna', 'KULIYAPITIYA', 'CSO011803367', '2019-06-27', 53, 4054, 4054),
('PUT00400', 'OSETH PHARMACY', 'KULIYAPITIYA', 'CSO011803368', '2019-06-27', 53, 2772, 2772),
('GAM00259', 'UNIQUE PHARMACY', 'Negombo', 'CSO011803369', '2019-06-27', 53, 13860, 13860);
INSERT INTO `gsoutupload` (`gID`, `gCustName`, `gTown`, `inv`, `date`, `age`, `amount`, `balAmount`) VALUES
('PUT00409', 'SUWANI PHARMACY', 'KULIYAPITIYA', 'CSO011803373', '2019-06-27', 53, 6407.2, 6407.2),
('PUT00394', 'DR PRASANNA DISSANAYAKE', 'CHILAW', 'CSO011803379', '2019-07-01', 49, 2440.9, 2440.9),
('PUT03251', 'New Seth Pharmacy', 'CHILAW', 'CSO011803380', '2019-06-28', 52, 8458.68, 8458.68),
('PUT00382', 'CITY PHARMACY', 'CHILAW', 'CSO011803383', '2019-06-28', 52, 10121.3, 10121.3),
('PUT00373', 'SUWANA HOSPITAL', 'CHILAW', 'CSO011803388', '2019-06-28', 52, 29815.2, 28560.8),
('PUT00381', 'AROMA PHARMACY', 'CHILAW', 'CSO011803390', '2019-06-28', 52, 608.1, 202.7),
('PUT00386', 'ROYAL PHARMACY 2', 'CHILAW', 'CSO011803391', '2019-06-28', 52, 7526.34, 7526.34),
('PUT00393', 'DR ERANGA INDRAJITH', 'CHILAW', 'CSO011803396', '2019-06-29', 51, 62508, 62508),
('PUT00393', 'DR ERANGA INDRAJITH', 'CHILAW', 'CSO011803397', '2019-06-29', 51, 32500, 32500),
('PUT00418', 'DR ROHAN KERAGALA', 'KULIYAPITIYA', 'CSO011803406', '2019-07-01', 49, 20270, 20270),
('GAM00296', 'S  S MEDICAL', 'Negombo', 'CSO011803407', '2019-07-01', 49, 76000, 76000),
('GAM00296', 'S  S MEDICAL', 'Negombo', 'CSO011803408', '2019-07-01', 49, 41580, 41580),
('PUT00373', 'SUWANA HOSPITAL', 'CHILAW', 'CSO011803410', '2019-07-02', 48, 11218, 11218),
('GAM03240', 'Nawaloka Hospital', 'Negombo', 'CSO011803411', '2019-07-02', 48, 22946.6, 9306.6),
('PUT00336', 'SARANI PHARMACY', 'WENNAPPUWA', 'CSO011803412', '2019-07-03', 47, 2027, 2027),
('GAM00170', 'PJ ENTERPRISES', 'JA-ELA', 'CSO011803420', '2019-07-02', 48, 18815.8, 8780.73),
('GAM03238', 'Asiri Pharmaceuticals', 'Kandana', 'CSO011803424', '2019-07-02', 48, 405.4, 405.4),
('GAM00182', 'ST JOSHEPS PHARMACY', 'JA-ELA', 'CSO011803425', '2019-07-02', 48, 5819.95, 5819.95),
('GAM00170', 'PJ ENTERPRISES', 'JA-ELA', 'CSO011803427', '2019-07-02', 48, 5522.5, 5522.5),
('GAM00298', 'DR PRASANJAYA PRAMODITH', 'Negombo', 'CSO011803432', '2019-07-03', 47, 7626.6, 7626.6),
('GAM00157', 'DR RANJITH', 'Kandana', 'CSO011803433', '2019-07-31', 19, 2901.5, 2901.5),
('GAM00203', 'ORIENT PHARMACY', 'SEEDUWA', 'CSO011803437', '2019-07-03', 47, 4311.5, 4311.5),
('GAM00202', 'NEW ST. JOSHEP PHARMACY', 'SEEDUWA', 'CSO011803439', '2019-07-03', 47, 4799, 3056.51),
('GAM00259', 'UNIQUE PHARMACY', 'Negombo', 'CSO011803448', '2019-07-03', 47, 10912, 10912),
('GAM03240', 'Nawaloka Hospital', 'Negombo', 'CSO011803450', '2019-07-04', 46, 27280, 27280),
('GAM00158', 'DR DAYA FERNANDO', 'Kandana', 'CSO011803451', '2019-07-04', 46, 3151.1, 3151.1),
('GAM03264', 'Niroga Pharmacy', 'Negombo', 'CSO011803454', '2019-07-04', 46, 4706, 4706),
('GAM00277', 'JAYAKODY PHARMACY', 'Negombo', 'CSO011803459', '2019-07-04', 46, 2569.95, 2569.95),
('GAM00280', 'ASIRI PHARMACY', 'Negombo', 'CSO011803460', '2019-07-04', 46, 1625, 1625),
('PUT03567', 'Dr S Thenuwara', 'CHILAW', 'CSO011803462', '2019-07-12', 38, 9550.35, 9550.35),
('PUT00358', 'SISILA MULTY SHOP', 'MARAWILA', 'CSO011803464', '2019-07-05', 45, 2569.95, 2569.95),
('GAM00262', 'NEW CENTRAL PHARMACY', 'Negombo', 'CSO011803468', '2019-07-05', 45, 7709.85, 7709.85),
('GAM00254', 'NEW CRYSTAL PHARMACY', 'Negombo', 'CSO011803469', '2019-07-05', 45, 7845.88, 1852.88),
('GAM00259', 'UNIQUE PHARMACY', 'Negombo', 'CSO011803475', '2019-07-05', 45, 10422, 10253.6),
('GAM00278', 'THENUKA PHARMACY', 'Negombo', 'CSO011803482', '2019-07-08', 42, 8528, 8528),
('GAM00256', 'ROBERT  MEDICALS', 'Negombo', 'CSO011803483', '2019-07-08', 42, 1386, 1386),
('GAM00266', 'ORIENT PHARMACY', 'Negombo', 'CSO011803484', '2019-07-08', 42, 1625, 1625),
('GAM00298', 'DR PRASANJAYA PRAMODITH', 'Negombo', 'CSO011803487', '2019-07-08', 42, 1625, 1625),
('GAM00200', 'PAMUNUGAMA OSUSALA', 'SEEDUWA', 'CSO011803496', '2019-07-09', 41, 4040, 4040),
('GAM00173', 'ST. JOSHEP PHARMACY', 'JA-ELA', 'CSO011803498', '2019-07-09', 41, 25699.5, 25699.5),
('GAM03240', 'Nawaloka Hospital', 'Negombo', 'CSO011803499', '2019-07-09', 41, 9276, 8971),
('GAM00185', 'DR LAKSIRI LOKULIYANAGE', 'JA-ELA', 'CSO011803500', '2019-07-15', 35, 14390, 14390),
('GAM00315', 'NIMESHA PHARMACY', 'KOCHCHIKADE', 'CSO011803502', '2019-07-10', 40, 9087.85, 9087.85),
('GAM00313', 'OSHIDI MEDICALS', 'KOCHCHIKADE', 'CSO011803504', '2019-07-10', 40, 2808.9, 2440.4),
('GAM00312', 'DANKOTUWA MEDICAL', 'KOCHCHIKADE', 'CSO011803505', '2019-07-10', 40, 8143.75, 8143.75),
('GAM00310', 'THE BRITISH PHARMACY', 'KOCHCHIKADE', 'CSO011803506', '2019-07-10', 40, 2542.2, 1500),
('GAM00308', 'ANRITA PHARMACY', 'KOCHCHIKADE', 'CSO011803507', '2019-07-10', 40, 1520, 1520),
('GAM00306', 'CHAMPIKA MEDICAL', 'KOCHCHIKADE', 'CSO011803508', '2019-07-10', 40, 1450.75, 1450.75),
('GAM03221', 'Asoka Pharmacy', 'Negombo', 'CSO011803510', '2019-07-11', 39, 2490, 2490),
('GAM00218', 'INDRA PHARMACY', 'MINUWANGODA', 'CSO011803511', '2019-07-11', 39, 5756, 5756),
('PUT00335', 'APEKSHA PHARMACY', 'WENNAPPUWA', 'CSO011803513', '2019-07-11', 39, 2630, 2630),
('PUT00321', 'GAYASHA PHARMACY', 'WENNAPPUWA', 'CSO011803514', '2019-07-11', 39, 5543.3, 5543.3),
('PUT00333', 'NEW ST JOSHEP PHARMACY', 'WENNAPPUWA', 'CSO011803516', '2019-07-11', 39, 2358, 2358),
('PUT00336', 'SARANI PHARMACY', 'WENNAPPUWA', 'CSO011803517', '2019-07-11', 39, 2358, 2358),
('PUT00340', 'NEW WESTRAN PHARMACY', 'WENNAPPUWA', 'CSO011803521', '2019-07-17', 33, 15623.3, 11860.6),
('PUT00364', 'SANTHANA PHARMACY', 'MARAWILA', 'CSO011803522', '2019-07-12', 38, 17053, 17053),
('PUT00361', 'ARALIYA PHARMACY', 'MARAWILA', 'CSO011803523', '2019-07-12', 38, 6064.2, 6064.2),
('GAM00248', 'VIDURA PHARMACY', 'DIVULAPITIYA', 'CSO011803524', '2019-07-12', 38, 12264.9, 12264.9),
('PUT00350', 'SELANI MEDIKAL', 'MARAWILA', 'CSO011803526', '2019-07-12', 38, 4296.08, 2803.58),
('PUT00366', 'THE BRITISH  STORES', 'MARAWILA', 'CSO011803528', '2019-07-13', 37, 7627.2, 5022),
('PUT00362', 'NALAKA PHARMACY', 'MARAWILA', 'CSO011803530', '2019-07-13', 37, 5696.55, 5696.55),
('PUT00393', 'DR ERANGA INDRAJITH', 'CHILAW', 'CSO011803531', '2019-07-13', 37, 18875.4, 18875.4),
('PUT00358', 'SISILA MULTY SHOP', 'MARAWILA', 'CSO011803533', '2019-07-13', 37, 10691.8, 9437.44),
('PUT00377', 'SETHSIRI PHARMACY', 'CHILAW', 'CSO011803534', '2019-07-13', 37, 83160, 83160),
('GAM00239', 'THE NEW PHARMACY', 'DIVULAPITIYA', 'CSO011803535', '2019-07-15', 35, 1842, 1842),
('GAM00279', 'MAHAJANA OSUSALA', 'Negombo', 'CSO011803536', '2019-07-15', 35, 7098, 6700.87),
('GAMP005080', 'Dr Mohammed Ziyadh', 'Negombo', 'CSO011803538', '2019-07-15', 35, 10730.5, 10730.5),
('GAM00281', 'KALIDSON PHARMACY', 'Negombo', 'CSO011803539', '2019-07-15', 35, 1418.5, 1418.5),
('GAM00151', 'HEALTH LINE PHARMACY', 'Kandana', 'CSO011803543', '2019-07-15', 35, 2587.5, 2587.5),
('GAM00154', 'SETHSIRI PHARMACY', 'Kandana', 'CSO011803547', '2019-07-15', 35, 2813.75, 2813.75),
('PUT00349', 'SITHUMINA PHARMACY', 'MARAWILA', 'CSO011803550', '2019-07-15', 35, 2605.2, 2605.2),
('PUT00349', 'SITHUMINA PHARMACY', 'MARAWILA', 'CSO011803552', '2019-07-17', 33, 7919.3, 7919.3),
('PUT00355', 'ST JUDE PHARMACY', 'MARAWILA', 'CSO011803554', '2019-07-17', 33, 3250, 3250),
('GAM00298', 'DR PRASANJAYA PRAMODITH', 'Negombo', 'CSO011803555', '2019-07-19', 31, 7626.6, 7626.6),
('GAM00140', 'SETHMA PHARMACY', 'Kandana', 'CSO011803556', '2019-07-17', 33, 62040.8, 62040.8),
('GAM00139', 'RILLAULLA PHARMACY', 'Kandana', 'CSO011803558', '2019-07-17', 33, 6800.1, 6800.1),
('GAM00180', 'PAMUNUGAMA PHARMACY', 'JA-ELA', 'CSO011803559', '2019-07-17', 33, 1821, 1821),
('GAM00182', 'ST JOSHEPS PHARMACY', 'JA-ELA', 'CSO011803560', '2019-07-17', 33, 12249, 3250),
('GAM00204', 'LAXSIRI PHARMACY', 'SEEDUWA', 'CSO011803562', '2019-07-18', 32, 7597.35, 6077.35),
('GAM00202', 'NEW ST. JOSHEP PHARMACY', 'SEEDUWA', 'CSO011803565', '2019-07-18', 32, 6070, 3130),
('GAM00193', 'ST. JUDE PHARMACY', 'SEEDUWA', 'CSO011803566', '2019-07-18', 32, 6224.5, 6224.5),
('GAM00200', 'PAMUNUGAMA OSUSALA', 'SEEDUWA', 'CSO011803567', '2019-07-18', 32, 4292, 4292),
('GAM00196', 'ASIRI PHARMACY', 'SEEDUWA', 'CSO011803568', '2019-07-18', 32, 4113.1, 2786.16),
('GAM03240', 'Nawaloka Hospital', 'Negombo', 'CSO011803571', '2019-07-18', 32, 17493, 12822.8),
('GAM00170', 'PJ ENTERPRISES', 'JA-ELA', 'CSO011803572', '2019-07-18', 32, 37504.8, 37504.8),
('GAM00201', 'SRILAK PHARMACY', 'SEEDUWA', 'CSO011803574', '2019-07-18', 32, 1821, 1821),
('GAM00160', 'ROSHINI PHARMACY', 'JA-ELA', 'CSO011803575', '2019-07-19', 31, 3026.4, 3026.4),
('GAM00245', 'DUNAGAHA OSUSALA', 'DIVULAPITIYA', 'CSO011803577', '2019-07-19', 31, 4636, 4636),
('GAM00237', 'OSADA PHARMACY', 'DIVULAPITIYA', 'CSO011803578', '2019-07-19', 31, 6996.15, 5741.76),
('GAMP005499', 'DIVYA PHARMACY', 'DIVULAPITIYA', 'CSO011803580', '2019-07-19', 31, 3250, 3250),
('GAM00240', 'WIJAYAMINI PHARMACY', 'DIVULAPITIYA', 'CSO011803581', '2019-07-19', 31, 2407, 2407),
('GAM00242', 'LAKRUWAN PHARMACY', 'DIVULAPITIYA', 'CSO011803582', '2019-07-19', 31, 11109.2, 11109.2),
('PUT00350', 'SELANI MEDIKAL', 'MARAWILA', 'CSO011803583', '2019-07-23', 27, 7600, 7600),
('GAM00250', 'MADURI PHARMACY', 'DIVULAPITIYA', 'CSO011803585', '2019-07-19', 31, 10433.8, 10433.8),
('GAM00215', 'SUWASALA PHARMACY', 'MINUWANGODA', 'CSO011803588', '2019-07-22', 28, 10327.9, 3964.1),
('GAM03253', 'Jeewanthi Osusala', 'DIVULAPITIYA', 'CSO011803589', '2019-07-22', 28, 48110.8, 46775.3),
('GAM00259', 'UNIQUE PHARMACY', 'Negombo', 'CSO011803590', '2019-07-22', 28, 18240, 18240),
('GAM00218', 'INDRA PHARMACY', 'MINUWANGODA', 'CSO011803592', '2019-07-22', 28, 8729, 8729),
('GAM00227', 'ORIENT PHARMACY', 'MINUWANGODA', 'CSO011803594', '2019-07-22', 28, 17096.9, 17096.9),
('GAM00222', 'CENTRAL DIVINE', 'MINUWANGODA', 'CSO011803595', '2019-07-22', 28, 11060, 11060),
('GAM00228', 'PEOPLES PHARMACY', 'MINUWANGODA', 'CSO011803596', '2019-07-22', 28, 1625, 1625),
('GAM00225', 'NEW CHALANI PHARMACY', 'MINUWANGODA', 'CSO011803597', '2019-07-22', 28, 7997, 5401),
('GAM00298', 'DR PRASANJAYA PRAMODITH', 'Negombo', 'CSO011803598', '2019-07-22', 28, 5139.9, 5139.9),
('GAM00237', 'OSADA PHARMACY', 'DIVULAPITIYA', 'CSO011803599', '2019-07-22', 28, 8125, 8125),
('PUT00400', 'OSETH PHARMACY', 'KULIYAPITIYA', 'CSO011803601', '2019-07-22', 28, 5177.1, 1397.22),
('PUT00401', 'DEEGAYU PHARMACY', 'KULIYAPITIYA', 'CSO011803602', '2019-07-22', 28, 2783.1, 1737),
('PUT00410', 'ASHEN PHARMACY', 'KULIYAPITIYA', 'CSO011803603', '2019-07-22', 28, 12291.3, 12291.3),
('PUT00403', 'MADHARA PHARMACY', 'KULIYAPITIYA', 'CSO011803604', '2019-07-22', 28, 26082.2, 26082.2),
('PUT00406', 'ISURU PHARMACY', 'KULIYAPITIYA', 'CSO011803605', '2019-07-22', 28, 12624.6, 12624.6),
('PUT00404', 'SUWANETH PHARMACY', 'KULIYAPITIYA', 'CSO011803607', '2019-07-22', 28, 20665.9, 20334.3),
('PUT00412', 'SETHSUWA PHARMACY', 'KULIYAPITIYA', 'CSO011803608', '2019-07-22', 28, 1013.5, 1013.5),
('PUT00409', 'SUWANI PHARMACY', 'KULIYAPITIYA', 'CSO011803609', '2019-07-23', 27, 4930.95, 2569.95),
('PUT03397', 'K.M.G Suwasewa Pharmacy 2', 'KULIYAPITIYA', 'CSO011803610', '2019-07-23', 27, 10821, 5803.44),
('PUT00373', 'SUWANA HOSPITAL', 'CHILAW', 'CSO011803613', '2019-07-23', 27, 15715.6, 15715.6),
('PUT00382', 'CITY PHARMACY', 'CHILAW', 'CSO011803615', '2019-07-23', 27, 7846, 6022),
('PUT00388', 'SUHADA PHARMACY', 'CHILAW', 'CSO011803616', '2019-07-23', 27, 58237.8, 57609.2),
('PUT00350', 'SELANI MEDIKAL', 'MARAWILA', 'CSO011803617', '2019-07-23', 27, 15200, 15200),
('PUT00390', 'DR ARUNA PATHIRANA', 'CHILAW', 'CSO011803618', '2019-07-23', 27, 76000, 76000),
('PUT00386', 'ROYAL PHARMACY 2', 'CHILAW', 'CSO011803619', '2019-07-23', 27, 23015.2, 23015.2),
('GAM03240', 'Nawaloka Hospital', 'Negombo', 'CSO011803620', '2019-07-23', 27, 16738.2, 16738.2),
('PUT00372', 'HEALTHY CARE PHARMACY', 'CHILAW', 'CSO011803621', '2019-07-23', 27, 25672.5, 23067),
('GAM03609', 'Dr Kumara Senadeera', 'Negombo', 'CSO011803623', '2019-07-23', 27, 8435, 8435),
('PUT00393', 'DR ERANGA INDRAJITH', 'CHILAW', 'CSO011803627', '2019-07-24', 26, 43030.5, 43030.5),
('PUT00377', 'SETHSIRI PHARMACY', 'CHILAW', 'CSO011803628', '2019-07-24', 26, 4386.9, 3344.7),
('GAM00256', 'ROBERT  MEDICALS', 'Negombo', 'CSO011803629', '2019-07-24', 26, 4430.25, 4430.25),
('PUT00441', 'DR M S PRIYANKARA', 'Puttalam', 'CSO011803630', '2019-07-31', 19, 7900, 7900),
('GAM00254', 'NEW CRYSTAL PHARMACY', 'Negombo', 'CSO011803631', '2019-07-24', 26, 3983, 3983),
('GAM00261', 'X LAB PHARMACY', 'Negombo', 'CSO011803632', '2019-07-24', 26, 6115.1, 6115.1),
('GAM00269', 'SUWASARANA OSUSALA', 'Negombo', 'CSO011803633', '2019-07-24', 26, 1625, 1625),
('GAM00260', 'NEW LEO PHARMACY', 'Negombo', 'CSO011803634', '2019-07-24', 26, 5840, 5840),
('GAM00259', 'UNIQUE PHARMACY', 'Negombo', 'CSO011803635', '2019-07-24', 26, 13772, 13772),
('GAM00268', 'S  G MEDICALS', 'Negombo', 'CSO011803638', '2019-07-25', 25, 3251, 3251),
('GAM00285', 'SHANTHI PHARMACY', 'Negombo', 'CSO011803639', '2019-07-25', 25, 3040.5, 3040.5),
('GAM03240', 'Nawaloka Hospital', 'Negombo', 'CSO011803645', '2019-07-25', 25, 20460, 20460),
('GAM00287', 'UNION PHARMACY', 'Negombo', 'CSO011803646', '2019-07-25', 25, 5682.4, 5682.4),
('GAM03518', 'Negombo Drugs', 'Negombo', 'CSO011803647', '2019-07-25', 25, 3401.55, 3401.55),
('GAM00262', 'NEW CENTRAL PHARMACY', 'Negombo', 'CSO011803648', '2019-07-25', 25, 7600, 7600),
('GAM00263', 'CITY MEDICALS', 'Negombo', 'CSO011803649', '2019-07-25', 25, 2772, 2772),
('PUT00323', 'ISIRA PHARMACY', 'WENNAPPUWA', 'CSO011803650', '2019-07-25', 25, 2569.95, 1980.45),
('PUT00331', 'RANMINA PHARMACY', 'WENNAPPUWA', 'CSO011803651', '2019-07-25', 25, 1013.5, 460.75),
('GAM00292', 'SUPER MEDICALS', 'Negombo', 'CSO011803652', '2019-07-25', 25, 16808.5, 16808.5),
('GAM03240', 'Nawaloka Hospital', 'Negombo', 'CSO011803653', '2019-07-25', 25, 10800, 10800),
('PUT00340', 'NEW WESTRAN PHARMACY', 'WENNAPPUWA', 'CSO011803654', '2019-07-26', 24, 10898.8, 10898.8),
('GAM00316', 'ROYAL PHARMACY', 'KOCHCHIKADE', 'CSO011803656', '2019-07-26', 24, 12550, 12550),
('GAM00310', 'THE BRITISH PHARMACY', 'KOCHCHIKADE', 'CSO011803657', '2019-07-26', 24, 3792, 3792),
('GAM00304', 'TRUST CHEMIST', 'KOCHCHIKADE', 'CSO011803658', '2019-07-29', 21, 2332.5, 2332.5),
('GAM00201', 'SRILAK PHARMACY', 'SEEDUWA', 'CSO011803659', '2019-07-29', 21, 2027, 2027),
('GAM00314', 'NEEROGA PHARMACY', 'KOCHCHIKADE', 'CSO011803661', '2019-07-29', 21, 1013.5, 1013.5),
('GAM00313', 'OSHIDI MEDICALS', 'KOCHCHIKADE', 'CSO011803662', '2019-07-29', 21, 3583.45, 3583.45),
('GAM00312', 'DANKOTUWA MEDICAL', 'KOCHCHIKADE', 'CSO011803663', '2019-07-29', 21, 11037.1, 11037.1),
('PUT00326', 'W.MENDIS CHEMIST', 'WENNAPPUWA', 'CSO011803665', '2019-07-29', 21, 8713.1, 8713.1),
('GAM00259', 'UNIQUE PHARMACY', 'Negombo', 'CSO011803666', '2019-07-29', 21, 13860, 13860),
('PUT00388', 'SUHADA PHARMACY', 'CHILAW', 'CSO011803667', '2019-07-31', 19, 9120, 9120),
('PUT00367', 'JAYASIRI PHARMACY', 'MARAWILA', 'CSO011803668', '2019-07-30', 20, 1625, 1625),
('PUT00366', 'THE BRITISH  STORES', 'MARAWILA', 'CSO011803669', '2019-07-29', 21, 7810.1, 6073.3),
('GAM00222', 'CENTRAL DIVINE', 'MINUWANGODA', 'CSO011803670', '2019-07-29', 21, 2250, 2250),
('PUT00362', 'NALAKA PHARMACY', 'MARAWILA', 'CSO011803671', '2019-07-29', 21, 2399, 1920.74),
('PUT00364', 'SANTHANA PHARMACY', 'MARAWILA', 'CSO011803673', '2019-07-29', 21, 12631.8, 12631.8),
('PUTT005198', 'Ranmina Pharmacy2', 'MARAWILA', 'CSO011803677', '2019-07-30', 20, 7600, 6991.9),
('GAM00251', 'DR GAMINI GUNAWARDENA', 'DIVULAPITIYA', 'CSO011803678', '2019-07-31', 19, 8948, 8948),
('GAM00240', 'WIJAYAMINI PHARMACY', 'DIVULAPITIYA', 'CSO011803679', '2019-07-31', 19, 1638.7, 1638.7),
('GAM00298', 'DR PRASANJAYA PRAMODITH', 'Negombo', 'CSO011803681', '2019-07-31', 19, 3250, 3250),
('GAM00140', 'SETHMA PHARMACY', 'Kandana', 'CSO011803686', '2019-07-30', 20, 4875, 4875),
('GAMP005278', 'Royal Pharmacy-Kandana', 'Kandana', 'CSO011803687', '2019-07-30', 20, 1520, 1520),
('GAM00181', 'BOPITIYA PHARMACY', 'JA-ELA', 'CSO011803692', '2019-07-31', 19, 7705.8, 7705.8),
('GAM00170', 'PJ ENTERPRISES', 'JA-ELA', 'CSO011803693', '2019-07-31', 19, 50472.8, 50472.8),
('GAM00180', 'PAMUNUGAMA PHARMACY', 'JA-ELA', 'CSO011803694', '2019-07-31', 19, 7600, 7600),
('GAM00278', 'THENUKA PHARMACY', 'Negombo', 'CSO011803695', '2019-07-31', 19, 3460, 3460),
('GAM00272', 'THE LANKA PHARMACY', 'Negombo', 'CSO011803696', '2019-07-31', 19, 7600, 7600),
('GAM00295', 'ROYAL PHARMACY LANKA', 'Negombo', 'CSO011803697', '2019-07-31', 19, 103720, 103720),
('GAM00295', 'ROYAL PHARMACY LANKA', 'Negombo', 'CSO011803698', '2019-07-31', 19, 151956, 151956),
('GAM00290', 'THALAHENA PHARMACY', 'Negombo', 'CSO011803700', '2019-07-31', 19, 2925, 2925),
('GAM00318', 'DR MAHENDRA DAVID', 'KOCHCHIKADE', 'CSO011803701', '2019-07-31', 19, 46334, 37700),
('GAM00259', 'UNIQUE PHARMACY', 'Negombo', 'CSO011803702', '2019-07-31', 19, 4722, 4722),
('GAM00141', 'ORIENT PHARMACY', 'Kandana', 'CSO011803703', '2019-07-31', 19, 25699.5, 25699.5),
('GAM00260', 'NEW LEO PHARMACY', 'Negombo', 'IN0053000110', '2018-11-30', 262, 2947.4, 2947.4),
('GAM00256', 'ROBERT  MEDICALS', 'Negombo', 'IN0053000150', '2019-03-08', 164, 4776.3, 4776.3),
('GAM00280', 'ASIRI PHARMACY', 'Negombo', 'IN0053000158', '2019-03-11', 161, 3820.8, 636);

-- --------------------------------------------------------

--
-- Table structure for table `hemas`
--

DROP TABLE IF EXISTS `hemas`;
CREATE TABLE IF NOT EXISTS `hemas` (
  `hID` varchar(20) NOT NULL,
  `custName` varchar(50) NOT NULL,
  `town` varchar(20) NOT NULL,
  PRIMARY KEY (`hID`),
  UNIQUE KEY `hID` (`hID`)
) ENGINE=InnoDB DEFAULT CHARSET=latin1;

--
-- Dumping data for table `hemas`
--

INSERT INTO `hemas` (`hID`, `custName`, `town`) VALUES
('', '', ''),
('CD0002', 'Abeysinghe Dr.', 'Bopitiya'),
('CD0004', 'Amara Sellamutthu Dr.', 'Ja-Ela'),
('CD0006', 'Amila Pharmacy', 'Ja-Ela'),
('CD0012', 'Asiri Pharmacy', 'Ja-Ela'),
('CD0013', 'Asiri Pharmacy', 'Raddolugama'),
('CD0015', 'Ave Maria (Pvt) Hospital', 'Negombo'),
('CD0016', 'Ave Maria Pharmacy', 'Negombo'),
('CD0018', 'Better Health Pharmacy', 'Negombo'),
('CD0020', 'Cash Customer - Colombo D', 'Negombo'),
('CD0023', 'City Medical', 'Negombo'),
('CD0024', 'City Pharmacy', 'Ja-Ela'),
('CD0025', 'City Pharmacy', 'Ragama'),
('CD0029', 'Dassanayake Iresha S. Dr.', 'Negombo'),
('CD0032', 'Digasiri Pharmacy', 'Ja-Ela'),
('CD0033', 'Dissanayake (Pvt) Hospital', 'Negombo'),
('CD0035', 'Ekala Pharmacy', 'Ja-Ela'),
('CD0036', 'Enderamulla Asiri Pharmacy', 'Wattala'),
('CD0044', 'Gimshani Pharmacy', 'Kandana'),
('CD0045', 'Gold Crest Pharmacy', 'Seeduwa'),
('CD0046', 'Gunaratne Neville Dr.', 'Ja-Ela'),
('CD0052', 'Health  Glow Pharmacy', 'Wattala'),
('CD0053', 'Health Care Medicla', 'Negombo'),
('CD0055', 'Healthline Pharmacy', 'Kandana'),
('CD0057', 'Hendala Pharmacy', 'Wattala'),
('CD0061', 'Ishara Pharmacy', 'Ja-Ela'),
('CD0062', 'Isuri Pharmacy', 'Wattala'),
('CD0063', 'J  J Pharmacy', 'Negombo'),
('CD0071', 'Kalidson Pharmacy', 'Negombo'),
('CD0073', 'Kapuwatha Pharmacy', 'Ja-Ela'),
('CD0078', 'Krishmo Pharmacy', 'Wattala'),
('CD0080', 'Lanka Pharmacy', 'Negombo'),
('CD0081', 'Laxsri Pharmacy', 'Katunayake'),
('CD0082', 'Leesons Hospital', 'Ragama'),
('CD0083', 'Leesons Pharmacy', 'Ragama'),
('CD0084', 'Leo Pharmacy', 'Negombo'),
('CD0087', 'M.P.C.S. (Osu Sala)', 'Negombo'),
('CD0088', 'Mahajana Osu Sala', 'Negombo'),
('CD0089', 'Mahajana Pharmacy', 'Peliyagoda'),
('CD0090', 'Maithree Perera Dr.', 'Wattala'),
('CD0099', 'Milan Pharmacy', 'Wattala'),
('CD0104', 'Nawa Osusala', 'Ja-Ela'),
('CD0105', 'Negombo Food  Drugs', 'Negombo'),
('CD0107', 'New Central Pharmacy', 'Negombo'),
('CD0110', 'New Medicare', 'Katunayake'),
('CD0111', 'New Pharmacy', 'Wattala'),
('CD0115', 'Nilmini Pharmacy', 'Ja-Ela'),
('CD0117', 'Nipuni Pharmacy', 'Ragama'),
('CD0122', 'Nishantha Wickramasingha Dr.', 'Ja-Ela'),
('CD0123', 'Niwasi Pharmacy', 'Ja-Ela'),
('CD0124', 'Orient Pharmacy', 'Averiwatta'),
('CD0125', 'Orient Pharmacy', 'Kandana'),
('CD0126', 'Osu Sala', 'Kandana'),
('CD0128', 'Osu Sala Wattala', 'Wattala'),
('CD0130', 'Pamunugama Pharmacy', 'Bopitiya'),
('CD0132', 'Peoples Pharmacy', 'Raddolugama'),
('CD0133', 'Peoples Pharmacy  Grocery', 'Wattala'),
('CD0136', 'Pharma Chemi', 'Wattala'),
('CD0138', 'P.J. ENTERPRISES (PVT) Ltd.', 'Ja-Ela'),
('CD0140', 'Raddolugama Pharmacy', 'Raddolugama'),
('CD0141', 'Ragama Pharmacy', 'Ragama'),
('CD0145', 'Reliable Pharmacy', 'Ragama'),
('CD0146', 'Rio Pharmacy', 'Hendala'),
('CD0147', 'Robert Medical', 'Negombo'),
('CD0149', 'Roswila Pharmacy', 'Wattala'),
('CD0151', 'S  G Medicals', 'Negombo'),
('CD0154', 'Sampath Pharmacy', 'Ragama'),
('CD0155', 'Sarana Osusala', 'Badalgama'),
('CD0158', 'Sathya Pharmacy', 'Wattala'),
('CD0159', 'Sea Street Osusala', 'Negombo'),
('CD0160', 'Seeduwa Medicals', 'Seeduwa'),
('CD0163', 'Sethma Pharmacy', 'Kandana'),
('CD0164', 'Shanthi Vidya Nivasa', 'Katana'),
('CD0167', 'Silveray Pharmacy', 'Negombo'),
('CD0168', 'Sriee Pharmacy', 'Negombo'),
('CD0173', 'St. Jude Pharmacy', 'Ja-Ela'),
('CD0174', 'St. Judes Pharmacy', 'Seeduwa'),
('CD0176', 'St. Marrys Pharmacy - KA', 'Katunayake'),
('CD0181', 'Super Medical', 'Negombo'),
('CD0182', 'Supreem Pharmacy', 'Negombo'),
('CD0183', 'Suranga Pharmacy', 'Katana'),
('CD0184', 'Suwa Sarana (Osu Sala)', 'Negombo'),
('CD0185', 'Suwasala Pharmacy', 'Wattala'),
('CD0189', 'Thalahena Pharmacy', 'Negombo'),
('CD0190', 'The Pharmaco (Pvt) Ltd.,', 'Negombo'),
('CD0192', 'Thrithva Pharmacy', 'Ja-Ela'),
('CD0194', 'Unique Pharmacy', 'Negombo'),
('CD0201', 'Wasantha Disanayaka Dr.', 'Averiwatta'),
('CD0214', 'Silva J.B.Dr.', 'Negombo'),
('CD0216', 'C  D Pharmacy', 'Ragama'),
('CD0220', 'The Pharmacy', 'Negombo'),
('CD0228', 'Shanthi Pharmacy', 'Negombo'),
('CD0231', 'Mendis N. S. M. Dr.', 'Ragama'),
('CD0239', 'Vidyathilaka DR.', 'Negombo'),
('CD0240', 'Hiru Pharmacy', 'Katana'),
('CD0242', 'K. S. A. Medical', 'Negombo'),
('CD0243', 'Suwa Setha Pharmacy', 'Badalgama'),
('CD0245', 'Kirthi Rathnayake Dr.', 'Katana'),
('CD0246', 'Sesatha Pharmacy', 'Kandana'),
('CD0249', 'Roshini Pharmacy', 'Ja-Ela'),
('CD0250', 'New Pharmacy', 'Negombo'),
('CD0253', 'Chemi World', 'Enderamulla'),
('CD0254', 'Sahana Pharmacy', 'Ragama'),
('CD0255', 'Lions Sight Hospital', 'Wattala'),
('CD0256', 'X  Lab Pharmacy', 'Negombo'),
('CD0257', 'Nirodha Pharmacy', 'Badalgama'),
('CD0258', 'Rilaulla Pharmacy', 'Kandana'),
('CD0259', 'Crystal Pharmacy', 'Negombo'),
('CD0263', 'Dissanayaka N.M.Dr.', 'Wattala'),
('CD0269', 'Subhani Pharmacy', 'Negombo'),
('CD0272', 'Ragama Pharmacy 2', 'Ragama'),
('CD0274', 'Nimali Tissera Dr.', 'Ragama'),
('CD0285', 'Chinthaka Rathnayaka Dr.', 'Wattala'),
('CD0286', 'Jayakodi Super Market', 'Negombo'),
('CD0293', 'St. Joshep Pharmacy', 'Bopitiya'),
('CD0294', 'Bopitiya Pharmacy', 'Bopitiya'),
('CD0299', 'Merryl Fernando Dr.', 'Seeduwa'),
('CD0300', 'Senaka Herath Dr.', 'Wattala'),
('CD0311', 'Gayan Jayakody Dr.', 'Raddolugama'),
('CD0326', 'Sithijaya Pharmacy', 'Negombo'),
('CD0335', 'Calvary Medicals', 'Ja-Ela'),
('CD0336', 'Family Care Pharmacy  Groceries', 'Wattala'),
('CD0339', 'Lasantha Somaratne Dr.', 'Kandana'),
('CD0346', 'Laksi Pharmacy', 'Peliyagoda'),
('CD0348', 'Golden Chemist', 'Ragama'),
('CD0356', 'Rusal Pharmacy - (Aloka Dr.)', 'Katana'),
('CD0359', 'Anoja Dr.', 'Seeduwa'),
('CD0362', 'Mahendra David Dr.', 'Katana'),
('CD0363', 'Deepal Fonseka Dr.', 'Ja-Ela'),
('CD0365', 'Seeduwa Osusala', 'Seeduwa'),
('CD0390', 'Lasith Pharmacy', 'Negombo'),
('CD0393', 'Kumar Senadeera Dr.', 'Negombo'),
('CD0396', 'Hansi Pharmacy', 'Ja-Ela'),
('CD0401', 'Aloka Dr.', 'Negombo'),
('CD0402', 'Pamunugama Osu Sala', 'Raddolugama'),
('CD0406', 'Browns Healthcare (Pvt) Ltd', 'Ragama'),
('CD0408', 'International Institute of Health of Science', 'Mahabage'),
('CD0412', 'New Kalani Pharmacy', 'Ja-Ela'),
('CD0424', 'Shara Chemist', 'Ragama'),
('CD0426', 'Jayasri Pharmacy', 'Ragama'),
('CD0441', 'Isura Pharmacy', 'Ragama'),
('CD0446', 'The Pharmacy APY (Pvt) Ltd', 'Ja-Ela'),
('CD0447', 'N.S. Medical', 'Seeduwa'),
('CD0449', 'Rashanthi Wijethunga Dr.', 'Raddolugama'),
('CD0450', 'Royal Pharmacy', 'Negombo'),
('CD0452', 'Welikala G. A. J. Dr.', 'Raddolugama'),
('CD0455', 'Suwasala Pharmacy', 'Negombo'),
('CD0459', 'Danya Pharmacy', 'Negombo'),
('CD0460', 'Darshana Pharmacy', 'Ja-Ela'),
('CD0461', 'Hussair M. N. M. Dr.', 'Negombo'),
('CD0462', 'Samudura Osusala', 'Raddolugama'),
('CD0467', 'Laksiri Lokuliayana Dr.', 'Ja-Ela'),
('CD0468', 'Kandawala Pharmacy', 'Katana'),
('CD0469', 'Asiri Pharmacy  Grocery', 'Negombo'),
('CD0470', 'Best Way Pharmacy', 'Negombo'),
('CD0474', 'Pradipa Osusala  Grocery', 'Negombo'),
('CD0476', 'Dagonna Pharmacy  Mini Mart', 'Negombo'),
('CD0480', 'Thilana Pharmacy', 'Ja-Ela'),
('CD0481', 'Reliance Pharmacy', 'Negombo'),
('CD0486', 'Royal Pharmacy Lanka (Pvt) Ltd.', 'Negombo'),
('CD0487', 'Healthcare Pharmacy  Family Needs', 'Raddolugama'),
('CD0492', 'Radiant Eye Hospital', 'Seeduwa'),
('CD0494', 'Sudesh Pharmacy  Grocery', 'Wattala'),
('CD0496', 'Alliance Pharmacy', 'Ragama'),
('CD0497', 'Nimal Sovis Dr.', 'Ja-Ela'),
('CD0498', 'Isura Pharmacy  Grocery', 'Katana'),
('CD0499', 'Shris Lanka Pharmacy', 'Seeduwa'),
('CD0500', 'Dinura Pharmacy', 'Ragama'),
('CD0501', 'Jasmin Pharmacy  Grocery', 'Kandana'),
('CD0507', 'Sujith Pulukkuttiarachchui Dr.', 'Kandana'),
('CD0508', 'St. Joseph Pharmacy  Grocery', 'Ja-Ela'),
('CD0510', 'Sri Lak Pharmacy', 'Seeduwa'),
('CD0517', 'Krishantha Gunathilaka Dr.', 'Hunupitiya'),
('CD0521', 'Keerthi Rathnayake Dr.', 'Katana'),
('CD0524', 'Dewa Pharmacy', 'Ragama'),
('CD0525', 'Health  Glow Pharmacy - 2', 'Wattala'),
('CD0527', 'Krishantha Gunathilake Dr.', 'Wattala'),
('CD0528', 'Orient Pharmacy', 'Negombo'),
('CD0532', 'Nawaloka Hospital (Pvt) Ltd.', 'Negombo'),
('CD0536', 'Lion Pharmacy', 'Mahabage'),
('CD0537', 'Medicare Pharmacy', 'Kandana'),
('CD0538', 'Ranmina Osusala', 'Negombo'),
('CD0539', 'Thenuka Pharmacy', 'Negombo'),
('CD0540', 'Lak Osusala', 'Seeduwa'),
('CD0541', 'Mabola Osusala', 'Wattala'),
('CD0544', 'Prasanjaya Dr.', 'Negombo'),
('CD0546', 'Kolitha Jayasundara Dr.', 'Ragama'),
('CD0547', 'New St. Joseph Pharmacy', 'Seeduwa'),
('CD0549', 'Lakshan Chemist', 'Wattala'),
('CD0553', 'Rajapakshe W.R.A.A.P.Dr.', 'Ragama'),
('CD0555', 'Imedra Medicals(Pvt)Ltd', 'Ragama'),
('CD0556', 'Silva D.C.D.S. Dr.', 'Katunayake'),
('CD0559', 'Chrishantus Silva Dr.', 'Negombo'),
('CD0560', 'Fernando W.K.S. Dr.', 'Negombo'),
('CD0561', 'Union Pharmacy', 'Negombo'),
('CD0568', 'Healing Pharmacy', 'Negombo'),
('COLD12316', 'Lakshman Fernando Dr.', 'Hunupitiya'),
('COLD12318', 'Samal Chandrakantha Dr.', 'Katana'),
('COLD12335', 'Thilini Hettiarachchi(Mrs)Dr.', 'Ragama'),
('COLD13770', 'Iresha Dilhani Dr.', 'Raddolugama'),
('COLD13777', 'Royal Pharmacy - Kanda', 'Kandana'),
('COLD13809', 'Lakshi Pharmacy', 'Negombo'),
('COLD13822', 'Jayalanka Pharmacy', 'Negombo'),
('COLD13899', 'Pamunugama Stores', 'Negombo'),
('COLD13901', 'Siyapatha Pharmacy', 'Ragama'),
('COLD13957', 'Negombo Drugs', 'Negombo'),
('COLD14005', 'Anuja Fernando Dr.', 'Seeduwa'),
('COLD14062', 'Dilhani A.W.A.D.I.Dr.', 'Raddolugama'),
('COLD14155', 'Glorious Medicare', 'Kandana'),
('COLD14166', 'Thudella Pharmacy', 'Ja-Ela'),
('COLD14176', 'Avendra Garden Hotel', 'Negombo'),
('COLD14180', 'Soft Life Pharmacy', 'Seeduwa'),
('COLD14197', 'Arogya Pharmacy and Grocery', 'Ja-Ela'),
('COLD14348', 'Ashoka Pharmacy', 'Negombo'),
('COLD14555', 'Nawa Lanka Pharmacy', 'Negombo'),
('COLD14591', 'V.M. Pharmacy', 'Katana'),
('COLD14611', 'Sasithma Pharmacy & Grocery', 'Ja-Ela'),
('COLD14710', 'S. S. Pharmacy - Katunayake', 'Katunayake'),
('COLD14722', 'AKM Pharmacy', 'Wattala'),
('COLD14793', 'Peoples Pharmacy-Magabage', 'Mahabage'),
('COLD14954', 'Ransetha Pharmacy', 'Wattala'),
('COLD14956', 'Sgaraika Pharmacy & Grocery', 'Ja-Ela'),
('COLD15046', 'Lakmi Pharmacy & Grocery', 'Negombo'),
('COLD15104', 'S M Medicals', 'Negombo'),
('COLD15109', 'Medicare Pharmacy', 'Hunupitiya'),
('COLD15133', 'Well Care Pharmacy', 'Katana');

-- --------------------------------------------------------

--
-- Table structure for table `hemasoutupload`
--

DROP TABLE IF EXISTS `hemasoutupload`;
CREATE TABLE IF NOT EXISTS `hemasoutupload` (
  `hID` varchar(20) NOT NULL,
  `hCustName` varchar(50) NOT NULL,
  `hTown` varchar(20) NOT NULL,
  `inv` varchar(20) NOT NULL,
  `date` date DEFAULT NULL,
  `age` int(11) DEFAULT NULL,
  `amount` float DEFAULT NULL,
  `balAmount` float DEFAULT NULL,
  PRIMARY KEY (`inv`),
  KEY `hID` (`hID`)
) ENGINE=InnoDB DEFAULT CHARSET=latin1;

--
-- Dumping data for table `hemasoutupload`
--

INSERT INTO `hemasoutupload` (`hID`, `hCustName`, `hTown`, `inv`, `date`, `age`, `amount`, `balAmount`) VALUES
('', '', '', '', NULL, 0, 0, 43),
('CD0182', 'Supreem Pharmacy', 'Negombo', 'CSO223600028', '2019-05-23', 89, 15115.5, 2884),
('CD0231', 'Mendis N. S. M. Dr.', 'Ragama', 'CSO223600082', '2019-05-23', 89, 12534.2, 12534.2),
('CD0492', 'Radiant Eye Hospital', 'Seeduwa', 'CSO223600098', '2019-05-23', 89, 516.31, 516.31),
('CD0459', 'Danya Pharmacy', 'Negombo', 'CSO223600115', '2019-05-20', 92, 4547.15, 4547.15),
('CD0521', 'Keerthi Rathnayake Dr.', 'Katana', 'CSO223600218', '2019-05-27', 85, 17400, 17400),
('COLD14348', 'Ashoka Pharmacy', 'Negombo', 'CSO223600221', '2019-05-27', 85, 31846.4, 0.52),
('CD0020', 'Cash Customer - Colombo D', 'Negombo', 'CSO223600226', '2019-05-27', 85, 9863.67, 9863.67),
('CD0099', 'Milan Pharmacy', 'Wattala', 'CSO223600253', '2019-05-29', 83, 6819.5, 6819.5),
('CD0083', 'Leesons Pharmacy', 'Ragama', 'CSO223600311', '2019-06-01', 80, 16100, 6440),
('CD0426', 'Jayasri Pharmacy', 'Ragama', 'CSO223600380', '2019-06-06', 75, 1127.85, 1127.85),
('CD0285', 'Chinthaka Rathnayaka Dr.', 'Wattala', 'CSO223600391', '2019-06-06', 75, 9565, 9565),
('CD0231', 'Mendis N. S. M. Dr.', 'Ragama', 'CSO223600392', '2019-06-06', 75, 32488.8, 32488.8),
('CD0449', 'Rashanthi Wijethunga Dr.', 'Raddolugama', 'CSO223600393', '2019-06-13', 68, 23710, 23710),
('CD0057', 'Hendala Pharmacy', 'Wattala', 'CSO223600421', '2019-06-10', 71, 12931.4, 213),
('CD0544', 'Prasanjaya Dr.', 'Negombo', 'CSO223600439', '2019-06-10', 71, 4698, 4698),
('CD0194', 'Unique Pharmacy', 'Negombo', 'CSO223600475', '2019-06-12', 69, 115176, 0.1),
('CD0087', 'M.P.C.S. (Osu Sala)', 'Negombo', 'CSO223600478', '2019-06-13', 68, 34015.9, 34015.9),
('CD0249', 'Roshini Pharmacy', 'Ja-Ela', 'CSO223600558', '2019-06-17', 64, 5761.12, 5761.12),
('CD0231', 'Mendis N. S. M. Dr.', 'Ragama', 'CSO223600588', '2019-06-21', 60, 34267.1, 34267.1),
('CD0538', 'Ranmina Osusala', 'Negombo', 'CSO223600596', '2019-06-19', 62, 12358.5, 12358.5),
('CD0286', 'Jayakodi Super Market', 'Negombo', 'CSO223600609', '2019-06-19', 62, 5603, 5603),
('CD0461', 'Hussair M. N. M. Dr.', 'Negombo', 'CSO223600640', '2019-06-21', 60, 3220, 3220),
('CD0500', 'Dinura Pharmacy', 'Ragama', 'CSO223600646', '2019-06-21', 60, 17086.1, 17086.1),
('COLD14348', 'Ashoka Pharmacy', 'Negombo', 'CSO223600648', '2019-06-22', 59, 1535, 1535),
('COLD14348', 'Ashoka Pharmacy', 'Negombo', 'CSO223600649', '2019-06-22', 59, 3418.44, 3418.44),
('COLD13809', 'Lakshi Pharmacy', 'Negombo', 'CSO223600651', '2019-06-22', 59, 3070, 3070),
('CD0016', 'Ave Maria Pharmacy', 'Negombo', 'CSO223600652', '2019-06-22', 59, 1535, 1535),
('COLD14555', 'Nawa Lanka Pharmacy', 'Negombo', 'CSO223600657', '2019-06-22', 59, 3778.5, 3778.5),
('CD0189', 'Thalahena Pharmacy', 'Negombo', 'CSO223600658', '2019-06-22', 59, 3070, 3070),
('CD0128', 'Osu Sala Wattala', 'Wattala', 'CSO223600668', '2019-06-24', 57, 4315, 4315),
('CD0062', 'Isuri Pharmacy', 'Wattala', 'CSO223600669', '2019-06-24', 57, 12432.5, 12432.5),
('CD0346', 'Laksi Pharmacy', 'Peliyagoda', 'CSO223600670', '2019-06-24', 57, 7223, 2279),
('CD0141', 'Ragama Pharmacy', 'Ragama', 'CSO223600683', '2019-06-27', 54, 42088.4, 24938.4),
('CD0138', 'P.J. ENTERPRISES (PVT) Ltd.', 'Ja-Ela', 'CSO223600698', '2019-06-25', 56, 120050, 120050),
('CD0259', 'Crystal Pharmacy', 'Negombo', 'CSO223600702', '2019-06-26', 55, 14420, 14420),
('COLD14166', 'Thudella Pharmacy', 'Ja-Ela', 'CSO223600704', '2019-06-26', 55, 10367, 10146),
('CD0527', 'Krishantha Gunathilake Dr.', 'Wattala', 'CSO223600710', '2019-06-26', 55, 3070, 3070),
('CD0239', 'Vidyathilaka DR.', 'Negombo', 'CSO223600719', '2019-06-26', 55, 10635, 10635),
('CD0259', 'Crystal Pharmacy', 'Negombo', 'CSO223600720', '2019-06-27', 54, 7852.48, 7852.48),
('CD0259', 'Crystal Pharmacy', 'Negombo', 'CSO223600725', '2019-06-29', 52, 735, 735),
('CD0107', 'New Central Pharmacy', 'Negombo', 'CSO223600729', '2019-06-27', 54, 22879.8, 22879.8),
('COLD14555', 'Nawa Lanka Pharmacy', 'Negombo', 'CSO223600733', '2019-07-01', 50, 25971.8, 1067.76),
('CD0141', 'Ragama Pharmacy', 'Ragama', 'CSO223600736', '2019-06-27', 54, 174914, 174914),
('CD0163', 'Sethma Pharmacy', 'Kandana', 'CSO223600745', '2019-06-29', 52, 38100, 38100),
('CD0125', 'Orient Pharmacy', 'Kandana', 'CSO223600748', '2019-06-28', 53, 5253.4, 7.83),
('CD0141', 'Ragama Pharmacy', 'Ragama', 'CSO223600758', '2019-06-28', 53, 19152.6, 19152.6),
('CD0245', 'Kirthi Rathnayake Dr.', 'Katana', 'CSO223600761', '2019-06-29', 52, 89850, 89444),
('CD0449', 'Rashanthi Wijethunga Dr.', 'Raddolugama', 'CSO223600763', '2019-06-29', 52, 16727.3, 16727.3),
('CD0029', 'Dassanayake Iresha S. Dr.', 'Negombo', 'CSO223600767', '2019-06-29', 52, 3410, 3410),
('CD0057', 'Hendala Pharmacy', 'Wattala', 'CSO223600769', '2019-07-01', 50, 2270, 1535),
('CD0285', 'Chinthaka Rathnayaka Dr.', 'Wattala', 'CSO223600775', '2019-07-01', 50, 19300, 19300),
('CD0128', 'Osu Sala Wattala', 'Wattala', 'CSO223600777', '2019-07-01', 50, 7301, 7301),
('CD0062', 'Isuri Pharmacy', 'Wattala', 'CSO223600778', '2019-07-01', 50, 9284.26, 9284.26),
('CD0242', 'K. S. A. Medical', 'Negombo', 'CSO223600783', '2019-07-01', 50, 13814.2, 13814.2),
('CD0073', 'Kapuwatha Pharmacy', 'Ja-Ela', 'CSO223600787', '2019-07-01', 50, 8240, 8240),
('CD0182', 'Supreem Pharmacy', 'Negombo', 'CSO223600788', '2019-07-01', 50, 5505, 5505),
('CD0088', 'Mahajana Osu Sala', 'Negombo', 'CSO223600789', '2019-07-01', 50, 41200, 41200),
('CD0181', 'Super Medical', 'Negombo', 'CSO223600793', '2019-07-01', 50, 79533.2, 79533.2),
('CD0163', 'Sethma Pharmacy', 'Kandana', 'CSO223600794', '2019-07-01', 50, 86659, 86659),
('CD0083', 'Leesons Pharmacy', 'Ragama', 'CSO223600800', '2019-07-01', 50, 102221, 102221),
('CD0128', 'Osu Sala Wattala', 'Wattala', 'CSO223600802', '2019-07-01', 50, 41200, 41200),
('CD0194', 'Unique Pharmacy', 'Negombo', 'CSO223600805', '2019-07-01', 50, 101165, 38525),
('CD0240', 'Hiru Pharmacy', 'Katana', 'CSO223600806', '2019-07-01', 50, 240100, 240100),
('CD0164', 'Shanthi Vidya Nivasa', 'Katana', 'CSO223600807', '2019-07-01', 50, 75937.7, 75937.7),
('CD0128', 'Osu Sala Wattala', 'Wattala', 'CSO223600808', '2019-07-01', 50, 112631, 112631),
('CD0194', 'Unique Pharmacy', 'Negombo', 'CSO223600809', '2019-07-01', 50, 29770, 29770),
('CD0080', 'Lanka Pharmacy', 'Negombo', 'CSO223600810', '2019-07-01', 50, 76119, 76119),
('CD0402', 'Pamunugama Osu Sala', 'Raddolugama', 'CSO223600814', '2019-07-02', 49, 20031, 20031),
('CD0402', 'Pamunugama Osu Sala', 'Raddolugama', 'CSO223600816', '2019-07-03', 48, 16180.1, 2365),
('CD0083', 'Leesons Pharmacy', 'Ragama', 'CSO223600820', '2019-07-04', 47, 5824, 5824),
('CD0141', 'Ragama Pharmacy', 'Ragama', 'CSO223600823', '2019-07-04', 47, 113541, 113541),
('CD0555', 'Imedra Medicals(Pvt)Ltd', 'Ragama', 'CSO223600825', '2019-07-04', 47, 36689.1, 36689.1),
('CD0496', 'Alliance Pharmacy', 'Ragama', 'CSO223600826', '2019-07-04', 47, 8626, 8626),
('CD0164', 'Shanthi Vidya Nivasa', 'Katana', 'CSO223600827', '2019-07-04', 47, 8250, 8250),
('CD0285', 'Chinthaka Rathnayaka Dr.', 'Wattala', 'CSO223600828', '2019-07-04', 47, 12100, 12100),
('CD0393', 'Kumar Senadeera Dr.', 'Negombo', 'CSO223600833', '2019-07-04', 47, 81360, 81360),
('CD0245', 'Kirthi Rathnayake Dr.', 'Katana', 'CSO223600834', '2019-07-04', 47, 7085, 7085),
('CD0088', 'Mahajana Osu Sala', 'Negombo', 'CSO223600836', '2019-07-04', 47, 3542.5, 3542.5),
('COLD13809', 'Lakshi Pharmacy', 'Negombo', 'CSO223600837', '2019-07-05', 46, 4132.5, 4132.5),
('CD0527', 'Krishantha Gunathilake Dr.', 'Wattala', 'CSO223600838', '2019-07-09', 42, 14340, 14340),
('CD0555', 'Imedra Medicals(Pvt)Ltd', 'Ragama', 'CSO223600839', '2019-07-04', 47, 27912, 27912),
('CD0182', 'Supreem Pharmacy', 'Negombo', 'CSO223600841', '2019-07-04', 47, 68580, 68580),
('CD0062', 'Isuri Pharmacy', 'Wattala', 'CSO223600844', '2019-07-04', 47, 12291, 12291),
('CD0362', 'Mahendra David Dr.', 'Katana', 'CSO223600845', '2019-07-04', 47, 3440, 3440),
('CD0062', 'Isuri Pharmacy', 'Wattala', 'CSO223600846', '2019-07-05', 46, 4120, 4120),
('CD0088', 'Mahajana Osu Sala', 'Negombo', 'CSO223600848', '2019-07-05', 46, 17872, 17872),
('CD0182', 'Supreem Pharmacy', 'Negombo', 'CSO223600851', '2019-07-05', 46, 68580, 68580),
('CD0024', 'City Pharmacy', 'Ja-Ela', 'CSO223600856', '2019-07-11', 40, 9855.2, 9855.2),
('COLD14166', 'Thudella Pharmacy', 'Ja-Ela', 'CSO223600858', '2019-07-05', 46, 1063.5, 1063.5),
('CD0216', 'C  D Pharmacy', 'Ragama', 'CSO223600862', '2019-07-05', 46, 30921, 30921),
('CD0088', 'Mahajana Osu Sala', 'Negombo', 'CSO223600878', '2019-07-08', 43, 37478.5, 37478.5),
('CD0257', 'Nirodha Pharmacy', 'Badalgama', 'CSO223600881', '2019-07-08', 43, 1610, 1610),
('COLD14555', 'Nawa Lanka Pharmacy', 'Negombo', 'CSO223600882', '2019-07-10', 41, 38884.4, 38884.4),
('CD0220', 'The Pharmacy', 'Negombo', 'CSO223600884', '2019-07-08', 43, 11104.5, 6778.5),
('CD0184', 'Suwa Sarana (Osu Sala)', 'Negombo', 'CSO223600885', '2019-07-08', 43, 4536, 4536),
('CD0018', 'Better Health Pharmacy', 'Negombo', 'CSO223600886', '2019-07-08', 43, 33627.5, 33627.5),
('CD0124', 'Orient Pharmacy', 'Averiwatta', 'CSO223600888', '2019-07-10', 41, 24389.7, 24389.7),
('CD0182', 'Supreem Pharmacy', 'Negombo', 'CSO223600889', '2019-07-09', 42, 59290, 59290),
('CD0539', 'Thenuka Pharmacy', 'Negombo', 'CSO223600891', '2019-07-09', 42, 9203.52, 9203.52),
('CD0455', 'Suwasala Pharmacy', 'Negombo', 'CSO223600892', '2019-07-09', 42, 9893, 9893),
('CD0240', 'Hiru Pharmacy', 'Katana', 'CSO223600896', '2019-07-10', 41, 19132.5, 19132.5),
('CD0182', 'Supreem Pharmacy', 'Negombo', 'CSO223600897', '2019-07-09', 42, 14191.5, 14191.5),
('CD0243', 'Suwa Setha Pharmacy', 'Badalgama', 'CSO223600900', '2019-07-10', 41, 9706, 9706),
('CD0257', 'Nirodha Pharmacy', 'Badalgama', 'CSO223600901', '2019-07-09', 42, 8042.78, 8042.78),
('CD0474', 'Pradipa Osusala  Grocery', 'Negombo', 'CSO223600906', '2019-07-09', 42, 14466.5, 14466.5),
('CD0141', 'Ragama Pharmacy', 'Ragama', 'CSO223600909', '2019-07-12', 39, 23637.3, 23637.3),
('CD0141', 'Ragama Pharmacy', 'Ragama', 'CSO223600910', '2019-07-12', 39, 4572, 4572),
('CD0083', 'Leesons Pharmacy', 'Ragama', 'CSO223600911', '2019-07-10', 41, 5466.5, 5466.5),
('CD0500', 'Dinura Pharmacy', 'Ragama', 'CSO223600914', '2019-07-10', 41, 24737.8, 24737.8),
('CD0496', 'Alliance Pharmacy', 'Ragama', 'CSO223600917', '2019-07-10', 41, 10972, 10972),
('CD0046', 'Gunaratne Neville Dr.', 'Ja-Ela', 'CSO223600919', '2019-07-11', 40, 48000, 48000),
('CD0259', 'Crystal Pharmacy', 'Negombo', 'CSO223600922', '2019-07-11', 40, 28618.7, 28618.7),
('CD0149', 'Roswila Pharmacy', 'Wattala', 'CSO223600925', '2019-07-11', 40, 8240, 8240),
('CD0499', 'Shris Lanka Pharmacy', 'Seeduwa', 'CSO223600926', '2019-07-12', 39, 3235, 3235),
('CD0128', 'Osu Sala Wattala', 'Wattala', 'CSO223600929', '2019-07-11', 40, 50567.5, 50567.5),
('CD0062', 'Isuri Pharmacy', 'Wattala', 'CSO223600930', '2019-07-11', 40, 1797, 1797),
('CD0346', 'Laksi Pharmacy', 'Peliyagoda', 'CSO223600931', '2019-07-11', 40, 8916.1, 8916.1),
('CD0494', 'Sudesh Pharmacy  Grocery', 'Wattala', 'CSO223600934', '2019-07-18', 33, 13184, 13184),
('CD0549', 'Lakshan Chemist', 'Wattala', 'CSO223600936', '2019-07-11', 40, 1489, 1489),
('CD0057', 'Hendala Pharmacy', 'Wattala', 'CSO223600937', '2019-07-12', 39, 8734, 8734),
('CD0449', 'Rashanthi Wijethunga Dr.', 'Raddolugama', 'CSO223600938', '2019-07-20', 31, 15755, 15755),
('CD0480', 'Thilana Pharmacy', 'Ja-Ela', 'CSO223600939', '2019-07-12', 39, 18620, 18620),
('CD0528', 'Orient Pharmacy', 'Negombo', 'CSO223600940', '2019-07-12', 39, 7090, 7090),
('CD0167', 'Silveray Pharmacy', 'Negombo', 'CSO223600950', '2019-07-12', 39, 33200, 33200),
('CD0167', 'Silveray Pharmacy', 'Negombo', 'CSO223600951', '2019-07-12', 39, 25320, 25320),
('CD0402', 'Pamunugama Osu Sala', 'Raddolugama', 'CSO223600953', '2019-07-12', 39, 38447.7, 38047.7),
('CD0499', 'Shris Lanka Pharmacy', 'Seeduwa', 'CSO223600955', '2019-07-15', 36, 887, 887),
('COLD14180', 'Soft Life Pharmacy', 'Seeduwa', 'CSO223600956', '2019-07-13', 38, 7427.04, 7427.04),
('CD0547', 'New St. Joseph Pharmacy', 'Seeduwa', 'CSO223600957', '2019-07-15', 36, 32810.5, 32810.5),
('CD0447', 'N.S. Medical', 'Seeduwa', 'CSO223600959', '2019-07-13', 38, 5258, 5258),
('CD0125', 'Orient Pharmacy', 'Kandana', 'CSO223600962', '2019-07-15', 36, 1876, 1876),
('CD0055', 'Healthline Pharmacy', 'Kandana', 'CSO223600964', '2019-07-15', 36, 14146.7, 11146.7),
('CD0499', 'Shris Lanka Pharmacy', 'Seeduwa', 'CSO223600965', '2019-07-15', 36, 3312, 3312),
('CD0174', 'St. Judes Pharmacy', 'Seeduwa', 'CSO223600970', '2019-07-15', 36, 6089.5, 6089.5),
('CD0182', 'Supreem Pharmacy', 'Negombo', 'CSO223600971', '2019-07-15', 36, 5810, 5810),
('CD0470', 'Best Way Pharmacy', 'Negombo', 'CSO223600972', '2019-07-15', 36, 7818, 7818),
('CD0469', 'Asiri Pharmacy  Grocery', 'Negombo', 'CSO223600973', '2019-07-15', 36, 20675.4, 20675.4),
('CD0088', 'Mahajana Osu Sala', 'Negombo', 'CSO223600974', '2019-07-15', 36, 29186, 29186),
('CD0088', 'Mahajana Osu Sala', 'Negombo', 'CSO223600975', '2019-07-15', 36, 137680, 137680),
('CD0481', 'Reliance Pharmacy', 'Negombo', 'CSO223600976', '2019-07-19', 32, 30112, 30112),
('CD0256', 'X  Lab Pharmacy', 'Negombo', 'CSO223600978', '2019-07-15', 36, 9680.78, 9680.78),
('CD0259', 'Crystal Pharmacy', 'Negombo', 'CSO223600979', '2019-07-18', 33, 18308.5, 18308.5),
('CD0107', 'New Central Pharmacy', 'Negombo', 'CSO223600980', '2019-07-15', 36, 7293.5, 7293.5),
('CD0242', 'K. S. A. Medical', 'Negombo', 'CSO223600986', '2019-07-17', 34, 14762.8, 14762.8),
('CD0057', 'Hendala Pharmacy', 'Wattala', 'CSO223600987', '2019-07-18', 33, 6780, 6780),
('CD0555', 'Imedra Medicals(Pvt)Ltd', 'Ragama', 'CSO223600988', '2019-07-17', 34, 45984, 45984),
('CD0496', 'Alliance Pharmacy', 'Ragama', 'CSO223600990', '2019-07-18', 33, 907.5, 907.5),
('CD0083', 'Leesons Pharmacy', 'Ragama', 'CSO223600992', '2019-07-17', 34, 98204.8, 98204.8),
('CD0141', 'Ragama Pharmacy', 'Ragama', 'CSO223600994', '2019-07-18', 33, 11524, 11524),
('CD0441', 'Isura Pharmacy', 'Ragama', 'CSO223600995', '2019-07-17', 34, 14727, 14727),
('CD0025', 'City Pharmacy', 'Ragama', 'CSO223600996', '2019-07-18', 33, 4067, 4067),
('CD0408', 'International Institute of Health of Science', 'Mahabage', 'CSO223600998', '2019-07-18', 33, 13016.5, 13016.5),
('CD0128', 'Osu Sala Wattala', 'Wattala', 'CSO223601002', '2019-07-18', 33, 52376.5, 52376.5),
('CD0062', 'Isuri Pharmacy', 'Wattala', 'CSO223601003', '2019-07-18', 33, 3478.5, 3478.5),
('CD0158', 'Sathya Pharmacy', 'Wattala', 'CSO223601004', '2019-07-18', 33, 8089, 8089),
('CD0510', 'Sri Lak Pharmacy', 'Seeduwa', 'CSO223601005', '2019-07-19', 32, 3876.56, 3876.56),
('CD0111', 'New Pharmacy', 'Wattala', 'CSO223601006', '2019-07-18', 33, 21823, 21823),
('CD0052', 'Health  Glow Pharmacy', 'Wattala', 'CSO223601008', '2019-07-18', 33, 23384.1, 23384.1),
('CD0541', 'Mabola Osusala', 'Wattala', 'CSO223601009', '2019-07-18', 33, 6061.5, 6061.5),
('CD0057', 'Hendala Pharmacy', 'Wattala', 'CSO223601010', '2019-07-19', 32, 3604.71, 3604.71),
('COLD14793', 'Peoples Pharmacy-Magabage', 'Mahabage', 'CSO223601011', '2019-07-19', 32, 17187.7, 17187.7),
('CD0123', 'Niwasi Pharmacy', 'Ja-Ela', 'CSO223601016', '2019-07-19', 32, 3347.5, 965),
('CD0141', 'Ragama Pharmacy', 'Ragama', 'CSO223601017', '2019-07-25', 26, 232200, 232200),
('CD0141', 'Ragama Pharmacy', 'Ragama', 'CSO223601018', '2019-07-19', 32, 35450, 35450),
('CD0035', 'Ekala Pharmacy', 'Ja-Ela', 'CSO223601019', '2019-07-19', 32, 8296, 8296),
('CD0115', 'Nilmini Pharmacy', 'Ja-Ela', 'CSO223601021', '2019-07-19', 32, 32366.7, 32366.7),
('CD0508', 'St. Joseph Pharmacy  Grocery', 'Ja-Ela', 'CSO223601022', '2019-07-19', 32, 13291, 13291),
('CD0348', 'Golden Chemist', 'Ragama', 'CSO223601023', '2019-07-22', 29, 21891.5, 21891.5),
('CD0138', 'P.J. ENTERPRISES (PVT) Ltd.', 'Ja-Ela', 'CSO223601024', '2019-07-19', 32, 138994, 138994),
('CD0138', 'P.J. ENTERPRISES (PVT) Ltd.', 'Ja-Ela', 'CSO223601025', '2019-07-19', 32, 18761.6, 18761.6),
('CD0406', 'Browns Healthcare (Pvt) Ltd', 'Ragama', 'CSO223601026', '2019-07-19', 32, 124155, 124155),
('CD0194', 'Unique Pharmacy', 'Negombo', 'CSO223601027', '2019-07-19', 32, 15240, 15240),
('CD0088', 'Mahajana Osu Sala', 'Negombo', 'CSO223601030', '2019-07-24', 27, 41200, 41200),
('CD0020', 'Cash Customer - Colombo D', 'Negombo', 'CSO713500063', '2017-09-21', 698, 4695, 4695),
('CD0020', 'Cash Customer - Colombo D', 'Negombo', 'CSO713500184', '2017-09-27', 692, 4087, 2871.54),
('CD0402', 'Pamunugama Osu Sala', 'Raddolugama', 'CSO713500873', '2017-11-04', 654, 2010, 1267),
('CD0249', 'Roshini Pharmacy', 'Ja-Ela', 'CSO713501230', '2017-11-24', 634, 4725, 4725),
('CD0402', 'Pamunugama Osu Sala', 'Raddolugama', 'CSO713501568', '2017-12-11', 617, 25557.7, 25557.7),
('CD0023', 'City Medical', 'Negombo', 'CSO713502371', '2018-01-19', 578, 20360.5, 20360.5),
('CD0020', 'Cash Customer - Colombo D', 'Negombo', 'CSO713502820', '2018-02-12', 554, 10412.9, 7349.91),
('CD0090', 'Maithree Perera Dr.', 'Wattala', 'CSO713502931', '2018-02-17', 549, 21091, 21091),
('CD0020', 'Cash Customer - Colombo D', 'Negombo', 'CSO713503250', '2018-03-06', 532, 1420, 1420),
('CD0020', 'Cash Customer - Colombo D', 'Negombo', 'CSO713504625', '2018-05-19', 458, 1869.56, 1869.56),
('COLD14176', 'Avendra Garden Hotel', 'Negombo', 'CSO713505040', '2018-06-11', 435, 1779, 1779),
('COLD13809', 'Lakshi Pharmacy', 'Negombo', 'CSO713505775', '2018-07-23', 393, 18767.5, 1932.5),
('CD0498', 'Isura Pharmacy  Grocery', 'Katana', 'CSO713505781', '2018-07-24', 392, 18706.3, 18706.3),
('COLD13901', 'Siyapatha Pharmacy', 'Ragama', 'CSO713505837', '2018-07-25', 391, 978, 978),
('CD0167', 'Silveray Pharmacy', 'Negombo', 'CSO713505933', '2018-07-31', 385, 14113, 14113),
('COLD13901', 'Siyapatha Pharmacy', 'Ragama', 'CSO713506101', '2018-08-09', 376, 3919.69, 3919.69),
('COLD13901', 'Siyapatha Pharmacy', 'Ragama', 'CSO713506517', '2018-09-05', 349, 9271.95, 9271.95),
('CD0023', 'City Medical', 'Negombo', 'CSO713506603', '2018-09-17', 337, 10231.6, 10231.6),
('COLD13901', 'Siyapatha Pharmacy', 'Ragama', 'CSO713507130', '2018-10-10', 314, 1696.48, 1696.48),
('COLD13822', 'Jayalanka Pharmacy', 'Negombo', 'CSO713507186', '2018-10-11', 313, 13122.2, 13122.2),
('CD0020', 'Cash Customer - Colombo D', 'Negombo', 'CSO713507197', '2018-10-12', 312, 14113, 14113),
('CD0450', 'Royal Pharmacy', 'Negombo', 'CSO713507261', '2018-10-17', 307, 15571, 15571),
('CD0450', 'Royal Pharmacy', 'Negombo', 'CSO713507299', '2018-10-18', 306, 10545.5, 10545.5),
('COLD13822', 'Jayalanka Pharmacy', 'Negombo', 'CSO713507314', '2018-10-19', 305, 9385.07, 9385.07),
('CD0013', 'Asiri Pharmacy', 'Raddolugama', 'CSO713507429', '2018-10-27', 297, 18202.6, 18202.6),
('CD0462', 'Samudura Osusala', 'Raddolugama', 'CSO713507442', '2018-10-29', 295, 7904.62, 7602.62),
('CD0083', 'Leesons Pharmacy', 'Ragama', 'CSO713507578', '2018-11-01', 292, 19322, 19322),
('CD0498', 'Isura Pharmacy  Grocery', 'Katana', 'CSO713507903', '2018-11-19', 274, 28994.1, 26078.6),
('CD0363', 'Deepal Fonseka Dr.', 'Ja-Ela', 'CSO713507930', '2018-11-21', 272, 3391, 3391),
('CD0568', 'Healing Pharmacy', 'Negombo', 'CSO713508026', '2018-11-26', 267, 6327.3, 6327.3),
('CD0089', 'Mahajana Pharmacy', 'Peliyagoda', 'CSO713508085', '2018-11-27', 266, 2109.1, 2109.1),
('CD0168', 'Sriee Pharmacy', 'Negombo', 'CSO713508159', '2018-11-30', 263, 12576, 12576),
('CD0168', 'Sriee Pharmacy', 'Negombo', 'CSO713508160', '2018-11-30', 263, 794.4, 794.4),
('CD0089', 'Mahajana Pharmacy', 'Peliyagoda', 'CSO713508326', '2018-12-10', 253, 5941.48, 5941.48),
('CD0263', 'Dissanayaka N.M.Dr.', 'Wattala', 'CSO713508513', '2018-12-20', 243, 10545.5, 10545.5),
('CD0020', 'Cash Customer - Colombo D', 'Negombo', 'CSO713508538', '2018-12-21', 242, 14712, 14712),
('CD0406', 'Browns Healthcare (Pvt) Ltd', 'Ragama', 'CSO713508545', '2018-12-24', 239, 406698, 1572.59),
('CD0089', 'Mahajana Pharmacy', 'Peliyagoda', 'CSO713508568', '2018-12-27', 236, 8386.01, 8386.01),
('COLD14062', 'Dilhani A.W.A.D.I.Dr.', 'Raddolugama', 'CSO713508623', '2018-12-31', 232, 5000, 5000),
('COLD13899', 'Pamunugama Stores', 'Negombo', 'CSO713508638', '2018-12-31', 232, 24300, 24300),
('CD0462', 'Samudura Osusala', 'Raddolugama', 'CSO713508659', '2019-01-02', 230, 9622.4, 9622.4),
('COLD13899', 'Pamunugama Stores', 'Negombo', 'CSO713508706', '2019-01-03', 229, 24300, 24300),
('CD0446', 'The Pharmacy APY (Pvt) Ltd', 'Ja-Ela', 'CSO713508749', '2019-01-09', 223, 4528.4, 4528.4),
('CD0184', 'Suwa Sarana (Osu Sala)', 'Negombo', 'CSO713508805', '2019-01-11', 221, 2252.73, 537),
('CD0272', 'Ragama Pharmacy 2', 'Ragama', 'CSO713508874', '2019-01-16', 216, 8580.46, 8580.46),
('CD0293', 'St. Joshep Pharmacy', 'Bopitiya', 'CSO713508935', '2019-01-19', 213, 32588.1, 21114.8),
('CD0447', 'N.S. Medical', 'Seeduwa', 'CSO713508953', '2019-01-21', 211, 1902.75, 1902.75),
('CD0446', 'The Pharmacy APY (Pvt) Ltd', 'Ja-Ela', 'CSO713508975', '2019-01-22', 210, 17543.1, 2799),
('COLD14166', 'Thudella Pharmacy', 'Ja-Ela', 'CSO713509084', '2019-01-28', 204, 2437.55, 461),
('CD0032', 'Digasiri Pharmacy', 'Ja-Ela', 'CSO713509097', '2019-01-30', 202, 18946.7, 18946.7),
('CD0013', 'Asiri Pharmacy', 'Raddolugama', 'CSO713509215', '2019-02-05', 196, 2765, 2765),
('CD0192', 'Thrithva Pharmacy', 'Ja-Ela', 'CSO713509284', '2019-02-07', 194, 6938.67, 6938.67),
('CD0412', 'New Kalani Pharmacy', 'Ja-Ela', 'CSO713509297', '2019-02-08', 193, 11519.5, 11519.5),
('CD0450', 'Royal Pharmacy', 'Negombo', 'CSO713509372', '2019-02-12', 189, 21126.3, 21126.3),
('CD0084', 'Leo Pharmacy', 'Negombo', 'CSO713509508', '2019-02-18', 183, 20653, 20653),
('CD0084', 'Leo Pharmacy', 'Negombo', 'CSO713509510', '2019-02-18', 183, 19498.6, 19498.6),
('CD0084', 'Leo Pharmacy', 'Negombo', 'CSO713509511', '2019-02-18', 183, 12112.5, 12112.5),
('CD0510', 'Sri Lak Pharmacy', 'Seeduwa', 'CSO713509551', '2019-02-21', 180, 14149.9, 13885.9),
('CD0487', 'Healthcare Pharmacy  Family Needs', 'Raddolugama', 'CSO713509577', '2019-02-23', 178, 14619.8, 14619.8),
('CD0474', 'Pradipa Osusala  Grocery', 'Negombo', 'CSO713509624', '2019-02-26', 175, 14228.8, 461),
('CD0406', 'Browns Healthcare (Pvt) Ltd', 'Ragama', 'CSO713509650', '2019-02-27', 174, 82174, 82174),
('CD0467', 'Laksiri Lokuliayana Dr.', 'Ja-Ela', 'CSO713509674', '2019-02-28', 173, 2109.1, 2109.1),
('CD0083', 'Leesons Pharmacy', 'Ragama', 'CSO713509678', '2019-02-28', 173, 1324, 1324),
('CD0163', 'Sethma Pharmacy', 'Kandana', 'CSO713509758', '2019-03-01', 172, 14791.3, 14791.3),
('CD0532', 'Nawaloka Hospital (Pvt) Ltd.', 'Negombo', 'CSO713509778', '2019-03-01', 172, 85130, 85130),
('CD0556', 'Silva D.C.D.S. Dr.', 'Katunayake', 'CSO713509885', '2019-03-09', 164, 22871.5, 22871.5),
('COLD14155', 'Glorious Medicare', 'Kandana', 'CSO713509964', '2019-03-14', 159, 9401.73, 9401.73),
('CD0184', 'Suwa Sarana (Osu Sala)', 'Negombo', 'CSO713509985', '2019-04-01', 141, 1586.75, 1586.75),
('COLD14180', 'Soft Life Pharmacy', 'Seeduwa', 'CSO713510005', '2019-03-15', 158, 3180.78, 3180.78),
('CD0524', 'Dewa Pharmacy', 'Ragama', 'CSO713510032', '2019-04-01', 141, 6087.7, 6087.7),
('CD0492', 'Radiant Eye Hospital', 'Seeduwa', 'CSO713510075', '2019-03-21', 152, 5000, 5000),
('COLD13957', 'Negombo Drugs', 'Negombo', 'CSO713510149', '2019-03-25', 148, 3913.46, 3912.63),
('CD0080', 'Lanka Pharmacy', 'Negombo', 'CSO713510758', '2019-04-30', 112, 33374.2, 33374.2),
('CD0149', 'Roswila Pharmacy', 'Wattala', 'CSO713510865', '2019-05-06', 106, 5600, 2800),
('CD0452', 'Welikala G. A. J. Dr.', 'Raddolugama', 'CSO713510960', '2019-05-08', 104, 5408.7, 5408.7),
('COLD13809', 'Lakshi Pharmacy', 'Negombo', 'CSO713510968', '2019-05-09', 103, 4218.2, 4218.2),
('CD0061', 'Ishara Pharmacy', 'Ja-Ela', 'CSO713511021', '2019-05-11', 101, 21277, 19726),
('CD0461', 'Hussair M. N. M. Dr.', 'Negombo', 'CSO713511069', '2019-05-20', 92, 12043.5, 12043.5),
('CD0461', 'Hussair M. N. M. Dr.', 'Negombo', 'CSO713511104', '2019-05-21', 91, 10533.3, 7513.3),
('CD0183', 'Suranga Pharmacy', 'Katana', 'CSO713511130', '2019-05-22', 90, 6485.8, 6485.8),
('CD0183', 'Suranga Pharmacy', 'Katana', 'CSO713511133', '2019-05-22', 90, 4817.4, 4817.4),
('CD0155', 'Sarana Osusala', 'Badalgama', 'CSO713511137', '2019-05-23', 89, 4980.3, 4980.3),
('CD0155', 'Sarana Osusala', 'Badalgama', 'CSO713511138', '2019-05-23', 89, 2408.7, 2408.7),
('CD0141', 'Ragama Pharmacy', 'Ragama', 'CSO713511184', '2019-05-23', 89, 120223, 15027),
('CD0036', 'Enderamulla Asiri Pharmacy', 'Wattala', 'CSO713511203', '2019-05-24', 88, 3521.7, 4),
('CD0336', 'Family Care Pharmacy  Groceries', 'Wattala', 'CSO713511205', '2019-06-01', 80, 16691.5, 16691.5),
('CD0556', 'Silva D.C.D.S. Dr.', 'Katunayake', 'CSO713511320', '2019-06-03', 78, 14087, 14087),
('CD0194', 'Unique Pharmacy', 'Negombo', 'CSO713511462', '2019-06-08', 73, 9280.5, 9280.5),
('CD0216', 'C  D Pharmacy', 'Ragama', 'CSO713511468', '2019-06-10', 71, 42277.8, 1034.28),
('CD0365', 'Seeduwa Osusala', 'Seeduwa', 'CSO713511487', '2019-06-10', 71, 33252.2, 4.2),
('CD0015', 'Ave Maria (Pvt) Hospital', 'Negombo', 'CSO713511500', '2019-06-11', 70, 50000, 50000),
('CD0532', 'Nawaloka Hospital (Pvt) Ltd.', 'Negombo', 'CSO713511501', '2019-06-11', 70, 25000, 25000),
('CD0083', 'Leesons Pharmacy', 'Ragama', 'CSO713511528', '2019-06-12', 69, 4014.78, 4014.78),
('CD0326', 'Sithijaya Pharmacy', 'Negombo', 'CSO713511563', '2019-06-13', 68, 8727.74, 2.25),
('CD0015', 'Ave Maria (Pvt) Hospital', 'Negombo', 'CSO713511603', '2019-06-17', 64, 50000, 50000),
('CD0556', 'Silva D.C.D.S. Dr.', 'Katunayake', 'CSO713511636', '2019-06-19', 62, 24087, 24087),
('CD0461', 'Hussair M. N. M. Dr.', 'Negombo', 'CSO713511637', '2019-06-19', 62, 12043.5, 12043.5),
('CD0032', 'Digasiri Pharmacy', 'Ja-Ela', 'CSO713511643', '2019-06-19', 62, 1304.5, 1304.5),
('CD0346', 'Laksi Pharmacy', 'Peliyagoda', 'CSO713511658', '2019-06-20', 61, 4578.36, 4578.36),
('CD0057', 'Hendala Pharmacy', 'Wattala', 'CSO713511665', '2019-06-20', 61, 7802.1, 7802.1),
('CD0257', 'Nirodha Pharmacy', 'Badalgama', 'CSO713511667', '2019-06-20', 61, 10178, 5089),
('CD0201', 'Wasantha Disanayaka Dr.', 'Averiwatta', 'CSO713511668', '2019-06-20', 61, 34253.2, 28531.5),
('CD0286', 'Jayakodi Super Market', 'Negombo', 'CSO713511673', '2019-06-20', 61, 57089.5, 29568.3),
('CD0155', 'Sarana Osusala', 'Badalgama', 'CSO713511684', '2019-06-20', 61, 11062.3, 10488.3),
('CD0461', 'Hussair M. N. M. Dr.', 'Negombo', 'CSO713511704', '2019-06-21', 60, 3020, 3020),
('CD0107', 'New Central Pharmacy', 'Negombo', 'CSO713511714', '2019-06-21', 60, 14452.2, 14452.2),
('CD0537', 'Medicare Pharmacy', 'Kandana', 'CSO713511748', '2019-06-24', 57, 3609.25, 1),
('CD0141', 'Ragama Pharmacy', 'Ragama', 'CSO713511758', '2019-06-27', 54, 90651.7, 85218.6),
('CD0263', 'Dissanayaka N.M.Dr.', 'Wattala', 'CSO713511789', '2019-06-26', 55, 33563.5, 33563.5),
('CD0496', 'Alliance Pharmacy', 'Ragama', 'CSO713511811', '2019-06-26', 55, 2218.44, 2218.44),
('CD0455', 'Suwasala Pharmacy', 'Negombo', 'CSO713511828', '2019-06-27', 54, 25664, 25664),
('CD0220', 'The Pharmacy', 'Negombo', 'CSO713511831', '2019-06-27', 54, 10739.5, 9605.46),
('CD0090', 'Maithree Perera Dr.', 'Wattala', 'CSO713511832', '2019-06-27', 54, 23560.3, 23560.3),
('CD0259', 'Crystal Pharmacy', 'Negombo', 'CSO713511833', '2019-06-28', 53, 52713.6, 52713.6),
('CD0141', 'Ragama Pharmacy', 'Ragama', 'CSO713511839', '2019-06-27', 54, 10087.5, 10087.5),
('CD0107', 'New Central Pharmacy', 'Negombo', 'CSO713511841', '2019-06-27', 54, 37154.5, 37154.5),
('CD0045', 'Gold Crest Pharmacy', 'Seeduwa', 'CSO713511851', '2019-07-01', 50, 33215.4, 33215.4),
('CD0090', 'Maithree Perera Dr.', 'Wattala', 'CSO713511854', '2019-06-28', 53, 29892.2, 29892.2),
('CD0499', 'Shris Lanka Pharmacy', 'Seeduwa', 'CSO713511865', '2019-06-29', 52, 11919, 11919),
('CD0124', 'Orient Pharmacy', 'Averiwatta', 'CSO713511867', '2019-06-28', 53, 19567.5, 19567.5),
('CD0220', 'The Pharmacy', 'Negombo', 'CSO713511885', '2019-07-01', 50, 9986.19, 7767.75),
('CD0141', 'Ragama Pharmacy', 'Ragama', 'CSO713511930', '2019-07-01', 50, 80813.4, 80813.4),
('CD0249', 'Roshini Pharmacy', 'Ja-Ela', 'CSO713511934', '2019-07-03', 48, 4817.4, 4817.4),
('CD0154', 'Sampath Pharmacy', 'Ragama', 'CSO713511944', '2019-07-04', 47, 14452.2, 14452.2),
('CD0259', 'Crystal Pharmacy', 'Negombo', 'CSO713511946', '2019-07-04', 47, 3026.1, 3026.1),
('CD0154', 'Sampath Pharmacy', 'Ragama', 'CSO713511950', '2019-07-04', 47, 14452.2, 14452.2),
('CD0256', 'X  Lab Pharmacy', 'Negombo', 'CSO713511964', '2019-07-03', 48, 18299.9, 18299.9),
('CD0356', 'Rusal Pharmacy - (Aloka Dr.)', 'Katana', 'CSO713511968', '2019-07-04', 47, 1304.5, 1304.5),
('CD0240', 'Hiru Pharmacy', 'Katana', 'CSO713511969', '2019-07-04', 47, 46478.8, 46478.8),
('CD0124', 'Orient Pharmacy', 'Averiwatta', 'CSO713511974', '2019-07-04', 47, 26135.3, 22391.8),
('CD0164', 'Shanthi Vidya Nivasa', 'Katana', 'CSO713511975', '2019-07-04', 47, 61100.6, 61100.6),
('CD0062', 'Isuri Pharmacy', 'Wattala', 'CSO713511978', '2019-07-04', 47, 11813.1, 11813.1),
('CD0517', 'Krishantha Gunathilaka Dr.', 'Hunupitiya', 'CSO713511986', '2019-07-04', 47, 14982.3, 14982.3),
('CD0336', 'Family Care Pharmacy  Groceries', 'Wattala', 'CSO713511991', '2019-07-04', 47, 112800, 112800),
('CD0336', 'Family Care Pharmacy  Groceries', 'Wattala', 'CSO713511992', '2019-07-04', 47, 75480, 75480),
('CD0461', 'Hussair M. N. M. Dr.', 'Negombo', 'CSO713511995', '2019-07-05', 46, 6520, 6520),
('CD0062', 'Isuri Pharmacy', 'Wattala', 'CSO713512002', '2019-07-04', 47, 4311.52, 4311.52),
('CD0336', 'Family Care Pharmacy  Groceries', 'Wattala', 'CSO713512005', '2019-07-05', 46, 13382.6, 13382.6),
('CD0547', 'New St. Joseph Pharmacy', 'Seeduwa', 'CSO713512006', '2019-07-05', 46, 6482.62, 6482.62),
('CD0216', 'C  D Pharmacy', 'Ragama', 'CSO713512008', '2019-07-05', 46, 24087, 24087),
('CD0057', 'Hendala Pharmacy', 'Wattala', 'CSO713512017', '2019-07-05', 46, 4673.75, 4673.75),
('CD0062', 'Isuri Pharmacy', 'Wattala', 'CSO713512024', '2019-07-06', 45, 2418.85, 240.55),
('CD0141', 'Ragama Pharmacy', 'Ragama', 'CSO713512028', '2019-07-06', 45, 39135, 39135),
('CD0057', 'Hendala Pharmacy', 'Wattala', 'CSO713512032', '2019-07-06', 45, 4014.78, 4014.78),
('CD0124', 'Orient Pharmacy', 'Averiwatta', 'CSO713512033', '2019-07-06', 45, 2152, 2152),
('CD0015', 'Ave Maria (Pvt) Hospital', 'Negombo', 'CSO713512038', '2019-07-06', 45, 25000, 25000),
('CD0541', 'Mabola Osusala', 'Wattala', 'CSO713512039', '2019-07-06', 45, 12674.3, 12674.3),
('CD0257', 'Nirodha Pharmacy', 'Badalgama', 'CSO713512043', '2019-07-08', 43, 22243, 22243),
('COLD14166', 'Thudella Pharmacy', 'Ja-Ela', 'CSO713512044', '2019-07-08', 43, 1204.35, 1204.35),
('CD0555', 'Imedra Medicals(Pvt)Ltd', 'Ragama', 'CSO713512049', '2019-07-08', 43, 3861.85, 3861.85),
('CD0141', 'Ragama Pharmacy', 'Ragama', 'CSO713512056', '2019-07-09', 42, 25000, 25000),
('CD0141', 'Ragama Pharmacy', 'Ragama', 'CSO713512060', '2019-07-09', 42, 51224.4, 51224.4),
('CD0469', 'Asiri Pharmacy  Grocery', 'Negombo', 'CSO713512061', '2019-07-08', 43, 6378.05, 6378.05),
('CD0496', 'Alliance Pharmacy', 'Ragama', 'CSO713512072', '2019-07-08', 43, 2504.78, 1124.78),
('CD0090', 'Maithree Perera Dr.', 'Wattala', 'CSO713512077', '2019-07-08', 43, 38980.3, 38980.3),
('CD0015', 'Ave Maria (Pvt) Hospital', 'Negombo', 'CSO713512079', '2019-07-09', 42, 18652, 18652),
('CD0057', 'Hendala Pharmacy', 'Wattala', 'CSO713512081', '2019-07-09', 42, 9654.78, 9654.78),
('CD0256', 'X  Lab Pharmacy', 'Negombo', 'CSO713512085', '2019-07-10', 41, 33578.2, 23273.2),
('CD0259', 'Crystal Pharmacy', 'Negombo', 'CSO713512086', '2019-07-10', 41, 23841.2, 23841.2),
('COLD12318', 'Samal Chandrakantha Dr.', 'Katana', 'CSO713512087', '2019-07-09', 42, 14200, 14200),
('CD0194', 'Unique Pharmacy', 'Negombo', 'CSO713512090', '2019-07-09', 42, 180270, 2765.8),
('CD0107', 'New Central Pharmacy', 'Negombo', 'CSO713512093', '2019-07-09', 42, 19531.5, 19531.5),
('CD0023', 'City Medical', 'Negombo', 'CSO713512096', '2019-07-10', 41, 24110.2, 24110.2),
('CD0087', 'M.P.C.S. (Osu Sala)', 'Negombo', 'CSO713512097', '2019-07-13', 38, 4817.4, 4817.4),
('COLD14555', 'Nawa Lanka Pharmacy', 'Negombo', 'CSO713512100', '2019-07-10', 41, 35127.4, 35127.4),
('CD0088', 'Mahajana Osu Sala', 'Negombo', 'CSO713512101', '2019-07-09', 42, 30367, 30367),
('CD0182', 'Supreem Pharmacy', 'Negombo', 'CSO713512107', '2019-07-10', 41, 20256, 20256),
('CD0123', 'Niwasi Pharmacy', 'Ja-Ela', 'CSO713512112', '2019-07-10', 41, 18506.7, 1109),
('CD0024', 'City Pharmacy', 'Ja-Ela', 'CSO713512118', '2019-07-11', 40, 21178.7, 17851),
('CD0507', 'Sujith Pulukkuttiarachchui Dr.', 'Kandana', 'CSO713512119', '2019-07-10', 41, 94000, 94000),
('CD0122', 'Nishantha Wickramasingha Dr.', 'Ja-Ela', 'CSO713512120', '2019-07-10', 41, 56400, 56400),
('CD0497', 'Nimal Sovis Dr.', 'Ja-Ela', 'CSO713512121', '2019-07-10', 41, 56400, 56400),
('CD0062', 'Isuri Pharmacy', 'Wattala', 'CSO713512127', '2019-07-10', 41, 9902.62, 9902.62),
('CD0469', 'Asiri Pharmacy  Grocery', 'Negombo', 'CSO713512130', '2019-07-11', 40, 2609, 2609),
('CD0201', 'Wasantha Disanayaka Dr.', 'Averiwatta', 'CSO713512133', '2019-07-11', 40, 18234.7, 18234.7),
('CD0016', 'Ave Maria Pharmacy', 'Negombo', 'CSO713512134', '2019-07-11', 40, 1722, 1722),
('CD0447', 'N.S. Medical', 'Seeduwa', 'CSO713512135', '2019-07-11', 40, 2158.87, 2158.87),
('CD0016', 'Ave Maria Pharmacy', 'Negombo', 'CSO713512137', '2019-07-11', 40, 11593.2, 11593.2),
('CD0401', 'Aloka Dr.', 'Negombo', 'CSO713512140', '2019-07-11', 40, 24087, 24087),
('CD0242', 'K. S. A. Medical', 'Negombo', 'CSO713512144', '2019-07-11', 40, 11244.3, 11244.3),
('CD0402', 'Pamunugama Osu Sala', 'Raddolugama', 'CSO713512146', '2019-07-11', 40, 19570.8, 19570.8),
('CD0499', 'Shris Lanka Pharmacy', 'Seeduwa', 'CSO713512147', '2019-07-12', 39, 4130.74, 4130.74),
('CD0045', 'Gold Crest Pharmacy', 'Seeduwa', 'CSO713512149', '2019-07-12', 39, 4704.35, 4704.35),
('CD0539', 'Thenuka Pharmacy', 'Negombo', 'CSO713512155', '2019-07-12', 39, 48174, 48174),
('CD0402', 'Pamunugama Osu Sala', 'Raddolugama', 'CSO713512160', '2019-07-12', 39, 4986.66, 4986.66),
('CD0138', 'P.J. ENTERPRISES (PVT) Ltd.', 'Ja-Ela', 'CSO713512162', '2019-07-12', 39, 58006.4, 58006.4),
('CD0138', 'P.J. ENTERPRISES (PVT) Ltd.', 'Ja-Ela', 'CSO713512163', '2019-07-12', 39, 50890, 50890),
('CD0015', 'Ave Maria (Pvt) Hospital', 'Negombo', 'CSO713512164', '2019-07-12', 39, 25000, 25000),
('CD0078', 'Krishmo Pharmacy', 'Wattala', 'CSO713512165', '2019-07-12', 39, 9559.42, 9559.42),
('CD0158', 'Sathya Pharmacy', 'Wattala', 'CSO713512168', '2019-07-12', 39, 27635.2, 27635.2),
('CD0146', 'Rio Pharmacy', 'Hendala', 'CSO713512169', '2019-07-12', 39, 11647.5, 11647.5),
('CD0510', 'Sri Lak Pharmacy', 'Seeduwa', 'CSO713512170', '2019-07-12', 39, 9691.05, 9691.05),
('CD0346', 'Laksi Pharmacy', 'Peliyagoda', 'CSO713512171', '2019-07-12', 39, 5219.04, 5219.04),
('CD0549', 'Lakshan Chemist', 'Wattala', 'CSO713512175', '2019-07-13', 38, 13117, 13117),
('CD0057', 'Hendala Pharmacy', 'Wattala', 'CSO713512184', '2019-07-13', 38, 20813.7, 19361.5),
('CD0062', 'Isuri Pharmacy', 'Wattala', 'CSO713512186', '2019-07-15', 36, 2218.44, 2218.44),
('CD0452', 'Welikala G. A. J. Dr.', 'Raddolugama', 'CSO713512187', '2019-07-15', 36, 15534.5, 15534.5),
('CD0257', 'Nirodha Pharmacy', 'Badalgama', 'CSO713512189', '2019-07-15', 36, 12043.5, 12043.5),
('COLD13770', 'Iresha Dilhani Dr.', 'Raddolugama', 'CSO713512192', '2019-07-15', 36, 5000, 5000),
('CD0141', 'Ragama Pharmacy', 'Ragama', 'CSO713512193', '2019-07-15', 36, 25000, 25000),
('CD0141', 'Ragama Pharmacy', 'Ragama', 'CSO713512196', '2019-07-17', 34, 52499.4, 52499.4),
('CD0083', 'Leesons Pharmacy', 'Ragama', 'CSO713512197', '2019-07-15', 36, 166001, 166001),
('CD0441', 'Isura Pharmacy', 'Ragama', 'CSO713512198', '2019-07-17', 34, 4817.4, 3617.9),
('CD0025', 'City Pharmacy', 'Ragama', 'CSO713512199', '2019-07-15', 36, 5940.42, 5940.42),
('CD0117', 'Nipuni Pharmacy', 'Ragama', 'CSO713512201', '2019-07-15', 36, 3026.25, 3026.25),
('COLD14793', 'Peoples Pharmacy-Magabage', 'Mahabage', 'CSO713512204', '2019-07-15', 36, 14761.8, 14761.8),
('CD0182', 'Supreem Pharmacy', 'Negombo', 'CSO713512206', '2019-07-17', 34, 12043.5, 12043.5),
('CD0508', 'St. Joseph Pharmacy  Grocery', 'Ja-Ela', 'CSO713512207', '2019-07-19', 32, 12043.5, 12043.5),
('CD0408', 'International Institute of Health of Science', 'Mahabage', 'CSO713512208', '2019-07-15', 36, 13548.3, 13548.3),
('CD0052', 'Health  Glow Pharmacy', 'Wattala', 'CSO713512212', '2019-07-17', 34, 49459, 49459),
('COLD14166', 'Thudella Pharmacy', 'Ja-Ela', 'CSO713512214', '2019-07-17', 34, 13839.2, 13839.2),
('CD0071', 'Kalidson Pharmacy', 'Negombo', 'CSO713512215', '2019-07-17', 34, 15798.8, 15798.8),
('CD0259', 'Crystal Pharmacy', 'Negombo', 'CSO713512218', '2019-07-18', 33, 28156.8, 28156.8),
('CD0184', 'Suwa Sarana (Osu Sala)', 'Negombo', 'CSO713512219', '2019-07-17', 34, 7948.21, 6838.99),
('COLD14555', 'Nawa Lanka Pharmacy', 'Negombo', 'CSO713512220', '2019-07-18', 33, 22779.2, 22779.2),
('CD0481', 'Reliance Pharmacy', 'Negombo', 'CSO713512221', '2019-07-19', 32, 19462.1, 19462.1),
('CD0088', 'Mahajana Osu Sala', 'Negombo', 'CSO713512222', '2019-07-17', 34, 20372.4, 20372.4),
('CD0088', 'Mahajana Osu Sala', 'Negombo', 'CSO713512224', '2019-07-17', 34, 2566, 2566),
('CD0492', 'Radiant Eye Hospital', 'Seeduwa', 'CSO713512227', '2019-07-18', 33, 934.75, 934.75),
('CD0494', 'Sudesh Pharmacy  Grocery', 'Wattala', 'CSO713512229', '2019-07-18', 33, 12043.5, 12043.5),
('COLD14005', 'Anuja Fernando Dr.', 'Seeduwa', 'CSO713512230', '2019-07-18', 33, 19360, 19360),
('CD0228', 'Shanthi Pharmacy', 'Negombo', 'CSO713512233', '2019-07-18', 33, 16304.3, 16304.3),
('COLD15046', 'Lakmi Pharmacy & Grocery', 'Negombo', 'CSO713512234', '2019-07-18', 33, 13740.6, 13740.6),
('CD0063', 'J  J Pharmacy', 'Negombo', 'CSO713512236', '2019-07-18', 33, 11314.8, 11314.8),
('CD0078', 'Krishmo Pharmacy', 'Wattala', 'CSO713512237', '2019-07-18', 33, 5353.04, 5353.04),
('CD0402', 'Pamunugama Osu Sala', 'Raddolugama', 'CSO713512238', '2019-07-18', 33, 6415, 6415),
('CD0053', 'Health Care Medicla', 'Negombo', 'CSO713512239', '2019-07-18', 33, 7226.1, 7226.1),
('CD0216', 'C  D Pharmacy', 'Ragama', 'CSO713512240', '2019-07-18', 33, 4992, 4992),
('CD0480', 'Thilana Pharmacy', 'Ja-Ela', 'CSO713512241', '2019-07-18', 33, 10010, 10010),
('CD0480', 'Thilana Pharmacy', 'Ja-Ela', 'CSO713512242', '2019-07-18', 33, 13045, 13045),
('CD0115', 'Nilmini Pharmacy', 'Ja-Ela', 'CSO713512246', '2019-07-18', 33, 12983.2, 12983.2),
('CD0335', 'Calvary Medicals', 'Ja-Ela', 'CSO713512249', '2019-07-18', 33, 5501.55, 5501.55),
('CD0138', 'P.J. ENTERPRISES (PVT) Ltd.', 'Ja-Ela', 'CSO713512253', '2019-07-18', 33, 57746, 57746),
('CD0216', 'C  D Pharmacy', 'Ragama', 'CSO713512254', '2019-07-18', 33, 6187, 6187),
('CD0408', 'International Institute of Health of Science', 'Mahabage', 'CSO713512258', '2019-07-19', 32, 2430, 2430),
('CD0408', 'International Institute of Health of Science', 'Mahabage', 'CSO713512260', '2019-07-19', 32, 5769.25, 5769.25),
('CD0078', 'Krishmo Pharmacy', 'Wattala', 'CSO713512261', '2019-07-19', 32, 7310, 7310),
('CD0057', 'Hendala Pharmacy', 'Wattala', 'CSO713512262', '2019-07-19', 32, 5640, 5640),
('CD0081', 'Laxsri Pharmacy', 'Katunayake', 'CSO713512263', '2019-07-19', 32, 20618, 20618),
('CD0151', 'S  G Medicals', 'Negombo', 'CSO713512266', '2019-07-19', 32, 4817.4, 4817.4),
('CD0082', 'Leesons Hospital', 'Ragama', 'CSO713512267', '2019-07-19', 32, 186520, 186520),
('CD0145', 'Reliable Pharmacy', 'Ragama', 'CSO713512268', '2019-07-19', 32, 2430, 2430),
('CD0447', 'N.S. Medical', 'Seeduwa', 'CSO713512269', '2019-07-19', 32, 10161.2, 10161.2),
('CD0174', 'St. Judes Pharmacy', 'Seeduwa', 'CSO713512270', '2019-07-19', 32, 3804.2, 3804.2),
('CD0174', 'St. Judes Pharmacy', 'Seeduwa', 'CSO713512271', '2019-07-19', 32, 23152.3, 23152.3),
('CD0547', 'New St. Joseph Pharmacy', 'Seeduwa', 'CSO713512272', '2019-07-19', 32, 17306.4, 17306.4),
('CD0263', 'Dissanayaka N.M.Dr.', 'Wattala', 'CSO713512273', '2019-07-19', 32, 12043.5, 12043.5),
('CD0132', 'Peoples Pharmacy', 'Raddolugama', 'CSO713512276', '2019-07-19', 32, 5855.72, 5855.72),
('CD0406', 'Browns Healthcare (Pvt) Ltd', 'Ragama', 'CSO713512278', '2019-07-19', 32, 7261, 7261),
('CD0402', 'Pamunugama Osu Sala', 'Raddolugama', 'CSO713512279', '2019-07-19', 32, 20710.7, 20710.7),
('CD0501', 'Jasmin Pharmacy  Grocery', 'Kandana', 'CSO713512282', '2019-07-22', 29, 6469, 6469),
('CD0163', 'Sethma Pharmacy', 'Kandana', 'CSO713512283', '2019-07-24', 27, 69691, 69691),
('CD0055', 'Healthline Pharmacy', 'Kandana', 'CSO713512286', '2019-07-20', 31, 10212.3, 10212.3),
('CD0539', 'Thenuka Pharmacy', 'Negombo', 'CSO713512287', '2019-07-20', 31, 13897.2, 13897.2),
('CD0406', 'Browns Healthcare (Pvt) Ltd', 'Ragama', 'CSO713512288', '2019-07-20', 31, 154948, 154948),
('CD0141', 'Ragama Pharmacy', 'Ragama', 'CSO713512290', '2019-07-20', 31, 25000, 25000),
('CD0164', 'Shanthi Vidya Nivasa', 'Katana', 'CSO713512291', '2019-07-22', 29, 24050, 24050),
('CD0016', 'Ave Maria Pharmacy', 'Negombo', 'CSO713512293', '2019-07-22', 29, 9661, 9661),
('CD0336', 'Family Care Pharmacy  Groceries', 'Wattala', 'CSO713512295', '2019-07-24', 27, 56400, 56400),
('CD0045', 'Gold Crest Pharmacy', 'Seeduwa', 'CSO713512297', '2019-07-22', 29, 21018.4, 21018.4),
('CD0052', 'Health  Glow Pharmacy', 'Wattala', 'CSO713512300', '2019-07-22', 29, 9620, 9620),
('COLD14005', 'Anuja Fernando Dr.', 'Seeduwa', 'CSO713512303', '2019-07-22', 29, 8610, 8610),
('CD0122', 'Nishantha Wickramasingha Dr.', 'Ja-Ela', 'CSO713512304', '2019-07-22', 29, 6520, 6520),
('CD0406', 'Browns Healthcare (Pvt) Ltd', 'Ragama', 'CSO713512306', '2019-07-22', 29, 127695, 127695),
('CD0071', 'Kalidson Pharmacy', 'Negombo', 'CSO713512307', '2019-07-22', 29, 17454.2, 17454.2),
('CD0141', 'Ragama Pharmacy', 'Ragama', 'CSO713512308', '2019-07-25', 26, 76718.8, 76718.8),
('CD0147', 'Robert Medical', 'Negombo', 'CSO713512309', '2019-07-22', 29, 7215, 7215),
('CD0083', 'Leesons Pharmacy', 'Ragama', 'CSO713512312', '2019-07-22', 29, 85006.5, 85006.5),
('CD0025', 'City Pharmacy', 'Ragama', 'CSO713512313', '2019-07-22', 29, 7412.98, 7412.98),
('CD0528', 'Orient Pharmacy', 'Negombo', 'CSO713512315', '2019-07-22', 29, 22644.3, 22644.3),
('CD0154', 'Sampath Pharmacy', 'Ragama', 'CSO713512317', '2019-07-22', 29, 21701.8, 21701.8),
('CD0496', 'Alliance Pharmacy', 'Ragama', 'CSO713512318', '2019-07-22', 29, 4171.25, 3690.25),
('CD0408', 'International Institute of Health of Science', 'Mahabage', 'CSO713512319', '2019-07-22', 29, 28189.7, 28189.7),
('CD0154', 'Sampath Pharmacy', 'Ragama', 'CSO713512321', '2019-07-22', 29, 2547, 2547),
('CD0182', 'Supreem Pharmacy', 'Negombo', 'CSO713512322', '2019-07-23', 28, 3667.83, 3666.82),
('CD0508', 'St. Joseph Pharmacy  Grocery', 'Ja-Ela', 'CSO713512324', '2019-07-23', 28, 1196.5, 1196.5),
('CD0145', 'Reliable Pharmacy', 'Ragama', 'CSO713512325', '2019-07-23', 28, 20853.2, 20853.2),
('COLD14166', 'Thudella Pharmacy', 'Ja-Ela', 'CSO713512326', '2019-07-23', 28, 2405, 2405),
('CD0461', 'Hussair M. N. M. Dr.', 'Negombo', 'CSO713512327', '2019-07-23', 28, 12025, 12025),
('CD0253', 'Chemi World', 'Enderamulla', 'CSO713512328', '2019-07-23', 28, 12147.2, 12147.2),
('CD0149', 'Roswila Pharmacy', 'Wattala', 'CSO713512334', '2019-07-24', 27, 11091.2, 9746.45),
('CD0136', 'Pharma Chemi', 'Wattala', 'CSO713512338', '2019-07-23', 28, 14724.5, 14724.5),
('CD0015', 'Ave Maria (Pvt) Hospital', 'Negombo', 'CSO713512341', '2019-07-23', 28, 43652, 43652),
('CD0057', 'Hendala Pharmacy', 'Wattala', 'CSO713512342', '2019-07-23', 28, 20575.2, 20575.2),
('CD0090', 'Maithree Perera Dr.', 'Wattala', 'CSO713512343', '2019-07-23', 28, 96131.6, 87397.6),
('CD0062', 'Isuri Pharmacy', 'Wattala', 'CSO713512345', '2019-07-24', 27, 1273.5, 1273.5),
('CD0111', 'New Pharmacy', 'Wattala', 'CSO713512346', '2019-07-23', 28, 39857.3, 39857.3),
('CD0052', 'Health  Glow Pharmacy', 'Wattala', 'CSO713512347', '2019-07-24', 27, 27918.5, 27918.5),
('CD0549', 'Lakshan Chemist', 'Wattala', 'CSO713512348', '2019-07-24', 27, 9624.12, 7691.92),
('CD0016', 'Ave Maria Pharmacy', 'Negombo', 'CSO713512350', '2019-07-24', 27, 23365.7, 23365.7),
('CD0450', 'Royal Pharmacy', 'Negombo', 'CSO713512352', '2019-07-24', 27, 12025, 12025),
('CD0163', 'Sethma Pharmacy', 'Kandana', 'CSO713512353', '2019-07-24', 27, 91844.8, 89124.1),
('CD0053', 'Health Care Medicla', 'Negombo', 'CSO713512354', '2019-07-24', 27, 11993.1, 11993.1),
('CD0063', 'J  J Pharmacy', 'Negombo', 'CSO713512355', '2019-07-24', 27, 9140.75, 6114.5),
('CD0455', 'Suwasala Pharmacy', 'Negombo', 'CSO713512356', '2019-07-24', 27, 14023.1, 14023.1),
('CD0240', 'Hiru Pharmacy', 'Katana', 'CSO713512361', '2019-07-24', 27, 14172, 11145.7),
('CD0182', 'Supreem Pharmacy', 'Negombo', 'CSO713512362', '2019-07-25', 26, 24572.2, 23462.9),
('CD0468', 'Kandawala Pharmacy', 'Katana', 'CSO713512363', '2019-07-24', 27, 15532.2, 15532.2),
('CD0498', 'Isura Pharmacy  Grocery', 'Katana', 'CSO713512364', '2019-07-25', 26, 43257.1, 43257.1),
('CD0164', 'Shanthi Vidya Nivasa', 'Katana', 'CSO713512365', '2019-07-26', 25, 35487.4, 35487.4),
('COLD14348', 'Ashoka Pharmacy', 'Negombo', 'CSO713512366', '2019-07-25', 26, 24913.4, 24913.4),
('CD0147', 'Robert Medical', 'Negombo', 'CSO713512367', '2019-07-24', 27, 24730.5, 24730.5),
('CD0517', 'Krishantha Gunathilaka Dr.', 'Hunupitiya', 'CSO713512369', '2019-07-25', 26, 16813.4, 16813.4),
('CD0183', 'Suranga Pharmacy', 'Katana', 'CSO713512370', '2019-07-25', 26, 11712.2, 10407.7),
('CD0474', 'Pradipa Osusala  Grocery', 'Negombo', 'CSO713512372', '2019-07-24', 27, 9273.37, 9273.37),
('CD0450', 'Royal Pharmacy', 'Negombo', 'CSO713512373', '2019-07-24', 27, 35270, 35270),
('CD0447', 'N.S. Medical', 'Seeduwa', 'CSO713512374', '2019-07-25', 26, 4810, 4810),
('CD0510', 'Sri Lak Pharmacy', 'Seeduwa', 'CSO713512376', '2019-07-25', 26, 16182.7, 16182.7),
('CD0480', 'Thilana Pharmacy', 'Ja-Ela', 'CSO713512379', '2019-07-25', 26, 9359.5, 9359.5),
('CD0249', 'Roshini Pharmacy', 'Ja-Ela', 'CSO713512383', '2019-07-25', 26, 10862.5, 10862.5),
('CD0174', 'St. Judes Pharmacy', 'Seeduwa', 'CSO713512384', '2019-07-25', 26, 7215, 7215),
('CD0447', 'N.S. Medical', 'Seeduwa', 'CSO713512386', '2019-07-25', 26, 1420, 1420),
('CD0540', 'Lak Osusala', 'Seeduwa', 'CSO713512387', '2019-07-27', 24, 4810, 4810),
('CD0556', 'Silva D.C.D.S. Dr.', 'Katunayake', 'CSO713512388', '2019-07-26', 25, 14087, 14087),
('CD0510', 'Sri Lak Pharmacy', 'Seeduwa', 'CSO713512390', '2019-07-25', 26, 16374.2, 16374.2),
('CD0140', 'Raddolugama Pharmacy', 'Raddolugama', 'CSO713512394', '2019-07-25', 26, 14118, 14118),
('CD0402', 'Pamunugama Osu Sala', 'Raddolugama', 'CSO713512395', '2019-07-25', 26, 38463.6, 38463.6),
('CD0499', 'Shris Lanka Pharmacy', 'Seeduwa', 'CSO713512396', '2019-07-25', 26, 6494.4, 6494.4),
('CD0547', 'New St. Joseph Pharmacy', 'Seeduwa', 'CSO713512399', '2019-07-25', 26, 4529, 4529),
('COLD15104', 'S M Medicals', 'Negombo', 'CSO713512400', '2019-07-26', 25, 3874.91, 3311.43),
('CD0078', 'Krishmo Pharmacy', 'Wattala', 'CSO713512403', '2019-07-26', 25, 12793.9, 11831.9),
('CD0174', 'St. Judes Pharmacy', 'Seeduwa', 'CSO713512405', '2019-07-26', 25, 17652.9, 17652.9),
('CD0016', 'Ave Maria Pharmacy', 'Negombo', 'CSO713512406', '2019-07-26', 25, 46737.5, 46737.5),
('CD0104', 'Nawa Osusala', 'Ja-Ela', 'CSO713512408', '2019-07-26', 25, 31500.8, 31500.8),
('CD0104', 'Nawa Osusala', 'Ja-Ela', 'CSO713512409', '2019-07-26', 25, 2393, 2393),
('CD0396', 'Hansi Pharmacy', 'Ja-Ela', 'CSO713512413', '2019-07-26', 25, 5289.72, 5289.72),
('CD0055', 'Healthline Pharmacy', 'Kandana', 'CSO713512415', '2019-07-27', 24, 4088, 2244),
('CD0293', 'St. Joshep Pharmacy', 'Bopitiya', 'CSO713512418', '2019-07-27', 24, 8451.22, 8451.22),
('CD0294', 'Bopitiya Pharmacy', 'Bopitiya', 'CSO713512420', '2019-07-27', 24, 15085.6, 15085.6),
('CD0539', 'Thenuka Pharmacy', 'Negombo', 'CSO713512421', '2019-07-27', 24, 87321.3, 87321.3),
('CD0083', 'Leesons Pharmacy', 'Ragama', 'CSO713512422', '2019-07-27', 24, 46605, 46605),
('CD0258', 'Rilaulla Pharmacy', 'Kandana', 'CSO713512423', '2019-07-27', 24, 24382.1, 24382.1),
('CD0083', 'Leesons Pharmacy', 'Ragama', 'CSO713512425', '2019-07-29', 22, 94000, 94000),
('CD0138', 'P.J. ENTERPRISES (PVT) Ltd.', 'Ja-Ela', 'CSO713512428', '2019-07-29', 22, 52772.2, 52772.2),
('CD0561', 'Union Pharmacy', 'Negombo', 'CSO713512431', '2019-07-29', 22, 1513.05, 1513.05),
('CD0154', 'Sampath Pharmacy', 'Ragama', 'CSO713512433', '2019-07-29', 22, 23063.1, 23063.1),
('CD0141', 'Ragama Pharmacy', 'Ragama', 'CSO713512434', '2019-07-30', 21, 162824, 112824),
('CD0083', 'Leesons Pharmacy', 'Ragama', 'CSO713512435', '2019-07-30', 21, 96032.3, 93232.3),
('CD0016', 'Ave Maria Pharmacy', 'Negombo', 'CSO713512438', '2019-07-30', 21, 13825, 13825),
('CD0025', 'City Pharmacy', 'Ragama', 'CSO713512439', '2019-07-30', 21, 3681.24, 3681.24),
('CD0145', 'Reliable Pharmacy', 'Ragama', 'CSO713512442', '2019-07-29', 22, 13810.5, 13810.5),
('COLD14793', 'Peoples Pharmacy-Magabage', 'Mahabage', 'CSO713512443', '2019-07-29', 22, 12626.8, 12626.8),
('CD0194', 'Unique Pharmacy', 'Negombo', 'CSO713512444', '2019-08-01', 19, 6900, 6900),
('CD0496', 'Alliance Pharmacy', 'Ragama', 'CSO713512445', '2019-07-29', 22, 906.98, 906.98),
('CD0408', 'International Institute of Health of Science', 'Mahabage', 'CSO713512446', '2019-07-29', 22, 6035.5, 6035.5),
('CD0125', 'Orient Pharmacy', 'Kandana', 'CSO713512447', '2019-07-29', 22, 2686.74, 2686.74),
('CD0052', 'Health  Glow Pharmacy', 'Wattala', 'CSO713512449', '2019-07-29', 22, 24050, 24050),
('CD0130', 'Pamunugama Pharmacy', 'Bopitiya', 'CSO713512451', '2019-07-29', 22, 8136.82, 8136.82),
('COLD15046', 'Lakmi Pharmacy & Grocery', 'Negombo', 'CSO713512453', '2019-07-30', 21, 5609.26, 5609.26),
('CD0228', 'Shanthi Pharmacy', 'Negombo', 'CSO713512455', '2019-07-30', 21, 6576.32, 4357.88),
('CD0470', 'Best Way Pharmacy', 'Negombo', 'CSO713512457', '2019-07-30', 21, 4810, 4810),
('CD0194', 'Unique Pharmacy', 'Negombo', 'CSO713512460', '2019-08-01', 19, 11965, 11965),
('CD0151', 'S  G Medicals', 'Negombo', 'CSO713512462', '2019-07-30', 21, 19028.7, 19028.7),
('CD0336', 'Family Care Pharmacy  Groceries', 'Wattala', 'CSO713512464', '2019-08-01', 19, 2895.55, 2895.55),
('CD0184', 'Suwa Sarana (Osu Sala)', 'Negombo', 'CSO713512466', '2019-07-30', 21, 2237.5, 2237.5),
('CD0220', 'The Pharmacy', 'Negombo', 'CSO713512467', '2019-08-01', 19, 12624, 8880.51),
('CD0242', 'K. S. A. Medical', 'Negombo', 'CSO713512469', '2019-07-30', 21, 14555.7, 14555.7),
('CD0470', 'Best Way Pharmacy', 'Negombo', 'CSO713512470', '2019-07-30', 21, 4020.87, 4020.87),
('CD0194', 'Unique Pharmacy', 'Negombo', 'CSO713512473', '2019-08-01', 19, 164972, 129995),
('CD0080', 'Lanka Pharmacy', 'Negombo', 'CSO713512474', '2019-07-30', 21, 55314.5, 55314.5),
('CD0128', 'Osu Sala Wattala', 'Wattala', 'CSO713512475', '2019-07-30', 21, 12851, 12851);
INSERT INTO `hemasoutupload` (`hID`, `hCustName`, `hTown`, `inv`, `date`, `age`, `amount`, `balAmount`) VALUES
('CD0365', 'Seeduwa Osusala', 'Seeduwa', 'CSO713512476', '2019-08-01', 19, 1782, 1782),
('CD0174', 'St. Judes Pharmacy', 'Seeduwa', 'CSO713512477', '2019-07-30', 21, 1782, 1782),
('CD0107', 'New Central Pharmacy', 'Negombo', 'CSO713512480', '2019-07-30', 21, 31213, 31213),
('CD0087', 'M.P.C.S. (Osu Sala)', 'Negombo', 'CSO713512481', '2019-07-30', 21, 33378.7, 32917.7),
('CD0480', 'Thilana Pharmacy', 'Ja-Ela', 'CSO713512482', '2019-07-30', 21, 2891, 2891),
('CD0105', 'Negombo Food  Drugs', 'Negombo', 'CSO713512483', '2019-07-30', 21, 1782, 1782),
('CD0071', 'Kalidson Pharmacy', 'Negombo', 'CSO713512484', '2019-07-31', 20, 10511, 10511),
('CD0023', 'City Medical', 'Negombo', 'CSO713512485', '2019-07-31', 20, 38200.6, 38200.6),
('CD0182', 'Supreem Pharmacy', 'Negombo', 'CSO713512486', '2019-07-31', 20, 12916, 12916),
('CD0561', 'Union Pharmacy', 'Negombo', 'CSO713512487', '2019-07-31', 20, 28445.1, 27062.1),
('CD0023', 'City Medical', 'Negombo', 'CSO713512489', '2019-07-31', 20, 5600, 5600),
('CD0078', 'Krishmo Pharmacy', 'Wattala', 'CSO713512490', '2019-08-01', 19, 9453.4, 9453.4),
('CD0494', 'Sudesh Pharmacy  Grocery', 'Wattala', 'CSO713512491', '2019-07-31', 20, 15108.2, 15108.2),
('COLD14555', 'Nawa Lanka Pharmacy', 'Negombo', 'CSO713512493', '2019-07-31', 20, 44758.5, 44758.5),
('CD0481', 'Reliance Pharmacy', 'Negombo', 'CSO713512494', '2019-07-31', 20, 18344, 18344),
('CD0088', 'Mahajana Osu Sala', 'Negombo', 'CSO713512495', '2019-07-31', 20, 50518.1, 50518.1),
('COLD14348', 'Ashoka Pharmacy', 'Negombo', 'CSO713512496', '2019-07-31', 20, 12025, 12025),
('CD0133', 'Peoples Pharmacy  Grocery', 'Wattala', 'CSO713512497', '2019-07-31', 20, 112607, 112607),
('CD0158', 'Sathya Pharmacy', 'Wattala', 'CSO713512498', '2019-07-31', 20, 46884.9, 46884.9),
('CD0510', 'Sri Lak Pharmacy', 'Seeduwa', 'CSO713512499', '2019-07-31', 20, 9586, 9586),
('CD0052', 'Health  Glow Pharmacy', 'Wattala', 'CSO713512500', '2019-07-31', 20, 25941.8, 25941.8),
('CD0090', 'Maithree Perera Dr.', 'Wattala', 'CSO713512501', '2019-08-01', 19, 31328.7, 31328.7),
('CD0549', 'Lakshan Chemist', 'Wattala', 'CSO713512502', '2019-08-01', 19, 9257, 9257),
('CD0015', 'Ave Maria (Pvt) Hospital', 'Negombo', 'CSO713512503', '2019-08-01', 19, 43652, 43652),
('CD0561', 'Union Pharmacy', 'Negombo', 'CSO713512504', '2019-08-01', 19, 1283, 1283),
('CD0163', 'Sethma Pharmacy', 'Kandana', 'CSO713512505', '2019-08-01', 19, 151273, 142873),
('CD0078', 'Krishmo Pharmacy', 'Wattala', 'CSO713512508', '2019-08-01', 19, 5089, 5089),
('CD0181', 'Super Medical', 'Negombo', 'CSO713512509', '2019-08-01', 19, 62293.6, 62293.6),
('CD0052', 'Health  Glow Pharmacy', 'Wattala', 'CSO713512510', '2019-08-01', 19, 13045, 13045),
('CD0164', 'Shanthi Vidya Nivasa', 'Katana', 'CSO713512511', '2019-08-01', 19, 15396, 15396),
('CD0111', 'New Pharmacy', 'Wattala', 'CSO713512513', '2019-08-01', 19, 24050, 24050),
('CD0140', 'Raddolugama Pharmacy', 'Raddolugama', 'CSO713512514', '2019-08-01', 19, 13045, 13045),
('CD0088', 'Mahajana Osu Sala', 'Negombo', 'CSO713512516', '2019-08-01', 19, 39135, 39135),
('CD0088', 'Mahajana Osu Sala', 'Negombo', 'CSO713512517', '2019-08-01', 19, 30430, 30430),
('CD0140', 'Raddolugama Pharmacy', 'Raddolugama', 'CSO713512518', '2019-08-01', 19, 14166, 14166),
('CD0228', 'Shanthi Pharmacy', 'Negombo', 'CSO713512520', '2019-08-01', 19, 15396, 15396),
('CD0082', 'Leesons Hospital', 'Ragama', 'CSO713512522', '2019-08-01', 19, 425650, 425650),
('CD0259', 'Crystal Pharmacy', 'Negombo', 'CSO713512523', '2019-08-01', 19, 45265.6, 45265.6),
('CD0194', 'Unique Pharmacy', 'Negombo', 'CSO713512524', '2019-08-01', 19, 56400, 56400),
('CD0141', 'Ragama Pharmacy', 'Ragama', 'CSO713512525', '2019-08-01', 19, 39135, 39135),
('CD0508', 'St. Joseph Pharmacy  Grocery', 'Ja-Ela', 'CSO713512526', '2019-08-01', 19, 13045, 13045),
('CD0468', 'Kandawala Pharmacy', 'Katana', 'CSO713512527', '2019-08-01', 19, 2152, 2152),
('CD0164', 'Shanthi Vidya Nivasa', 'Katana', 'CSO713512528', '2019-08-01', 19, 1510, 1510),
('CD0402', 'Pamunugama Osu Sala', 'Raddolugama', 'CSO713512529', '2019-08-01', 19, 2703, 2703),
('CD0452', 'Welikala G. A. J. Dr.', 'Raddolugama', 'CSO713512530', '2019-08-01', 19, 2870, 2870),
('COLD14348', 'Ashoka Pharmacy', 'Negombo', 'CSO713512531', '2019-08-01', 19, 15758.7, 15758.7),
('CD0201', 'Wasantha Disanayaka Dr.', 'Averiwatta', 'CSO713512533', '2019-08-01', 19, 28983.9, 20373.9),
('CD0016', 'Ave Maria Pharmacy', 'Negombo', 'CSO713512534', '2019-08-02', 18, 3260, 3260),
('CD0174', 'St. Judes Pharmacy', 'Seeduwa', 'CSO713512535', '2019-08-02', 18, 12025, 12025),
('CD0257', 'Nirodha Pharmacy', 'Badalgama', 'CSO713512537', '2019-08-02', 18, 6040, 6040),
('CD0057', 'Hendala Pharmacy', 'Wattala', 'CSO713512538', '2019-08-06', 14, 18847.1, 18847.1),
('CD0151', 'S  G Medicals', 'Negombo', 'CSO713512540', '2019-08-02', 18, 13045, 13045),
('CD0073', 'Kapuwatha Pharmacy', 'Ja-Ela', 'CSO713512541', '2019-08-02', 18, 14865.4, 14865.4),
('CD0053', 'Health Care Medicla', 'Negombo', 'CSO713512543', '2019-08-03', 17, 7215, 7215),
('CD0016', 'Ave Maria Pharmacy', 'Negombo', 'CSO713512544', '2019-08-03', 17, 9400, 9400),
('CD0082', 'Leesons Hospital', 'Ragama', 'CSO713512545', '2019-08-05', 15, 361912, 361912),
('CD0104', 'Nawa Osusala', 'Ja-Ela', 'CSO713512546', '2019-08-05', 15, 15838.7, 15838.7),
('CD0080', 'Lanka Pharmacy', 'Negombo', 'CSO713512548', '2019-08-05', 15, 89873.3, 87073.3),
('CD0080', 'Lanka Pharmacy', 'Negombo', 'CSO713512550', '2019-08-05', 15, 2765, 2765),
('CD0408', 'International Institute of Health of Science', 'Mahabage', 'CSO713512552', '2019-08-05', 15, 7830, 7830),
('CD0123', 'Niwasi Pharmacy', 'Ja-Ela', 'CSO713512556', '2019-08-05', 15, 10910.6, 10910.6),
('CD0035', 'Ekala Pharmacy', 'Ja-Ela', 'CSO713512560', '2019-08-05', 15, 1959.88, 1613.88),
('CD0508', 'St. Joseph Pharmacy  Grocery', 'Ja-Ela', 'CSO713512561', '2019-08-05', 15, 23897.5, 23897.5),
('CD0173', 'St. Jude Pharmacy', 'Ja-Ela', 'CSO713512562', '2019-08-05', 15, 11807.7, 11807.7),
('CD0335', 'Calvary Medicals', 'Ja-Ela', 'CSO713512563', '2019-08-05', 15, 4343.72, 2411.52),
('CD0510', 'Sri Lak Pharmacy', 'Seeduwa', 'CSO713512565', '2019-08-05', 15, 12025, 12025),
('CD0104', 'Nawa Osusala', 'Ja-Ela', 'CSO713512567', '2019-08-05', 15, 5298.22, 5298.22),
('CD0138', 'P.J. ENTERPRISES (PVT) Ltd.', 'Ja-Ela', 'CSO713512568', '2019-08-10', 10, 94344.5, 94344.5),
('CD0044', 'Gimshani Pharmacy', 'Kandana', 'CSO713512570', '2019-08-06', 14, 9372.7, 9372.7),
('CD0194', 'Unique Pharmacy', 'Negombo', 'CSO713512571', '2019-08-17', 3, 9220, 9220),
('CD0257', 'Nirodha Pharmacy', 'Badalgama', 'CSO713512573', '2019-08-06', 14, 18737.5, 18737.5),
('CD0201', 'Wasantha Disanayaka Dr.', 'Averiwatta', 'CSO713512574', '2019-08-06', 14, 19560, 19560),
('CD0508', 'St. Joseph Pharmacy  Grocery', 'Ja-Ela', 'CSO713512575', '2019-08-06', 14, 24050, 24050),
('CD0138', 'P.J. ENTERPRISES (PVT) Ltd.', 'Ja-Ela', 'CSO713512576', '2019-08-10', 10, 147090, 147090),
('CD0408', 'International Institute of Health of Science', 'Mahabage', 'CSO713512577', '2019-08-06', 14, 3000, 3000),
('CD0174', 'St. Judes Pharmacy', 'Seeduwa', 'CSO713512578', '2019-08-06', 14, 36971.5, 36971.5),
('CD0348', 'Golden Chemist', 'Ragama', 'CSO713512580', '2019-08-07', 13, 11418.9, 11418.9),
('CD0057', 'Hendala Pharmacy', 'Wattala', 'CSO713512581', '2019-08-07', 13, 2405, 2405),
('CD0078', 'Krishmo Pharmacy', 'Wattala', 'CSO713512582', '2019-08-06', 14, 10820.2, 10820.2),
('CD0015', 'Ave Maria (Pvt) Hospital', 'Negombo', 'CSO713512583', '2019-08-07', 13, 25000, 25000),
('CD0099', 'Milan Pharmacy', 'Wattala', 'CSO713512584', '2019-08-07', 13, 29384.5, 29384.5),
('CD0336', 'Family Care Pharmacy  Groceries', 'Wattala', 'CSO713512587', '2019-08-07', 13, 5622.85, 5622.85),
('CD0052', 'Health  Glow Pharmacy', 'Wattala', 'CSO713512588', '2019-08-06', 14, 31141.5, 31141.5),
('CD0149', 'Roswila Pharmacy', 'Wattala', 'CSO713512589', '2019-08-07', 13, 5632.4, 5632.4),
('CD0525', 'Health  Glow Pharmacy - 2', 'Wattala', 'CSO713512592', '2019-08-06', 14, 15426, 15426),
('CD0136', 'Pharma Chemi', 'Wattala', 'CSO713512593', '2019-08-06', 14, 8946.41, 8946.41),
('CD0090', 'Maithree Perera Dr.', 'Wattala', 'CSO713512594', '2019-08-07', 13, 10351.8, 10351.8),
('CD0062', 'Isuri Pharmacy', 'Wattala', 'CSO713512595', '2019-08-06', 14, 11526.2, 11526.2),
('CD0549', 'Lakshan Chemist', 'Wattala', 'CSO713512596', '2019-08-06', 14, 6989.67, 6417.5),
('CD0111', 'New Pharmacy', 'Wattala', 'CSO713512597', '2019-08-07', 13, 11026.1, 11026.1),
('CD0494', 'Sudesh Pharmacy  Grocery', 'Wattala', 'CSO713512598', '2019-08-08', 12, 11048.9, 11048.9),
('CD0346', 'Laksi Pharmacy', 'Peliyagoda', 'CSO713512600', '2019-08-10', 10, 10653.2, 10653.2),
('CD0125', 'Orient Pharmacy', 'Kandana', 'CSO713512601', '2019-08-07', 13, 9620, 7687.8),
('CD0140', 'Raddolugama Pharmacy', 'Raddolugama', 'CSO713512602', '2019-08-08', 12, 12025, 12025),
('CD0125', 'Orient Pharmacy', 'Kandana', 'CSO713512603', '2019-08-07', 13, 1690.5, 1690.5),
('CD0081', 'Laxsri Pharmacy', 'Katunayake', 'CSO713512604', '2019-08-07', 13, 27463.7, 27463.7),
('CD0510', 'Sri Lak Pharmacy', 'Seeduwa', 'CSO713512605', '2019-08-07', 13, 24033.1, 24033.1),
('CD0105', 'Negombo Food  Drugs', 'Negombo', 'CSO713512606', '2019-08-07', 13, 20798.5, 20798.5),
('CD0053', 'Health Care Medicla', 'Negombo', 'CSO713512607', '2019-08-07', 13, 5640, 5640),
('CD0246', 'Sesatha Pharmacy', 'Kandana', 'CSO713512608', '2019-08-07', 13, 2405, 2405),
('CD0015', 'Ave Maria (Pvt) Hospital', 'Negombo', 'CSO713512609', '2019-08-07', 13, 25000, 25000),
('CD0053', 'Health Care Medicla', 'Negombo', 'CSO713512610', '2019-08-07', 13, 13149.6, 13149.6),
('CD0147', 'Robert Medical', 'Negombo', 'CSO713512611', '2019-08-07', 13, 11697.2, 11697.2),
('CD0539', 'Thenuka Pharmacy', 'Negombo', 'CSO713512612', '2019-08-07', 13, 32674.3, 31766.5),
('CD0455', 'Suwasala Pharmacy', 'Negombo', 'CSO713512613', '2019-08-07', 13, 8721.7, 8721.7),
('CD0390', 'Lasith Pharmacy', 'Negombo', 'CSO713512614', '2019-08-07', 13, 14343, 14343),
('COLD15104', 'S M Medicals', 'Negombo', 'CSO713512615', '2019-08-07', 13, 2552.22, 2552.22),
('CD0269', 'Subhani Pharmacy', 'Negombo', 'CSO713512616', '2019-08-07', 13, 6892.9, 6892.9),
('CD0356', 'Rusal Pharmacy - (Aloka Dr.)', 'Katana', 'CSO713512617', '2019-08-08', 12, 1797.5, 1797.5),
('CD0141', 'Ragama Pharmacy', 'Ragama', 'CSO713512618', '2019-08-09', 11, 27013.6, 27013.6),
('CD0182', 'Supreem Pharmacy', 'Negombo', 'CSO713512619', '2019-08-08', 12, 13903, 13903),
('CD0468', 'Kandawala Pharmacy', 'Katana', 'CSO713512620', '2019-08-07', 13, 11331.1, 11331.1),
('CD0498', 'Isura Pharmacy  Grocery', 'Katana', 'CSO713512621', '2019-08-08', 12, 8483.01, 8483.01),
('CD0164', 'Shanthi Vidya Nivasa', 'Katana', 'CSO713512622', '2019-08-08', 12, 48984.9, 48984.9),
('CD0183', 'Suranga Pharmacy', 'Katana', 'CSO713512623', '2019-08-08', 12, 12025, 12025),
('CD0183', 'Suranga Pharmacy', 'Katana', 'CSO713512624', '2019-08-08', 12, 13244.9, 13244.9),
('CD0155', 'Sarana Osusala', 'Badalgama', 'CSO713512625', '2019-08-09', 11, 9565, 9565),
('CD0243', 'Suwa Setha Pharmacy', 'Badalgama', 'CSO713512626', '2019-08-07', 13, 13781.8, 13781.8),
('CD0474', 'Pradipa Osusala  Grocery', 'Negombo', 'CSO713512627', '2019-08-07', 13, 8004.33, 7761.33),
('CD0450', 'Royal Pharmacy', 'Negombo', 'CSO713512629', '2019-08-07', 13, 10404.1, 10404.1),
('CD0286', 'Jayakodi Super Market', 'Negombo', 'CSO713512630', '2019-08-17', 3, 34824.2, 34824.2),
('CD0441', 'Isura Pharmacy', 'Ragama', 'CSO713512631', '2019-08-08', 12, 10015, 10015),
('CD0499', 'Shris Lanka Pharmacy', 'Seeduwa', 'CSO713512632', '2019-08-08', 12, 7786.25, 7786.25),
('COLD13809', 'Lakshi Pharmacy', 'Negombo', 'CSO713512633', '2019-08-10', 10, 2870, 2870),
('CD0194', 'Unique Pharmacy', 'Negombo', 'CSO713512634', '2019-08-17', 3, 16640, 16640),
('CD0194', 'Unique Pharmacy', 'Negombo', 'CSO713512635', '2019-08-17', 3, 11092.2, 11092.2),
('CD0259', 'Crystal Pharmacy', 'Negombo', 'CSO713512636', '2019-08-08', 12, 19456.4, 19456.4),
('CD0555', 'Imedra Medicals(Pvt)Ltd', 'Ragama', 'CSO713512638', '2019-08-08', 12, 3604.5, 3604.5),
('CD0141', 'Ragama Pharmacy', 'Ragama', 'CSO713512641', '2019-08-09', 11, 113688, 113688),
('CD0539', 'Thenuka Pharmacy', 'Negombo', 'CSO713512642', '2019-08-08', 12, 3804.2, 3804.2),
('CD0083', 'Leesons Pharmacy', 'Ragama', 'CSO713512643', '2019-08-09', 11, 136151, 136151),
('CD0025', 'City Pharmacy', 'Ragama', 'CSO713512644', '2019-08-08', 12, 5558.24, 5558.24),
('CD0254', 'Sahana Pharmacy', 'Ragama', 'CSO713512645', '2019-08-08', 12, 24138.1, 24138.1),
('CD0025', 'City Pharmacy', 'Ragama', 'CSO713512646', '2019-08-08', 12, 1199.5, 1199.5),
('CD0132', 'Peoples Pharmacy', 'Raddolugama', 'CSO713512647', '2019-08-08', 12, 6052.5, 6052.5),
('CD0541', 'Mabola Osusala', 'Wattala', 'CSO713512648', '2019-08-08', 12, 10711.6, 10059.6),
('CD0408', 'International Institute of Health of Science', 'Mahabage', 'CSO713512649', '2019-08-08', 12, 24123.8, 24123.8),
('CD0528', 'Orient Pharmacy', 'Negombo', 'CSO713512650', '2019-08-09', 11, 15961.4, 15961.4),
('CD0107', 'New Central Pharmacy', 'Negombo', 'CSO713512651', '2019-08-09', 11, 10087.5, 10087.5),
('CD0145', 'Reliable Pharmacy', 'Ragama', 'CSO713512652', '2019-08-09', 11, 80925, 80925),
('CD0016', 'Ave Maria Pharmacy', 'Negombo', 'CSO713512653', '2019-08-09', 11, 7608.4, 7608.4),
('CD0240', 'Hiru Pharmacy', 'Katana', 'CSO713512654', '2019-08-13', 7, 12063.4, 12063.4),
('CD0140', 'Raddolugama Pharmacy', 'Raddolugama', 'CSO713512655', '2019-08-10', 10, 8967.66, 8967.66),
('CD0081', 'Laxsri Pharmacy', 'Katunayake', 'CSO713512656', '2019-08-09', 11, 9620, 9620),
('CD0023', 'City Medical', 'Negombo', 'CSO713512657', '2019-08-09', 11, 13880.2, 13880.2),
('CD0107', 'New Central Pharmacy', 'Negombo', 'CSO713512660', '2019-08-09', 11, 28741.8, 28741.8),
('CD0194', 'Unique Pharmacy', 'Negombo', 'CSO713512661', '2019-08-13', 7, 203191, 203191),
('CD0256', 'X  Lab Pharmacy', 'Negombo', 'CSO713512662', '2019-08-09', 11, 22647.3, 22647.3),
('CD0184', 'Suwa Sarana (Osu Sala)', 'Negombo', 'CSO713512663', '2019-08-09', 11, 7533.11, 7533.11),
('COLD14555', 'Nawa Lanka Pharmacy', 'Negombo', 'CSO713512664', '2019-08-10', 10, 38836.8, 38836.8),
('CD0481', 'Reliance Pharmacy', 'Negombo', 'CSO713512665', '2019-08-09', 11, 5639.5, 5639.5),
('CD0481', 'Reliance Pharmacy', 'Negombo', 'CSO713512666', '2019-08-09', 11, 14556.3, 14556.3),
('COLD14793', 'Peoples Pharmacy-Magabage', 'Mahabage', 'CSO713512667', '2019-08-10', 10, 5639.5, 5639.5),
('CD0018', 'Better Health Pharmacy', 'Negombo', 'CSO713512668', '2019-08-09', 11, 68903.6, 68903.6),
('CD0044', 'Gimshani Pharmacy', 'Kandana', 'CSO713512670', '2019-08-10', 10, 8807.95, 8807.95),
('CD0125', 'Orient Pharmacy', 'Kandana', 'CSO713512671', '2019-08-10', 10, 9225.16, 5420.96),
('CD0228', 'Shanthi Pharmacy', 'Negombo', 'CSO713512672', '2019-08-10', 10, 24086.1, 24086.1),
('CD0130', 'Pamunugama Pharmacy', 'Bopitiya', 'CSO713512673', '2019-08-10', 10, 21783.8, 21783.8),
('CD0480', 'Thilana Pharmacy', 'Ja-Ela', 'CSO713512674', '2019-08-10', 10, 5489.13, 5489.13),
('CD0294', 'Bopitiya Pharmacy', 'Bopitiya', 'CSO713512675', '2019-08-10', 10, 11675, 11675),
('CD0216', 'C  D Pharmacy', 'Ragama', 'CSO713512676', '2019-08-10', 10, 24050, 24050),
('CD0293', 'St. Joshep Pharmacy', 'Bopitiya', 'CSO713512677', '2019-08-10', 10, 31151, 31151),
('COLD13777', 'Royal Pharmacy - Kanda', 'Kandana', 'CSO713512678', '2019-08-10', 10, 23924.5, 23622.5),
('CD0447', 'N.S. Medical', 'Seeduwa', 'CSO713512679', '2019-08-10', 10, 1443, 1443),
('COLD14793', 'Peoples Pharmacy-Magabage', 'Mahabage', 'CSO713512680', '2019-08-10', 10, 14850.7, 14850.7),
('CD0406', 'Browns Healthcare (Pvt) Ltd', 'Ragama', 'CSO713512682', '2019-08-10', 10, 515313, 515313),
('CD0406', 'Browns Healthcare (Pvt) Ltd', 'Ragama', 'CSO713512683', '2019-08-10', 10, 522256, 522256),
('CD0406', 'Browns Healthcare (Pvt) Ltd', 'Ragama', 'CSO713512684', '2019-08-10', 10, 268181, 268181),
('CD0167', 'Silveray Pharmacy', 'Negombo', 'CSO713512685', '2019-08-10', 10, 12025, 12025),
('CD0254', 'Sahana Pharmacy', 'Ragama', 'CSO713512688', '2019-08-12', 8, 7493.9, 6297.4),
('CD0441', 'Isura Pharmacy', 'Ragama', 'CSO713512689', '2019-08-13', 7, 10178, 10178),
('CD0402', 'Pamunugama Osu Sala', 'Raddolugama', 'CSO713512690', '2019-08-12', 8, 70552, 70552),
('CD0452', 'Welikala G. A. J. Dr.', 'Raddolugama', 'CSO713512692', '2019-08-13', 7, 6520, 6520),
('CD0254', 'Sahana Pharmacy', 'Ragama', 'CSO713512693', '2019-08-13', 7, 2766, 2766),
('CD0408', 'International Institute of Health of Science', 'Mahabage', 'CSO713512694', '2019-08-13', 7, 7215, 7215),
('CD0052', 'Health  Glow Pharmacy', 'Wattala', 'CSO713512695', '2019-08-13', 7, 2152, 2152),
('CD0176', 'St. Marrys Pharmacy - KA', 'Katunayake', 'CSO713512696', '2019-08-13', 7, 9620, 9620),
('CD0194', 'Unique Pharmacy', 'Negombo', 'CSO713512697', '2019-08-17', 3, 18652, 18652),
('CD0138', 'P.J. ENTERPRISES (PVT) Ltd.', 'Ja-Ela', 'CSO713512698', '2019-08-13', 7, 31772.9, 31772.9),
('CD0140', 'Raddolugama Pharmacy', 'Raddolugama', 'CSO713512699', '2019-08-13', 7, 2765, 2765),
('CD0480', 'Thilana Pharmacy', 'Ja-Ela', 'CSO713512700', '2019-08-13', 7, 5978.44, 5978.44),
('CD0081', 'Laxsri Pharmacy', 'Katunayake', 'CSO713512701', '2019-08-13', 7, 15963.6, 15271.6),
('CD0151', 'S  G Medicals', 'Negombo', 'CSO713512702', '2019-08-13', 7, 14132.5, 14132.5),
('CD0015', 'Ave Maria (Pvt) Hospital', 'Negombo', 'CSO713512703', '2019-08-13', 7, 50000, 50000),
('COLD14166', 'Thudella Pharmacy', 'Ja-Ela', 'CSO713512704', '2019-08-17', 3, 1765.98, 1765.98),
('CD0201', 'Wasantha Disanayaka Dr.', 'Averiwatta', 'CSO713512706', '2019-08-13', 7, 12374, 12374),
('COLD14005', 'Anuja Fernando Dr.', 'Seeduwa', 'CSO713512707', '2019-08-13', 7, 3020, 3020),
('CD0510', 'Sri Lak Pharmacy', 'Seeduwa', 'CSO713512708', '2019-08-13', 7, 24167.9, 24167.9),
('CD0487', 'Healthcare Pharmacy  Family Needs', 'Raddolugama', 'CSO713512709', '2019-08-13', 7, 9581.5, 8298.5),
('CD0013', 'Asiri Pharmacy', 'Raddolugama', 'CSO713512710', '2019-08-13', 7, 37671.8, 37671.8),
('CD0499', 'Shris Lanka Pharmacy', 'Seeduwa', 'CSO713512711', '2019-08-13', 7, 2405, 2405),
('CD0176', 'St. Marrys Pharmacy - KA', 'Katunayake', 'CSO713512712', '2019-08-13', 7, 6746.25, 6746.25),
('CD0045', 'Gold Crest Pharmacy', 'Seeduwa', 'CSO713512713', '2019-08-15', 5, 21915.7, 21915.7),
('CD0348', 'Golden Chemist', 'Ragama', 'CSO713512714', '2019-08-15', 5, 14042.4, 13136.4),
('CD0396', 'Hansi Pharmacy', 'Ja-Ela', 'CSO713512715', '2019-08-15', 5, 6399.75, 6399.75),
('CD0083', 'Leesons Pharmacy', 'Ragama', 'CSO713512716', '2019-08-15', 5, 18652, 18652),
('CD0057', 'Hendala Pharmacy', 'Wattala', 'CSO713512717', '2019-08-15', 5, 4810, 4810),
('CD0365', 'Seeduwa Osusala', 'Seeduwa', 'CSO713512718', '2019-08-15', 5, 22128, 22128),
('CD0492', 'Radiant Eye Hospital', 'Seeduwa', 'CSO713512719', '2019-08-15', 5, 2335.38, 2335.38),
('CD0561', 'Union Pharmacy', 'Negombo', 'CSO713512720', '2019-08-15', 5, 7215, 7215),
('CD0406', 'Browns Healthcare (Pvt) Ltd', 'Ragama', 'CSO713512721', '2019-08-15', 5, 250000, 250000),
('CD0174', 'St. Judes Pharmacy', 'Seeduwa', 'CSO713512722', '2019-08-15', 5, 17509.7, 17509.7),
('CD0140', 'Raddolugama Pharmacy', 'Raddolugama', 'CSO713512723', '2019-08-15', 5, 14465.7, 14465.7),
('CD0052', 'Health  Glow Pharmacy', 'Wattala', 'CSO713512724', '2019-08-15', 5, 12025, 12025),
('CD0141', 'Ragama Pharmacy', 'Ragama', 'CSO713512725', '2019-08-15', 5, 25000, 25000),
('CD0055', 'Healthline Pharmacy', 'Kandana', 'CSO713512726', '2019-08-15', 5, 12025, 12025),
('CD0078', 'Krishmo Pharmacy', 'Wattala', 'CSO713512727', '2019-08-15', 5, 6691.3, 6691.3),
('CD0555', 'Imedra Medicals(Pvt)Ltd', 'Ragama', 'CSO713512728', '2019-08-16', 4, 4714.2, 4714.2),
('CD0568', 'Healing Pharmacy', 'Negombo', 'CSO713512729', '2019-08-15', 5, 7245.36, 7245.36),
('CD0141', 'Ragama Pharmacy', 'Ragama', 'CSO713512730', '2019-08-15', 5, 25055.1, 25055.1),
('CD0083', 'Leesons Pharmacy', 'Ragama', 'CSO713512731', '2019-08-15', 5, 92420.6, 68939.6),
('CD0083', 'Leesons Pharmacy', 'Ragama', 'CSO713512732', '2019-08-15', 5, 14430, 14430),
('CD0141', 'Ragama Pharmacy', 'Ragama', 'CSO713512733', '2019-08-15', 5, 24050, 24050),
('CD0025', 'City Pharmacy', 'Ragama', 'CSO713512734', '2019-08-15', 5, 3253.25, 3253.25),
('CD0025', 'City Pharmacy', 'Ragama', 'CSO713512735', '2019-08-15', 5, 2405, 2405),
('CD0254', 'Sahana Pharmacy', 'Ragama', 'CSO713512736', '2019-08-15', 5, 6903.9, 6903.9),
('CD0254', 'Sahana Pharmacy', 'Ragama', 'CSO713512737', '2019-08-15', 5, 4810, 4810),
('CD0062', 'Isuri Pharmacy', 'Wattala', 'CSO713512738', '2019-08-16', 4, 7215, 7215),
('CD0154', 'Sampath Pharmacy', 'Ragama', 'CSO713512740', '2019-08-16', 4, 1380, 1380),
('CD0052', 'Health  Glow Pharmacy', 'Wattala', 'CSO713512741', '2019-08-16', 4, 39193.9, 39193.9),
('CD0111', 'New Pharmacy', 'Wattala', 'CSO713512742', '2019-08-16', 4, 27580.9, 27580.9),
('CD0494', 'Sudesh Pharmacy  Grocery', 'Wattala', 'CSO713512743', '2019-08-20', 0, 16267.7, 16267.7),
('CD0510', 'Sri Lak Pharmacy', 'Seeduwa', 'CSO713512744', '2019-08-16', 4, 8108.99, 8108.99),
('CD0158', 'Sathya Pharmacy', 'Wattala', 'CSO713512745', '2019-08-16', 4, 16412.2, 16412.2),
('CD0158', 'Sathya Pharmacy', 'Wattala', 'CSO713512746', '2019-08-16', 4, 9620, 9620),
('CD0133', 'Peoples Pharmacy  Grocery', 'Wattala', 'CSO713512747', '2019-08-16', 4, 35093.1, 35093.1),
('CD0078', 'Krishmo Pharmacy', 'Wattala', 'CSO713512748', '2019-08-16', 4, 4418.22, 4418.22),
('CD0057', 'Hendala Pharmacy', 'Wattala', 'CSO713512749', '2019-08-16', 4, 7251.09, 4917.08),
('CD0441', 'Isura Pharmacy', 'Ragama', 'CSO713512750', '2019-08-16', 4, 6796.5, 6796.5),
('COLD14555', 'Nawa Lanka Pharmacy', 'Negombo', 'CSO713512751', '2019-08-16', 4, 9620, 9620),
('CD0082', 'Leesons Hospital', 'Ragama', 'CSO713512752', '2019-08-16', 4, 116000, 116000),
('CD0053', 'Health Care Medicla', 'Negombo', 'CSO713512753', '2019-08-16', 4, 5089, 5089),
('COLD14197', 'Arogya Pharmacy and Grocery', 'Ja-Ela', 'CSO713512754', '2019-08-16', 4, 13565.1, 13565.1),
('COLD14197', 'Arogya Pharmacy and Grocery', 'Ja-Ela', 'CSO713512755', '2019-08-16', 4, 4810, 4810),
('CD0062', 'Isuri Pharmacy', 'Wattala', 'CSO713512756', '2019-08-16', 4, 8550.83, 8550.08),
('CD0163', 'Sethma Pharmacy', 'Kandana', 'CSO713512757', '2019-08-16', 4, 77563, 77563),
('CD0461', 'Hussair M. N. M. Dr.', 'Negombo', 'CSO713512758', '2019-08-19', 1, 3020, 3020),
('CD0549', 'Lakshan Chemist', 'Wattala', 'CSO713512759', '2019-08-16', 4, 9288.76, 9288.76),
('CD0335', 'Calvary Medicals', 'Ja-Ela', 'CSO713512760', '2019-08-17', 3, 4622.75, 4622.75),
('CD0446', 'The Pharmacy APY (Pvt) Ltd', 'Ja-Ela', 'CSO713512761', '2019-08-17', 3, 10095, 10095),
('CD0460', 'Darshana Pharmacy', 'Ja-Ela', 'CSO713512762', '2019-08-17', 3, 10617.2, 10617.2),
('CD0396', 'Hansi Pharmacy', 'Ja-Ela', 'CSO713512763', '2019-08-17', 3, 4885.6, 4885.6),
('CD0216', 'C  D Pharmacy', 'Ragama', 'CSO713512764', '2019-08-17', 3, 25019.4, 25019.4),
('CD0258', 'Rilaulla Pharmacy', 'Kandana', 'CSO713512765', '2019-08-17', 3, 37960.9, 37960.9),
('CD0138', 'P.J. ENTERPRISES (PVT) Ltd.', 'Ja-Ela', 'CSO713512766', '2019-08-17', 3, 64943.6, 52547.4),
('CD0173', 'St. Jude Pharmacy', 'Ja-Ela', 'CSO713512767', '2019-08-17', 3, 12948.5, 12948.5),
('CD0508', 'St. Joseph Pharmacy  Grocery', 'Ja-Ela', 'CSO713512768', '2019-08-17', 3, 6948.9, 6948.9),
('COLD14166', 'Thudella Pharmacy', 'Ja-Ela', 'CSO713512769', '2019-08-17', 3, 1821.2, 1821.2),
('CD0130', 'Pamunugama Pharmacy', 'Bopitiya', 'CSO713512770', '2019-08-17', 3, 24300, 24300),
('CD0184', 'Suwa Sarana (Osu Sala)', 'Negombo', 'CSO713512771', '2019-08-17', 3, 1202.5, 1202.5),
('COLD14591', 'V.M. Pharmacy', 'Katana', 'CSO713512772', '2019-08-17', 3, 3607.5, 3607.5),
('CD0138', 'P.J. ENTERPRISES (PVT) Ltd.', 'Ja-Ela', 'CSO713512773', '2019-08-17', 3, 15150, 15150),
('CD0053', 'Health Care Medicla', 'Negombo', 'CSO713512774', '2019-08-17', 3, 7520, 7520),
('CD0080', 'Lanka Pharmacy', 'Negombo', 'CSO713512775', '2019-08-17', 3, 48100, 48100),
('CD0167', 'Silveray Pharmacy', 'Negombo', 'CSO713512776', '2019-08-19', 1, 14524.4, 14524.4),
('CD0044', 'Gimshani Pharmacy', 'Kandana', 'CSO713512777', '2019-08-19', 1, 9125.75, 9125.75),
('COLD15046', 'Lakmi Pharmacy & Grocery', 'Negombo', 'CSO713512778', '2019-08-19', 1, 12307.3, 12307.3),
('CD0189', 'Thalahena Pharmacy', 'Negombo', 'CSO713512779', '2019-08-19', 1, 6863.5, 6863.5),
('CD0293', 'St. Joshep Pharmacy', 'Bopitiya', 'CSO713512780', '2019-08-19', 1, 12607.3, 12607.3),
('CD0294', 'Bopitiya Pharmacy', 'Bopitiya', 'CSO713512781', '2019-08-19', 1, 19458.4, 19458.4),
('CD0130', 'Pamunugama Pharmacy', 'Bopitiya', 'CSO713512782', '2019-08-19', 1, 13539.4, 13539.4),
('CD0501', 'Jasmin Pharmacy  Grocery', 'Kandana', 'CSO713512783', '2019-08-19', 1, 7215, 7215),
('COLD13777', 'Royal Pharmacy - Kanda', 'Kandana', 'CSO713512784', '2019-08-19', 1, 6331.5, 6331.5),
('CD0126', 'Osu Sala', 'Kandana', 'CSO713512785', '2019-08-19', 1, 7179.7, 5909),
('CD0055', 'Healthline Pharmacy', 'Kandana', 'CSO713512786', '2019-08-19', 1, 10064.4, 10064.4),
('CD0104', 'Nawa Osusala', 'Ja-Ela', 'CSO713512787', '2019-08-19', 1, 41158.8, 37309.8),
('CD0194', 'Unique Pharmacy', 'Negombo', 'CSO713512788', '2019-08-19', 1, 40000, 40000),
('CD0406', 'Browns Healthcare (Pvt) Ltd', 'Ragama', 'CSO713512789', '2019-08-19', 1, 18180, 18180),
('CD0408', 'International Institute of Health of Science', 'Mahabage', 'CSO713512790', '2019-08-19', 1, 18981.5, 18981.5),
('CD0023', 'City Medical', 'Negombo', 'CSO713512791', '2019-08-19', 1, 20299.7, 20299.7),
('CD0194', 'Unique Pharmacy', 'Negombo', 'CSO713512792', '2019-08-19', 1, 9078.3, 9078.3),
('CD0130', 'Pamunugama Pharmacy', 'Bopitiya', 'CSO713512793', '2019-08-20', 0, 10087.5, 10087.5),
('COLD14710', 'S. S. Pharmacy - Katunayake', 'Katunayake', 'CSO713512794', '2019-08-20', 0, 5089, 5089),
('CD0192', 'Thrithva Pharmacy', 'Ja-Ela', 'CSO713512795', '2019-08-20', 0, 6679.5, 6679.5),
('CD0401', 'Aloka Dr.', 'Negombo', 'CSO713512796', '2019-08-20', 0, 32345, 32345),
('CD0461', 'Hussair M. N. M. Dr.', 'Negombo', 'CSO713512797', '2019-08-20', 0, 17114, 17114),
('CD0073', 'Kapuwatha Pharmacy', 'Ja-Ela', 'CSO713512798', '2019-08-20', 0, 5639.5, 5639.5),
('COLD14555', 'Nawa Lanka Pharmacy', 'Negombo', 'CSO713512799', '2019-08-20', 0, 24134.7, 24134.7),
('CD0481', 'Reliance Pharmacy', 'Negombo', 'CSO713512801', '2019-08-20', 0, 7350.22, 7350.22),
('CD0088', 'Mahajana Osu Sala', 'Negombo', 'CSO713512802', '2019-08-20', 0, 68968.3, 68968.3),
('CD0469', 'Asiri Pharmacy  Grocery', 'Negombo', 'CSO713512803', '2019-08-20', 0, 16935, 16935),
('CD0194', 'Unique Pharmacy', 'Negombo', 'CSO713512804', '2019-08-20', 0, 144711, 144711),
('CD0539', 'Thenuka Pharmacy', 'Negombo', 'CSO713512805', '2019-08-20', 0, 48100, 48100),
('CD0408', 'International Institute of Health of Science', 'Mahabage', 'CSO713512806', '2019-08-20', 0, 14427.5, 14427.5),
('CD0259', 'Crystal Pharmacy', 'Negombo', 'CSO713512807', '2019-08-20', 0, 35512.8, 35512.8),
('CD0259', 'Crystal Pharmacy', 'Negombo', 'CSO713512808', '2019-08-20', 0, 15703.5, 15703.5),
('CD0016', 'Ave Maria Pharmacy', 'Negombo', 'CSO713512809', '2019-08-20', 0, 17160, 17160),
('CD0259', 'Crystal Pharmacy', 'Negombo', 'CSO713512810', '2019-08-20', 0, 4860, 4860),
('CD0018', 'Better Health Pharmacy', 'Negombo', 'CSO713512811', '2019-08-20', 0, 19246.5, 19246.5),
('CD0107', 'New Central Pharmacy', 'Negombo', 'CSO713512812', '2019-08-20', 0, 2393, 2393),
('CD0561', 'Union Pharmacy', 'Negombo', 'CSO713512813', '2019-08-20', 0, 7510.23, 7510.23),
('CD0408', 'International Institute of Health of Science', 'Mahabage', 'CSO713512814', '2019-08-20', 0, 4438.7, 4438.7),
('CD0020', 'Cash Customer - Colombo D', 'Negombo', 'CSODSR3000170', '2017-09-29', 690, 6819.18, 6819.18),
('CD0052', 'Health  Glow Pharmacy', 'Wattala', 'CSODSR3000493', '2017-10-18', 671, 57753.2, 56718.7),
('CD0082', 'Leesons Hospital', 'Ragama', 'CSODSR3000867', '2017-11-10', 648, 3750, 3750),
('CD0402', 'Pamunugama Osu Sala', 'Raddolugama', 'CSODSR3001004', '2017-11-18', 640, 3134, 3134),
('CD0402', 'Pamunugama Osu Sala', 'Raddolugama', 'CSODSR3001059', '2017-11-23', 635, 25319.7, 25319.7),
('CD0020', 'Cash Customer - Colombo D', 'Negombo', 'CSODSR3001232', '2017-12-02', 626, 3134, 3134),
('CD0402', 'Pamunugama Osu Sala', 'Raddolugama', 'CSODSR3001262', '2017-12-04', 624, 4729.5, 4729.5),
('CD0249', 'Roshini Pharmacy', 'Ja-Ela', 'CSODSR3001327', '2017-12-07', 621, 9617.84, 9617.84),
('CD0402', 'Pamunugama Osu Sala', 'Raddolugama', 'CSODSR3001376', '2017-12-11', 617, 35680.9, 35680.9),
('CD0020', 'Cash Customer - Colombo D', 'Negombo', 'CSODSR3001750', '2018-01-03', 594, 2059.64, 2059.64),
('CD0020', 'Cash Customer - Colombo D', 'Negombo', 'CSODSR3001916', '2018-01-13', 584, 1445, 1445),
('CD0020', 'Cash Customer - Colombo D', 'Negombo', 'CSODSR3001925', '2018-01-15', 582, 4175.65, 4175.65),
('CD0424', 'Shara Chemist', 'Ragama', 'CSODSR3004494', '2018-06-13', 433, 81523.4, 81523.4),
('CD0133', 'Peoples Pharmacy  Grocery', 'Wattala', 'CSODSR3004521', '2018-06-14', 432, 24876.1, 24876.1),
('CD0481', 'Reliance Pharmacy', 'Negombo', 'CSODSR3004641', '2018-06-20', 426, 13784.8, 13784.8),
('CD0110', 'New Medicare', 'Katunayake', 'CSODSR3004687', '2018-06-21', 425, 3375, 3375),
('CD0560', 'Fernando W.K.S. Dr.', 'Negombo', 'CSODSR3004709', '2018-06-22', 424, 9769.6, 9769.6),
('CD0168', 'Sriee Pharmacy', 'Negombo', 'CSODSR3005180', '2018-07-18', 398, 14243.3, 14243.3),
('CD0020', 'Cash Customer - Colombo D', 'Negombo', 'CSODSR3005213', '2018-07-19', 397, 3134, 3134),
('CD0540', 'Lak Osusala', 'Seeduwa', 'CSODSR3005438', '2018-08-01', 384, 73750, 73750),
('COLD13901', 'Siyapatha Pharmacy', 'Ragama', 'CSODSR3006205', '2018-09-26', 328, 1045, 1045),
('CD0402', 'Pamunugama Osu Sala', 'Raddolugama', 'CSODSR3006478', '2018-10-08', 316, 3614, 3614),
('COLD13809', 'Lakshi Pharmacy', 'Negombo', 'CSODSR3006486', '2018-10-09', 315, 13249.8, 13249.8),
('CD0020', 'Cash Customer - Colombo D', 'Negombo', 'CSODSR3006748', '2018-10-22', 302, 2609, 2609),
('CD0220', 'The Pharmacy', 'Negombo', 'CSODSR3006842', '2018-10-29', 295, 20097.4, 20097.4),
('CD0020', 'Cash Customer - Colombo D', 'Negombo', 'CSODSR3006851', '2018-10-29', 295, 1297, 1297),
('CD0561', 'Union Pharmacy', 'Negombo', 'CSODSR3006893', '2018-10-31', 293, 9931.11, 7996.33),
('CD0020', 'Cash Customer - Colombo D', 'Negombo', 'CSODSR3006932', '2018-11-01', 292, 626.09, 626.09),
('COLD14348', 'Ashoka Pharmacy', 'Negombo', 'CSODSR3007097', '2018-11-10', 283, 12817, 12817),
('CD0220', 'The Pharmacy', 'Negombo', 'CSODSR3007169', '2018-11-14', 279, 25973.8, 4696.5),
('CD0020', 'Cash Customer - Colombo D', 'Negombo', 'CSODSR3007180', '2018-11-14', 279, 21428.1, 21428.1),
('CD0020', 'Cash Customer - Colombo D', 'Negombo', 'CSODSR3007261', '2018-11-19', 274, 11024, 11024),
('CD0540', 'Lak Osusala', 'Seeduwa', 'CSODSR3007276', '2018-11-19', 274, 23900, 23900),
('CD0016', 'Ave Maria Pharmacy', 'Negombo', 'CSODSR3007343', '2018-11-26', 267, 7760.04, 7760.04),
('COLD13809', 'Lakshi Pharmacy', 'Negombo', 'CSODSR3007423', '2018-11-29', 264, 21835.9, 21835.9),
('CD0128', 'Osu Sala Wattala', 'Wattala', 'CSODSR3007451', '2018-12-03', 260, 34299.1, 2750),
('CD0447', 'N.S. Medical', 'Seeduwa', 'CSODSR3007523', '2018-12-03', 260, 125218, 125218),
('CD0474', 'Pradipa Osusala  Grocery', 'Negombo', 'CSODSR3007578', '2018-12-07', 256, 10396.6, 7415.83),
('CD0023', 'City Medical', 'Negombo', 'CSODSR3007605', '2018-12-08', 255, 40942.5, 40942.5),
('CD0057', 'Hendala Pharmacy', 'Wattala', 'CSODSR3007621', '2018-12-10', 253, 23840.9, 313.69),
('CD0184', 'Suwa Sarana (Osu Sala)', 'Negombo', 'CSODSR3007704', '2018-12-14', 249, 18088.1, 18088.1),
('CD0012', 'Asiri Pharmacy', 'Ja-Ela', 'CSODSR3007720', '2018-12-15', 248, 2696, 2696),
('CD0167', 'Silveray Pharmacy', 'Negombo', 'CSODSR3007765', '2018-12-18', 245, 40234.5, 40234.5),
('COLD14555', 'Nawa Lanka Pharmacy', 'Negombo', 'CSODSR3007839', '2018-12-21', 242, 44732.6, 44732.6),
('CD0057', 'Hendala Pharmacy', 'Wattala', 'CSODSR3007847', '2018-12-21', 242, 19301.3, 313),
('CD0089', 'Mahajana Pharmacy', 'Peliyagoda', 'CSODSR3007851', '2018-12-24', 239, 7670.96, 5676.96),
('CD0020', 'Cash Customer - Colombo D', 'Negombo', 'CSODSR3007968', '2019-01-02', 230, 99042, 99042),
('CD0020', 'Cash Customer - Colombo D', 'Negombo', 'CSODSR3007971', '2019-01-01', 231, 5218, 5218),
('CD0182', 'Supreem Pharmacy', 'Negombo', 'CSODSR3008069', '2019-01-08', 224, 7099.11, 7099.11),
('CD0163', 'Sethma Pharmacy', 'Kandana', 'CSODSR3008072', '2019-01-08', 224, 184014, 14202.9),
('CD0181', 'Super Medical', 'Negombo', 'CSODSR3008122', '2019-01-09', 223, 24120, 3379.5),
('CD0182', 'Supreem Pharmacy', 'Negombo', 'CSODSR3008139', '2019-01-10', 222, 13383.4, 13383.4),
('CD0452', 'Welikala G. A. J. Dr.', 'Raddolugama', 'CSODSR3008251', '2019-01-17', 215, 757, 757),
('CD0240', 'Hiru Pharmacy', 'Katana', 'CSODSR3008306', '2019-01-21', 211, 57053.3, 13218),
('CD0089', 'Mahajana Pharmacy', 'Peliyagoda', 'CSODSR3008310', '2019-01-21', 211, 6727.1, 6727.1),
('CD0348', 'Golden Chemist', 'Ragama', 'CSODSR3008350', '2019-01-23', 209, 9531.06, 9531.06),
('CD0182', 'Supreem Pharmacy', 'Negombo', 'CSODSR3008364', '2019-01-23', 209, 10633.8, 10633.8),
('COLD14348', 'Ashoka Pharmacy', 'Negombo', 'CSODSR3008395', '2019-01-25', 207, 3865.86, 3865.86),
('CD0083', 'Leesons Pharmacy', 'Ragama', 'CSODSR3008397', '2019-01-25', 207, 19900, 19900),
('CD0194', 'Unique Pharmacy', 'Negombo', 'CSODSR3008410', '2019-01-25', 207, 6782.64, 6167.64),
('CD0259', 'Crystal Pharmacy', 'Negombo', 'CSODSR3008465', '2019-01-28', 204, 65180.1, 58197),
('CD0182', 'Supreem Pharmacy', 'Negombo', 'CSODSR3008472', '2019-01-30', 202, 3280, 1910),
('CD0486', 'Royal Pharmacy Lanka (Pvt) Ltd.', 'Negombo', 'CSODSR3008477', '2019-01-29', 203, 28217.4, 28217.4),
('CD0163', 'Sethma Pharmacy', 'Kandana', 'CSODSR3008490', '2019-01-30', 202, 150116, 2350.64),
('CD0447', 'N.S. Medical', 'Seeduwa', 'CSODSR3008499', '2019-01-30', 202, 37027.5, 37027.5),
('CD0133', 'Peoples Pharmacy  Grocery', 'Wattala', 'CSODSR3008522', '2019-01-31', 201, 123393, 119399),
('CD0486', 'Royal Pharmacy Lanka (Pvt) Ltd.', 'Negombo', 'CSODSR3008535', '2019-01-31', 201, 108200, 4880),
('CD0020', 'Cash Customer - Colombo D', 'Negombo', 'CSODSR3008551', '2019-02-01', 200, 33878, 33878),
('CD0020', 'Cash Customer - Colombo D', 'Negombo', 'CSODSR3008552', '2019-02-01', 200, 6278.37, 6278.37),
('CD0546', 'Kolitha Jayasundara Dr.', 'Ragama', 'CSODSR3008559', '2019-02-01', 200, 4182.6, 4182.6),
('CD0033', 'Dissanayake (Pvt) Hospital', 'Negombo', 'CSODSR3008646', '2019-02-06', 195, 18262.5, 18262),
('CD0348', 'Golden Chemist', 'Ragama', 'CSODSR3008740', '2019-02-11', 190, 17605, 17605),
('CD0547', 'New St. Joseph Pharmacy', 'Seeduwa', 'CSODSR3008837', '2019-02-15', 186, 4717.42, 1350.82),
('CD0080', 'Lanka Pharmacy', 'Negombo', 'CSODSR3008855', '2019-02-16', 185, 30860, 30860),
('CD0016', 'Ave Maria Pharmacy', 'Negombo', 'CSODSR3008880', '2019-02-18', 183, 3880.02, 3880.02),
('COLD14348', 'Ashoka Pharmacy', 'Negombo', 'CSODSR3008940', '2019-02-23', 178, 12174, 12174),
('CD0182', 'Supreem Pharmacy', 'Negombo', 'CSODSR3008953', '2019-02-23', 178, 18652.3, 2608.91),
('CD0194', 'Unique Pharmacy', 'Negombo', 'CSODSR3009020', '2019-02-26', 175, 86089, 5218),
('CD0259', 'Crystal Pharmacy', 'Negombo', 'CSODSR3009040', '2019-02-27', 174, 62898.1, 62898.1),
('CD0406', 'Browns Healthcare (Pvt) Ltd', 'Ragama', 'CSODSR3009043', '2019-02-27', 174, 1820, 1820),
('CD0141', 'Ragama Pharmacy', 'Ragama', 'CSODSR3009045', '2019-02-27', 174, 135143, 4186),
('CD0256', 'X  Lab Pharmacy', 'Negombo', 'CSODSR3009048', '2019-02-27', 174, 25880.1, 1882),
('CD0083', 'Leesons Pharmacy', 'Ragama', 'CSODSR3009060', '2019-02-28', 173, 2865.03, 2865.03),
('CD0561', 'Union Pharmacy', 'Negombo', 'CSODSR3009082', '2019-03-01', 172, 2253.96, 2253.96),
('CD0163', 'Sethma Pharmacy', 'Kandana', 'CSODSR3009113', '2019-03-01', 172, 40942.5, 34416.4),
('CD0348', 'Golden Chemist', 'Ragama', 'CSODSR3009114', '2019-03-01', 172, 10557.9, 10557.9),
('CD0020', 'Cash Customer - Colombo D', 'Negombo', 'CSODSR3009127', '2019-03-01', 172, 2696, 2696),
('CD0063', 'J  J Pharmacy', 'Negombo', 'CSODSR3009374', '2019-03-14', 159, 3271.5, 3271.5),
('CD0474', 'Pradipa Osusala  Grocery', 'Negombo', 'CSODSR3009546', '2019-03-22', 151, 11464.9, 3081),
('CD0141', 'Ragama Pharmacy', 'Ragama', 'CSODSR3009607', '2019-03-29', 144, 80004.7, 1369),
('CD0133', 'Peoples Pharmacy  Grocery', 'Wattala', 'CSODSR3009700', '2019-03-30', 143, 114472, 11347),
('CD0083', 'Leesons Pharmacy', 'Ragama', 'CSODSR3009752', '2019-04-01', 141, 12913, 12913),
('CD0174', 'St. Judes Pharmacy', 'Seeduwa', 'CSODSR3009824', '2019-04-05', 137, 5618, 3819),
('COLD14555', 'Nawa Lanka Pharmacy', 'Negombo', 'CSODSR3010171', '2019-04-27', 115, 2782, 2782),
('CD0259', 'Crystal Pharmacy', 'Negombo', 'CSODSR3010278', '2019-05-03', 109, 127438, 1909.97),
('CD0406', 'Browns Healthcare (Pvt) Ltd', 'Ragama', 'CSODSR3010360', '2019-05-08', 104, 38300, 38300),
('CD0300', 'Senaka Herath Dr.', 'Wattala', 'CSODSR3010368', '2019-05-08', 104, 15652, 15652),
('CD0220', 'The Pharmacy', 'Negombo', 'CSODSR3010377', '2019-05-09', 103, 40080.4, 1799),
('CD0061', 'Ishara Pharmacy', 'Ja-Ela', 'CSODSR3010390', '2019-05-09', 103, 49324.7, 47665.6),
('CD0194', 'Unique Pharmacy', 'Negombo', 'CSODSR3010391', '2019-05-10', 102, 121065, 1353),
('CD0406', 'Browns Healthcare (Pvt) Ltd', 'Ragama', 'CSODSR3010531', '2019-05-22', 90, 182821, 200),
('CD0194', 'Unique Pharmacy', 'Negombo', 'CSODSR3010591', '2019-05-24', 88, 102778, 7715),
('CD0082', 'Leesons Hospital', 'Ragama', 'CSODSR3010604', '2019-05-24', 88, 10435.8, 9573.79),
('CD0083', 'Leesons Pharmacy', 'Ragama', 'CSODSR3010673', '2019-05-28', 84, 2809, 2809),
('CD0194', 'Unique Pharmacy', 'Negombo', 'CSODSR3010688', '2019-05-30', 82, 13914.4, 3130),
('CD0441', 'Isura Pharmacy', 'Ragama', 'CSODSR3010689', '2019-05-29', 83, 2078, 2078),
('CD0004', 'Amara Sellamutthu Dr.', 'Ja-Ela', 'CSODSR3010705', '2019-05-30', 82, 4926.95, 4926.95),
('CD0441', 'Isura Pharmacy', 'Ragama', 'CSODSR3010707', '2019-05-30', 82, 2025, 2025),
('CD0524', 'Dewa Pharmacy', 'Ragama', 'CSODSR3010749', '2019-06-01', 80, 48319, 1),
('CD0190', 'The Pharmaco (Pvt) Ltd.,', 'Negombo', 'CSODSR3010770', '2019-06-01', 80, 34003.6, 34003.6),
('CD0365', 'Seeduwa Osusala', 'Seeduwa', 'CSODSR3010793', '2019-06-03', 78, 8099.68, 8099.68),
('CD0406', 'Browns Healthcare (Pvt) Ltd', 'Ragama', 'CSODSR3010794', '2019-06-03', 78, 202500, 202500),
('CD0083', 'Leesons Pharmacy', 'Ragama', 'CSODSR3010819', '2019-06-03', 78, 6100, 6100),
('CD0255', 'Lions Sight Hospital', 'Wattala', 'CSODSR3010843', '2019-06-03', 78, 31750, 31750),
('CD0299', 'Merryl Fernando Dr.', 'Seeduwa', 'CSODSR3010950', '2019-06-11', 70, 62400, 62400),
('COLD14793', 'Peoples Pharmacy-Magabage', 'Mahabage', 'CSODSR3010961', '2019-06-11', 70, 15386, 15386),
('CD0015', 'Ave Maria (Pvt) Hospital', 'Negombo', 'CSODSR3010967', '2019-06-11', 70, 20250, 20250),
('CD0194', 'Unique Pharmacy', 'Negombo', 'CSODSR3011017', '2019-06-13', 68, 12200, 12200),
('CD0492', 'Radiant Eye Hospital', 'Seeduwa', 'CSODSR3011056', '2019-06-15', 66, 95600, 95600),
('CD0492', 'Radiant Eye Hospital', 'Seeduwa', 'CSODSR3011064', '2019-06-17', 64, 143400, 143400),
('CD0087', 'M.P.C.S. (Osu Sala)', 'Negombo', 'CSODSR3011091', '2019-06-18', 63, 6208.5, 5382.5),
('CD0055', 'Healthline Pharmacy', 'Kandana', 'CSODSR3011098', '2019-06-19', 62, 22669.3, 4726.96),
('CD0141', 'Ragama Pharmacy', 'Ragama', 'CSODSR3011115', '2019-06-19', 62, 9391.5, 9391.5),
('CD0348', 'Golden Chemist', 'Ragama', 'CSODSR3011119', '2019-06-21', 60, 6765.24, 6765.24),
('CD0107', 'New Central Pharmacy', 'Negombo', 'CSODSR3011131', '2019-06-20', 61, 44760, 44760),
('CD0057', 'Hendala Pharmacy', 'Wattala', 'CSODSR3011168', '2019-06-20', 61, 18023, 18023),
('CD0087', 'M.P.C.S. (Osu Sala)', 'Negombo', 'CSODSR3011173', '2019-06-20', 61, 17904, 17904),
('CD0015', 'Ave Maria (Pvt) Hospital', 'Negombo', 'CSODSR3011175', '2019-06-20', 61, 8550, 8550),
('CD0496', 'Alliance Pharmacy', 'Ragama', 'CSODSR3011183', '2019-06-26', 55, 6986.98, 6986.98),
('COLD13957', 'Negombo Drugs', 'Negombo', 'CSODSR3011186', '2019-06-21', 60, 8952, 8952),
('CD0469', 'Asiri Pharmacy  Grocery', 'Negombo', 'CSODSR3011191', '2019-06-20', 61, 23822.5, 21909.4),
('CD0541', 'Mabola Osusala', 'Wattala', 'CSODSR3011202', '2019-06-21', 60, 5968, 300),
('CD0083', 'Leesons Pharmacy', 'Ragama', 'CSODSR3011209', '2019-06-21', 60, 7344, 7344),
('CD0346', 'Laksi Pharmacy', 'Peliyagoda', 'CSODSR3011224', '2019-06-21', 60, 11747.1, 11747.1),
('CD0257', 'Nirodha Pharmacy', 'Badalgama', 'CSODSR3011257', '2019-06-24', 57, 14839.4, 11060),
('CD0540', 'Lak Osusala', 'Seeduwa', 'CSODSR3011259', '2019-06-25', 56, 143300, 143300),
('CD0083', 'Leesons Pharmacy', 'Ragama', 'CSODSR3011260', '2019-06-24', 57, 9342, 9342),
('CD0455', 'Suwasala Pharmacy', 'Negombo', 'CSODSR3011266', '2019-06-27', 54, 12613.6, 12613.6),
('CD0174', 'St. Judes Pharmacy', 'Seeduwa', 'CSODSR3011269', '2019-06-25', 56, 93859.4, 93859.4),
('CD0107', 'New Central Pharmacy', 'Negombo', 'CSODSR3011274', '2019-06-25', 56, 9537.48, 9537.48),
('CD0083', 'Leesons Pharmacy', 'Ragama', 'CSODSR3011281', '2019-06-25', 56, 2078, 2078),
('CD0259', 'Crystal Pharmacy', 'Negombo', 'CSODSR3011283', '2019-06-26', 55, 29840, 29840),
('CD0141', 'Ragama Pharmacy', 'Ragama', 'CSODSR3011284', '2019-06-27', 54, 104217, 100167),
('CD0496', 'Alliance Pharmacy', 'Ragama', 'CSODSR3011286', '2019-06-26', 55, 9002.36, 8524.36),
('CD0032', 'Digasiri Pharmacy', 'Ja-Ela', 'CSODSR3011324', '2019-06-27', 54, 35884.2, 35884.2),
('CD0540', 'Lak Osusala', 'Seeduwa', 'CSODSR3011344', '2019-06-29', 52, 143300, 143300),
('CD0141', 'Ragama Pharmacy', 'Ragama', 'CSODSR3011345', '2019-06-28', 53, 97176.2, 97176.2),
('CD0194', 'Unique Pharmacy', 'Negombo', 'CSODSR3011350', '2019-06-28', 53, 217437, 217437),
('CD0220', 'The Pharmacy', 'Negombo', 'CSODSR3011353', '2019-06-28', 53, 42605.3, 41795.3),
('CD0023', 'City Medical', 'Negombo', 'CSODSR3011361', '2019-07-01', 50, 44390.6, 1478),
('CD0190', 'The Pharmaco (Pvt) Ltd.,', 'Negombo', 'CSODSR3011370', '2019-06-29', 52, 35066.2, 35066.2),
('CD0020', 'Cash Customer - Colombo D', 'Negombo', 'CSODSR3011372', '2019-06-29', 52, 18261, 18261),
('CD0240', 'Hiru Pharmacy', 'Katana', 'CSODSR3011374', '2019-07-01', 50, 30915, 30915),
('CD0501', 'Jasmin Pharmacy  Grocery', 'Kandana', 'CSODSR3011376', '2019-06-29', 52, 30915, 30915),
('CD0128', 'Osu Sala Wattala', 'Wattala', 'CSODSR3011382', '2019-07-01', 50, 78861, 78861),
('CD0255', 'Lions Sight Hospital', 'Wattala', 'CSODSR3011383', '2019-07-01', 50, 31700, 31700),
('CD0494', 'Sudesh Pharmacy  Grocery', 'Wattala', 'CSODSR3011388', '2019-07-01', 50, 10576.9, 810),
('CD0057', 'Hendala Pharmacy', 'Wattala', 'CSODSR3011393', '2019-07-01', 50, 14746.6, 14746.6),
('CD0062', 'Isuri Pharmacy', 'Wattala', 'CSODSR3011394', '2019-07-01', 50, 16204.6, 16204.6),
('CD0486', 'Royal Pharmacy Lanka (Pvt) Ltd.', 'Negombo', 'CSODSR3011396', '2019-07-01', 50, 54502.6, 753),
('CD0174', 'St. Judes Pharmacy', 'Seeduwa', 'CSODSR3011399', '2019-07-01', 50, 43800, 43800),
('CD0174', 'St. Judes Pharmacy', 'Seeduwa', 'CSODSR3011406', '2019-07-01', 50, 30915, 30915),
('CD0346', 'Laksi Pharmacy', 'Peliyagoda', 'CSODSR3011409', '2019-07-01', 50, 2696, 2696),
('CD0540', 'Lak Osusala', 'Seeduwa', 'CSODSR3011410', '2019-07-01', 50, 214950, 214950),
('CD0259', 'Crystal Pharmacy', 'Negombo', 'CSODSR3011411', '2019-07-01', 50, 80716.5, 80716.5),
('CD0447', 'N.S. Medical', 'Seeduwa', 'CSODSR3011417', '2019-07-01', 50, 71650, 71650),
('CD0447', 'N.S. Medical', 'Seeduwa', 'CSODSR3011418', '2019-07-01', 50, 71650, 71650),
('CD0163', 'Sethma Pharmacy', 'Kandana', 'CSODSR3011422', '2019-07-01', 50, 113333, 113333),
('CD0174', 'St. Judes Pharmacy', 'Seeduwa', 'CSODSR3011424', '2019-07-01', 50, 12869, 12869),
('CD0138', 'P.J. ENTERPRISES (PVT) Ltd.', 'Ja-Ela', 'CSODSR3011432', '2019-07-01', 50, 84565.5, 84565.5),
('CD0141', 'Ragama Pharmacy', 'Ragama', 'CSODSR3011433', '2019-07-01', 50, 27380.2, 27380.2),
('CD0104', 'Nawa Osusala', 'Ja-Ela', 'CSODSR3011438', '2019-07-01', 50, 73961.9, 73961.9),
('CD0088', 'Mahajana Osu Sala', 'Negombo', 'CSODSR3011439', '2019-07-01', 50, 109892, 17539.5),
('COLD14793', 'Peoples Pharmacy-Magabage', 'Mahabage', 'CSODSR3011440', '2019-07-01', 50, 9329.26, 9329.26),
('CD0083', 'Leesons Pharmacy', 'Ragama', 'CSODSR3011444', '2019-07-01', 50, 6087, 6087),
('CD0164', 'Shanthi Vidya Nivasa', 'Katana', 'CSODSR3011455', '2019-07-03', 48, 4110, 4110),
('CD0062', 'Isuri Pharmacy', 'Wattala', 'CSODSR3011468', '2019-07-04', 47, 14754, 14754),
('CD0365', 'Seeduwa Osusala', 'Seeduwa', 'CSODSR3011487', '2019-07-05', 46, 9396, 9396),
('CD0256', 'X  Lab Pharmacy', 'Negombo', 'CSODSR3011488', '2019-07-06', 45, 17473, 17473),
('COLD13809', 'Lakshi Pharmacy', 'Negombo', 'CSODSR3011491', '2019-07-05', 46, 21811.1, 21811.1),
('CD0547', 'New St. Joseph Pharmacy', 'Seeduwa', 'CSODSR3011492', '2019-07-05', 46, 25992.1, 25992.1),
('CD0469', 'Asiri Pharmacy  Grocery', 'Negombo', 'CSODSR3011495', '2019-07-06', 45, 16110.4, 16110.4),
('CD0138', 'P.J. ENTERPRISES (PVT) Ltd.', 'Ja-Ela', 'CSODSR3011498', '2019-07-06', 45, 264389, 264389),
('CD0253', 'Chemi World', 'Enderamulla', 'CSODSR3011503', '2019-07-08', 43, 18431.2, 18431.2),
('CD0062', 'Isuri Pharmacy', 'Wattala', 'CSODSR3011507', '2019-07-08', 43, 19111.1, 16246.1),
('CD0549', 'Lakshan Chemist', 'Wattala', 'CSODSR3011510', '2019-07-08', 43, 21116.8, 21116.8),
('CD0496', 'Alliance Pharmacy', 'Ragama', 'CSODSR3011512', '2019-07-08', 43, 9470, 9470),
('CD0469', 'Asiri Pharmacy  Grocery', 'Negombo', 'CSODSR3011513', '2019-07-08', 43, 7533.47, 4375.64),
('CD0124', 'Orient Pharmacy', 'Averiwatta', 'CSODSR3011518', '2019-07-08', 43, 44017.8, 43603),
('CD0194', 'Unique Pharmacy', 'Negombo', 'CSODSR3011520', '2019-07-08', 43, 54075, 283),
('CD0063', 'J  J Pharmacy', 'Negombo', 'CSODSR3011529', '2019-07-08', 43, 11983.8, 11983.8),
('CD0182', 'Supreem Pharmacy', 'Negombo', 'CSODSR3011531', '2019-07-09', 42, 37511.2, 37511.2),
('CD0257', 'Nirodha Pharmacy', 'Badalgama', 'CSODSR3011534', '2019-07-08', 43, 3172, 3172),
('CD0240', 'Hiru Pharmacy', 'Katana', 'CSODSR3011537', '2019-07-08', 43, 23452.9, 23452.9),
('CD0455', 'Suwasala Pharmacy', 'Negombo', 'CSODSR3011539', '2019-07-08', 43, 14513.5, 14513.5),
('CD0539', 'Thenuka Pharmacy', 'Negombo', 'CSODSR3011541', '2019-07-08', 43, 30881.6, 30881.6),
('CD0286', 'Jayakodi Super Market', 'Negombo', 'CSODSR3011542', '2019-07-09', 42, 37388.7, 37388.7),
('CD0057', 'Hendala Pharmacy', 'Wattala', 'CSODSR3011546', '2019-07-09', 42, 4668, 4668),
('CD0539', 'Thenuka Pharmacy', 'Negombo', 'CSODSR3011552', '2019-07-09', 42, 15354.8, 15354.8),
('CD0541', 'Mabola Osusala', 'Wattala', 'CSODSR3011554', '2019-07-09', 42, 4045, 4045),
('CD0496', 'Alliance Pharmacy', 'Ragama', 'CSODSR3011561', '2019-07-10', 41, 2356.54, 2356.54),
('CD0145', 'Reliable Pharmacy', 'Ragama', 'CSODSR3011562', '2019-07-15', 36, 33487.8, 33487.8),
('CD0356', 'Rusal Pharmacy - (Aloka Dr.)', 'Katana', 'CSODSR3011563', '2019-07-10', 41, 12370.5, 12370.5),
('CD0356', 'Rusal Pharmacy - (Aloka Dr.)', 'Katana', 'CSODSR3011564', '2019-07-10', 41, 12370.5, 12370.5),
('CD0547', 'New St. Joseph Pharmacy', 'Seeduwa', 'CSODSR3011565', '2019-07-10', 41, 15589, 15589),
('CD0141', 'Ragama Pharmacy', 'Ragama', 'CSODSR3011567', '2019-07-12', 39, 145962, 137874),
('CD0402', 'Pamunugama Osu Sala', 'Raddolugama', 'CSODSR3011569', '2019-07-10', 41, 11611.9, 11611.9),
('CD0540', 'Lak Osusala', 'Seeduwa', 'CSODSR3011570', '2019-07-10', 41, 358250, 358250),
('CD0539', 'Thenuka Pharmacy', 'Negombo', 'CSODSR3011571', '2019-07-10', 41, 2380.99, 2380.99),
('CD0402', 'Pamunugama Osu Sala', 'Raddolugama', 'CSODSR3011577', '2019-07-10', 41, 121796, 116399),
('CD0083', 'Leesons Pharmacy', 'Ragama', 'CSODSR3011578', '2019-07-10', 41, 5484, 5484),
('CD0256', 'X  Lab Pharmacy', 'Negombo', 'CSODSR3011583', '2019-07-11', 40, 1433, 1433),
('CD0138', 'P.J. ENTERPRISES (PVT) Ltd.', 'Ja-Ela', 'CSODSR3011592', '2019-07-11', 40, 200930, 194024),
('CD0194', 'Unique Pharmacy', 'Negombo', 'CSODSR3011593', '2019-07-11', 40, 56482.5, 56482.5),
('CD0528', 'Orient Pharmacy', 'Negombo', 'CSODSR3011595', '2019-07-11', 40, 15635.5, 15635.5),
('CD0406', 'Browns Healthcare (Pvt) Ltd', 'Ragama', 'CSODSR3011596', '2019-07-12', 39, 105304, 105304),
('CD0402', 'Pamunugama Osu Sala', 'Raddolugama', 'CSODSR3011597', '2019-07-12', 39, 7794.5, 7794.5),
('CD0294', 'Bopitiya Pharmacy', 'Bopitiya', 'CSODSR3011603', '2019-07-12', 39, 20610, 20610),
('CD0528', 'Orient Pharmacy', 'Negombo', 'CSODSR3011608', '2019-07-12', 39, 15911.7, 15911.7),
('CD0053', 'Health Care Medicla', 'Negombo', 'CSODSR3011610', '2019-07-12', 39, 61856.5, 61856.5),
('CD0174', 'St. Judes Pharmacy', 'Seeduwa', 'CSODSR3011612', '2019-07-12', 39, 47350, 47350),
('CD0023', 'City Medical', 'Negombo', 'CSODSR3011615', '2019-07-18', 33, 21245.1, 21245.1),
('CD0486', 'Royal Pharmacy Lanka (Pvt) Ltd.', 'Negombo', 'CSODSR3011618', '2019-07-13', 38, 84270, 84270),
('CD0057', 'Hendala Pharmacy', 'Wattala', 'CSODSR3011619', '2019-07-13', 38, 22479.2, 21300.9),
('CD0088', 'Mahajana Osu Sala', 'Negombo', 'CSODSR3011621', '2019-07-13', 38, 51788.1, 51788.1),
('CD0088', 'Mahajana Osu Sala', 'Negombo', 'CSODSR3011622', '2019-07-13', 38, 25680, 25680),
('CD0539', 'Thenuka Pharmacy', 'Negombo', 'CSODSR3011623', '2019-07-13', 38, 15140, 15140),
('CD0057', 'Hendala Pharmacy', 'Wattala', 'CSODSR3011624', '2019-07-13', 38, 1701.02, 1701.02),
('COLD14166', 'Thudella Pharmacy', 'Ja-Ela', 'CSODSR3011630', '2019-07-13', 38, 1852, 1200),
('CD0147', 'Robert Medical', 'Negombo', 'CSODSR3011632', '2019-07-13', 38, 13609.2, 13609.2),
('CD0015', 'Ave Maria (Pvt) Hospital', 'Negombo', 'CSODSR3011633', '2019-07-13', 38, 102640, 102640),
('CD0082', 'Leesons Hospital', 'Ragama', 'CSODSR3011634', '2019-07-13', 38, 51320, 51320),
('CD0016', 'Ave Maria Pharmacy', 'Negombo', 'CSODSR3011635', '2019-07-13', 38, 2584.5, 2584.5),
('CD0020', 'Cash Customer - Colombo D', 'Negombo', 'CSODSR3011637', '2019-07-13', 38, 21248.5, 21248.5),
('CD0078', 'Krishmo Pharmacy', 'Wattala', 'CSODSR3011638', '2019-07-13', 38, 14689.6, 13894.8),
('CD0158', 'Sathya Pharmacy', 'Wattala', 'CSODSR3011639', '2019-07-13', 38, 16234.9, 16234.9),
('CD0346', 'Laksi Pharmacy', 'Peliyagoda', 'CSODSR3011640', '2019-07-18', 33, 7248.19, 7248.19),
('CD0111', 'New Pharmacy', 'Wattala', 'CSODSR3011642', '2019-07-15', 36, 59649, 58421),
('CD0052', 'Health  Glow Pharmacy', 'Wattala', 'CSODSR3011643', '2019-07-15', 36, 57740.2, 57740.2),
('CD0128', 'Osu Sala Wattala', 'Wattala', 'CSODSR3011646', '2019-07-15', 36, 76987.7, 76987.7),
('CD0062', 'Isuri Pharmacy', 'Wattala', 'CSODSR3011647', '2019-07-15', 36, 34611, 34611);
INSERT INTO `hemasoutupload` (`hID`, `hCustName`, `hTown`, `inv`, `date`, `age`, `amount`, `balAmount`) VALUES
('CD0494', 'Sudesh Pharmacy  Grocery', 'Wattala', 'CSODSR3011648', '2019-07-18', 33, 7819, 6656),
('CD0447', 'N.S. Medical', 'Seeduwa', 'CSODSR3011649', '2019-07-15', 36, 4110, 4110),
('CD0549', 'Lakshan Chemist', 'Wattala', 'CSODSR3011650', '2019-07-15', 36, 12724.2, 12724.2),
('CD0424', 'Shara Chemist', 'Ragama', 'CSODSR3011651', '2019-07-15', 36, 82550.2, 202),
('CD0480', 'Thilana Pharmacy', 'Ja-Ela', 'CSODSR3011653', '2019-07-15', 36, 10992.7, 10992.7),
('CD0052', 'Health  Glow Pharmacy', 'Wattala', 'CSODSR3011657', '2019-07-15', 36, 12174, 12174),
('CD0164', 'Shanthi Vidya Nivasa', 'Katana', 'CSODSR3011659', '2019-07-15', 36, 30435, 30435),
('CD0406', 'Browns Healthcare (Pvt) Ltd', 'Ragama', 'CSODSR3011661', '2019-07-15', 36, 51320, 51320),
('CD0154', 'Sampath Pharmacy', 'Ragama', 'CSODSR3011664', '2019-07-15', 36, 9796, 9796),
('CD0055', 'Healthline Pharmacy', 'Kandana', 'CSODSR3011668', '2019-07-15', 36, 5968, 5968),
('CD0447', 'N.S. Medical', 'Seeduwa', 'CSODSR3011676', '2019-07-17', 34, 5392, 5392),
('CD0496', 'Alliance Pharmacy', 'Ragama', 'CSODSR3011677', '2019-07-18', 33, 1914, 1914),
('CD0408', 'International Institute of Health of Science', 'Mahabage', 'CSODSR3011678', '2019-07-17', 34, 21906.5, 21906.5),
('CD0052', 'Health  Glow Pharmacy', 'Wattala', 'CSODSR3011680', '2019-07-17', 34, 12387, 12387),
('CD0492', 'Radiant Eye Hospital', 'Seeduwa', 'CSODSR3011682', '2019-07-17', 34, 47832, 47832),
('CD0259', 'Crystal Pharmacy', 'Negombo', 'CSODSR3011684', '2019-07-18', 33, 67423.3, 64353.3),
('CD0083', 'Leesons Pharmacy', 'Ragama', 'CSODSR3011685', '2019-07-17', 34, 309446, 309446),
('CD0441', 'Isura Pharmacy', 'Ragama', 'CSODSR3011686', '2019-07-17', 34, 20625.4, 19991.4),
('CD0088', 'Mahajana Osu Sala', 'Negombo', 'CSODSR3011687', '2019-07-17', 34, 2222.6, 2222.6),
('CD0025', 'City Pharmacy', 'Ragama', 'CSODSR3011688', '2019-07-18', 33, 14902.5, 14902.5),
('CD0141', 'Ragama Pharmacy', 'Ragama', 'CSODSR3011692', '2019-07-18', 33, 129876, 127659),
('CD0496', 'Alliance Pharmacy', 'Ragama', 'CSODSR3011693', '2019-07-18', 33, 6172.62, 6172.62),
('CD0408', 'International Institute of Health of Science', 'Mahabage', 'CSODSR3011694', '2019-07-18', 33, 5469.55, 5469.55),
('CD0111', 'New Pharmacy', 'Wattala', 'CSODSR3011696', '2019-07-18', 33, 2418.1, 2418.1),
('CD0242', 'K. S. A. Medical', 'Negombo', 'CSODSR3011698', '2019-07-18', 33, 44054.2, 44054.2),
('CD0174', 'St. Judes Pharmacy', 'Seeduwa', 'CSODSR3011699', '2019-07-18', 33, 5387.38, 4637.38),
('CD0468', 'Kandawala Pharmacy', 'Katana', 'CSODSR3011701', '2019-07-18', 33, 3928.68, 3928.68),
('CD0182', 'Supreem Pharmacy', 'Negombo', 'CSODSR3011703', '2019-07-18', 33, 663, 663),
('CD0174', 'St. Judes Pharmacy', 'Seeduwa', 'CSODSR3011704', '2019-07-18', 33, 4774, 4774),
('CD0107', 'New Central Pharmacy', 'Negombo', 'CSODSR3011706', '2019-07-18', 33, 47350, 47350),
('CD0402', 'Pamunugama Osu Sala', 'Raddolugama', 'CSODSR3011708', '2019-07-18', 33, 47895.5, 46004.9),
('CD0083', 'Leesons Pharmacy', 'Ragama', 'CSODSR3011711', '2019-07-19', 32, 9631, 9631),
('CD0547', 'New St. Joseph Pharmacy', 'Seeduwa', 'CSODSR3011713', '2019-07-19', 32, 17578.3, 17578.3),
('CD0547', 'New St. Joseph Pharmacy', 'Seeduwa', 'CSODSR3011715', '2019-07-19', 32, 6563.46, 6563.46),
('CD0057', 'Hendala Pharmacy', 'Wattala', 'CSODSR3011719', '2019-07-19', 32, 19785.3, 19785.3),
('CD0138', 'P.J. ENTERPRISES (PVT) Ltd.', 'Ja-Ela', 'CSODSR3011721', '2019-07-19', 32, 35980, 35980),
('CD0052', 'Health  Glow Pharmacy', 'Wattala', 'CSODSR3011722', '2019-07-19', 32, 2590, 2590),
('CD0145', 'Reliable Pharmacy', 'Ragama', 'CSODSR3011723', '2019-07-19', 32, 33762.9, 33762.9),
('CD0082', 'Leesons Hospital', 'Ragama', 'CSODSR3011724', '2019-07-19', 32, 26080, 26080),
('CD0035', 'Ekala Pharmacy', 'Ja-Ela', 'CSODSR3011725', '2019-07-19', 32, 10515.8, 10515.8),
('CD0141', 'Ragama Pharmacy', 'Ragama', 'CSODSR3011726', '2019-07-19', 32, 99450, 43350),
('CD0111', 'New Pharmacy', 'Wattala', 'CSODSR3011730', '2019-07-19', 32, 2782, 2782),
('CD0508', 'St. Joseph Pharmacy  Grocery', 'Ja-Ela', 'CSODSR3011731', '2019-07-19', 32, 25680, 25680),
('CD0138', 'P.J. ENTERPRISES (PVT) Ltd.', 'Ja-Ela', 'CSODSR3011735', '2019-07-19', 32, 151699, 151699),
('CD0141', 'Ragama Pharmacy', 'Ragama', 'CSODSR3011736', '2019-07-19', 32, 18023, 18023),
('CD0480', 'Thilana Pharmacy', 'Ja-Ela', 'CSODSR3011739', '2019-07-20', 31, 24689.6, 24689.6),
('CD0406', 'Browns Healthcare (Pvt) Ltd', 'Ragama', 'CSODSR3011741', '2019-07-20', 31, 7794.5, 7794.5),
('CD0406', 'Browns Healthcare (Pvt) Ltd', 'Ragama', 'CSODSR3011742', '2019-07-20', 31, 349856, 349856),
('CD0035', 'Ekala Pharmacy', 'Ja-Ela', 'CSODSR3011743', '2019-07-22', 29, 1052.61, 1052.61),
('CD0052', 'Health  Glow Pharmacy', 'Wattala', 'CSODSR3011744', '2019-07-22', 29, 41454.3, 39408.2),
('CD0055', 'Healthline Pharmacy', 'Kandana', 'CSODSR3011749', '2019-07-20', 31, 12465.5, 12465.5),
('CD0149', 'Roswila Pharmacy', 'Wattala', 'CSODSR3011750', '2019-07-22', 29, 4571.5, 4571.5),
('CD0111', 'New Pharmacy', 'Wattala', 'CSODSR3011752', '2019-07-22', 29, 11884.6, 11884.6),
('CD0468', 'Kandawala Pharmacy', 'Katana', 'CSODSR3011753', '2019-07-20', 31, 2708, 2708),
('CD0406', 'Browns Healthcare (Pvt) Ltd', 'Ragama', 'CSODSR3011754', '2019-07-22', 29, 86608.4, 78130.1),
('CD0181', 'Super Medical', 'Negombo', 'CSODSR3011758', '2019-07-22', 29, 58430.5, 58430.5),
('CD0083', 'Leesons Pharmacy', 'Ragama', 'CSODSR3011761', '2019-07-22', 29, 4000, 4000),
('CD0071', 'Kalidson Pharmacy', 'Negombo', 'CSODSR3011762', '2019-07-22', 29, 5880, 5880),
('CD0071', 'Kalidson Pharmacy', 'Negombo', 'CSODSR3011763', '2019-07-22', 29, 8235.07, 8235.07),
('CD0182', 'Supreem Pharmacy', 'Negombo', 'CSODSR3011765', '2019-07-24', 27, 18534, 18534),
('CD0243', 'Suwa Setha Pharmacy', 'Badalgama', 'CSODSR3011766', '2019-07-26', 25, 6387.17, 6387.17),
('CD0183', 'Suranga Pharmacy', 'Katana', 'CSODSR3011767', '2019-07-25', 26, 9335.72, 7583.72),
('CD0164', 'Shanthi Vidya Nivasa', 'Katana', 'CSODSR3011768', '2019-07-26', 25, 16215.2, 15269.9),
('CD0164', 'Shanthi Vidya Nivasa', 'Katana', 'CSODSR3011769', '2019-07-23', 28, 3450, 3450),
('CD0240', 'Hiru Pharmacy', 'Katana', 'CSODSR3011773', '2019-07-26', 25, 30270.4, 24390.4),
('CD0240', 'Hiru Pharmacy', 'Katana', 'CSODSR3011774', '2019-07-26', 25, 5947.5, 5947.5),
('CD0164', 'Shanthi Vidya Nivasa', 'Katana', 'CSODSR3011775', '2019-07-23', 28, 14830.1, 14830.1),
('CD0480', 'Thilana Pharmacy', 'Ja-Ela', 'CSODSR3011776', '2019-07-22', 29, 21312, 21312),
('CD0045', 'Gold Crest Pharmacy', 'Seeduwa', 'CSODSR3011777', '2019-07-22', 29, 16512, 16512),
('CD0527', 'Krishantha Gunathilake Dr.', 'Wattala', 'CSODSR3011778', '2019-07-22', 29, 21032, 21032),
('CD0242', 'K. S. A. Medical', 'Negombo', 'CSODSR3011779', '2019-07-22', 29, 8256, 8256),
('CD0099', 'Milan Pharmacy', 'Wattala', 'CSODSR3011780', '2019-07-22', 29, 21312, 13056),
('COLD12316', 'Lakshman Fernando Dr.', 'Hunupitiya', 'CSODSR3011783', '2019-07-22', 29, 12610, 12610),
('CD0498', 'Isura Pharmacy  Grocery', 'Katana', 'CSODSR3011784', '2019-07-22', 29, 21312, 21312),
('CD0476', 'Dagonna Pharmacy  Mini Mart', 'Negombo', 'CSODSR3011785', '2019-07-22', 29, 6742.5, 6742.5),
('CD0088', 'Mahajana Osu Sala', 'Negombo', 'CSODSR3011786', '2019-07-22', 29, 47350, 47350),
('CD0476', 'Dagonna Pharmacy  Mini Mart', 'Negombo', 'CSODSR3011788', '2019-07-22', 29, 41200, 41200),
('CD0528', 'Orient Pharmacy', 'Negombo', 'CSODSR3011790', '2019-07-22', 29, 15321.1, 15321.1),
('CD0088', 'Mahajana Osu Sala', 'Negombo', 'CSODSR3011791', '2019-07-22', 29, 4251, 4251),
('CD0183', 'Suranga Pharmacy', 'Katana', 'CSODSR3011793', '2019-07-25', 26, 8033, 8033),
('CD0561', 'Union Pharmacy', 'Negombo', 'CSODSR3011794', '2019-07-24', 27, 3034.78, 3034.78),
('CD0128', 'Osu Sala Wattala', 'Wattala', 'CSODSR3011795', '2019-07-22', 29, 47350, 47350),
('CD0088', 'Mahajana Osu Sala', 'Negombo', 'CSODSR3011796', '2019-07-22', 29, 22078, 22078),
('CD0468', 'Kandawala Pharmacy', 'Katana', 'CSODSR3011797', '2019-07-23', 28, 2696, 2696),
('COLD14555', 'Nawa Lanka Pharmacy', 'Negombo', 'CSODSR3011798', '2019-07-24', 27, 6930, 6930),
('CD0480', 'Thilana Pharmacy', 'Ja-Ela', 'CSODSR3011799', '2019-07-23', 28, 2390, 2390),
('CD0393', 'Kumar Senadeera Dr.', 'Negombo', 'CSODSR3011800', '2019-07-23', 28, 43020, 43020),
('CD0470', 'Best Way Pharmacy', 'Negombo', 'CSODSR3011802', '2019-07-23', 28, 2125.5, 2125.5),
('CD0083', 'Leesons Pharmacy', 'Ragama', 'CSODSR3011804', '2019-07-23', 28, 88987.9, 88987.9),
('CD0025', 'City Pharmacy', 'Ragama', 'CSODSR3011806', '2019-07-23', 28, 7303.6, 6100.6),
('CD0141', 'Ragama Pharmacy', 'Ragama', 'CSODSR3011810', '2019-07-25', 26, 10432.5, 10432.5),
('CD0496', 'Alliance Pharmacy', 'Ragama', 'CSODSR3011811', '2019-07-23', 28, 6408.53, 6008.53),
('CD0147', 'Robert Medical', 'Negombo', 'CSODSR3011813', '2019-07-23', 28, 30925, 30925),
('CD0408', 'International Institute of Health of Science', 'Mahabage', 'CSODSR3011815', '2019-07-23', 28, 57165.6, 57165.6),
('CD0016', 'Ave Maria Pharmacy', 'Negombo', 'CSODSR3011816', '2019-07-24', 27, 39090, 39090),
('CD0084', 'Leo Pharmacy', 'Negombo', 'CSODSR3011817', '2019-07-24', 27, 1535, 1535),
('CD0141', 'Ragama Pharmacy', 'Ragama', 'CSODSR3011819', '2019-07-25', 26, 39537.5, 39537.5),
('CD0480', 'Thilana Pharmacy', 'Ja-Ela', 'CSODSR3011822', '2019-07-24', 27, 5452, 5066),
('CD0138', 'P.J. ENTERPRISES (PVT) Ltd.', 'Ja-Ela', 'CSODSR3011823', '2019-07-24', 27, 42324, 17635),
('CD0402', 'Pamunugama Osu Sala', 'Raddolugama', 'CSODSR3011824', '2019-07-24', 27, 4274, 4274),
('CD0029', 'Dassanayake Iresha S. Dr.', 'Negombo', 'CSODSR3011827', '2019-07-24', 27, 6820, 6820),
('CD0016', 'Ave Maria Pharmacy', 'Negombo', 'CSODSR3011828', '2019-07-24', 27, 1820, 1820),
('CD0492', 'Radiant Eye Hospital', 'Seeduwa', 'CSODSR3011829', '2019-07-24', 27, 5325, 5325),
('CD0141', 'Ragama Pharmacy', 'Ragama', 'CSODSR3011830', '2019-07-25', 26, 171200, 171200),
('CD0146', 'Rio Pharmacy', 'Hendala', 'CSODSR3011831', '2019-07-24', 27, 6087.32, 6087.32),
('CD0163', 'Sethma Pharmacy', 'Kandana', 'CSODSR3011832', '2019-07-24', 27, 210895, 164972),
('COLD14348', 'Ashoka Pharmacy', 'Negombo', 'CSODSR3011833', '2019-07-24', 27, 8601.5, 8601.5),
('CD0004', 'Amara Sellamutthu Dr.', 'Ja-Ela', 'CSODSR3011834', '2019-07-24', 27, 9629.06, 8481.26),
('CD0294', 'Bopitiya Pharmacy', 'Bopitiya', 'CSODSR3011835', '2019-07-24', 27, 33739, 32563),
('CD0498', 'Isura Pharmacy  Grocery', 'Katana', 'CSODSR3011836', '2019-07-25', 26, 1740, 1740),
('CD0274', 'Nimali Tissera Dr.', 'Ragama', 'CSODSR3011840', '2019-07-25', 26, 16993.1, 16993.1),
('CD0408', 'International Institute of Health of Science', 'Mahabage', 'CSODSR3011841', '2019-07-25', 26, 4671, 4671),
('CD0510', 'Sri Lak Pharmacy', 'Seeduwa', 'CSODSR3011844', '2019-07-25', 26, 15350, 15350),
('CD0508', 'St. Joseph Pharmacy  Grocery', 'Ja-Ela', 'CSODSR3011846', '2019-07-25', 26, 12177.4, 2708.43),
('CD0335', 'Calvary Medicals', 'Ja-Ela', 'CSODSR3011847', '2019-07-25', 26, 7740.12, 7547.12),
('CD0035', 'Ekala Pharmacy', 'Ja-Ela', 'CSODSR3011849', '2019-07-25', 26, 3581, 3581),
('CD0402', 'Pamunugama Osu Sala', 'Raddolugama', 'CSODSR3011850', '2019-07-25', 26, 17154, 17154),
('CD0481', 'Reliance Pharmacy', 'Negombo', 'CSODSR3011852', '2019-07-25', 26, 25865.4, 25865.4),
('CD0138', 'P.J. ENTERPRISES (PVT) Ltd.', 'Ja-Ela', 'CSODSR3011853', '2019-07-25', 26, 77550.1, 77550.1),
('CD0216', 'C  D Pharmacy', 'Ragama', 'CSODSR3011854', '2019-07-25', 26, 20887.6, 20887.6),
('CD0216', 'C  D Pharmacy', 'Ragama', 'CSODSR3011855', '2019-07-25', 26, 1546.81, 1546.81),
('CD0141', 'Ragama Pharmacy', 'Ragama', 'CSODSR3011859', '2019-07-26', 25, 98448.2, 98448.2),
('CD0468', 'Kandawala Pharmacy', 'Katana', 'CSODSR3011860', '2019-07-26', 25, 9470, 9470),
('CD0081', 'Laxsri Pharmacy', 'Katunayake', 'CSODSR3011861', '2019-07-26', 25, 8782, 8782),
('CD0174', 'St. Judes Pharmacy', 'Seeduwa', 'CSODSR3011863', '2019-07-26', 25, 1500, 1500),
('CD0174', 'St. Judes Pharmacy', 'Seeduwa', 'CSODSR3011864', '2019-07-26', 25, 28929.3, 28179.3),
('CD0174', 'St. Judes Pharmacy', 'Seeduwa', 'CSODSR3011865', '2019-07-26', 25, 1998.26, 1998.26),
('CD0521', 'Keerthi Rathnayake Dr.', 'Katana', 'CSODSR3011867', '2019-07-29', 22, 33050, 31477),
('CD0140', 'Raddolugama Pharmacy', 'Raddolugama', 'CSODSR3011869', '2019-07-27', 24, 22048.8, 20789.3),
('CD0480', 'Thilana Pharmacy', 'Ja-Ela', 'CSODSR3011871', '2019-07-26', 25, 6425, 6425),
('CD0013', 'Asiri Pharmacy', 'Raddolugama', 'CSODSR3011872', '2019-07-26', 25, 14695, 14695),
('CD0402', 'Pamunugama Osu Sala', 'Raddolugama', 'CSODSR3011873', '2019-07-26', 25, 70877.3, 63285.8),
('CD0081', 'Laxsri Pharmacy', 'Katunayake', 'CSODSR3011874', '2019-07-26', 25, 3983.1, 3983.1),
('CD0167', 'Silveray Pharmacy', 'Negombo', 'CSODSR3011877', '2019-07-31', 20, 11430, 11430),
('CD0510', 'Sri Lak Pharmacy', 'Seeduwa', 'CSODSR3011878', '2019-07-27', 24, 29371.5, 29371.5),
('CD0510', 'Sri Lak Pharmacy', 'Seeduwa', 'CSODSR3011879', '2019-07-27', 24, 20190, 20190),
('CD0057', 'Hendala Pharmacy', 'Wattala', 'CSODSR3011880', '2019-08-01', 19, 15350, 15350),
('CD0240', 'Hiru Pharmacy', 'Katana', 'CSODSR3011881', '2019-07-27', 24, 171200, 171200),
('CD0487', 'Healthcare Pharmacy  Family Needs', 'Raddolugama', 'CSODSR3011883', '2019-07-27', 24, 16990, 16990),
('CD0164', 'Shanthi Vidya Nivasa', 'Katana', 'CSODSR3011884', '2019-07-27', 24, 2275, 2275),
('CD0194', 'Unique Pharmacy', 'Negombo', 'CSODSR3011885', '2019-08-01', 19, 37655, 37655),
('CD0294', 'Bopitiya Pharmacy', 'Bopitiya', 'CSODSR3011886', '2019-07-29', 22, 8240, 8240),
('CD0052', 'Health  Glow Pharmacy', 'Wattala', 'CSODSR3011888', '2019-07-29', 22, 25118, 25118),
('CD0494', 'Sudesh Pharmacy  Grocery', 'Wattala', 'CSODSR3011889', '2019-07-29', 22, 7855.16, 7855.16),
('CD0158', 'Sathya Pharmacy', 'Wattala', 'CSODSR3011891', '2019-07-29', 22, 15253, 15253),
('CD0078', 'Krishmo Pharmacy', 'Wattala', 'CSODSR3011892', '2019-07-29', 22, 883, 546),
('CD0057', 'Hendala Pharmacy', 'Wattala', 'CSODSR3011893', '2019-07-29', 22, 5979.04, 4609.04),
('CD0128', 'Osu Sala Wattala', 'Wattala', 'CSODSR3011895', '2019-07-29', 22, 54839.4, 54839.4),
('CD0257', 'Nirodha Pharmacy', 'Badalgama', 'CSODSR3011898', '2019-07-30', 21, 3527, 3527),
('CD0461', 'Hussair M. N. M. Dr.', 'Negombo', 'CSODSR3011899', '2019-07-29', 22, 2782.6, 2782.6),
('CD0052', 'Health  Glow Pharmacy', 'Wattala', 'CSODSR3011900', '2019-07-29', 22, 18940, 18940),
('CD0194', 'Unique Pharmacy', 'Negombo', 'CSODSR3011901', '2019-08-01', 19, 3312, 3312),
('CD0294', 'Bopitiya Pharmacy', 'Bopitiya', 'CSODSR3011902', '2019-07-29', 22, 16080, 16080),
('CD0449', 'Rashanthi Wijethunga Dr.', 'Raddolugama', 'CSODSR3011904', '2019-07-29', 22, 41460, 41460),
('CD0053', 'Health Care Medicla', 'Negombo', 'CSODSR3011905', '2019-07-29', 22, 15612.7, 15612.7),
('CD0220', 'The Pharmacy', 'Negombo', 'CSODSR3011907', '2019-08-01', 19, 41807.4, 39471.9),
('CD0184', 'Suwa Sarana (Osu Sala)', 'Negombo', 'CSODSR3011908', '2019-07-29', 22, 11536.1, 11536.1),
('CD0023', 'City Medical', 'Negombo', 'CSODSR3011909', '2019-07-30', 21, 48666.7, 47077.7),
('CD0182', 'Supreem Pharmacy', 'Negombo', 'CSODSR3011911', '2019-07-29', 22, 30915, 30915),
('CD0082', 'Leesons Hospital', 'Ragama', 'CSODSR3011914', '2019-07-29', 22, 11400, 11400),
('CD0561', 'Union Pharmacy', 'Negombo', 'CSODSR3011915', '2019-07-29', 22, 30382.6, 30382.6),
('CD0080', 'Lanka Pharmacy', 'Negombo', 'CSODSR3011916', '2019-07-30', 21, 107939, 107939),
('CD0080', 'Lanka Pharmacy', 'Negombo', 'CSODSR3011917', '2019-07-30', 21, 63560, 59700),
('CD0088', 'Mahajana Osu Sala', 'Negombo', 'CSODSR3011919', '2019-07-30', 21, 10815, 10815),
('CD0088', 'Mahajana Osu Sala', 'Negombo', 'CSODSR3011920', '2019-07-30', 21, 70640.7, 70640.7),
('CD0154', 'Sampath Pharmacy', 'Ragama', 'CSODSR3011921', '2019-07-30', 21, 4671, 4671),
('COLD14555', 'Nawa Lanka Pharmacy', 'Negombo', 'CSODSR3011922', '2019-07-30', 21, 56445.8, 54110.3),
('CD0182', 'Supreem Pharmacy', 'Negombo', 'CSODSR3011923', '2019-07-30', 21, 99976.2, 99976.2),
('CD0449', 'Rashanthi Wijethunga Dr.', 'Raddolugama', 'CSODSR3011925', '2019-07-31', 20, 5934.8, 5934.8),
('CD0088', 'Mahajana Osu Sala', 'Negombo', 'CSODSR3011926', '2019-07-30', 21, 51881.5, 51881.5),
('CD0025', 'City Pharmacy', 'Ragama', 'CSODSR3011927', '2019-07-30', 21, 7770, 4929),
('CD0258', 'Rilaulla Pharmacy', 'Kandana', 'CSODSR3011928', '2019-07-31', 20, 100590, 100590),
('CD0083', 'Leesons Pharmacy', 'Ragama', 'CSODSR3011929', '2019-08-01', 19, 176191, 176191),
('CD0194', 'Unique Pharmacy', 'Negombo', 'CSODSR3011932', '2019-08-01', 19, 10526.1, 10526.1),
('CD0083', 'Leesons Pharmacy', 'Ragama', 'CSODSR3011933', '2019-08-01', 19, 20885, 20885),
('CD0194', 'Unique Pharmacy', 'Negombo', 'CSODSR3011934', '2019-08-01', 19, 20885, 20885),
('CD0486', 'Royal Pharmacy Lanka (Pvt) Ltd.', 'Negombo', 'CSODSR3011935', '2019-07-30', 21, 60213.7, 60213.7),
('CD0088', 'Mahajana Osu Sala', 'Negombo', 'CSODSR3011936', '2019-07-30', 21, 436800, 436800),
('CD0088', 'Mahajana Osu Sala', 'Negombo', 'CSODSR3011937', '2019-07-30', 21, 105300, 105300),
('CD0147', 'Robert Medical', 'Negombo', 'CSODSR3011939', '2019-07-30', 21, 3391.32, 3391.32),
('CD0154', 'Sampath Pharmacy', 'Ragama', 'CSODSR3011940', '2019-07-30', 21, 40348.7, 40348.7),
('CD0194', 'Unique Pharmacy', 'Negombo', 'CSODSR3011941', '2019-08-01', 19, 95251.9, 95251.9),
('CD0088', 'Mahajana Osu Sala', 'Negombo', 'CSODSR3011942', '2019-07-30', 21, 169900, 169900),
('CD0408', 'International Institute of Health of Science', 'Mahabage', 'CSODSR3011943', '2019-07-30', 21, 39188, 39188),
('CD0088', 'Mahajana Osu Sala', 'Negombo', 'CSODSR3011944', '2019-07-31', 20, 1470, 1470),
('CD0486', 'Royal Pharmacy Lanka (Pvt) Ltd.', 'Negombo', 'CSODSR3011945', '2019-07-31', 20, 232895, 232895),
('CD0104', 'Nawa Osusala', 'Ja-Ela', 'CSODSR3011946', '2019-07-31', 20, 14188.5, 14188.5),
('CD0194', 'Unique Pharmacy', 'Negombo', 'CSODSR3011947', '2019-08-01', 19, 306553, 263622),
('CD0339', 'Lasantha Somaratne Dr.', 'Kandana', 'CSODSR3011948', '2019-07-31', 20, 3130.4, 3130.4),
('CD0104', 'Nawa Osusala', 'Ja-Ela', 'CSODSR3011949', '2019-07-31', 20, 26885, 26885),
('CD0104', 'Nawa Osusala', 'Ja-Ela', 'CSODSR3011950', '2019-07-31', 20, 14580.5, 14580.5),
('CD0130', 'Pamunugama Pharmacy', 'Bopitiya', 'CSODSR3011952', '2019-07-31', 20, 47954, 47954),
('CD0194', 'Unique Pharmacy', 'Negombo', 'CSODSR3011953', '2019-08-01', 19, 38254.1, 38254.1),
('CD0044', 'Gimshani Pharmacy', 'Kandana', 'CSODSR3011954', '2019-08-01', 19, 16829.3, 16829.3),
('CD0402', 'Pamunugama Osu Sala', 'Raddolugama', 'CSODSR3011955', '2019-08-01', 19, 7753.5, 7753.5),
('CD0486', 'Royal Pharmacy Lanka (Pvt) Ltd.', 'Negombo', 'CSODSR3011956', '2019-08-01', 19, 45079.2, 44891.4),
('CD0486', 'Royal Pharmacy Lanka (Pvt) Ltd.', 'Negombo', 'CSODSR3011957', '2019-08-01', 19, 99320.4, 99320.4),
('CD0163', 'Sethma Pharmacy', 'Kandana', 'CSODSR3011958', '2019-08-01', 19, 44642.6, 32197.8),
('CD0125', 'Orient Pharmacy', 'Kandana', 'CSODSR3011959', '2019-08-01', 19, 144645, 144645),
('CD0294', 'Bopitiya Pharmacy', 'Bopitiya', 'CSODSR3011960', '2019-08-01', 19, 112310, 112310),
('CD0154', 'Sampath Pharmacy', 'Ragama', 'CSODSR3011961', '2019-08-01', 19, 330900, 330900),
('CD0154', 'Sampath Pharmacy', 'Ragama', 'CSODSR3011962', '2019-08-01', 19, 171000, 171000),
('CD0071', 'Kalidson Pharmacy', 'Negombo', 'CSODSR3011963', '2019-08-01', 19, 171000, 171000),
('CD0240', 'Hiru Pharmacy', 'Katana', 'CSODSR3011964', '2019-08-01', 19, 135400, 135400),
('CD0294', 'Bopitiya Pharmacy', 'Bopitiya', 'CSODSR3011965', '2019-08-01', 19, 48390, 48390),
('CD0083', 'Leesons Pharmacy', 'Ragama', 'CSODSR3011966', '2019-08-01', 19, 82140.6, 82140.6),
('CD0083', 'Leesons Pharmacy', 'Ragama', 'CSODSR3011967', '2019-08-01', 19, 28050, 28050),
('CD0083', 'Leesons Pharmacy', 'Ragama', 'CSODSR3011968', '2019-08-01', 19, 115130, 115130),
('CD0080', 'Lanka Pharmacy', 'Negombo', 'CSODSR3011969', '2019-08-01', 19, 101440, 101440),
('CD0163', 'Sethma Pharmacy', 'Kandana', 'CSODSR3011970', '2019-08-01', 19, 234321, 234321),
('CD0080', 'Lanka Pharmacy', 'Negombo', 'CSODSR3011971', '2019-08-01', 19, 170080, 170080),
('CD0163', 'Sethma Pharmacy', 'Kandana', 'CSODSR3011972', '2019-08-01', 19, 47350, 47350),
('CD0163', 'Sethma Pharmacy', 'Kandana', 'CSODSR3011973', '2019-08-01', 19, 29400, 29400),
('CD0555', 'Imedra Medicals(Pvt)Ltd', 'Ragama', 'CSODSR3011974', '2019-08-01', 19, 44300, 44300),
('CD0173', 'St. Jude Pharmacy', 'Ja-Ela', 'CSODSR3011976', '2019-08-01', 19, 9243, 9243),
('CD0133', 'Peoples Pharmacy  Grocery', 'Wattala', 'CSODSR3011977', '2019-08-01', 19, 202998, 202998),
('CD0088', 'Mahajana Osu Sala', 'Negombo', 'CSODSR3011978', '2019-08-01', 19, 125203, 125203),
('COLD14555', 'Nawa Lanka Pharmacy', 'Negombo', 'CSODSR3011979', '2019-08-01', 19, 7161, 7161),
('CD0194', 'Unique Pharmacy', 'Negombo', 'CSODSR3011980', '2019-08-01', 19, 37655, 37655),
('CD0138', 'P.J. ENTERPRISES (PVT) Ltd.', 'Ja-Ela', 'CSODSR3011981', '2019-08-01', 19, 260472, 260472),
('CD0138', 'P.J. ENTERPRISES (PVT) Ltd.', 'Ja-Ela', 'CSODSR3011982', '2019-08-01', 19, 23653, 23653),
('CD0138', 'P.J. ENTERPRISES (PVT) Ltd.', 'Ja-Ela', 'CSODSR3011983', '2019-08-01', 19, 28050, 28050),
('CD0083', 'Leesons Pharmacy', 'Ragama', 'CSODSR3011984', '2019-08-01', 19, 13700, 13700),
('CD0128', 'Osu Sala Wattala', 'Wattala', 'CSODSR3011985', '2019-08-01', 19, 47350, 47350),
('CD0128', 'Osu Sala Wattala', 'Wattala', 'CSODSR3011986', '2019-08-01', 19, 211311, 211311),
('CD0088', 'Mahajana Osu Sala', 'Negombo', 'CSODSR3011987', '2019-08-01', 19, 47350, 47350),
('CD0141', 'Ragama Pharmacy', 'Ragama', 'CSODSR3011989', '2019-08-01', 19, 106965, 106965),
('CD0259', 'Crystal Pharmacy', 'Negombo', 'CSODSR3011990', '2019-08-01', 19, 117792, 117792),
('CD0163', 'Sethma Pharmacy', 'Kandana', 'CSODSR3011991', '2019-08-01', 19, 46960, 46960),
('CD0141', 'Ragama Pharmacy', 'Ragama', 'CSODSR3011992', '2019-08-01', 19, 74578, 74578),
('CD0141', 'Ragama Pharmacy', 'Ragama', 'CSODSR3011993', '2019-08-01', 19, 17136, 17136),
('CD0151', 'S  G Medicals', 'Negombo', 'CSODSR3011994', '2019-08-01', 19, 12998, 12998),
('CD0167', 'Silveray Pharmacy', 'Negombo', 'CSODSR3011996', '2019-08-02', 18, 9152, 8380),
('COLD14348', 'Ashoka Pharmacy', 'Negombo', 'CSODSR3012000', '2019-08-05', 15, 4210.44, 4210.44),
('CD0107', 'New Central Pharmacy', 'Negombo', 'CSODSR3012002', '2019-08-03', 17, 124372, 108022),
('CD0470', 'Best Way Pharmacy', 'Negombo', 'CSODSR3012003', '2019-08-03', 17, 7171, 7171),
('CD0080', 'Lanka Pharmacy', 'Negombo', 'CSODSR3012004', '2019-08-05', 15, 47350, 47350),
('CD0147', 'Robert Medical', 'Negombo', 'CSODSR3012005', '2019-08-03', 17, 5550, 5550),
('CD0016', 'Ave Maria Pharmacy', 'Negombo', 'CSODSR3012007', '2019-08-03', 17, 27385, 27385),
('CD0140', 'Raddolugama Pharmacy', 'Raddolugama', 'CSODSR3012008', '2019-08-05', 15, 18146.3, 18146.3),
('CD0013', 'Asiri Pharmacy', 'Raddolugama', 'CSODSR3012009', '2019-08-05', 15, 4375.64, 4375.64),
('CD0396', 'Hansi Pharmacy', 'Ja-Ela', 'CSODSR3012010', '2019-08-05', 15, 2696, 2696),
('CD0501', 'Jasmin Pharmacy  Grocery', 'Kandana', 'CSODSR3012013', '2019-08-05', 15, 95708.2, 95708.2),
('CD0080', 'Lanka Pharmacy', 'Negombo', 'CSODSR3012014', '2019-08-05', 15, 50085, 50085),
('CD0107', 'New Central Pharmacy', 'Negombo', 'CSODSR3012015', '2019-08-05', 15, 9760, 9760),
('CD0140', 'Raddolugama Pharmacy', 'Raddolugama', 'CSODSR3012016', '2019-08-05', 15, 1565.2, 1565.2),
('CD0018', 'Better Health Pharmacy', 'Negombo', 'CSODSR3012018', '2019-08-05', 15, 37204.3, 37204.3),
('CD0497', 'Nimal Sovis Dr.', 'Ja-Ela', 'CSODSR3012019', '2019-08-05', 15, 16512, 16512),
('CD0517', 'Krishantha Gunathilaka Dr.', 'Hunupitiya', 'CSODSR3012020', '2019-08-05', 15, 11288, 11288),
('CD0182', 'Supreem Pharmacy', 'Negombo', 'CSODSR3012021', '2019-08-08', 12, 21312, 21312),
('CD0025', 'City Pharmacy', 'Ragama', 'CSODSR3012023', '2019-08-05', 15, 6271.04, 6271.04),
('CD0402', 'Pamunugama Osu Sala', 'Raddolugama', 'CSODSR3012024', '2019-08-05', 15, 18220.5, 18220.5),
('CD0254', 'Sahana Pharmacy', 'Ragama', 'CSODSR3012025', '2019-08-05', 15, 20355.2, 20355.2),
('CD0476', 'Dagonna Pharmacy  Mini Mart', 'Negombo', 'CSODSR3012026', '2019-08-05', 15, 47350, 47350),
('CD0496', 'Alliance Pharmacy', 'Ragama', 'CSODSR3012027', '2019-08-09', 11, 2034.61, 2034.61),
('CD0408', 'International Institute of Health of Science', 'Mahabage', 'CSODSR3012028', '2019-08-05', 15, 23135.2, 20162.7),
('COLD14180', 'Soft Life Pharmacy', 'Seeduwa', 'CSODSR3012029', '2019-08-05', 15, 828, 828),
('CD0145', 'Reliable Pharmacy', 'Ragama', 'CSODSR3012030', '2019-08-06', 14, 14881.5, 13501.5),
('CD0125', 'Orient Pharmacy', 'Kandana', 'CSODSR3012031', '2019-08-06', 14, 27429.4, 27429.4),
('CD0111', 'New Pharmacy', 'Wattala', 'CSODSR3012032', '2019-08-06', 14, 38939.5, 38939.5),
('CD0141', 'Ragama Pharmacy', 'Ragama', 'CSODSR3012033', '2019-08-09', 11, 52517.1, 50181.6),
('CD0194', 'Unique Pharmacy', 'Negombo', 'CSODSR3012034', '2019-08-17', 3, 7500, 7500),
('CD0174', 'St. Judes Pharmacy', 'Seeduwa', 'CSODSR3012035', '2019-08-06', 14, 7014.78, 7014.78),
('CD0555', 'Imedra Medicals(Pvt)Ltd', 'Ragama', 'CSODSR3012036', '2019-08-06', 14, 23520, 23520),
('COLD14348', 'Ashoka Pharmacy', 'Negombo', 'CSODSR3012037', '2019-08-09', 11, 16630.5, 16630.5),
('CD0468', 'Kandawala Pharmacy', 'Katana', 'CSODSR3012038', '2019-08-06', 14, 3440, 3440),
('CD0044', 'Gimshani Pharmacy', 'Kandana', 'CSODSR3012039', '2019-08-06', 14, 6464.24, 6464.24),
('COLD13777', 'Royal Pharmacy - Kanda', 'Kandana', 'CSODSR3012040', '2019-08-06', 14, 11188.7, 8776.69),
('CD0294', 'Bopitiya Pharmacy', 'Bopitiya', 'CSODSR3012041', '2019-08-06', 14, 8369.33, 8369.33),
('CD0293', 'St. Joshep Pharmacy', 'Bopitiya', 'CSODSR3012042', '2019-08-08', 12, 43387, 43387),
('CD0189', 'Thalahena Pharmacy', 'Negombo', 'CSODSR3012043', '2019-08-06', 14, 45284.4, 45284.4),
('CD0396', 'Hansi Pharmacy', 'Ja-Ela', 'CSODSR3012044', '2019-08-06', 14, 1176, 1176),
('CD0258', 'Rilaulla Pharmacy', 'Kandana', 'CSODSR3012045', '2019-08-07', 13, 48074.7, 2310.36),
('CD0174', 'St. Judes Pharmacy', 'Seeduwa', 'CSODSR3012046', '2019-08-07', 13, 79795, 79795),
('CD0441', 'Isura Pharmacy', 'Ragama', 'CSODSR3012047', '2019-08-08', 12, 7794.5, 7794.5),
('CD0553', 'Rajapakshe W.R.A.A.P.Dr.', 'Ragama', 'CSODSR3012048', '2019-08-07', 13, 13785, 13785),
('CD0141', 'Ragama Pharmacy', 'Ragama', 'CSODSR3012049', '2019-08-09', 11, 11540.7, 11540.7),
('CD0194', 'Unique Pharmacy', 'Negombo', 'CSODSR3012050', '2019-08-17', 3, 62934, 62934),
('CD0082', 'Leesons Hospital', 'Ragama', 'CSODSR3012051', '2019-08-07', 13, 7500, 7500),
('CD0035', 'Ekala Pharmacy', 'Ja-Ela', 'CSODSR3012052', '2019-08-07', 13, 4400.4, 4400.4),
('CD0508', 'St. Joseph Pharmacy  Grocery', 'Ja-Ela', 'CSODSR3012053', '2019-08-07', 13, 4156.12, 4156.12),
('CD0510', 'Sri Lak Pharmacy', 'Seeduwa', 'CSODSR3012054', '2019-08-07', 13, 8256, 8256),
('CD0555', 'Imedra Medicals(Pvt)Ltd', 'Ragama', 'CSODSR3012055', '2019-08-07', 13, 37680, 37680),
('CD0174', 'St. Judes Pharmacy', 'Seeduwa', 'CSODSR3012057', '2019-08-07', 13, 121600, 121600),
('CD0446', 'The Pharmacy APY (Pvt) Ltd', 'Ja-Ela', 'CSODSR3012058', '2019-08-07', 13, 7677.04, 7159.04),
('CD0133', 'Peoples Pharmacy  Grocery', 'Wattala', 'CSODSR3012061', '2019-08-08', 12, 8568, 8568),
('CD0035', 'Ekala Pharmacy', 'Ja-Ela', 'CSODSR3012062', '2019-08-08', 12, 1104, 552),
('CD0480', 'Thilana Pharmacy', 'Ja-Ela', 'CSODSR3012063', '2019-08-08', 12, 8389.13, 8003.13),
('CD0194', 'Unique Pharmacy', 'Negombo', 'CSODSR3012064', '2019-08-17', 3, 39184, 39184),
('CD0402', 'Pamunugama Osu Sala', 'Raddolugama', 'CSODSR3012065', '2019-08-08', 12, 10360, 10360),
('CD0080', 'Lanka Pharmacy', 'Negombo', 'CSODSR3012066', '2019-08-08', 12, 34800, 34800),
('CD0104', 'Nawa Osusala', 'Ja-Ela', 'CSODSR3012067', '2019-08-08', 12, 17994.7, 16405.7),
('CD0481', 'Reliance Pharmacy', 'Negombo', 'CSODSR3012068', '2019-08-08', 12, 13976.1, 13199.1),
('CD0053', 'Health Care Medicla', 'Negombo', 'CSODSR3012069', '2019-08-08', 12, 40011.7, 37939.7),
('CD0194', 'Unique Pharmacy', 'Negombo', 'CSODSR3012070', '2019-08-17', 3, 173453, 173453),
('CD0256', 'X  Lab Pharmacy', 'Negombo', 'CSODSR3012071', '2019-08-08', 12, 20473.5, 20473.5),
('CD0184', 'Suwa Sarana (Osu Sala)', 'Negombo', 'CSODSR3012073', '2019-08-08', 12, 4752.91, 4752.91),
('CD0408', 'International Institute of Health of Science', 'Mahabage', 'CSODSR3012074', '2019-08-08', 12, 10815, 10815),
('CD0259', 'Crystal Pharmacy', 'Negombo', 'CSODSR3012075', '2019-08-08', 12, 29404.7, 29404.7),
('COLD13957', 'Negombo Drugs', 'Negombo', 'CSODSR3012076', '2019-08-10', 10, 10489.7, 9524.73),
('CD0561', 'Union Pharmacy', 'Negombo', 'CSODSR3012077', '2019-08-09', 11, 4334.49, 4334.49),
('CD0088', 'Mahajana Osu Sala', 'Negombo', 'CSODSR3012078', '2019-08-09', 11, 8568, 8568),
('CD0176', 'St. Marrys Pharmacy - KA', 'Katunayake', 'CSODSR3012079', '2019-08-09', 11, 17136, 17136),
('CD0088', 'Mahajana Osu Sala', 'Negombo', 'CSODSR3012080', '2019-08-09', 11, 72500, 72500),
('CD0406', 'Browns Healthcare (Pvt) Ltd', 'Ragama', 'CSODSR3012081', '2019-08-10', 10, 228722, 148904),
('CD0406', 'Browns Healthcare (Pvt) Ltd', 'Ragama', 'CSODSR3012082', '2019-08-09', 11, 18968.5, 18968.5),
('CD0406', 'Browns Healthcare (Pvt) Ltd', 'Ragama', 'CSODSR3012083', '2019-08-09', 11, 273945, 264870),
('CD0541', 'Mabola Osusala', 'Wattala', 'CSODSR3012084', '2019-08-09', 11, 9950.65, 9950.65),
('CD0406', 'Browns Healthcare (Pvt) Ltd', 'Ragama', 'CSODSR3012086', '2019-08-10', 10, 218810, 216169),
('CD0496', 'Alliance Pharmacy', 'Ragama', 'CSODSR3012087', '2019-08-10', 10, 4165.5, 4165.5),
('CD0141', 'Ragama Pharmacy', 'Ragama', 'CSODSR3012088', '2019-08-10', 10, 123814, 123814),
('CD0141', 'Ragama Pharmacy', 'Ragama', 'CSODSR3012089', '2019-08-10', 10, 16716.9, 16716.9),
('CD0167', 'Silveray Pharmacy', 'Negombo', 'CSODSR3012090', '2019-08-10', 10, 22930, 19070),
('COLD12335', 'Thilini Hettiarachchi(Mrs)Dr.', 'Ragama', 'CSODSR3012091', '2019-08-10', 10, 12200, 12200),
('CD0020', 'Cash Customer - Colombo D', 'Negombo', 'CSODSR3012093', '2019-08-10', 10, 2584.5, 2584.5),
('CD0539', 'Thenuka Pharmacy', 'Negombo', 'CSODSR3012094', '2019-08-10', 10, 47350, 47350),
('CD0020', 'Cash Customer - Colombo D', 'Negombo', 'CSODSR3012095', '2019-08-10', 10, 773, 773),
('CD0176', 'St. Marrys Pharmacy - KA', 'Katunayake', 'CSODSR3012096', '2019-08-13', 7, 22625.3, 22625.3),
('CD0163', 'Sethma Pharmacy', 'Kandana', 'CSODSR3012097', '2019-08-16', 4, 215738, 210858),
('CD0163', 'Sethma Pharmacy', 'Kandana', 'CSODSR3012098', '2019-08-16', 4, 33359.4, 33359.4),
('CD0140', 'Raddolugama Pharmacy', 'Raddolugama', 'CSODSR3012099', '2019-08-13', 7, 13739, 13739),
('CD0018', 'Better Health Pharmacy', 'Negombo', 'CSODSR3012100', '2019-08-12', 8, 3892.52, 3892.52),
('CD0487', 'Healthcare Pharmacy  Family Needs', 'Raddolugama', 'CSODSR3012101', '2019-08-12', 8, 27430.1, 27430.1),
('CD0402', 'Pamunugama Osu Sala', 'Raddolugama', 'CSODSR3012102', '2019-08-12', 8, 48901.3, 47406.8),
('CD0174', 'St. Judes Pharmacy', 'Seeduwa', 'CSODSR3012103', '2019-08-15', 5, 28585.9, 19431.4),
('CD0052', 'Health  Glow Pharmacy', 'Wattala', 'CSODSR3012104', '2019-08-12', 8, 25323.6, 21693.6),
('CD0136', 'Pharma Chemi', 'Wattala', 'CSODSR3012105', '2019-08-12', 8, 14365.4, 14365.4),
('CD0099', 'Milan Pharmacy', 'Wattala', 'CSODSR3012106', '2019-08-12', 8, 40520.4, 39484.4),
('CD0111', 'New Pharmacy', 'Wattala', 'CSODSR3012107', '2019-08-12', 8, 50548.4, 50548.4),
('CD0149', 'Roswila Pharmacy', 'Wattala', 'CSODSR3012108', '2019-08-13', 7, 7295.99, 7295.99),
('CD0057', 'Hendala Pharmacy', 'Wattala', 'CSODSR3012109', '2019-08-13', 7, 5847.16, 5847.16),
('CD0253', 'Chemi World', 'Enderamulla', 'CSODSR3012110', '2019-08-12', 8, 40806, 40288),
('CD0294', 'Bopitiya Pharmacy', 'Bopitiya', 'CSODSR3012111', '2019-08-12', 8, 199600, 199600),
('CD0176', 'St. Marrys Pharmacy - KA', 'Katunayake', 'CSODSR3012112', '2019-08-12', 8, 2222.6, 2222.6),
('CD0176', 'St. Marrys Pharmacy - KA', 'Katunayake', 'CSODSR3012113', '2019-08-16', 4, 5610, 5610),
('CD0510', 'Sri Lak Pharmacy', 'Seeduwa', 'CSODSR3012114', '2019-08-12', 8, 12922.5, 12922.5),
('CD0083', 'Leesons Pharmacy', 'Ragama', 'CSODSR3012115', '2019-08-12', 8, 133939, 133939),
('CD0254', 'Sahana Pharmacy', 'Ragama', 'CSODSR3012116', '2019-08-12', 8, 13660.7, 13660.7),
('CD0408', 'International Institute of Health of Science', 'Mahabage', 'CSODSR3012118', '2019-08-12', 8, 20621.8, 20621.8),
('CD0555', 'Imedra Medicals(Pvt)Ltd', 'Ragama', 'CSODSR3012121', '2019-08-13', 7, 8748.14, 8748.14),
('COLD13809', 'Lakshi Pharmacy', 'Negombo', 'CSODSR3012123', '2019-08-13', 7, 33702, 32930),
('CD0018', 'Better Health Pharmacy', 'Negombo', 'CSODSR3012124', '2019-08-13', 7, 9622.5, 9622.5),
('CD0141', 'Ragama Pharmacy', 'Ragama', 'CSODSR3012125', '2019-08-15', 5, 126237, 125058),
('CD0081', 'Laxsri Pharmacy', 'Katunayake', 'CSODSR3012126', '2019-08-13', 7, 1656, 1656),
('CD0138', 'P.J. ENTERPRISES (PVT) Ltd.', 'Ja-Ela', 'CSODSR3012127', '2019-08-13', 7, 197192, 163967),
('CD0044', 'Gimshani Pharmacy', 'Kandana', 'CSODSR3012128', '2019-08-13', 7, 13063.4, 11311.4),
('CD0130', 'Pamunugama Pharmacy', 'Bopitiya', 'CSODSR3012129', '2019-08-13', 7, 15350, 15350),
('CD0055', 'Healthline Pharmacy', 'Kandana', 'CSODSR3012130', '2019-08-13', 7, 30687.4, 30687.4),
('CD0228', 'Shanthi Pharmacy', 'Negombo', 'CSODSR3012131', '2019-08-13', 7, 23368.5, 23368.5),
('CD0078', 'Krishmo Pharmacy', 'Wattala', 'CSODSR3012132', '2019-08-15', 5, 16846, 15899),
('CD0461', 'Hussair M. N. M. Dr.', 'Negombo', 'CSODSR3012133', '2019-08-19', 1, 7085, 7085),
('CD0228', 'Shanthi Pharmacy', 'Negombo', 'CSODSR3012134', '2019-08-15', 5, 16853, 16853),
('CD0499', 'Shris Lanka Pharmacy', 'Seeduwa', 'CSODSR3012135', '2019-08-15', 5, 5099.17, 5099.17),
('CD0141', 'Ragama Pharmacy', 'Ragama', 'CSODSR3012137', '2019-08-15', 5, 19176.8, 19176.8),
('CD0046', 'Gunaratne Neville Dr.', 'Ja-Ela', 'CSODSR3012138', '2019-08-15', 5, 48000, 48000),
('CD0242', 'K. S. A. Medical', 'Negombo', 'CSODSR3012139', '2019-08-15', 5, 10647.5, 10647.5),
('CD0348', 'Golden Chemist', 'Ragama', 'CSODSR3012141', '2019-08-15', 5, 12965.3, 12965.3),
('CD0510', 'Sri Lak Pharmacy', 'Seeduwa', 'CSODSR3012142', '2019-08-15', 5, 22798.2, 22798.2),
('COLD14166', 'Thudella Pharmacy', 'Ja-Ela', 'CSODSR3012143', '2019-08-17', 3, 4132.45, 4132.45),
('CD0194', 'Unique Pharmacy', 'Negombo', 'CSODSR3012144', '2019-08-17', 3, 29981.7, 29981.7),
('CD0164', 'Shanthi Vidya Nivasa', 'Katana', 'CSODSR3012145', '2019-08-17', 3, 24490, 24490),
('CD0258', 'Rilaulla Pharmacy', 'Kandana', 'CSODSR3012146', '2019-08-15', 5, 77260, 77260),
('CD0071', 'Kalidson Pharmacy', 'Negombo', 'CSODSR3012147', '2019-08-15', 5, 54688.5, 49133.5),
('CD0470', 'Best Way Pharmacy', 'Negombo', 'CSODSR3012149', '2019-08-15', 5, 31258, 30481),
('COLD14348', 'Ashoka Pharmacy', 'Negombo', 'CSODSR3012150', '2019-08-16', 4, 49345.6, 49345.6),
('CD0476', 'Dagonna Pharmacy  Mini Mart', 'Negombo', 'CSODSR3012152', '2019-08-15', 5, 61909.1, 61909.1),
('CD0476', 'Dagonna Pharmacy  Mini Mart', 'Negombo', 'CSODSR3012153', '2019-08-15', 5, 2260.88, 2260.88),
('CD0476', 'Dagonna Pharmacy  Mini Mart', 'Negombo', 'CSODSR3012154', '2019-08-15', 5, 9391.5, 9391.5),
('CD0151', 'S  G Medicals', 'Negombo', 'CSODSR3012155', '2019-08-15', 5, 33439.6, 29569.6),
('CD0063', 'J  J Pharmacy', 'Negombo', 'CSODSR3012156', '2019-08-15', 5, 6976.99, 6976.99),
('CD0173', 'St. Jude Pharmacy', 'Ja-Ela', 'CSODSR3012157', '2019-08-15', 5, 2499, 2499),
('CD0182', 'Supreem Pharmacy', 'Negombo', 'CSODSR3012158', '2019-08-15', 5, 16787.3, 15675.8),
('CD0182', 'Supreem Pharmacy', 'Negombo', 'CSODSR3012159', '2019-08-15', 5, 80400, 80400),
('CD0182', 'Supreem Pharmacy', 'Negombo', 'CSODSR3012160', '2019-08-15', 5, 41200, 41200),
('CD0498', 'Isura Pharmacy  Grocery', 'Katana', 'CSODSR3012161', '2019-08-15', 5, 18239.2, 18239.2),
('COLD14591', 'V.M. Pharmacy', 'Katana', 'CSODSR3012162', '2019-08-15', 5, 1604.61, 1604.61),
('CD0183', 'Suranga Pharmacy', 'Katana', 'CSODSR3012163', '2019-08-16', 4, 11306.2, 11306.2),
('CD0164', 'Shanthi Vidya Nivasa', 'Katana', 'CSODSR3012164', '2019-08-17', 3, 64092.3, 59448.3),
('CD0164', 'Shanthi Vidya Nivasa', 'Katana', 'CSODSR3012165', '2019-08-17', 3, 12403.1, 12403.1),
('CD0240', 'Hiru Pharmacy', 'Katana', 'CSODSR3012166', '2019-08-16', 4, 43071.4, 43071.4),
('CD0539', 'Thenuka Pharmacy', 'Negombo', 'CSODSR3012168', '2019-08-16', 4, 59538.4, 59538.4),
('CD0480', 'Thilana Pharmacy', 'Ja-Ela', 'CSODSR3012169', '2019-08-16', 4, 13732.2, 13346.2),
('CD0294', 'Bopitiya Pharmacy', 'Bopitiya', 'CSODSR3012170', '2019-08-16', 4, 77300, 77300),
('CD0184', 'Suwa Sarana (Osu Sala)', 'Negombo', 'CSODSR3012171', '2019-08-16', 4, 6782.64, 6782.64),
('CD0194', 'Unique Pharmacy', 'Negombo', 'CSODSR3012172', '2019-08-17', 3, 9230.4, 9230.4),
('CD0256', 'X  Lab Pharmacy', 'Negombo', 'CSODSR3012173', '2019-08-16', 4, 17707.9, 14410.9),
('CD0023', 'City Medical', 'Negombo', 'CSODSR3012174', '2019-08-16', 4, 68772.3, 68772.3),
('CD0018', 'Better Health Pharmacy', 'Negombo', 'CSODSR3012175', '2019-08-16', 4, 83778, 83778),
('CD0294', 'Bopitiya Pharmacy', 'Bopitiya', 'CSODSR3012177', '2019-08-16', 4, 28050, 28050),
('CD0194', 'Unique Pharmacy', 'Negombo', 'CSODSR3012178', '2019-08-17', 3, 38254.1, 38254.1),
('CD0194', 'Unique Pharmacy', 'Negombo', 'CSODSR3012179', '2019-08-17', 3, 369961, 369961),
('CD0080', 'Lanka Pharmacy', 'Negombo', 'CSODSR3012180', '2019-08-16', 4, 35073.9, 35073.9),
('CD0088', 'Mahajana Osu Sala', 'Negombo', 'CSODSR3012181', '2019-08-16', 4, 60619, 60619),
('COLD14555', 'Nawa Lanka Pharmacy', 'Negombo', 'CSODSR3012182', '2019-08-16', 4, 36707.4, 36707.4),
('COLD14555', 'Nawa Lanka Pharmacy', 'Negombo', 'CSODSR3012183', '2019-08-16', 4, 15105, 14140),
('CD0468', 'Kandawala Pharmacy', 'Katana', 'CSODSR3012184', '2019-08-16', 4, 2760, 2760),
('CD0062', 'Isuri Pharmacy', 'Wattala', 'CSODSR3012185', '2019-08-17', 3, 6664, 6664),
('CD0057', 'Hendala Pharmacy', 'Wattala', 'CSODSR3012186', '2019-08-17', 3, 3549.5, 2584.5),
('CD0176', 'St. Marrys Pharmacy - KA', 'Katunayake', 'CSODSR3012187', '2019-08-17', 3, 16830, 16830),
('CD0406', 'Browns Healthcare (Pvt) Ltd', 'Ragama', 'CSODSR3012188', '2019-08-17', 3, 6800, 6800),
('CD0406', 'Browns Healthcare (Pvt) Ltd', 'Ragama', 'CSODSR3012189', '2019-08-17', 3, 85600, 85600),
('CD0174', 'St. Judes Pharmacy', 'Seeduwa', 'CSODSR3012190', '2019-08-17', 3, 9470, 9470),
('CD0147', 'Robert Medical', 'Negombo', 'CSODSR3012191', '2019-08-17', 3, 2306, 2306),
('CD0130', 'Pamunugama Pharmacy', 'Bopitiya', 'CSODSR3012192', '2019-08-17', 3, 26289.1, 26289.1),
('CD0140', 'Raddolugama Pharmacy', 'Raddolugama', 'CSODSR3012194', '2019-08-17', 3, 21346, 21346),
('CD0013', 'Asiri Pharmacy', 'Raddolugama', 'CSODSR3012195', '2019-08-19', 1, 10129.5, 10129.5),
('CD0487', 'Healthcare Pharmacy  Family Needs', 'Raddolugama', 'CSODSR3012196', '2019-08-19', 1, 9470, 9470),
('CD0164', 'Shanthi Vidya Nivasa', 'Katana', 'CSODSR3012197', '2019-08-19', 1, 16200, 16200),
('CD0182', 'Supreem Pharmacy', 'Negombo', 'CSODSR3012198', '2019-08-19', 1, 47350, 47350),
('CD0402', 'Pamunugama Osu Sala', 'Raddolugama', 'CSODSR3012199', '2019-08-19', 1, 15589, 15589),
('CD0052', 'Health  Glow Pharmacy', 'Wattala', 'CSODSR3012200', '2019-08-19', 1, 2520, 2520),
('CD0194', 'Unique Pharmacy', 'Negombo', 'CSODSR3012202', '2019-08-19', 1, 12557.9, 12557.9),
('CD0080', 'Lanka Pharmacy', 'Negombo', 'CSODSR3012206', '2019-08-20', 0, 48259.2, 48259.2),
('CD0549', 'Lakshan Chemist', 'Wattala', 'CSODSR3012207', '2019-08-20', 0, 7794.5, 7794.5),
('CD0258', 'Rilaulla Pharmacy', 'Kandana', 'CSODSR3012208', '2019-08-20', 0, 7794.5, 7794.5),
('CD0294', 'Bopitiya Pharmacy', 'Bopitiya', 'CSODSR3012209', '2019-08-20', 0, 124100, 124100),
('CD0402', 'Pamunugama Osu Sala', 'Raddolugama', 'CSODSR3012211', '2019-08-20', 0, 4747.32, 4747.32),
('CD0080', 'Lanka Pharmacy', 'Negombo', 'CSODSR3012212', '2019-08-20', 0, 11050, 11050),
('CD0088', 'Mahajana Osu Sala', 'Negombo', 'CSODSR3012213', '2019-08-20', 0, 50475, 50475),
('CD0446', 'The Pharmacy APY (Pvt) Ltd', 'Ja-Ela', 'CSODSR3012214', '2019-08-20', 0, 1535, 1535),
('COLD14197', 'Arogya Pharmacy and Grocery', 'Ja-Ela', 'CSODSR3012215', '2019-08-20', 0, 29849, 29849),
('CD0099', 'Milan Pharmacy', 'Wattala', 'CSODSR3012216', '2019-08-20', 0, 1535, 1535),
('CD0517', 'Krishantha Gunathilaka Dr.', 'Hunupitiya', 'CSODSR3012217', '2019-08-20', 0, 1653, 1653),
('CD0254', 'Sahana Pharmacy', 'Ragama', 'CSODSR3012218', '2019-08-20', 0, 20600, 20600),
('CD0508', 'St. Joseph Pharmacy  Grocery', 'Ja-Ela', 'CSODSR3012219', '2019-08-20', 0, 910, 910),
('CD0480', 'Thilana Pharmacy', 'Ja-Ela', 'CSODSR3012220', '2019-08-20', 0, 7839.34, 7839.34),
('CD0123', 'Niwasi Pharmacy', 'Ja-Ela', 'CSODSR3012221', '2019-08-20', 0, 14599.6, 14599.6),
('CD0032', 'Digasiri Pharmacy', 'Ja-Ela', 'CSODSR3012222', '2019-08-20', 0, 24540, 24540),
('CD0032', 'Digasiri Pharmacy', 'Ja-Ela', 'CSODSR3012223', '2019-08-20', 0, 1695.66, 1695.66),
('CD0173', 'St. Jude Pharmacy', 'Ja-Ela', 'CSODSR3012224', '2019-08-20', 0, 55055.1, 55055.1),
('CD0167', 'Silveray Pharmacy', 'Negombo', 'CSODSR3012225', '2019-08-20', 0, 29635, 29635),
('CD0446', 'The Pharmacy APY (Pvt) Ltd', 'Ja-Ela', 'CSODSR3012229', '2019-08-20', 0, 6229.82, 6229.82),
('CD0138', 'P.J. ENTERPRISES (PVT) Ltd.', 'Ja-Ela', 'CSODSR3012230', '2019-08-20', 0, 34072.1, 34072.1),
('CD0138', 'P.J. ENTERPRISES (PVT) Ltd.', 'Ja-Ela', 'CSODSR3012231', '2019-08-20', 0, 242243, 242243),
('CD0147', 'Robert Medical', 'Negombo', 'CSODSR3012232', '2019-08-20', 0, 13232.6, 13232.6),
('CD0182', 'Supreem Pharmacy', 'Negombo', 'IND013000244', '2018-07-09', 407, 1052, 1052),
('CD0016', 'Ave Maria Pharmacy', 'Negombo', 'IND013000323', '2018-09-21', 333, 26090, 26090),
('CD0020', 'Cash Customer - Colombo D', 'Negombo', 'IND013000401', '2018-12-04', 259, 2609, 2609),
('CD0020', 'Cash Customer - Colombo D', 'Negombo', 'IND013000414', '2018-12-24', 239, 626.09, 626.09),
('CD0020', 'Cash Customer - Colombo D', 'Negombo', 'IND013000431', '2019-02-06', 195, 626.09, 626.09),
('CD0083', 'Leesons Pharmacy', 'Ragama', 'IND013000466', '2019-05-15', 97, 9155, 9155),
('CD0461', 'Hussair M. N. M. Dr.', 'Negombo', 'IND013000468', '2019-05-17', 95, 13565.5, 11456.4),
('CD0020', 'Cash Customer - Colombo D', 'Negombo', 'IND013000482', '2019-06-27', 54, 3084, 1568),
('CD0088', 'Mahajana Osu Sala', 'Negombo', 'IND013000489', '2019-07-26', 25, 7531, 7531),
('CD0147', 'Robert Medical', 'Negombo', 'IND013000490', '2019-07-27', 24, 10691, 10691),
('CD0365', 'Seeduwa Osusala', 'Seeduwa', 'IND013000504', '2019-08-12', 8, 39404.5, 39404.5);

-- --------------------------------------------------------

--
-- Table structure for table `jlm`
--

DROP TABLE IF EXISTS `jlm`;
CREATE TABLE IF NOT EXISTS `jlm` (
  `jID` varchar(20) NOT NULL,
  `custName` varchar(50) NOT NULL,
  `town` varchar(20) NOT NULL,
  PRIMARY KEY (`jID`),
  UNIQUE KEY `hID` (`jID`)
) ENGINE=InnoDB DEFAULT CHARSET=latin1;

--
-- Dumping data for table `jlm`
--

INSERT INTO `jlm` (`jID`, `custName`, `town`) VALUES
('0028803', 'Across Healthcare', 'Ragama'),
('0028821', 'St. Joseph\'s Pharmacy', 'Bopitiya'),
('0031365', 'Orient Pharmacy', 'Negombo'),
('0035625', 'Samusetha Osusala', 'Pannala'),
('0038540', 'KSA Pharmacy', 'Negombo'),
('0041639', 'St. Joseph\'s Pharmacy', 'Jaela'),
('0042156', 'Moon Pharmacy', 'Negombo'),
('0042976', 'Dewa Pharmacy', 'Ragama'),
('0046331', 'Dr. Wasantha Dissanayake', 'Andiambalama'),
('0051761', 'Dr. K.R.G. Upashantha', 'Minuwangoda'),
('0051966', 'Nawaloka Medicare (Pvt) Ltd', 'Negombo'),
('0052046', 'Thenuka Pharmacy', 'Negombo'),
('0052114', 'Dr. Champa Gunathunga', 'Kandana'),
('0052128', 'Dr. Chinthaka Rathnayake', 'Wattala'),
('0052234', 'Dr. Prasanjaya Pramodith', 'Negombo'),
('0052748', 'Srilak Pharmacy', 'Seeduwa'),
('0052750', 'New St. Joseph Pharmacy & Grocery', 'Seeduwa'),
('0053382', 'Lak Osusala', 'Seeduwa'),
('0054361', 'Sudish Pharmacy & Grocery', 'Wattala'),
('0055703', 'Imendra Pharmacy', 'Ragama'),
('0055704', 'Aqua Pharmacy', 'Ragama'),
('0056000', 'Ayu Pharmacy', 'Dambadeniya'),
('0056048', 'Lakshan Chemist', 'Mabole'),
('0056539', 'Tenuli Pharmacy', 'Seeduwa'),
('0056635', 'Lakshi Pharmacy', 'Negombo'),
('0056674', 'Health Care Pharmacy', 'Negombo'),
('0056685', 'Healing Pharmacy', 'Negombo'),
('0057266', 'AMC Pharma', 'Negombo'),
('0057394', 'IIHS Pharmacy', 'Welisara'),
('0057720', 'Health & Glow Pharmacy', 'Hunupitiya'),
('0057766', 'Lasith Pharmacy', 'Negombo'),
('0057783', 'S & S Pharma', 'Negombo'),
('0057830', 'Dr. Sujeewa Rodriogo', 'Ragama'),
('0058394', 'Dagonna Pharmacy & Minimart', 'Andiambalama'),
('0058442', 'Aliance Pharmacy', 'Mahabage'),
('0059294', 'Dr. Nandika L.S. Sembukuttiarachchi', 'Katunayake'),
('0059308', 'Ashoka Pharmacy', 'Negombo'),
('0059393', 'Negombo Drugs', 'Negombo'),
('0059998', 'Dr. Isuru Wijerathne', 'Divulapitiya'),
('0061489', 'Dr. Kumar', 'Negombo'),
('0061842', 'Dr. Sanjeewa Weerasekara', 'Ragama'),
('0061940', 'Dr. R. M. Janan', 'Wattala'),
('0061970', 'Dr. W. A. W. Weerasinghe', 'Pannala'),
('0061975', 'Sasithma Pharmacy', 'Jaela'),
('0062047', 'Dr. S. D. C. De. Silva', 'Averiwatta'),
('0062084', 'The Best Care Pharmacy', 'Minuwangoda'),
('0062090', 'Nawa Lanka Pharmacy', 'Negombo'),
('0062119', 'Dr. Nishanka Perera', 'Mahabage'),
('0062140', 'Royal Pharmacy', 'Kandana'),
('0062198', 'Union Pharmacy', 'Negombo'),
('16043', 'Avemaria Pharmacy', 'Negombo'),
('16044', 'City Pharmacy (Negombo)', 'Negombo'),
('16045', 'Cristal Pharmacy', 'Negombo'),
('16047', 'JJ Pharmacy', 'Negombo'),
('16048', 'New Leo Pharmacy', 'Negombo'),
('16053', 'S & J Pharmacy', 'Negombo'),
('16055', 'Silveray Pharmacy', 'Negombo'),
('16056', 'Suwasarana Pharmacy', 'Negombo'),
('16057', 'The Pharmacy', 'Negombo'),
('16074', 'Shanthi Pharmacy (Negombo)', 'Negombo'),
('16088', 'Robert Pharmacy', 'Negombo'),
('16091', 'Kalidsan Pharmacy', 'Negombo'),
('16107', 'Jayakody Pharmacy', 'Negombo'),
('16123', 'Dr. Iresh Dasanayake', 'Negombo'),
('16131', 'Thalahena Pharmacy', 'Negombo'),
('16140', 'Better Health', 'Negombo'),
('16141', 'Central Pharmacy (Negombo)', 'Negombo'),
('16142', 'Lanka Pharmacy (Negombo)', 'Negombo'),
('16145', 'Super Medical', 'Negombo'),
('16146', 'Unique Pharmacy', 'Negombo'),
('16148', 'Negambo F & D', 'Negombo'),
('16149', 'X-Lab Pharmacy', 'Negombo'),
('16166', 'Best Way Pharmacy', 'Negombo'),
('7001', 'Chalani Pharmacy (Andiambalama)', 'Andiambalama'),
('7009', 'Jayani Pharmacy', 'Bopitiya'),
('7023', 'Seth Pharmacy (Dambadeniya)', 'Dambadeniya'),
('7030', 'MPCS Osuhala (Divulapitiya)', 'Divulapitiya'),
('7031', 'Nawa Osuhala (Divulapitiya)', 'Divulapitiya'),
('7037', 'New Medical (Giriulla)', 'Giriulla'),
('7044', 'Nawa Osuhala (Ja-Ela)', 'Jaela'),
('7046', 'Prasanna Pharmacy', 'Jaela'),
('7050', 'St. Jude Pharmacy (Ja-Ela)', 'Jaela'),
('7052', 'Orient Pharmacy (Kandana)', 'Kandana'),
('7053', 'Sethma Pharmacy (Kandana)', 'Kandana'),
('7054', 'Health Line Pharmacy (Kapuwatte)', 'Kapuwatte'),
('7075', 'Relibale Pharmacy', 'Mahabage'),
('7076', 'Sampath Pharmacy', 'Mahabage'),
('7086', 'New Chalani Pharmacy', 'Minuwangoda'),
('7087', 'New Nandana Pharmacy', 'Minuwangoda'),
('7089', 'Sahana Pharmacy', 'Minuwangoda'),
('7120', 'Royal Pharmacy (Makandura)', 'Makandura'),
('7128', 'Asiri Pharmacy (Raddolugama)', 'Raddolugama'),
('7130', 'Raddolugama Pharmacy', 'Raddolugama'),
('7132', 'Leesons Pharmacy', 'Ragama'),
('7134', 'New City Pharmacy (Ragama)', 'Ragama'),
('7135', 'Ragama Pharmacy', 'Ragama'),
('7140', 'Seeduwa Medical (Seeduwa)', 'Seeduwa'),
('7148', 'Isuri Pharmacy', 'Wattala'),
('7151', 'Sasiri Pharmacy', 'Elakande'),
('7153', 'Sri Sathya Pharmacy', 'Wattala'),
('7155', 'Wattala Osuhala', 'Wattala'),
('7160', 'Orient Pharmacy (Averiwatta)', 'Averiwatta'),
('7161', 'Jayanthi Pharmacy (Averiwatta)', 'Averiwatta'),
('7162', 'Gimshani Pharmacy', 'Kandana'),
('7172', 'New Western Pharmacy', 'Pannala'),
('7175', 'Health & Glow Pharmacy', 'Wattala'),
('7176', 'Mahajana Pharmacy', 'Kurana'),
('7177', 'St. Jude Pharmacy (Seeduwa)', 'Seeduwa'),
('7178', 'Pamunugama Pharmacy', 'Bopitiya'),
('7198', 'Rosevilla Pharmacy (Enderamulla)', 'Enderamulla'),
('7203', 'Induwaran Pharmacy', 'Seeduwa'),
('7207', 'St Marys Pharmacy', 'Katunayake'),
('7208', 'Sisira Pharmacy (Giriulla)', 'Giriulla'),
('7209', 'Vidura Pharmacy', 'Divulapitiya'),
('7210', 'Hendala Medical', 'Hendala'),
('7227', 'Samarasinghe Pharmacy', 'Ragama'),
('7230', 'New Pharmacy (Wattala)', 'Wattala'),
('7233', 'Sahana Osusala', 'Ragama'),
('7235', 'Rilaulla Pharmacy', 'Rilaulla'),
('7250', 'Bopitiya Pharmacy', 'Bopitiya'),
('7253', 'The Pharmacy', 'Jaela'),
('7257', 'Dr. Chaminda Suriyaarachchi', 'Minuwangoda'),
('7269', 'Golden Chemist', 'Welisara'),
('7283', 'Seeduwa Osuhala', 'Seeduwa'),
('7289', 'Milan Pharmacy', 'Enderamulla'),
('7292', 'Pharmachemi Pharmacy', 'Hunupitiya'),
('7296', 'Pamunugama Pharmacy', 'Raddolugama'),
('7304', 'Isura Pharmacy', 'Ragama'),
('7308', 'Wijayamini Pharmacy', 'Divulapitiya'),
('7321', 'Bandula Pharmacy', 'Minuwangoda'),
('7323', 'Indra Pharmacy', 'Andiambalama'),
('7324', 'Luxsiri Pharmacy', 'Averiwatta'),
('7326', 'Union Chemist', 'Wattala'),
('7327', 'Sahara Chemist', 'Mahabage'),
('7330', 'Isuri Pharmacy', 'Wattala'),
('7352', 'Peoples Pharmacy', 'Hendala'),
('7354', 'Family Pharmacy', 'Enderamulla'),
('7370', 'Dr. Dissanayake', 'Mabole'),
('7375', 'Darshana Pharmacy', 'Jaela'),
('7377', 'Dr. Dammika Abeysinghe', 'Bopitiya'),
('7383', 'Krishmo Pharmacy', 'Wattala'),
('7387', 'C & D Pharmacy', 'Weligampitiya'),
('7389', 'Senarath Pharmacy', 'Jaela'),
('7390', 'Orient Pharmacy', 'Minuwangoda'),
('7391', 'New Ragama Pharmacy', 'Ragama'),
('7395', 'Arogya Medical', 'Giriulla'),
('7399', 'N. S. Medical', 'Seeduwa'),
('7400', 'New Ekala Pharmacy', 'E-Kala'),
('7401', 'New Pharmacy', 'Ragama'),
('7406', 'Asiri Pharmacy', 'Kurana'),
('7410', 'Dr. Herath', 'Jaela'),
('7411', 'Thilina Pharmacy', 'E-Kala'),
('7412', 'Peoples Osusala', 'Mahabage'),
('7418', 'Health Care Pharmacy', 'Raddolugama'),
('7420', 'Browns Healthcare (Pvt) Ltd', 'Ragama'),
('7422', 'Central Divine Phamacy', 'Minuwangoda'),
('7424', 'Suwa Setha Osusala', 'Divulapitiya'),
('7425', 'Peoples Osusala', 'Minuwangoda'),
('7429', 'Radiant Eye Hospital', 'Jaela'),
('CPRL109000001', 'Reliance Pharma (Pvt) Ltd', 'Negombo');

-- --------------------------------------------------------

--
-- Table structure for table `jloutupload`
--

DROP TABLE IF EXISTS `jloutupload`;
CREATE TABLE IF NOT EXISTS `jloutupload` (
  `jID` varchar(20) NOT NULL,
  `jCustName` varchar(50) NOT NULL,
  `jTown` varchar(20) NOT NULL,
  `inv` varchar(20) NOT NULL,
  `date` date DEFAULT NULL,
  `age` int(11) DEFAULT NULL,
  `amount` float DEFAULT NULL,
  `balAmount` float DEFAULT NULL,
  PRIMARY KEY (`inv`),
  KEY `hID` (`jID`)
) ENGINE=InnoDB DEFAULT CHARSET=latin1;

--
-- Dumping data for table `jloutupload`
--

INSERT INTO `jloutupload` (`jID`, `jCustName`, `jTown`, `inv`, `date`, `age`, `amount`, `balAmount`) VALUES
('7151', 'Sasiri Pharmacy', 'Elakande', 'CSO157300086', '2017-10-03', 699, 10760.3, 10760.3),
('7230', 'New Pharmacy (Wattala)', 'Wattala', 'CSO157300089', '2017-10-03', 699, 20584.4, 20584.4),
('7406', 'Asiri Pharmacy', 'Kurana', 'CSO157300107', '2017-10-09', 693, 4235.1, 4235.1),
('7230', 'New Pharmacy (Wattala)', 'Wattala', 'CSO157300181', '2017-10-17', 685, 24176.1, 24176.1),
('7151', 'Sasiri Pharmacy', 'Elakande', 'CSO157300185', '2017-10-17', 685, 5639.95, 5639.95),
('7327', 'Sahara Chemist', 'Mahabage', 'CSO157300263', '2017-10-31', 671, 21613.8, 21613.8),
('7250', 'Bopitiya Pharmacy', 'Bopitiya', 'CSO157300269', '2017-10-30', 672, 22725.1, 22725.1),
('7151', 'Sasiri Pharmacy', 'Elakande', 'CSO157300289', '2017-11-04', 667, 8303.2, 8303.2),
('7327', 'Sahara Chemist', 'Mahabage', 'CSO157300363', '2017-11-15', 656, 30974.1, 30974.1),
('7151', 'Sasiri Pharmacy', 'Elakande', 'CSO157300379', '2017-11-16', 655, 6512.3, 6512.3),
('7054', 'Health Line Pharmacy (Kapuwatte)', 'Kapuwatte', 'CSO157300452', '2017-11-28', 643, 6683.65, 6683.65),
('0042976', 'Dewa Pharmacy', 'Ragama', 'CSO157300466', '2017-11-30', 641, 33170.6, 0.5),
('0051761', 'Dr. K.R.G. Upashantha', 'Minuwangoda', 'CSO157300542', '2017-12-15', 626, 6525, 6525),
('7052', 'Orient Pharmacy (Kandana)', 'Kandana', 'CSO157300554', '2017-12-18', 623, 4554.17, 4034.77),
('7054', 'Health Line Pharmacy (Kapuwatte)', 'Kapuwatte', 'CSO157300556', '2017-12-18', 623, 7423, 6984),
('7308', 'Wijayamini Pharmacy', 'Divulapitiya', 'CSO157300591', '2017-12-22', 619, 3077, 3077),
('7130', 'Raddolugama Pharmacy', 'Raddolugama', 'CSO157300691', '2018-01-11', 599, 6665.2, 6665.2),
('7128', 'Asiri Pharmacy (Raddolugama)', 'Raddolugama', 'CSO157300692', '2018-01-11', 599, 8613.94, 8613.94),
('7175', 'Health & Glow Pharmacy', 'Wattala', 'CSO157300735', '2018-01-18', 592, 26500.5, 26500.5),
('0056539', 'Tenuli Pharmacy', 'Seeduwa', 'CSO157300753', '2018-01-24', 586, 15585, 15585),
('0056539', 'Tenuli Pharmacy', 'Seeduwa', 'CSO157300823', '2018-02-06', 573, 15585, 15585),
('0056000', 'Ayu Pharmacy', 'Dambadeniya', 'CSO157301215', '2018-04-23', 497, 5690.26, 5690.26),
('7308', 'Wijayamini Pharmacy', 'Divulapitiya', 'CSO157301379', '2018-05-22', 468, 1626.3, 1626.3),
('7054', 'Health Line Pharmacy (Kapuwatte)', 'Kapuwatte', 'CSO157301513', '2018-06-12', 447, 6719.34, 6719.34),
('7046', 'Prasanna Pharmacy', 'Jaela', 'CSO157301824', '2018-08-07', 391, 13050, 13050),
('0055704', 'Aqua Pharmacy', 'Ragama', 'CSO157301853', '2018-08-10', 388, 6300, 6300),
('0059998', 'Dr. Isuru Wijerathne', 'Divulapitiya', 'CSO157301958', '2018-08-27', 371, 15297.1, 15297.1),
('0057720', 'Health & Glow Pharmacy', 'Hunupitiya', 'CSO157302035', '2018-09-06', 361, 4335.28, 1957.28),
('7233', 'Sahana Osusala', 'Ragama', 'CSO157302057', '2018-09-11', 356, 3213, 3213),
('0058394', 'Dagonna Pharmacy & Minimart', 'Andiambalama', 'CSO157302062', '2018-09-11', 356, 3915, 3915),
('7075', 'Relibale Pharmacy', 'Mahabage', 'CSO157302078', '2018-09-12', 355, 5259.12, 4197.97),
('7233', 'Sahana Osusala', 'Ragama', 'CSO157302082', '2018-09-12', 355, 2629.56, 2629.56),
('0028803', 'Across Healthcare', 'Ragama', 'CSO157302087', '2018-09-12', 355, 6173.19, 6173.19),
('7177', 'St. Jude Pharmacy (Seeduwa)', 'Seeduwa', 'CSO157302092', '2018-09-14', 353, 25649.3, 14099.1),
('0028803', 'Across Healthcare', 'Ragama', 'CSO157302101', '2018-09-14', 353, 3016.67, 3016.67),
('7175', 'Health & Glow Pharmacy', 'Wattala', 'CSO157302115', '2018-09-17', 350, 9063, 9063),
('0028803', 'Across Healthcare', 'Ragama', 'CSO157302117', '2018-09-18', 349, 8265, 8265),
('7323', 'Indra Pharmacy', 'Andiambalama', 'CSO157302156', '2018-09-26', 341, 8100, 8100),
('7391', 'New Ragama Pharmacy', 'Ragama', 'CSO157302178', '2018-09-28', 339, 6135.65, 6135.65),
('0042976', 'Dewa Pharmacy', 'Ragama', 'CSO157302183', '2018-09-28', 339, 21762.8, 5120.84),
('7203', 'Induwaran Pharmacy', 'Seeduwa', 'CSO157302192', '2018-09-29', 338, 15585, 15585),
('7323', 'Indra Pharmacy', 'Andiambalama', 'CSO157302200', '2018-10-01', 336, 15351.8, 15351.8),
('0028803', 'Across Healthcare', 'Ragama', 'CSO157302209', '2018-10-03', 334, 5956.52, 5956.52),
('0057720', 'Health & Glow Pharmacy', 'Hunupitiya', 'CSO157302214', '2018-10-04', 333, 1927.8, 1927.8),
('7155', 'Wattala Osuhala', 'Wattala', 'CSO157302215', '2018-10-04', 333, 8877.95, 8464.85),
('7161', 'Jayanthi Pharmacy (Averiwatta)', 'Averiwatta', 'CSO157302223', '2018-10-08', 329, 20798.7, 20798.7),
('7209', 'Vidura Pharmacy', 'Divulapitiya', 'CSO157302249', '2018-10-09', 328, 6498.41, 6498.41),
('7250', 'Bopitiya Pharmacy', 'Bopitiya', 'CSO157302258', '2018-10-10', 327, 7830, 7830),
('7009', 'Jayani Pharmacy', 'Bopitiya', 'CSO157302271', '2018-10-11', 326, 7778.44, 7778.44),
('7250', 'Bopitiya Pharmacy', 'Bopitiya', 'CSO157302277', '2018-10-12', 325, 26222, 5245),
('7395', 'Arogya Medical', 'Giriulla', 'CSO157302297', '2018-10-15', 322, 38940.2, 5808.66),
('7418', 'Health Care Pharmacy', 'Raddolugama', 'CSO157302323', '2018-10-20', 317, 2475, 382.5),
('7161', 'Jayanthi Pharmacy (Averiwatta)', 'Averiwatta', 'CSO157302325', '2018-10-20', 317, 27945.8, 27945.8),
('0058394', 'Dagonna Pharmacy & Minimart', 'Andiambalama', 'CSO157302341', '2018-10-22', 315, 15104, 15104),
('7424', 'Suwa Setha Osusala', 'Divulapitiya', 'CSO157302348', '2018-10-23', 314, 15415.3, 15415.3),
('7209', 'Vidura Pharmacy', 'Divulapitiya', 'CSO157302407', '2018-10-31', 306, 3880, 3880),
('7323', 'Indra Pharmacy', 'Andiambalama', 'CSO157302440', '2018-11-07', 299, 9000, 9000),
('7400', 'New Ekala Pharmacy', 'E-Kala', 'CSO157302479', '2018-11-12', 294, 1277, 1277),
('7227', 'Samarasinghe Pharmacy', 'Ragama', 'CSO157302538', '2018-11-21', 285, 1991.3, 1991.3),
('7233', 'Sahana Osusala', 'Ragama', 'CSO157302544', '2018-11-21', 285, 16735.3, 16735.3),
('7308', 'Wijayamini Pharmacy', 'Divulapitiya', 'CSO157302548', '2018-11-23', 283, 392.6, 392.6),
('7424', 'Suwa Setha Osusala', 'Divulapitiya', 'CSO157302549', '2018-11-23', 283, 18328.1, 18328.1),
('7046', 'Prasanna Pharmacy', 'Jaela', 'CSO157302569', '2018-11-26', 280, 5869.56, 5869.56),
('7250', 'Bopitiya Pharmacy', 'Bopitiya', 'CSO157302573', '2018-11-27', 279, 7830, 7830),
('7250', 'Bopitiya Pharmacy', 'Bopitiya', 'CSO157302576', '2018-11-27', 279, 3140.88, 3140.88),
('7162', 'Gimshani Pharmacy', 'Kandana', 'CSO157302592', '2018-11-30', 276, 1346.75, 1346.75),
('7227', 'Samarasinghe Pharmacy', 'Ragama', 'CSO157302600', '2018-11-30', 276, 3459.9, 847),
('7406', 'Asiri Pharmacy', 'Kurana', 'CSO157302609', '2018-11-30', 276, 8879.1, 8879.1),
('7257', 'Dr. Chaminda Suriyaarachchi', 'Minuwangoda', 'CSO157302624', '2018-11-30', 276, 10870, 10870),
('0028803', 'Across Healthcare', 'Ragama', 'CSO157302633', '2018-12-03', 273, 316.67, 316.67),
('7031', 'Nawa Osuhala (Divulapitiya)', 'Divulapitiya', 'CSO157302648', '2018-12-07', 269, 413.1, 413.1),
('7424', 'Suwa Setha Osusala', 'Divulapitiya', 'CSO157302650', '2018-12-07', 269, 9081.75, 9081.75),
('7086', 'New Chalani Pharmacy', 'Minuwangoda', 'CSO157302654', '2018-12-07', 269, 36385, 373),
('0055703', 'Imendra Pharmacy', 'Ragama', 'CSO157302676', '2018-12-11', 265, 5465.55, 5465.55),
('7135', 'Ragama Pharmacy', 'Ragama', 'CSO157302677', '2018-12-11', 265, 40537.2, 37945.9),
('7050', 'St. Jude Pharmacy (Ja-Ela)', 'Jaela', 'CSO157302681', '2018-12-12', 264, 7203.7, 7203.7),
('7375', 'Darshana Pharmacy', 'Jaela', 'CSO157302683', '2018-12-12', 264, 11121.8, 0.5),
('7250', 'Bopitiya Pharmacy', 'Bopitiya', 'CSO157302697', '2018-12-13', 263, 13720.9, 9335.4),
('7383', 'Krishmo Pharmacy', 'Wattala', 'CSO157302704', '2018-12-15', 261, 5950, 5950),
('7075', 'Relibale Pharmacy', 'Mahabage', 'CSO157302722', '2018-12-18', 258, 7427.2, 0.22),
('7135', 'Ragama Pharmacy', 'Ragama', 'CSO157302754', '2018-12-29', 247, 15185, 15185),
('7399', 'N. S. Medical', 'Seeduwa', 'CSO157302761', '2018-12-29', 247, 5290.42, 5290.42),
('7389', 'Senarath Pharmacy', 'Jaela', 'CSO157302767', '2018-12-29', 247, 5750, 5750),
('7075', 'Relibale Pharmacy', 'Mahabage', 'CSO157302775', '2018-12-31', 245, 13411.2, 13136.2),
('7132', 'Leesons Pharmacy', 'Ragama', 'CSO157302783', '2018-12-31', 245, 38340.5, 38340.5),
('7424', 'Suwa Setha Osusala', 'Divulapitiya', 'CSO157302793', '2018-12-31', 245, 11911.9, 11911.9),
('7304', 'Isura Pharmacy', 'Ragama', 'CSO157302805', '2018-12-31', 245, 65756.5, 65756.5),
('7326', 'Union Chemist', 'Wattala', 'CSO157302806', '2018-12-31', 245, 43730, 43730),
('7134', 'New City Pharmacy (Ragama)', 'Ragama', 'CSO157302843', '2019-01-10', 235, 7736.95, 7736.95),
('0059294', 'Dr. Nandika L.S. Sembukuttiarachchi', 'Katunayake', 'CSO157302844', '2019-01-10', 235, 22490.5, 22490.5),
('7135', 'Ragama Pharmacy', 'Ragama', 'CSO157302847', '2019-01-10', 235, 750, 750),
('0028821', 'St. Joseph\'s Pharmacy', 'Bopitiya', 'CSO157302867', '2019-01-14', 231, 11347, 11347),
('0058442', 'Aliance Pharmacy', 'Mahabage', 'CSO157302886', '2019-01-18', 227, 1150, 1150),
('7323', 'Indra Pharmacy', 'Andiambalama', 'CSO157302907', '2019-01-22', 223, 23000, 23000),
('0061970', 'Dr. W. A. W. Weerasinghe', 'Pannala', 'CSO157302917', '2019-01-23', 222, 9700, 9700),
('7424', 'Suwa Setha Osusala', 'Divulapitiya', 'CSO157302922', '2019-01-25', 220, 17265.8, 17265.8),
('0059998', 'Dr. Isuru Wijerathne', 'Divulapitiya', 'CSO157302924', '2019-01-25', 220, 2174, 2174),
('7323', 'Indra Pharmacy', 'Andiambalama', 'CSO157302940', '2019-01-24', 221, 38667.4, 38667.4),
('0054361', 'Sudish Pharmacy & Grocery', 'Wattala', 'CSO157302948', '2019-01-25', 220, 4054.75, 4054.75),
('7009', 'Jayani Pharmacy', 'Bopitiya', 'CSO157302978', '2019-01-30', 215, 10008.7, 10008.7),
('0059998', 'Dr. Isuru Wijerathne', 'Divulapitiya', 'CSO157302985', '2019-01-31', 214, 2100, 2100),
('7135', 'Ragama Pharmacy', 'Ragama', 'CSO157302987', '2019-02-07', 207, 86501, 5348),
('7134', 'New City Pharmacy (Ragama)', 'Ragama', 'CSO157302991', '2019-01-31', 214, 8372.5, 8372.5),
('7296', 'Pamunugama Pharmacy', 'Raddolugama', 'CSO157302992', '2019-01-31', 214, 8372.5, 8372.5),
('7175', 'Health & Glow Pharmacy', 'Wattala', 'CSO157303011', '2019-02-07', 207, 5049, 5049),
('7120', 'Royal Pharmacy (Makandura)', 'Makandura', 'CSO157303038', '2019-02-12', 202, 15185, 334),
('7323', 'Indra Pharmacy', 'Andiambalama', 'CSO157303076', '2019-02-15', 199, 44296.3, 44296.3),
('7162', 'Gimshani Pharmacy', 'Kandana', 'CSO157303156', '2019-02-26', 188, 2933.85, 2933.85),
('7177', 'St. Jude Pharmacy (Seeduwa)', 'Seeduwa', 'CSO157303184', '2019-02-28', 186, 10300.3, 8426),
('7086', 'New Chalani Pharmacy', 'Minuwangoda', 'CSO157303242', '2019-03-12', 174, 25003.3, 21893.7),
('7420', 'Browns Healthcare (Pvt) Ltd', 'Ragama', 'CSO157303260', '2019-03-14', 172, 15524.1, 14586),
('7162', 'Gimshani Pharmacy', 'Kandana', 'CSO157303263', '2019-03-15', 171, 2453.38, 2453.38),
('0056048', 'Lakshan Chemist', 'Mabole', 'CSO157303272', '2019-03-15', 171, 13542.1, 587.6),
('7391', 'New Ragama Pharmacy', 'Ragama', 'CSO157303283', '2019-03-19', 167, 1574.84, 1574.84),
('7023', 'Seth Pharmacy (Dambadeniya)', 'Dambadeniya', 'CSO157303299', '2019-03-21', 165, 52770.8, 52770.8),
('0056000', 'Ayu Pharmacy', 'Dambadeniya', 'CSO157303302', '2019-03-21', 165, 15200.1, 756.51),
('7207', 'St Marys Pharmacy', 'Katunayake', 'CSO157303319', '2019-03-22', 164, 2582.61, 17.39),
('7001', 'Chalani Pharmacy (Andiambalama)', 'Andiambalama', 'CSO157303321', '2019-03-23', 163, 9545.17, 9545.17),
('0062119', 'Dr. Nishanka Perera', 'Mahabage', 'CSO157303323', '2019-03-26', 160, 10722.3, 10722.3),
('0053382', 'Lak Osusala', 'Seeduwa', 'CSO157303330', '2019-03-30', 156, 40392.6, 16258.9),
('7177', 'St. Jude Pharmacy (Seeduwa)', 'Seeduwa', 'CSO157303333', '2019-03-28', 158, 3505.08, 2965.08),
('7207', 'St Marys Pharmacy', 'Katunayake', 'CSO157303356', '2019-03-30', 156, 35478, 17478),
('0062047', 'Dr. S. D. C. De. Silva', 'Averiwatta', 'CSO157303357', '2019-03-30', 156, 33826, 33826),
('7160', 'Orient Pharmacy (Averiwatta)', 'Averiwatta', 'CSO157303359', '2019-03-30', 156, 8478.8, 8478.8),
('7155', 'Wattala Osuhala', 'Wattala', 'CSO157303389', '2019-04-05', 150, 21185.6, 13309),
('7030', 'MPCS Osuhala (Divulapitiya)', 'Divulapitiya', 'CSO157303409', '2019-04-09', 146, 19666.7, 1230),
('7326', 'Union Chemist', 'Wattala', 'CSO157303417', '2019-04-10', 145, 39756.5, 39756.5),
('7323', 'Indra Pharmacy', 'Andiambalama', 'CSO157303428', '2019-04-11', 144, 42442, 41207.2),
('7162', 'Gimshani Pharmacy', 'Kandana', 'CSO157303442', '2019-04-20', 135, 640.88, 640.88),
('0035625', 'Samusetha Osusala', 'Pannala', 'CSO157303476', '2019-04-29', 126, 54488.1, 54488.1),
('7172', 'New Western Pharmacy', 'Pannala', 'CSO157303477', '2019-04-29', 126, 36884.8, 36884.8),
('0056000', 'Ayu Pharmacy', 'Dambadeniya', 'CSO157303481', '2019-04-29', 126, 24789.4, 24763),
('0056000', 'Ayu Pharmacy', 'Dambadeniya', 'CSO157303483', '2019-04-29', 126, 11426.1, 11426.1),
('7023', 'Seth Pharmacy (Dambadeniya)', 'Dambadeniya', 'CSO157303484', '2019-04-30', 125, 36402.1, 36402.1),
('7135', 'Ragama Pharmacy', 'Ragama', 'CSO157303523', '2019-04-30', 125, 6801, 6801),
('7401', 'New Pharmacy', 'Ragama', 'CSO157303532', '2019-04-30', 125, 13674.3, 1430.8),
('0051966', 'Nawaloka Medicare (Pvt) Ltd', 'Negombo', 'CSO157303545', '2019-05-04', 121, 68729.4, 68729.4),
('16057', 'The Pharmacy', 'Negombo', 'CSO157303553', '2019-05-07', 118, 26236.5, 14660),
('16146', 'Unique Pharmacy', 'Negombo', 'CSO157303561', '2019-05-07', 118, 13995, 13995),
('0046331', 'Dr. Wasantha Dissanayake', 'Andiambalama', 'CSO157303563', '2019-05-08', 117, 9513.65, 9513.65),
('0051966', 'Nawaloka Medicare (Pvt) Ltd', 'Negombo', 'CSO157303565', '2019-05-08', 117, 8822.15, 8822.15),
('7401', 'New Pharmacy', 'Ragama', 'CSO157303589', '2019-05-13', 112, 9370.84, 9370.84),
('7370', 'Dr. Dissanayake', 'Mabole', 'CSO157303596', '2019-05-13', 112, 23000, 23000),
('7046', 'Prasanna Pharmacy', 'Jaela', 'CSO157303607', '2019-05-13', 112, 15373.9, 14373.9),
('7140', 'Seeduwa Medical (Seeduwa)', 'Seeduwa', 'CSO157303613', '2019-05-13', 112, 47153, 2300),
('0061489', 'Dr. Kumar', 'Negombo', 'CSO157303639', '2019-05-17', 108, 31237.5, 5237),
('16141', 'Central Pharmacy (Negombo)', 'Negombo', 'CSO157303662', '2019-05-21', 104, 5767.83, 698),
('0059294', 'Dr. Nandika L.S. Sembukuttiarachchi', 'Katunayake', 'CSO157303682', '2019-05-29', 96, 16800, 16800),
('7046', 'Prasanna Pharmacy', 'Jaela', 'CSO157303693', '2019-05-24', 101, 56963.1, 108),
('0058394', 'Dagonna Pharmacy & Minimart', 'Andiambalama', 'CSO157303694', '2019-05-25', 100, 3377.75, 3377.75),
('0061940', 'Dr. R. M. Janan', 'Wattala', 'CSO157303710', '2019-05-25', 100, 40521.5, 39034.5),
('0061940', 'Dr. R. M. Janan', 'Wattala', 'CSO157303720', '2019-05-28', 97, 10705.5, 10705.5),
('7177', 'St. Jude Pharmacy (Seeduwa)', 'Seeduwa', 'CSO157303721', '2019-05-28', 97, 31532.5, 31532.5),
('16146', 'Unique Pharmacy', 'Negombo', 'CSO157303723', '2019-05-28', 97, 38660.9, 4330),
('0051966', 'Nawaloka Medicare (Pvt) Ltd', 'Negombo', 'CSO157303736', '2019-05-29', 96, 42478.2, 42478.2),
('7257', 'Dr. Chaminda Suriyaarachchi', 'Minuwangoda', 'CSO157303737', '2019-05-29', 96, 6702, 6702),
('7323', 'Indra Pharmacy', 'Andiambalama', 'CSO157303745', '2019-05-30', 95, 4330.43, 4330.43),
('0057783', 'S & S Pharma', 'Negombo', 'CSO157303749', '2019-05-31', 94, 9435, 9435),
('7401', 'New Pharmacy', 'Ragama', 'CSO157303750', '2019-05-31', 94, 3436.41, 3436.41),
('7177', 'St. Jude Pharmacy (Seeduwa)', 'Seeduwa', 'CSO157303766', '2019-05-31', 94, 73582.7, 72633.1),
('0057830', 'Dr. Sujeewa Rodriogo', 'Ragama', 'CSO157303769', '2019-05-31', 94, 34737.5, 34737.5),
('7155', 'Wattala Osuhala', 'Wattala', 'CSO157303780', '2019-06-04', 90, 30074.4, 1153),
('7175', 'Health & Glow Pharmacy', 'Wattala', 'CSO157303787', '2019-06-04', 90, 2267, 2267),
('7076', 'Sampath Pharmacy', 'Mahabage', 'CSO157303801', '2019-06-05', 89, 10260.9, 10260.9),
('7054', 'Health Line Pharmacy (Kapuwatte)', 'Kapuwatte', 'CSO157303805', '2019-06-10', 84, 9106.92, 9106.92),
('7044', 'Nawa Osuhala (Ja-Ela)', 'Jaela', 'CSO157303808', '2019-06-05', 89, 36122, 438.02),
('7401', 'New Pharmacy', 'Ragama', 'CSO157303825', '2019-06-08', 86, 11808.7, 11808.7),
('7075', 'Relibale Pharmacy', 'Mahabage', 'CSO157303836', '2019-06-10', 84, 3660.22, 3660.22),
('7422', 'Central Divine Phamacy', 'Minuwangoda', 'CSO157303846', '2019-06-11', 83, 11175, 10790.7),
('0051966', 'Nawaloka Medicare (Pvt) Ltd', 'Negombo', 'CSO157303861', '2019-06-14', 80, 27512, 27512),
('7076', 'Sampath Pharmacy', 'Mahabage', 'CSO157303869', '2019-06-13', 81, 7695.66, 7695.66),
('7227', 'Samarasinghe Pharmacy', 'Ragama', 'CSO157303897', '2019-06-19', 75, 2217.39, 0.17),
('7401', 'New Pharmacy', 'Ragama', 'CSO157303898', '2019-06-19', 75, 8015.74, 8015.74),
('0051966', 'Nawaloka Medicare (Pvt) Ltd', 'Negombo', 'CSO157303903', '2019-06-20', 74, 16763.5, 16763.5),
('0057783', 'S & S Pharma', 'Negombo', 'CSO157303910', '2019-06-21', 73, 35478, 35478),
('16057', 'The Pharmacy', 'Negombo', 'CSO157303917', '2019-06-21', 73, 16896.7, 16896.7),
('7130', 'Raddolugama Pharmacy', 'Raddolugama', 'CSO157303932', '2019-06-24', 70, 5995.94, 5995.94),
('0061842', 'Dr. Sanjeewa Weerasekara', 'Ragama', 'CSO157303938', '2019-06-24', 70, 11156.5, 11156.5),
('7235', 'Rilaulla Pharmacy', 'Rilaulla', 'CSO157303943', '2019-06-24', 70, 28683.7, 28683.7),
('7054', 'Health Line Pharmacy (Kapuwatte)', 'Kapuwatte', 'CSO157303944', '2019-06-24', 70, 5061.31, 3100.87),
('7210', 'Hendala Medical', 'Hendala', 'CSO157303950', '2019-06-25', 69, 2165.22, 2165.22),
('0051966', 'Nawaloka Medicare (Pvt) Ltd', 'Negombo', 'CSO157303951', '2019-06-25', 69, 23166.1, 23166.1),
('0052234', 'Dr. Prasanjaya Pramodith', 'Negombo', 'CSO157303954', '2019-06-25', 69, 12495, 12495),
('7425', 'Peoples Osusala', 'Minuwangoda', 'CSO157303959', '2019-06-25', 69, 1143.25, 1143.25),
('7323', 'Indra Pharmacy', 'Andiambalama', 'CSO157303960', '2019-06-26', 68, 23145.2, 23145.2),
('7425', 'Peoples Osusala', 'Minuwangoda', 'CSO157303961', '2019-06-27', 67, 8183.78, 8183.78),
('7135', 'Ragama Pharmacy', 'Ragama', 'CSO157303969', '2019-06-29', 65, 54000, 54000),
('7326', 'Union Chemist', 'Wattala', 'CSO157303981', '2019-06-29', 65, 11998, 11998),
('16043', 'Avemaria Pharmacy', 'Negombo', 'CSO157303982', '2019-06-28', 66, 12472.3, 12472.3),
('16146', 'Unique Pharmacy', 'Negombo', 'CSO157303983', '2019-06-29', 65, 14473, 14473),
('0057266', 'AMC Pharma', 'Negombo', 'CSO157303986', '2019-06-29', 65, 90000, 90000),
('16141', 'Central Pharmacy (Negombo)', 'Negombo', 'CSO157303989', '2019-06-29', 65, 6838.24, 6838.24),
('16146', 'Unique Pharmacy', 'Negombo', 'CSO157303993', '2019-06-29', 65, 128478, 128478),
('7148', 'Isuri Pharmacy', 'Wattala', 'CSO157303996', '2019-06-29', 65, 267390, 267390),
('16146', 'Unique Pharmacy', 'Negombo', 'CSO157303997', '2019-06-29', 65, 24243.4, 24243.4),
('0057266', 'AMC Pharma', 'Negombo', 'CSO157303998', '2019-06-29', 65, 90000, 90000),
('7370', 'Dr. Dissanayake', 'Mabole', 'CSO157303999', '2019-07-01', 63, 26220, 26220),
('0061842', 'Dr. Sanjeewa Weerasekara', 'Ragama', 'CSO157304001', '2019-07-01', 63, 64260, 64260),
('7370', 'Dr. Dissanayake', 'Mabole', 'CSO157304003', '2019-07-01', 63, 26220, 26220),
('0051966', 'Nawaloka Medicare (Pvt) Ltd', 'Negombo', 'CSO157304014', '2019-07-03', 61, 56959.7, 56959.7),
('0059308', 'Ashoka Pharmacy', 'Negombo', 'CSO157304022', '2019-07-04', 60, 20283.8, 2582),
('0038540', 'KSA Pharmacy', 'Negombo', 'CSO157304024', '2019-07-04', 60, 8044.29, 6733.29),
('0031365', 'Orient Pharmacy', 'Negombo', 'CSO157304025', '2019-07-04', 60, 2996, 2996),
('7235', 'Rilaulla Pharmacy', 'Rilaulla', 'CSO157304032', '2019-07-05', 59, 11025.2, 10675.7),
('7399', 'N. S. Medical', 'Seeduwa', 'CSO157304040', '2019-07-05', 59, 4849.02, 4849.02),
('7422', 'Central Divine Phamacy', 'Minuwangoda', 'CSO157304054', '2019-07-08', 56, 28834.6, 28834.6),
('7401', 'New Pharmacy', 'Ragama', 'CSO157304059', '2019-07-10', 54, 15463.2, 15463.2),
('7135', 'Ragama Pharmacy', 'Ragama', 'CSO157304065', '2019-07-09', 55, 81099.4, 80753.3),
('0051966', 'Nawaloka Medicare (Pvt) Ltd', 'Negombo', 'CSO157304068', '2019-07-09', 55, 13000.3, 13000.3),
('7086', 'New Chalani Pharmacy', 'Minuwangoda', 'CSO157304074', '2019-07-09', 55, 38328.3, 37695.3),
('7425', 'Peoples Osusala', 'Minuwangoda', 'CSO157304075', '2019-07-12', 52, 5764.38, 5466.12),
('7087', 'New Nandana Pharmacy', 'Minuwangoda', 'CSO157304077', '2019-07-09', 55, 23390.3, 0.04),
('16149', 'X-Lab Pharmacy', 'Negombo', 'CSO157304081', '2019-07-12', 52, 12232.7, 0.2),
('16057', 'The Pharmacy', 'Negombo', 'CSO157304082', '2019-07-20', 44, 12815.5, 12815.5),
('16045', 'Cristal Pharmacy', 'Negombo', 'CSO157304083', '2019-07-12', 52, 16906, 16906),
('16146', 'Unique Pharmacy', 'Negombo', 'CSO157304084', '2019-07-12', 52, 37043.5, 37043.5),
('16044', 'City Pharmacy (Negombo)', 'Negombo', 'CSO157304099', '2019-07-12', 52, 9636.13, 9636.13),
('16141', 'Central Pharmacy (Negombo)', 'Negombo', 'CSO157304100', '2019-07-12', 52, 4074.76, 4074.76),
('7177', 'St. Jude Pharmacy (Seeduwa)', 'Seeduwa', 'CSO157304107', '2019-07-12', 52, 61161.9, 59895.9),
('7162', 'Gimshani Pharmacy', 'Kandana', 'CSO157304111', '2019-07-13', 51, 3490.48, 3490.48),
('7053', 'Sethma Pharmacy (Kandana)', 'Kandana', 'CSO157304113', '2019-07-12', 52, 69292.4, 6941),
('0052128', 'Dr. Chinthaka Rathnayake', 'Wattala', 'CSO157304116', '2019-07-13', 51, 7000, 7000),
('7046', 'Prasanna Pharmacy', 'Jaela', 'CSO157304118', '2019-07-13', 51, 72736, 72736),
('7046', 'Prasanna Pharmacy', 'Jaela', 'CSO157304120', '2019-07-17', 47, 13869.5, 13869.5),
('7046', 'Prasanna Pharmacy', 'Jaela', 'CSO157304126', '2019-07-17', 47, 4834.17, 4834.17),
('7198', 'Rosevilla Pharmacy (Enderamulla)', 'Enderamulla', 'CSO157304129', '2019-07-18', 46, 7455.83, 678),
('7210', 'Hendala Medical', 'Hendala', 'CSO157304136', '2019-07-18', 46, 3257.61, 3257.61),
('0051966', 'Nawaloka Medicare (Pvt) Ltd', 'Negombo', 'CSO157304139', '2019-07-18', 46, 33347.7, 33347.7),
('0055704', 'Aqua Pharmacy', 'Ragama', 'CSO157304141', '2019-07-19', 45, 10060.9, 10060.9),
('7135', 'Ragama Pharmacy', 'Ragama', 'CSO157304148', '2019-07-19', 45, 81925.1, 81752.1),
('16045', 'Cristal Pharmacy', 'Negombo', 'CSO157304151', '2019-07-20', 44, 11747.5, 11747.5),
('16146', 'Unique Pharmacy', 'Negombo', 'CSO157304153', '2019-07-20', 44, 36880.5, 36880.5),
('0056674', 'Health Care Pharmacy', 'Negombo', 'CSO157304156', '2019-07-20', 44, 2084.97, 2084.97),
('16091', 'Kalidsan Pharmacy', 'Negombo', 'CSO157304162', '2019-07-22', 42, 7422.35, 7422.35),
('16166', 'Best Way Pharmacy', 'Negombo', 'CSO157304164', '2019-07-22', 42, 3597.28, 3597.28),
('0059308', 'Ashoka Pharmacy', 'Negombo', 'CSO157304165', '2019-07-22', 42, 11346.7, 11346.7),
('0031365', 'Orient Pharmacy', 'Negombo', 'CSO157304168', '2019-07-22', 42, 2933.27, 2933.27),
('7046', 'Prasanna Pharmacy', 'Jaela', 'CSO157304170', '2019-07-22', 42, 4687, 4687),
('7323', 'Indra Pharmacy', 'Andiambalama', 'CSO157304174', '2019-07-24', 40, 35769.5, 34819.9),
('7086', 'New Chalani Pharmacy', 'Minuwangoda', 'CSO157304175', '2019-07-23', 41, 22982.6, 21400),
('7087', 'New Nandana Pharmacy', 'Minuwangoda', 'CSO157304176', '2019-07-23', 41, 28787.8, 28787.8),
('7425', 'Peoples Osusala', 'Minuwangoda', 'CSO157304177', '2019-07-23', 41, 6575.88, 6575.88),
('7422', 'Central Divine Phamacy', 'Minuwangoda', 'CSO157304178', '2019-07-23', 41, 75065.5, 64602.9),
('7390', 'Orient Pharmacy', 'Minuwangoda', 'CSO157304179', '2019-07-23', 41, 25325.8, 25325.8),
('7089', 'Sahana Pharmacy', 'Minuwangoda', 'CSO157304184', '2019-07-23', 41, 7857.33, 7117.92),
('0051966', 'Nawaloka Medicare (Pvt) Ltd', 'Negombo', 'CSO157304185', '2019-07-23', 41, 16057.4, 16057.4),
('7326', 'Union Chemist', 'Wattala', 'CSO157304186', '2019-07-23', 41, 3095.64, 3095.64),
('7377', 'Dr. Dammika Abeysinghe', 'Bopitiya', 'CSO157304187', '2019-07-24', 40, 1400, 1400),
('7425', 'Peoples Osusala', 'Minuwangoda', 'CSO157304189', '2019-07-24', 40, 1110, 1110),
('7054', 'Health Line Pharmacy (Kapuwatte)', 'Kapuwatte', 'CSO157304193', '2019-07-25', 39, 7108.5, 3465.01),
('7046', 'Prasanna Pharmacy', 'Jaela', 'CSO157304198', '2019-07-25', 39, 10945, 10945),
('7044', 'Nawa Osuhala (Ja-Ela)', 'Jaela', 'CSO157304199', '2019-07-25', 39, 27462.6, 26420.6),
('7375', 'Darshana Pharmacy', 'Jaela', 'CSO157304201', '2019-07-25', 39, 183197, 183197),
('7177', 'St. Jude Pharmacy (Seeduwa)', 'Seeduwa', 'CSO157304206', '2019-07-26', 38, 15826, 15826),
('7130', 'Raddolugama Pharmacy', 'Raddolugama', 'CSO157304210', '2019-07-25', 39, 3732.42, 3732.42),
('7399', 'N. S. Medical', 'Seeduwa', 'CSO157304214', '2019-07-26', 38, 4026.08, 4026.08),
('7250', 'Bopitiya Pharmacy', 'Bopitiya', 'CSO157304217', '2019-07-26', 38, 23080.7, 4095),
('7132', 'Leesons Pharmacy', 'Ragama', 'CSO157304219', '2019-07-26', 38, 12721.5, 12721.5),
('7387', 'C & D Pharmacy', 'Weligampitiya', 'CSO157304220', '2019-07-26', 38, 19222.6, 17911.6),
('16074', 'Shanthi Pharmacy (Negombo)', 'Negombo', 'CSO157304222', '2019-07-26', 38, 11365.3, 11365.3),
('16044', 'City Pharmacy (Negombo)', 'Negombo', 'CSO157304226', '2019-07-26', 38, 11366.4, 11366.4),
('16141', 'Central Pharmacy (Negombo)', 'Negombo', 'CSO157304227', '2019-07-26', 38, 12512.8, 12512.8),
('16043', 'Avemaria Pharmacy', 'Negombo', 'CSO157304228', '2019-07-27', 37, 2654.77, 2654.77),
('0057394', 'IIHS Pharmacy', 'Welisara', 'CSO157304232', '2019-07-30', 34, 13347.8, 13347.8),
('7075', 'Relibale Pharmacy', 'Mahabage', 'CSO157304233', '2019-07-30', 34, 9164.55, 9164.55),
('7053', 'Sethma Pharmacy (Kandana)', 'Kandana', 'CSO157304235', '2019-07-30', 34, 56676.8, 56676.8),
('16146', 'Unique Pharmacy', 'Negombo', 'CSO157304237', '2019-07-30', 34, 6435, 6435),
('0052114', 'Dr. Champa Gunathunga', 'Kandana', 'CSO157304239', '2019-07-30', 34, 7866, 7866),
('7132', 'Leesons Pharmacy', 'Ragama', 'CSO157304240', '2019-07-30', 34, 4260.9, 4260.9),
('7401', 'New Pharmacy', 'Ragama', 'CSO157304244', '2019-07-30', 34, 15936.3, 15936.3),
('7134', 'New City Pharmacy (Ragama)', 'Ragama', 'CSO157304245', '2019-07-30', 34, 5845.2, 5845.2),
('7132', 'Leesons Pharmacy', 'Ragama', 'CSO157304246', '2019-07-30', 34, 30579.3, 30579.3),
('7135', 'Ragama Pharmacy', 'Ragama', 'CSO157304249', '2019-07-30', 34, 54000, 54000),
('7326', 'Union Chemist', 'Wattala', 'CSO157304250', '2019-07-30', 34, 190919, 184779),
('7046', 'Prasanna Pharmacy', 'Jaela', 'CSO157304251', '2019-07-31', 33, 10156.5, 10156.5),
('7326', 'Union Chemist', 'Wattala', 'CSO157304252', '2019-07-31', 33, 72757.6, 72757.6),
('7135', 'Ragama Pharmacy', 'Ragama', 'CSO157304253', '2019-07-31', 33, 96655.4, 96482.3),
('7326', 'Union Chemist', 'Wattala', 'CSO157304255', '2019-07-31', 33, 32747.8, 32747.8),
('16146', 'Unique Pharmacy', 'Negombo', 'CSO157304256', '2019-07-31', 33, 94433.1, 92738.1),
('7177', 'St. Jude Pharmacy (Seeduwa)', 'Seeduwa', 'CSO157304257', '2019-07-31', 33, 8020.2, 8020.2),
('16146', 'Unique Pharmacy', 'Negombo', 'CSO157304259', '2019-07-31', 33, 92791.4, 29782.7),
('7250', 'Bopitiya Pharmacy', 'Bopitiya', 'CSO157304261', '2019-07-31', 33, 106800, 106800),
('7053', 'Sethma Pharmacy (Kandana)', 'Kandana', 'CSO157304263', '2019-07-31', 33, 5318.2, 5318.2),
('7250', 'Bopitiya Pharmacy', 'Bopitiya', 'CSO157304264', '2019-07-31', 33, 40159.1, 40159.1),
('0061489', 'Dr. Kumar', 'Negombo', 'CSO157304268', '2019-07-31', 33, 31237.5, 31237.5),
('0059294', 'Dr. Nandika L.S. Sembukuttiarachchi', 'Katunayake', 'CSO157304270', '2019-07-31', 33, 17478, 17478),
('0051966', 'Nawaloka Medicare (Pvt) Ltd', 'Negombo', 'CSO157304271', '2019-07-31', 33, 34341.8, 34341.8),
('16146', 'Unique Pharmacy', 'Negombo', 'CSO157304272', '2019-07-31', 33, 20200, 20200),
('7250', 'Bopitiya Pharmacy', 'Bopitiya', 'CSO157304274', '2019-07-31', 33, 10200, 10200),
('7148', 'Isuri Pharmacy', 'Wattala', 'CSO157304277', '2019-07-31', 33, 180000, 180000),
('7177', 'St. Jude Pharmacy (Seeduwa)', 'Seeduwa', 'CSO157304278', '2019-07-31', 33, 54617.5, 54617.5),
('16146', 'Unique Pharmacy', 'Negombo', 'CSO157304279', '2019-07-31', 33, 105087, 105087),
('7130', 'Raddolugama Pharmacy', 'Raddolugama', 'CSO157304280', '2019-08-03', 30, 6652.17, 6652.17),
('7289', 'Milan Pharmacy', 'Enderamulla', 'CSO157304281', '2019-08-03', 30, 7954.75, 7954.75),
('7198', 'Rosevilla Pharmacy (Enderamulla)', 'Enderamulla', 'CSO157304282', '2019-08-06', 27, 1524.35, 1524.35),
('0057720', 'Health & Glow Pharmacy', 'Hunupitiya', 'CSO157304284', '2019-08-03', 30, 5579.26, 5579.26),
('7155', 'Wattala Osuhala', 'Wattala', 'CSO157304285', '2019-08-03', 30, 14477.4, 14477.4),
('7230', 'New Pharmacy (Wattala)', 'Wattala', 'CSO157304287', '2019-08-03', 30, 13808.9, 11265.5),
('7175', 'Health & Glow Pharmacy', 'Wattala', 'CSO157304288', '2019-08-09', 24, 15460.2, 13780.2),
('7153', 'Sri Sathya Pharmacy', 'Wattala', 'CSO157304289', '2019-08-03', 30, 24649.9, 24649.9),
('0057394', 'IIHS Pharmacy', 'Welisara', 'CSO157304291', '2019-08-03', 30, 2180.28, 2180.28),
('16043', 'Avemaria Pharmacy', 'Negombo', 'CSO157304294', '2019-08-03', 30, 2463.87, 2463.87),
('16146', 'Unique Pharmacy', 'Negombo', 'CSO157304297', '2019-08-06', 27, 8121.74, 8121.74),
('0051966', 'Nawaloka Medicare (Pvt) Ltd', 'Negombo', 'CSO157304298', '2019-08-06', 27, 47729.3, 47729.3),
('7210', 'Hendala Medical', 'Hendala', 'CSO157304299', '2019-08-06', 27, 985.88, 985.88),
('7253', 'The Pharmacy', 'Jaela', 'CSO157304300', '2019-08-09', 24, 4316.6, 4316.6),
('7387', 'C & D Pharmacy', 'Weligampitiya', 'CSO157304302', '2019-08-06', 27, 16822, 14782),
('0061975', 'Sasithma Pharmacy', 'Jaela', 'CSO157304303', '2019-08-06', 27, 3951.8, 3951.8),
('7054', 'Health Line Pharmacy (Kapuwatte)', 'Kapuwatte', 'CSO157304305', '2019-08-09', 24, 2026.09, 2026.09),
('0041639', 'St. Joseph\'s Pharmacy', 'Jaela', 'CSO157304306', '2019-08-06', 27, 2947.82, 2947.82),
('7411', 'Thilina Pharmacy', 'E-Kala', 'CSO157304308', '2019-08-06', 27, 974.94, 974.94),
('7050', 'St. Jude Pharmacy (Ja-Ela)', 'Jaela', 'CSO157304309', '2019-08-06', 27, 2458.56, 2458.56),
('7044', 'Nawa Osuhala (Ja-Ela)', 'Jaela', 'CSO157304310', '2019-08-06', 27, 15470.2, 15470.2),
('7046', 'Prasanna Pharmacy', 'Jaela', 'CSO157304311', '2019-08-07', 26, 93170.6, 92448.9),
('7046', 'Prasanna Pharmacy', 'Jaela', 'CSO157304312', '2019-08-07', 26, 30121.8, 30121.8),
('7399', 'N. S. Medical', 'Seeduwa', 'CSO157304314', '2019-08-09', 24, 24293.5, 24293.5),
('7177', 'St. Jude Pharmacy (Seeduwa)', 'Seeduwa', 'CSO157304315', '2019-08-08', 25, 14765.2, 14765.2),
('7130', 'Raddolugama Pharmacy', 'Raddolugama', 'CSO157304318', '2019-08-08', 25, 7406.66, 7406.66),
('7128', 'Asiri Pharmacy (Raddolugama)', 'Raddolugama', 'CSO157304319', '2019-08-09', 24, 4174.51, 4174.51),
('7178', 'Pamunugama Pharmacy', 'Bopitiya', 'CSO157304322', '2019-08-07', 26, 10765.1, 10765.1),
('7250', 'Bopitiya Pharmacy', 'Bopitiya', 'CSO157304323', '2019-08-08', 25, 3814.98, 3814.98),
('0028821', 'St. Joseph\'s Pharmacy', 'Bopitiya', 'CSO157304324', '2019-08-08', 25, 7065.66, 6028.08),
('7326', 'Union Chemist', 'Wattala', 'CSO157304325', '2019-08-08', 25, 486.96, 486.96),
('7233', 'Sahana Osusala', 'Ragama', 'CSO157304329', '2019-08-09', 24, 9314.79, 9314.79),
('7134', 'New City Pharmacy (Ragama)', 'Ragama', 'CSO157304330', '2019-08-09', 24, 2411.32, 1100.32),
('7132', 'Leesons Pharmacy', 'Ragama', 'CSO157304332', '2019-08-09', 24, 29161.7, 29161.7),
('7135', 'Ragama Pharmacy', 'Ragama', 'CSO157304333', '2019-08-09', 24, 81610.8, 68802.9),
('0058394', 'Dagonna Pharmacy & Minimart', 'Andiambalama', 'CSO157304334', '2019-08-09', 24, 23826, 23826),
('7420', 'Browns Healthcare (Pvt) Ltd', 'Ragama', 'CSO157304335', '2019-08-09', 24, 43859.9, 43152.9),
('16043', 'Avemaria Pharmacy', 'Negombo', 'CSO157304336', '2019-08-09', 24, 13617.4, 13617.4),
('0062090', 'Nawa Lanka Pharmacy', 'Negombo', 'CSO157304337', '2019-08-09', 24, 60826.8, 60826.8),
('16149', 'X-Lab Pharmacy', 'Negombo', 'CSO157304339', '2019-08-10', 23, 3868.68, 3868.68),
('16057', 'The Pharmacy', 'Negombo', 'CSO157304340', '2019-08-09', 24, 18165.3, 18165.3),
('16045', 'Cristal Pharmacy', 'Negombo', 'CSO157304341', '2019-08-10', 23, 10739.2, 9228.95),
('16146', 'Unique Pharmacy', 'Negombo', 'CSO157304342', '2019-08-09', 24, 35391.3, 35391.3),
('16107', 'Jayakody Pharmacy', 'Negombo', 'CSO157304344', '2019-08-09', 24, 12083.5, 12083.5),
('16088', 'Robert Pharmacy', 'Negombo', 'CSO157304345', '2019-08-09', 24, 4554.66, 4554.66),
('0052046', 'Thenuka Pharmacy', 'Negombo', 'CSO157304346', '2019-08-09', 24, 6585.05, 6585.05),
('0056685', 'Healing Pharmacy', 'Negombo', 'CSO157304350', '2019-08-10', 23, 6213.33, 1596),
('16048', 'New Leo Pharmacy', 'Negombo', 'CSO157304351', '2019-08-10', 23, 23016.2, 23016.2),
('16146', 'Unique Pharmacy', 'Negombo', 'CSO157304353', '2019-08-12', 21, 3156.52, 3156.52),
('16055', 'Silveray Pharmacy', 'Negombo', 'CSO157304355', '2019-08-12', 21, 10008.9, 10008.9),
('16074', 'Shanthi Pharmacy (Negombo)', 'Negombo', 'CSO157304356', '2019-08-12', 21, 32640.8, 32640.8),
('0059393', 'Negombo Drugs', 'Negombo', 'CSO157304358', '2019-08-12', 21, 1703.48, 1703.48),
('16142', 'Lanka Pharmacy (Negombo)', 'Negombo', 'CSO157304359', '2019-08-12', 21, 2078.3, 2078.3),
('16140', 'Better Health', 'Negombo', 'CSO157304360', '2019-08-12', 21, 14682.5, 14682.5),
('16044', 'City Pharmacy (Negombo)', 'Negombo', 'CSO157304361', '2019-08-12', 21, 7678, 7678),
('16145', 'Super Medical', 'Negombo', 'CSO157304362', '2019-08-12', 21, 30216.5, 30216.5),
('7053', 'Sethma Pharmacy (Kandana)', 'Kandana', 'CSO157304363', '2019-08-12', 21, 7866, 7866),
('16146', 'Unique Pharmacy', 'Negombo', 'CSO157304365', '2019-08-13', 20, 15756.5, 15756.5),
('7324', 'Luxsiri Pharmacy', 'Averiwatta', 'CSO157304367', '2019-08-13', 20, 19347.6, 19347.6),
('7323', 'Indra Pharmacy', 'Andiambalama', 'CSO157304370', '2019-08-13', 20, 5489.55, 5489.55),
('7425', 'Peoples Osusala', 'Minuwangoda', 'CSO157304372', '2019-08-13', 20, 3474.29, 3474.29),
('7422', 'Central Divine Phamacy', 'Minuwangoda', 'CSO157304373', '2019-08-13', 20, 98616.4, 98616.4),
('7087', 'New Nandana Pharmacy', 'Minuwangoda', 'CSO157304374', '2019-08-13', 20, 36341.2, 36341.2),
('7086', 'New Chalani Pharmacy', 'Minuwangoda', 'CSO157304376', '2019-08-13', 20, 37538.4, 37538.4),
('7390', 'Orient Pharmacy', 'Minuwangoda', 'CSO157304377', '2019-08-13', 20, 8618.57, 8618.57),
('0062140', 'Royal Pharmacy', 'Kandana', 'CSO157304380', '2019-08-15', 18, 7489.5, 7489.5),
('7370', 'Dr. Dissanayake', 'Mabole', 'CSO157304381', '2019-08-15', 18, 26220, 26220),
('7053', 'Sethma Pharmacy (Kandana)', 'Kandana', 'CSO157304382', '2019-08-15', 18, 60845.4, 60845.4),
('7412', 'Peoples Osusala', 'Mahabage', 'CSO157304384', '2019-08-15', 18, 11156.2, 11156.2),
('7162', 'Gimshani Pharmacy', 'Kandana', 'CSO157304385', '2019-08-15', 18, 3374.61, 3374.61),
('7052', 'Orient Pharmacy (Kandana)', 'Kandana', 'CSO157304386', '2019-08-15', 18, 2805.75, 2805.75),
('0062140', 'Royal Pharmacy', 'Kandana', 'CSO157304387', '2019-08-15', 18, 3984.35, 3984.35),
('7076', 'Sampath Pharmacy', 'Mahabage', 'CSO157304388', '2019-08-21', 12, 7243.2, 6682.33),
('7075', 'Relibale Pharmacy', 'Mahabage', 'CSO157304389', '2019-08-21', 12, 11490.4, 11490.4),
('7233', 'Sahana Osusala', 'Ragama', 'CSO157304390', '2019-08-16', 17, 3163.2, 3163.2),
('0041639', 'St. Joseph\'s Pharmacy', 'Jaela', 'CSO157304391', '2019-08-16', 17, 4046.34, 4046.34),
('16148', 'Negambo F & D', 'Negombo', 'CSO157304392', '2019-08-16', 17, 12315.4, 12315.4),
('16091', 'Kalidsan Pharmacy', 'Negombo', 'CSO157304394', '2019-08-16', 17, 14452.9, 14452.9),
('0031365', 'Orient Pharmacy', 'Negombo', 'CSO157304395', '2019-08-16', 17, 8936.45, 3268.61),
('16053', 'S & J Pharmacy', 'Negombo', 'CSO157304396', '2019-08-16', 17, 4742.11, 4742.11),
('16166', 'Best Way Pharmacy', 'Negombo', 'CSO157304397', '2019-08-16', 17, 2077.83, 2077.83),
('0059308', 'Ashoka Pharmacy', 'Negombo', 'CSO157304398', '2019-08-16', 17, 16262.3, 16262.3),
('0038540', 'KSA Pharmacy', 'Negombo', 'CSO157304400', '2019-08-16', 17, 7314.13, 7314.13),
('7176', 'Mahajana Pharmacy', 'Kurana', 'CSO157304401', '2019-08-19', 14, 25841.7, 24676.4),
('16047', 'JJ Pharmacy', 'Negombo', 'CSO157304402', '2019-08-19', 14, 1900.8, 1900.8),
('16146', 'Unique Pharmacy', 'Negombo', 'CSO157304403', '2019-08-21', 12, 18000, 18000),
('16146', 'Unique Pharmacy', 'Negombo', 'CSO157304405', '2019-08-21', 12, 29747.9, 29747.9),
('7175', 'Health & Glow Pharmacy', 'Wattala', 'CSO157304406', '2019-08-20', 13, 14421, 14421),
('0051966', 'Nawaloka Medicare (Pvt) Ltd', 'Negombo', 'CSO157304407', '2019-08-20', 13, 40360, 40360),
('7227', 'Samarasinghe Pharmacy', 'Ragama', 'CSO157304408', '2019-08-20', 13, 2941.75, 2941.75),
('7401', 'New Pharmacy', 'Ragama', 'CSO157304409', '2019-08-21', 12, 7985.37, 7985.37),
('7134', 'New City Pharmacy (Ragama)', 'Ragama', 'CSO157304410', '2019-08-20', 13, 2622, 2622),
('7132', 'Leesons Pharmacy', 'Ragama', 'CSO157304412', '2019-08-20', 13, 37252.3, 37252.3),
('7233', 'Sahana Osusala', 'Ragama', 'CSO157304413', '2019-08-20', 13, 12558.3, 12558.3),
('0055703', 'Imendra Pharmacy', 'Ragama', 'CSO157304415', '2019-08-21', 12, 1371.9, 1371.9),
('7135', 'Ragama Pharmacy', 'Ragama', 'CSO157304416', '2019-08-21', 12, 81396.7, 81223.6),
('0061842', 'Dr. Sanjeewa Weerasekara', 'Ragama', 'CSO157304417', '2019-08-21', 12, 13556.7, 13556.7),
('16057', 'The Pharmacy', 'Negombo', 'CSO157304420', '2019-08-21', 12, 5507.55, 5507.55),
('CPRL109000001', 'Reliance Pharma (Pvt) Ltd', 'Negombo', 'CSO157304421', '2019-08-21', 12, 14865, 13117.2),
('0056674', 'Health Care Pharmacy', 'Negombo', 'CSO157304422', '2019-08-21', 12, 6558.25, 6558.25),
('0062090', 'Nawa Lanka Pharmacy', 'Negombo', 'CSO157304423', '2019-08-21', 12, 5244, 5244),
('16146', 'Unique Pharmacy', 'Negombo', 'CSO157304424', '2019-08-21', 12, 11894.2, 9120.28),
('16088', 'Robert Pharmacy', 'Negombo', 'CSO157304425', '2019-08-21', 12, 1567.25, 1567.25),
('16056', 'Suwasarana Pharmacy', 'Negombo', 'CSO157304427', '2019-08-21', 12, 5289.91, 5289.91),
('16045', 'Cristal Pharmacy', 'Negombo', 'CSO157304428', '2019-08-21', 12, 8377.13, 8377.13),
('0057783', 'S & S Pharma', 'Negombo', 'CSO157304429', '2019-08-31', 2, 45226, 45226),
('16142', 'Lanka Pharmacy (Negombo)', 'Negombo', 'CSO157304431', '2019-08-22', 11, 51790.5, 51790.5),
('7289', 'Milan Pharmacy', 'Enderamulla', 'CSO157304432', '2019-08-22', 11, 3082.6, 3082.6),
('7354', 'Family Pharmacy', 'Enderamulla', 'CSO157304433', '2019-08-22', 11, 2813.12, 2813.12),
('7198', 'Rosevilla Pharmacy (Enderamulla)', 'Enderamulla', 'CSO157304434', '2019-08-22', 11, 8128.07, 8128.07),
('16043', 'Avemaria Pharmacy', 'Negombo', 'CSO157304435', '2019-08-22', 11, 1165.2, 1165.2),
('0057720', 'Health & Glow Pharmacy', 'Hunupitiya', 'CSO157304436', '2019-08-22', 11, 3193.28, 3193.28),
('7292', 'Pharmachemi Pharmacy', 'Hunupitiya', 'CSO157304437', '2019-08-22', 11, 4210.21, 4210.21),
('7155', 'Wattala Osuhala', 'Wattala', 'CSO157304438', '2019-08-27', 6, 25537, 23270.1),
('7330', 'Isuri Pharmacy', 'Wattala', 'CSO157304439', '2019-08-22', 11, 8492.37, 8492.37),
('7230', 'New Pharmacy (Wattala)', 'Wattala', 'CSO157304440', '2019-08-22', 11, 21324.8, 21324.8),
('7175', 'Health & Glow Pharmacy', 'Wattala', 'CSO157304441', '2019-08-27', 6, 17748.1, 17748.1),
('7326', 'Union Chemist', 'Wattala', 'CSO157304442', '2019-08-27', 6, 25200, 25200),
('7210', 'Hendala Medical', 'Hendala', 'CSO157304443', '2019-08-24', 9, 3907.22, 3907.22),
('7383', 'Krishmo Pharmacy', 'Wattala', 'CSO157304444', '2019-08-23', 10, 4361.78, 4361.78),
('0051966', 'Nawaloka Medicare (Pvt) Ltd', 'Negombo', 'CSO157304446', '2019-08-23', 10, 39381.5, 35543.5),
('7352', 'Peoples Pharmacy', 'Hendala', 'CSO157304447', '2019-08-23', 10, 87367.3, 87367.3),
('7177', 'St. Jude Pharmacy (Seeduwa)', 'Seeduwa', 'CSO157304448', '2019-08-23', 10, 22057.9, 22057.9),
('7177', 'St. Jude Pharmacy (Seeduwa)', 'Seeduwa', 'CSO157304449', '2019-08-24', 9, 21487, 21487),
('7177', 'St. Jude Pharmacy (Seeduwa)', 'Seeduwa', 'CSO157304450', '2019-08-23', 10, 7271.48, 7271.48),
('0052748', 'Srilak Pharmacy', 'Seeduwa', 'CSO157304451', '2019-08-24', 9, 5069.44, 5069.44),
('7296', 'Pamunugama Pharmacy', 'Raddolugama', 'CSO157304453', '2019-08-24', 9, 18661.5, 18661.5),
('7130', 'Raddolugama Pharmacy', 'Raddolugama', 'CSO157304454', '2019-08-26', 7, 15404.3, 15404.3),
('7130', 'Raddolugama Pharmacy', 'Raddolugama', 'CSO157304455', '2019-08-26', 7, 3672, 3672),
('7296', 'Pamunugama Pharmacy', 'Raddolugama', 'CSO157304456', '2019-08-24', 9, 3672, 3672),
('7128', 'Asiri Pharmacy (Raddolugama)', 'Raddolugama', 'CSO157304457', '2019-08-24', 9, 1046.96, 1046.96),
('7128', 'Asiri Pharmacy (Raddolugama)', 'Raddolugama', 'CSO157304458', '2019-08-24', 9, 3672, 3672),
('7418', 'Health Care Pharmacy', 'Raddolugama', 'CSO157304459', '2019-08-24', 9, 1667.82, 1667.82),
('7418', 'Health Care Pharmacy', 'Raddolugama', 'CSO157304460', '2019-08-24', 9, 1683, 1683),
('0053382', 'Lak Osusala', 'Seeduwa', 'CSO157304461', '2019-08-24', 9, 721.74, 721.74),
('7399', 'N. S. Medical', 'Seeduwa', 'CSO157304462', '2019-08-30', 3, 2365.22, 2365.22),
('7250', 'Bopitiya Pharmacy', 'Bopitiya', 'CSO157304463', '2019-08-24', 9, 11607.2, 11607.2),
('7178', 'Pamunugama Pharmacy', 'Bopitiya', 'CSO157304464', '2019-08-24', 9, 10931.5, 10931.5),
('0028821', 'St. Joseph\'s Pharmacy', 'Bopitiya', 'CSO157304465', '2019-08-24', 9, 21023.6, 21023.6),
('7046', 'Prasanna Pharmacy', 'Jaela', 'CSO157304466', '2019-08-24', 9, 17695.7, 17062.7),
('16142', 'Lanka Pharmacy (Negombo)', 'Negombo', 'CSO157304468', '2019-08-26', 7, 4983.7, 4983.7),
('7296', 'Pamunugama Pharmacy', 'Raddolugama', 'CSO157304469', '2019-08-26', 7, 2582.61, 2582.61),
('0052750', 'New St. Joseph Pharmacy & Grocery', 'Seeduwa', 'CSO157304470', '2019-08-26', 7, 6782.61, 6782.61),
('7375', 'Darshana Pharmacy', 'Jaela', 'CSO157304472', '2019-08-26', 7, 2011, 2011),
('7387', 'C & D Pharmacy', 'Weligampitiya', 'CSO157304473', '2019-08-26', 7, 16134.8, 16134.8),
('7235', 'Rilaulla Pharmacy', 'Rilaulla', 'CSO157304474', '2019-08-27', 6, 20518.9, 20518.9),
('7054', 'Health Line Pharmacy (Kapuwatte)', 'Kapuwatte', 'CSO157304475', '2019-08-30', 3, 9175.34, 9175.34),
('0041639', 'St. Joseph\'s Pharmacy', 'Jaela', 'CSO157304476', '2019-08-26', 7, 24792.2, 24028.9),
('7400', 'New Ekala Pharmacy', 'E-Kala', 'CSO157304477', '2019-08-26', 7, 1220, 1220),
('7050', 'St. Jude Pharmacy (Ja-Ela)', 'Jaela', 'CSO157304478', '2019-08-26', 7, 6453.6, 6453.6),
('7044', 'Nawa Osuhala (Ja-Ela)', 'Jaela', 'CSO157304479', '2019-08-27', 6, 27389.9, 26765.2),
('7046', 'Prasanna Pharmacy', 'Jaela', 'CSO157304480', '2019-08-27', 6, 125612, 116938),
('7324', 'Luxsiri Pharmacy', 'Averiwatta', 'CSO157304481', '2019-08-27', 6, 19493.7, 19493.7),
('7207', 'St Marys Pharmacy', 'Katunayake', 'CSO157304482', '2019-08-27', 6, 10446.9, 8364.31),
('7176', 'Mahajana Pharmacy', 'Kurana', 'CSO157304483', '2019-08-27', 6, 6724.62, 6724.62),
('7001', 'Chalani Pharmacy (Andiambalama)', 'Andiambalama', 'CSO157304484', '2019-08-27', 6, 3544.95, 3544.95),
('7323', 'Indra Pharmacy', 'Andiambalama', 'CSO157304485', '2019-08-27', 6, 28037.9, 22793.9),
('7422', 'Central Divine Phamacy', 'Minuwangoda', 'CSO157304486', '2019-08-27', 6, 8520.46, 8520.46),
('7323', 'Indra Pharmacy', 'Andiambalama', 'CSO157304487', '2019-08-27', 6, 1224, 1224),
('7425', 'Peoples Osusala', 'Minuwangoda', 'CSO157304488', '2019-08-28', 5, 11216.5, 11216.5),
('7321', 'Bandula Pharmacy', 'Minuwangoda', 'CSO157304489', '2019-08-27', 6, 5114.69, 5114.69),
('7422', 'Central Divine Phamacy', 'Minuwangoda', 'CSO157304491', '2019-08-27', 6, 20139.2, 20139.2),
('7087', 'New Nandana Pharmacy', 'Minuwangoda', 'CSO157304492', '2019-08-28', 5, 18908.7, 18908.7),
('16146', 'Unique Pharmacy', 'Negombo', 'CSO157304494', '2019-08-28', 5, 5426.1, 5426.1),
('7410', 'Dr. Herath', 'Jaela', 'CSO157304495', '2019-08-28', 5, 26220, 26220),
('16140', 'Better Health', 'Negombo', 'CSO157304497', '2019-08-28', 5, 21912.5, 21912.5),
('16044', 'City Pharmacy (Negombo)', 'Negombo', 'CSO157304498', '2019-08-28', 5, 13217, 13217),
('16141', 'Central Pharmacy (Negombo)', 'Negombo', 'CSO157304499', '2019-08-28', 5, 12652.1, 12652.1),
('0062198', 'Union Pharmacy', 'Negombo', 'CSO157304500', '2019-08-28', 5, 4480.12, 4480.12),
('0059393', 'Negombo Drugs', 'Negombo', 'CSO157304501', '2019-08-28', 5, 4777.39, 4777.39),
('16131', 'Thalahena Pharmacy', 'Negombo', 'CSO157304502', '2019-08-28', 5, 19993.8, 19993.8),
('16055', 'Silveray Pharmacy', 'Negombo', 'CSO157304503', '2019-08-28', 5, 11141.5, 11141.5),
('16074', 'Shanthi Pharmacy (Negombo)', 'Negombo', 'CSO157304504', '2019-08-29', 4, 9826.21, 9826.21),
('16146', 'Unique Pharmacy', 'Negombo', 'CSO157304505', '2019-08-30', 3, 22800, 22800),
('0051966', 'Nawaloka Medicare (Pvt) Ltd', 'Negombo', 'CSO157304506', '2019-08-30', 3, 36885.6, 36885.6),
('7429', 'Radiant Eye Hospital', 'Jaela', 'CSO157304507', '2019-08-29', 4, 5244, 5244),
('0055704', 'Aqua Pharmacy', 'Ragama', 'CSO157304508', '2019-08-29', 4, 20521.8, 20521.8),
('7075', 'Relibale Pharmacy', 'Mahabage', 'CSO157304510', '2019-08-30', 3, 13107.3, 13107.3),
('7162', 'Gimshani Pharmacy', 'Kandana', 'CSO157304511', '2019-08-30', 3, 895.95, 895.95),
('0062140', 'Royal Pharmacy', 'Kandana', 'CSO157304512', '2019-08-30', 3, 8558.43, 8558.43),
('7052', 'Orient Pharmacy (Kandana)', 'Kandana', 'CSO157304513', '2019-08-30', 3, 51004.5, 51004.5),
('7053', 'Sethma Pharmacy (Kandana)', 'Kandana', 'CSO157304514', '2019-08-30', 3, 43560.6, 43560.6),
('0055704', 'Aqua Pharmacy', 'Ragama', 'CSO157304515', '2019-08-30', 3, 7495.66, 7495.66),
('7227', 'Samarasinghe Pharmacy', 'Ragama', 'CSO157304516', '2019-08-30', 3, 4986.95, 4986.95),
('7132', 'Leesons Pharmacy', 'Ragama', 'CSO157304517', '2019-08-30', 3, 47679.8, 47679.8),
('7233', 'Sahana Osusala', 'Ragama', 'CSO157304519', '2019-08-30', 3, 12943.3, 12943.3),
('7135', 'Ragama Pharmacy', 'Ragama', 'CSO157304521', '2019-08-30', 3, 53729.9, 53729.9),
('7132', 'Leesons Pharmacy', 'Ragama', 'CSO157304522', '2019-08-30', 3, 4687, 4687),
('7135', 'Ragama Pharmacy', 'Ragama', 'CSO157304523', '2019-08-30', 3, 54000, 54000),
('7326', 'Union Chemist', 'Wattala', 'CSO157304524', '2019-08-30', 3, 105922, 105922),
('7148', 'Isuri Pharmacy', 'Wattala', 'CSO157304525', '2019-08-30', 3, 4687, 4687),
('7046', 'Prasanna Pharmacy', 'Jaela', 'CSO157304526', '2019-08-30', 3, 51554.5, 51554.5),
('7076', 'Sampath Pharmacy', 'Mahabage', 'CSO157304527', '2019-08-30', 3, 6642.8, 6642.8),
('16142', 'Lanka Pharmacy (Negombo)', 'Negombo', 'CSO157304528', '2019-08-31', 2, 65399.3, 65399.3),
('16146', 'Unique Pharmacy', 'Negombo', 'CSO157304529', '2019-08-31', 2, 124453, 124453),
('0061842', 'Dr. Sanjeewa Weerasekara', 'Ragama', 'CSO157304530', '2019-08-31', 2, 109268, 109268),
('0056674', 'Health Care Pharmacy', 'Negombo', 'CSO157304531', '2019-08-31', 2, 2000, 2000),
('16142', 'Lanka Pharmacy (Negombo)', 'Negombo', 'CSO157304532', '2019-08-31', 2, 29008.7, 29008.7),
('7177', 'St. Jude Pharmacy (Seeduwa)', 'Seeduwa', 'CSO157304533', '2019-08-31', 2, 60551.1, 60551.1),
('7250', 'Bopitiya Pharmacy', 'Bopitiya', 'CSO157304534', '2019-08-31', 2, 51956, 51956),
('0042156', 'Moon Pharmacy', 'Negombo', 'CSO157304535', '2019-08-31', 2, 26596.5, 26596.5),
('7140', 'Seeduwa Medical (Seeduwa)', 'Seeduwa', 'CSO157304536', '2019-08-31', 2, 54289.2, 54289.2),
('7326', 'Union Chemist', 'Wattala', 'CSO157304537', '2019-08-31', 2, 143636, 143636),
('7177', 'St. Jude Pharmacy (Seeduwa)', 'Seeduwa', 'CSO157304538', '2019-08-31', 2, 63014.5, 63014.5),
('7052', 'Orient Pharmacy (Kandana)', 'Kandana', 'CSO157304539', '2019-08-31', 2, 35478, 35478),
('7257', 'Dr. Chaminda Suriyaarachchi', 'Minuwangoda', 'CSO157304540', '2019-08-31', 2, 11432.5, 11432.5),
('16131', 'Thalahena Pharmacy', 'Negombo', 'CSO157304541', '2019-08-31', 2, 2597, 2597),
('7148', 'Isuri Pharmacy', 'Wattala', 'CSO157304542', '2019-08-31', 2, 282780, 282780),
('7250', 'Bopitiya Pharmacy', 'Bopitiya', 'CSO157304543', '2019-08-31', 2, 79869.2, 79869.2),
('7296', 'Pamunugama Pharmacy', 'Raddolugama', 'CSO157304544', '2019-08-31', 2, 13551.2, 13551.2),
('16146', 'Unique Pharmacy', 'Negombo', 'CSO157304545', '2019-08-31', 2, 54000, 54000),
('0028803', 'Across Healthcare', 'Ragama', 'IN157200035', '2018-08-06', 392, 2800, 2800),
('0028803', 'Across Healthcare', 'Ragama', 'IN157200036', '2018-08-11', 387, 1410.35, 1410.35);

-- --------------------------------------------------------

--
-- Table structure for table `sanofi`
--

DROP TABLE IF EXISTS `sanofi`;
CREATE TABLE IF NOT EXISTS `sanofi` (
  `sID` varchar(50) NOT NULL,
  `custName` varchar(50) NOT NULL,
  `town` varchar(20) NOT NULL,
  PRIMARY KEY (`sID`),
  UNIQUE KEY `hID` (`sID`)
) ENGINE=InnoDB DEFAULT CHARSET=latin1;

--
-- Dumping data for table `sanofi`
--

INSERT INTO `sanofi` (`sID`, `custName`, `town`) VALUES
('0 Niroga Pharmacy And Grocery-Katana', '0 Niroga Pharmacy And Grocery-Katana', 'Negombo'),
('Ajantha Medicals-Kochchikade', 'Ajantha Medicals-Kochchikade', 'Negombo'),
('Alliance Pharmacy-Ragama', 'Alliance Pharmacy-Ragama', 'Wattala'),
('Aman Pharmacy-Madampe', 'Aman Pharmacy-Madampe', 'Marawila'),
('Amila Pharmacy-Ja - Ela City', 'Amila Pharmacy-Ja - Ela City', 'Ja - Ela'),
('Angels Pharmacy-Kochchikade', 'Angels Pharmacy-Kochchikade', 'Negombo'),
('Anrita Pharmacy-Kochchikade', 'Anrita Pharmacy-Kochchikade', 'Negombo'),
('Apeksha pharmacy-Wennappuwa', 'Apeksha pharmacy-Wennappuwa', 'Wennappuwa'),
('Araliya Pharmacy-Marawila city', 'Araliya Pharmacy-Marawila city', 'Marawila'),
('Arogya Pharmacy - Ja - Ela-Ja - Ela City', 'Arogya Pharmacy - Ja - Ela-Ja - Ela City', 'Ja - Ela'),
('Asiri Pharmacy & Grocery-  Negombo-Negombo city', 'Asiri Pharmacy & Grocery-  Negombo-Negombo city', 'Negombo'),
('Asiri Pharmacy - Chilaw-Chilaw', 'Asiri Pharmacy - Chilaw-Chilaw', 'Chilaw'),
('Asiri Pharmacy - Ja-Ela-Ja - Ela City', 'Asiri Pharmacy - Ja-Ela-Ja - Ela City', 'Ja - Ela'),
('Asiri Pharmacy - Raddolugama-Raddolugama', 'Asiri Pharmacy - Raddolugama-Raddolugama', 'Ja - Ela'),
('Asiri pharmacy-Ganemulla', 'Asiri pharmacy-Ganemulla', 'Gampaha'),
('Asoka Pharmacy-Negombo city', 'Asoka Pharmacy-Negombo city', 'Negombo'),
('Ave Maria Hospital-Negombo city', 'Ave Maria Hospital-Negombo city', 'Negombo'),
('Ave Mariya Pharmacy-Negombo city', 'Ave Mariya Pharmacy-Negombo city', 'Negombo'),
('Balasooriya Pharmacy-Puttalam', 'Balasooriya Pharmacy-Puttalam', 'Puttalam'),
('Best Way Pharmacy-Negombo city', 'Best Way Pharmacy-Negombo city', 'Negombo'),
('Better Health Pharmacy-Negombo city', 'Better Health Pharmacy-Negombo city', 'Negombo'),
('Bopitiya Pharmacy-Bopitiya', 'Bopitiya Pharmacy-Bopitiya', 'Ja - Ela'),
('Browns healthcare pvt ltd-Ragama', 'Browns healthcare pvt ltd-Ragama', 'Wattala'),
('C&D Pharmacy-Ja - Ela City', 'C&D Pharmacy-Ja - Ela City', 'Ja - Ela'),
('C.N.S PHARMACY-Chilaw', 'C.N.S PHARMACY-Chilaw', 'Chilaw'),
('Calvery Medical-Ja - Ela City', 'Calvery Medical-Ja - Ela City', 'Ja - Ela'),
('CC-Cash Payment-aaaa', 'CC-Cash Payment-aaaa', 'Chilaw'),
('Central Devine Phrmacy-Minuwangoda', 'Central Devine Phrmacy-Minuwangoda', 'Minuwangoda'),
('Champika Medicals-Kochchikade', 'Champika Medicals-Kochchikade', 'Negombo'),
('Chandrika Medical-Wennappuwa', 'Chandrika Medical-Wennappuwa', 'Wennappuwa'),
('Chemie World-Wattala city', 'Chemie World-Wattala city', 'Wattala'),
('Chrishantha\'s Pharmacy-Marawila city', 'Chrishantha\'s Pharmacy-Marawila city', 'Marawila'),
('City Medicals - Negombo-Negombo city', 'City Medicals - Negombo-Negombo city', 'Negombo'),
('D&D Pharmacy-Negombo city', 'D&D Pharmacy-Negombo city', 'Negombo'),
('D.M.K Pharmacy-Thambuththegama', 'D.M.K Pharmacy-Thambuththegama', 'Thambuththegama'),
('Dankotuwa Medical Stores-Dankotuwa', 'Dankotuwa Medical Stores-Dankotuwa', 'Wennappuwa'),
('Darani Pharmacy-Bolawatta', 'Darani Pharmacy-Bolawatta', 'Wennappuwa'),
('Darshana Pharmacy-Je -Ela-Ja - Ela City', 'Darshana Pharmacy-Je -Ela-Ja - Ela City', 'Ja - Ela'),
('Digasiri Pharmacy-Ekala', 'Digasiri Pharmacy-Ekala', 'Ja - Ela'),
('Dinura Pharmacy-Ja - Ela City', 'Dinura Pharmacy-Ja - Ela City', 'Ja - Ela'),
('Dr Eranga Indragith-Bowatta', 'Dr Eranga Indragith-Bowatta', 'Chilaw'),
('Dr Laksiri lokuliyanage-Ja - Ela City', 'Dr Laksiri lokuliyanage-Ja - Ela City', 'Ja - Ela'),
('DR U.P.Daniel-Wattala city', 'DR U.P.Daniel-Wattala city', 'Wattala'),
('Dr Udara fernando Dr,-Puttalam', 'Dr Udara fernando Dr,-Puttalam', 'Puttalam'),
('Dr. Chaminda Suriyarachchi-Negombo city', 'Dr. Chaminda Suriyarachchi-Negombo city', 'Negombo'),
('Dr. Channa Perera-Dankotuwa', 'Dr. Channa Perera-Dankotuwa', 'Wennappuwa'),
('Dr. Deepal Fonseka-Ja - Ela City', 'Dr. Deepal Fonseka-Ja - Ela City', 'Ja - Ela'),
('Dr. Dhammika Abesinghe-Bopitiya', 'Dr. Dhammika Abesinghe-Bopitiya', 'Ja - Ela'),
('Dr. M.R.M.Sadeek-Puttalam', 'Dr. M.R.M.Sadeek-Puttalam', 'Puttalam'),
('Dr. Mahendra Devide-Katana', 'Dr. Mahendra Devide-Katana', 'Negombo'),
('Dr. Palitha Perera-Dankotuwa', 'Dr. Palitha Perera-Dankotuwa', 'Wennappuwa'),
('Dr. Prasanna Dissanayaka-Chilaw', 'Dr. Prasanna Dissanayaka-Chilaw', 'Chilaw'),
('Dr. Rizvi Hashan-Kandana', 'Dr. Rizvi Hashan-Kandana', 'Kandana'),
('Dr. S.S.Dayarathna-Negombo city', 'Dr. S.S.Dayarathna-Negombo city', 'Negombo'),
('Dr. S.S.Jagodage-Seeduwa', 'Dr. S.S.Jagodage-Seeduwa', 'Ja - Ela'),
('Dr. Saliya Bobuwala-Minuwangoda', 'Dr. Saliya Bobuwala-Minuwangoda', 'Minuwangoda'),
('Dr. Sanath fenando-Marawila city', 'Dr. Sanath fenando-Marawila city', 'Marawila'),
('Dr. Sarath Gamage-Chilaw', 'Dr. Sarath Gamage-Chilaw', 'Chilaw'),
('Dr. Sasitha Thenuwara-Chilaw', 'Dr. Sasitha Thenuwara-Chilaw', 'Chilaw'),
('Dr. Srimal Fernando-Negombo city', 'Dr. Srimal Fernando-Negombo city', 'Negombo'),
('Dr. Sujeewa Piyadigama-Negombo city', 'Dr. Sujeewa Piyadigama-Negombo city', 'Negombo'),
('Dr. Sundaralingam-Negombo city', 'Dr. Sundaralingam-Negombo city', 'Negombo'),
('Dr. Thilak N. Ranasinghe-Wennappuwa', 'Dr. Thilak N. Ranasinghe-Wennappuwa', 'Wennappuwa'),
('Dr. Udith Herath-Ragama', 'Dr. Udith Herath-Ragama', 'Wattala'),
('Dr. Wasantha Dissanayeka-Katunayake', 'Dr. Wasantha Dissanayeka-Katunayake', 'Ja - Ela'),
('DR.M.R.M.Sedeek-Puttalam', 'DR.M.R.M.Sedeek-Puttalam', 'Puttalam'),
('Dr.S.A.Pradeep kumara-Pannala', 'Dr.S.A.Pradeep kumara-Pannala', 'Pannala'),
('Dunagaha Osusala-Dunagaha', 'Dunagaha Osusala-Dunagaha', 'Minuwangoda'),
('Endaramulla Medicals-Wattala city', 'Endaramulla Medicals-Wattala city', 'Wattala'),
('Family Care Pharmacy-Wattala city', 'Family Care Pharmacy-Wattala city', 'Wattala'),
('G.L Pharmaceuticals-Ja - Ela City', 'G.L Pharmaceuticals-Ja - Ela City', 'Ja - Ela'),
('Gayasha Pharmacy-Waikkala', 'Gayasha Pharmacy-Waikkala', 'Wennappuwa'),
('Gimshani Pharmacy-Kandana', 'Gimshani Pharmacy-Kandana', 'Kandana'),
('Gold Crest Pharmacy-Seeduwa', 'Gold Crest Pharmacy-Seeduwa', 'Ja - Ela'),
('Golden Chemist-Nagoda', 'Golden Chemist-Nagoda', 'Kandana'),
('Handala Medical-Wattala city', 'Handala Medical-Wattala city', 'Wattala'),
('Hansi Pharmacy & Grocery.-Ja - Ela City', 'Hansi Pharmacy & Grocery.-Ja - Ela City', 'Ja - Ela'),
('Hanyu Pharmacy-Puttalam', 'Hanyu Pharmacy-Puttalam', 'Puttalam'),
('Harith Pharmacy-Kandana', 'Harith Pharmacy-Kandana', 'Kandana'),
('Healing pharmacy-Negombo city', 'Healing pharmacy-Negombo city', 'Negombo'),
('Health and Glow pharmacy Hunupitiya-Wattala city', 'Health and Glow pharmacy Hunupitiya-Wattala city', 'Wattala'),
('Health and Glow Pharmacy-Wattala city', 'Health and Glow Pharmacy-Wattala city', 'Wattala'),
('Health Care Medicals-Negombo city', 'Health Care Medicals-Negombo city', 'Negombo'),
('Health Care Pharmacy-Raddolugama', 'Health Care Pharmacy-Raddolugama', 'Ja - Ela'),
('Health Line Pharmacy-Kandana', 'Health Line Pharmacy-Kandana', 'Kandana'),
('Healthy Care Pharmacy-Chilaw', 'Healthy Care Pharmacy-Chilaw', 'Chilaw'),
('Hemas Hospital-Wattala city', 'Hemas Hospital-Wattala city', 'Wattala'),
('Hiran Pharmacy-Marawila city', 'Hiran Pharmacy-Marawila city', 'Marawila'),
('Hiru Pharmacy-Katana', 'Hiru Pharmacy-Katana', 'Negombo'),
('Home Needs Pharmacy-Wennappuwa', 'Home Needs Pharmacy-Wennappuwa', 'Wennappuwa'),
('Imedra Pharmacy-peralanda-Ragama', 'Imedra Pharmacy-peralanda-Ragama', 'Wattala'),
('Indra Pharmacy-Andiambalama-Diulapitiya', 'Indra Pharmacy-Andiambalama-Diulapitiya', 'Minuwangoda'),
('Indra Pharmacy-Minuwangoda', 'Indra Pharmacy-Minuwangoda', 'Minuwangoda'),
('International Institute Of Health Sciences (PVT) L', 'International Institute Of Health Sciences (PVT) L', 'Wattala'),
('Iresha Pharmaceuticals-Wennappuwa', 'Iresha Pharmaceuticals-Wennappuwa', 'Wennappuwa'),
('Isira Pharmacy-Dankotuwa', 'Isira Pharmacy-Dankotuwa', 'Wennappuwa'),
('Isura Pharmacy-Ragama', 'Isura Pharmacy-Ragama', 'Wattala'),
('Isuri Pharmacy - Wattala-Wattala city', 'Isuri Pharmacy - Wattala-Wattala city', 'Wattala'),
('Isuru Pharmacy-Katana', 'Isuru Pharmacy-Katana', 'Negombo'),
('J & J Pharmacy-Negombo city', 'J & J Pharmacy-Negombo city', 'Negombo'),
('J & S Pharamacy-Chilaw', 'J & S Pharamacy-Chilaw', 'Chilaw'),
('J.S Pharmacy-Bingiriya', 'J.S Pharmacy-Bingiriya', 'Chilaw'),
('Jasmine Pharmacy-Kandana', 'Jasmine Pharmacy-Kandana', 'Kandana'),
('Jaya Lanka Pharmacy-Negombo city', 'Jaya Lanka Pharmacy-Negombo city', 'Negombo'),
('Jayakodi Pharmacy-Negombo city', 'Jayakodi Pharmacy-Negombo city', 'Negombo'),
('Jayanthi Pharmacy - Katunayake-Aweriwatta', 'Jayanthi Pharmacy - Katunayake-Aweriwatta', 'Ja - Ela'),
('Jayasiri Pharmacy-Nattandiya', 'Jayasiri Pharmacy-Nattandiya', 'Marawila'),
('Jayasiri Pharmacy-Ragama', 'Jayasiri Pharmacy-Ragama', 'Wattala'),
('K&K Pharmacy-Minuwangoda', 'K&K Pharmacy-Minuwangoda', 'Minuwangoda'),
('K.F.D.(Pte) Ltd.-Kandana', 'K.F.D.(Pte) Ltd.-Kandana', 'Kandana'),
('K.S.A Medical-Negombo city', 'K.S.A Medical-Negombo city', 'Negombo'),
('Kalidson Pharmacy-Negombo city', 'Kalidson Pharmacy-Negombo city', 'Negombo'),
('Kandawala Pharmacy & Grocery-Katana', 'Kandawala Pharmacy & Grocery-Katana', 'Negombo'),
('Kapuwatta Pharmacy-Ja - Ela City', 'Kapuwatta Pharmacy-Ja - Ela City', 'Ja - Ela'),
('Krishmo Pharmacy & Grocery-Wattala city', 'Krishmo Pharmacy & Grocery-Wattala city', 'Wattala'),
('Lak Osu Sala-Seeduwa', 'Lak Osu Sala-Seeduwa', 'Ja - Ela'),
('Lakmi pharmacy-Negombo city', 'Lakmi pharmacy-Negombo city', 'Negombo'),
('Lakse Pharmacy-Paliyagoda', 'Lakse Pharmacy-Paliyagoda', 'Wattala'),
('Lakshan chemist-Wattala city', 'Lakshan chemist-Wattala city', 'Wattala'),
('Lakshi Pharmacy-Negombo city', 'Lakshi Pharmacy-Negombo city', 'Negombo'),
('Laksiri Pharmacy-Aweriwatta', 'Laksiri Pharmacy-Aweriwatta', 'Ja - Ela'),
('Lakwin international (pvt) limited-Kuliyapitiya', 'Lakwin international (pvt) limited-Kuliyapitiya', 'Kuliyapitiya'),
('Lanka Pharmacy - Negombo-Negombo city', 'Lanka Pharmacy - Negombo-Negombo city', 'Negombo'),
('Lanka Pharmacy-Wattala city', 'Lanka Pharmacy-Wattala city', 'Wattala'),
('Lasith Pharmacy-Kimbulapitiya', 'Lasith Pharmacy-Kimbulapitiya', 'Negombo'),
('Leesons Pharmacy-Raga-Ragama', 'Leesons Pharmacy-Raga-Ragama', 'Wattala'),
('Lolitha Pharmacy-Kuliyapitiya', 'Lolitha Pharmacy-Kuliyapitiya', 'Kuliyapitiya'),
('M.C Pharmacy-Minuwangoda', 'M.C Pharmacy-Minuwangoda', 'Minuwangoda'),
('Madara Pharmacy-Kuliyapitiya', 'Madara Pharmacy-Kuliyapitiya', 'Kuliyapitiya'),
('Maduri Pharmacy-Diulapitiya', 'Maduri Pharmacy-Diulapitiya', 'Minuwangoda'),
('Mahajana Osusala - Negombo-Negombo city', 'Mahajana Osusala - Negombo-Negombo city', 'Negombo'),
('Mahajana Pharmacy - Negombo-Negombo city', 'Mahajana Pharmacy - Negombo-Negombo city', 'Negombo'),
('Mahajana Pharmacy - Paliyagoda-Paliyagoda', 'Mahajana Pharmacy - Paliyagoda-Paliyagoda', 'Wattala'),
('Manthri Nursing Home-Negombo city', 'Manthri Nursing Home-Negombo city', 'Negombo'),
('Milan Pharmacy-Wattala city', 'Milan Pharmacy-Wattala city', 'Wattala'),
('Mohomed Faik-Negombo city', 'Mohomed Faik-Negombo city', 'Negombo'),
('N.S Medical-Seeduwa', 'N.S Medical-Seeduwa', 'Ja - Ela'),
('Nalaka Pharmacy-Marawila city', 'Nalaka Pharmacy-Marawila city', 'Marawila'),
('Nawa Osusala -Divlapitiya-Diulapitiya', 'Nawa Osusala -Divlapitiya-Diulapitiya', 'Minuwangoda'),
('Nawa Osusala 2-Ja - Ela City', 'Nawa Osusala 2-Ja - Ela City', 'Ja - Ela'),
('Nawa Osusala- Ja Ela-Ja - Ela City', 'Nawa Osusala- Ja Ela-Ja - Ela City', 'Ja - Ela'),
('Nawaloka Hospital-Negombo city', 'Nawaloka Hospital-Negombo city', 'Negombo'),
('Negombo Drugs-Negombo city', 'Negombo Drugs-Negombo city', 'Negombo'),
('Negombo Food & Drugs-Negombo city', 'Negombo Food & Drugs-Negombo city', 'Negombo'),
('New Central Pharmacy - Chilaw-Chilaw', 'New Central Pharmacy - Chilaw-Chilaw', 'Chilaw'),
('New Central Pharmacy - Negombo-Negombo city', 'New Central Pharmacy - Negombo-Negombo city', 'Negombo'),
('New Chalani Pharmacy-Minuwangoda', 'New Chalani Pharmacy-Minuwangoda', 'Minuwangoda'),
('New Chemist Pharmacy-Mahabage', 'New Chemist Pharmacy-Mahabage', 'Wattala'),
('New Chris Pharmacy-Aweriwatta', 'New Chris Pharmacy-Aweriwatta', 'Ja - Ela'),
('New Chris Pharmacy-Minuwangoda', 'New Chris Pharmacy-Minuwangoda', 'Minuwangoda'),
('New Chrish Pharamacy-Minuwangoda', 'New Chrish Pharamacy-Minuwangoda', 'Minuwangoda'),
('New City Pharmacy - Chilaw-Chilaw', 'New City Pharmacy - Chilaw-Chilaw', 'Chilaw'),
('New City Pharmacy - Ragama-Ragama', 'New City Pharmacy - Ragama-Ragama', 'Wattala'),
('New Crystal Pharmacy-Negombo city', 'New Crystal Pharmacy-Negombo city', 'Negombo'),
('New Ekala Pharmacy-Ekala', 'New Ekala Pharmacy-Ekala', 'Ja - Ela'),
('New Lak Medical-Puttalam', 'New Lak Medical-Puttalam', 'Puttalam'),
('New Lanka Pharmacy-Negombo city', 'New Lanka Pharmacy-Negombo city', 'Negombo'),
('New Leo Pharmacy-Negombo city', 'New Leo Pharmacy-Negombo city', 'Negombo'),
('New Medical Stores - Marawila-Marawila city', 'New Medical Stores - Marawila-Marawila city', 'Marawila'),
('New Medicare Pharmacy-Aweriwatta', 'New Medicare Pharmacy-Aweriwatta', 'Ja - Ela'),
('New Pharmacy - Negombo-Negombo city', 'New Pharmacy - Negombo-Negombo city', 'Negombo'),
('New Pharmacy - Wattala-Wattala city', 'New Pharmacy - Wattala-Wattala city', 'Wattala'),
('New Pharmacy-Chilaw', 'New Pharmacy-Chilaw', 'Chilaw'),
('New Pharmacy-Ganemulla.-Ganemulla', 'New Pharmacy-Ganemulla.-Ganemulla', 'Gampaha'),
('New Rio Pharmacy-Wattala city', 'New Rio Pharmacy-Wattala city', 'Wattala'),
('New Seth Pharmacy-Chilaw', 'New Seth Pharmacy-Chilaw', 'Chilaw'),
('New ST. Joseph pharmacy& Grocery--Seeduwa', 'New ST. Joseph pharmacy& Grocery--Seeduwa', 'Ja - Ela'),
('New Western Pharmacy-Wennappuwa', 'New Western Pharmacy-Wennappuwa', 'Wennappuwa'),
('Nimroth Pharmacy 2-Wattala city', 'Nimroth Pharmacy 2-Wattala city', 'Wattala'),
('Niroga Pharmacy-Dankotuwa', 'Niroga Pharmacy-Dankotuwa', 'Wennappuwa'),
('Niwasipura Pharmacy-Ja - Ela City', 'Niwasipura Pharmacy-Ja - Ela City', 'Ja - Ela'),
('Orient  Pharamacy -Kandana-Kandana', 'Orient  Pharamacy -Kandana-Kandana', 'Kandana'),
('Orient Pharmacy-Katunayaka-Aweriwatta', 'Orient Pharmacy-Katunayaka-Aweriwatta', 'Ja - Ela'),
('Orient Pharmacy-Negombo city', 'Orient Pharmacy-Negombo city', 'Negombo'),
('Osada Pharamacy-Dunagaha', 'Osada Pharamacy-Dunagaha', 'Minuwangoda'),
('Oshidi Medical-Dankotuwa', 'Oshidi Medical-Dankotuwa', 'Wennappuwa'),
('Osu Sala (Co-op) 1 - Negombo-Negombo city', 'Osu Sala (Co-op) 1 - Negombo-Negombo city', 'Negombo'),
('Osu sala - Kandana-Kandana', 'Osu sala - Kandana-Kandana', 'Kandana'),
('Osu Sala - Wattala-Wattala city', 'Osu Sala - Wattala-Wattala city', 'Wattala'),
('Osu Sala Mabola-Wattala city', 'Osu Sala Mabola-Wattala city', 'Wattala'),
('Pamunugama Osusala-Raddolugama', 'Pamunugama Osusala-Raddolugama', 'Ja - Ela'),
('Pamunugama Pharmacy-Bopitiya', 'Pamunugama Pharmacy-Bopitiya', 'Ja - Ela'),
('Pavithra Pharmacy & Grocery-Mahawewa', 'Pavithra Pharmacy & Grocery-Mahawewa', 'Marawila'),
('People\'s Pharmacy & Grocery-Wattala city', 'People\'s Pharmacy & Grocery-Wattala city', 'Wattala'),
('Peoples Pharmacy - Raddolugama-Raddolugama', 'Peoples Pharmacy - Raddolugama-Raddolugama', 'Ja - Ela'),
('Pharma Chemie-Wattala city', 'Pharma Chemie-Wattala city', 'Wattala'),
('PJ Enterprises ( PVT ) LTD-Ja - Ela City', 'PJ Enterprises ( PVT ) LTD-Ja - Ela City', 'Ja - Ela'),
('Pradeep Pharmcy-Waikkala', 'Pradeep Pharmcy-Waikkala', 'Wennappuwa'),
('Pradipa Pharmacy-Negombo city', 'Pradipa Pharmacy-Negombo city', 'Negombo'),
('Prasanna Pharmacy-Wennappuwa', 'Prasanna Pharmacy-Wennappuwa', 'Wennappuwa'),
('R&G Pharmacy-Negombo city', 'R&G Pharmacy-Negombo city', 'Negombo'),
('R.Mohamed Janan-Wattala city', 'R.Mohamed Janan-Wattala city', 'Wattala'),
('Raddolugama Pharmacy-Raddolugama', 'Raddolugama Pharmacy-Raddolugama', 'Ja - Ela'),
('Ragama Medical Centre Ja-ela-Ja - Ela City', 'Ragama Medical Centre Ja-ela-Ja - Ela City', 'Ja - Ela'),
('Ragama Pharmacy-Ragama', 'Ragama Pharmacy-Ragama', 'Wattala'),
('Rajapaksha Pharmacy & Grocery-Madampe', 'Rajapaksha Pharmacy & Grocery-Madampe', 'Marawila'),
('Ranmina Pharmacy-Katuneriya', 'Ranmina Pharmacy-Katuneriya', 'Wennappuwa'),
('Ranmina Pharmacy-Wennappuwa', 'Ranmina Pharmacy-Wennappuwa', 'Wennappuwa'),
('RAPHAEL CARE (PVT) LIMITED-Chilaw', 'RAPHAEL CARE (PVT) LIMITED-Chilaw', 'Chilaw'),
('Rasul Pharmacy-Negombo city', 'Rasul Pharmacy-Negombo city', 'Negombo'),
('Relaulla Pharmacy-Kandana', 'Relaulla Pharmacy-Kandana', 'Kandana'),
('Reliable Pharmacy-Mahabage', 'Reliable Pharmacy-Mahabage', 'Wattala'),
('Reliance Pharmacy(PVT).LTD-Negombo city', 'Reliance Pharmacy(PVT).LTD-Negombo city', 'Negombo'),
('Robert Medicals-Kimbulapitiya', 'Robert Medicals-Kimbulapitiya', 'Negombo'),
('Rolek Pharmaceuticals-M', 'Rolek Pharmaceuticals-M', 'Kuliyapitiya'),
('Rose Villa Pharmacy-Wattala city', 'Rose Villa Pharmacy-Wattala city', 'Wattala'),
('Roshani Pharmacy-Ja - Ela City', 'Roshani Pharmacy-Ja - Ela City', 'Ja - Ela'),
('Royal Pharmacy - Makandura-Pannala', 'Royal Pharmacy - Makandura-Pannala', 'Pannala'),
('Royal Pharmacy Lanka(Pvt)Ltd-Negombo city', 'Royal Pharmacy Lanka(Pvt)Ltd-Negombo city', 'Negombo'),
('Royal Pharmacy-Kandana', 'Royal Pharmacy-Kandana', 'Kandana'),
('Royal Pharmacy-Lunuwila', 'Royal Pharmacy-Lunuwila', 'Wennappuwa'),
('Royal Pharmacy-Negombo city', 'Royal Pharmacy-Negombo city', 'Negombo'),
('S&G Pharmacy-Kattuwa', 'S&G Pharmacy-Kattuwa', 'Negombo'),
('S&S Medical-Negombo city', 'S&S Medical-Negombo city', 'Negombo'),
('Sachee Jayalingam-Negombo city', 'Sachee Jayalingam-Negombo city', 'Negombo'),
('Saduni Pharmcy-Dankotuwa', 'Saduni Pharmcy-Dankotuwa', 'Wennappuwa'),
('Safayar Pharmacy-Kuliyapitiya', 'Safayar Pharmacy-Kuliyapitiya', 'Kuliyapitiya'),
('Sahana Osusala-Ragama', 'Sahana Osusala-Ragama', 'Wattala'),
('Sahanaya Drugs & Grocery-Mahawewa', 'Sahanaya Drugs & Grocery-Mahawewa', 'Marawila'),
('Samarashingeha Pharmacy-Ragama', 'Samarashingeha Pharmacy-Ragama', 'Wattala'),
('Sampath Pharmacy-Ragama', 'Sampath Pharmacy-Ragama', 'Wattala'),
('Samudura Pharmacy-Seeduwa', 'Samudura Pharmacy-Seeduwa', 'Ja - Ela'),
('Santhana Pharmacy-Marawila city', 'Santhana Pharmacy-Marawila city', 'Marawila'),
('Sarani Pharmacy-Waikkala', 'Sarani Pharmacy-Waikkala', 'Wennappuwa'),
('Sasithma Pharmacy-Ja - Ela City', 'Sasithma Pharmacy-Ja - Ela City', 'Ja - Ela'),
('Sea Street Osu Sala-Negombo city', 'Sea Street Osu Sala-Negombo city', 'Negombo'),
('Seeduwa Medicals Stores-Seeduwa', 'Seeduwa Medicals Stores-Seeduwa', 'Ja - Ela'),
('Seeduwa Osu sala-Seeduwa', 'Seeduwa Osu sala-Seeduwa', 'Ja - Ela'),
('Selani Pharmacy-Madampe', 'Selani Pharmacy-Madampe', 'Marawila'),
('Senarath Pharmacy-Ja - Ela City', 'Senarath Pharmacy-Ja - Ela City', 'Ja - Ela'),
('Sesatha Pharmacy-Kandana', 'Sesatha Pharmacy-Kandana', 'Kandana'),
('Sethma Pharmacy - Kandana-Kandana', 'Sethma Pharmacy - Kandana-Kandana', 'Kandana'),
('Sethsiri Pharamacy-Ganemulla', 'Sethsiri Pharamacy-Ganemulla', 'Gampaha'),
('Sethsiri Pharmacy-Bingiriya', 'Sethsiri Pharmacy-Bingiriya', 'Chilaw'),
('Shanthi Pharmacy - Katana-Katana', 'Shanthi Pharmacy - Katana-Katana', 'Negombo'),
('Shanthi Pharmacy-Negombo city', 'Shanthi Pharmacy-Negombo city', 'Negombo'),
('Shri Lanka Pharmacy-Katunayake', 'Shri Lanka Pharmacy-Katunayake', 'Ja - Ela'),
('Sidet Medical Center - Negombo-Dalupotha', 'Sidet Medical Center - Negombo-Dalupotha', 'Negombo'),
('Silveray Pharmacy-Negombo city', 'Silveray Pharmacy-Negombo city', 'Negombo'),
('Sisila Multy Shop & Pharmacy-Udubaddawa', 'Sisila Multy Shop & Pharmacy-Udubaddawa', 'Kuliyapitiya'),
('Sithara Pharmacy-Wennappuwa', 'Sithara Pharmacy-Wennappuwa', 'Wennappuwa'),
('Sithmina Pharmacy-Marndagahamula', 'Sithmina Pharmacy-Marndagahamula', 'Minuwangoda'),
('Sithumina Pharmacy 1-Madampe', 'Sithumina Pharmacy 1-Madampe', 'Marawila'),
('Siyapatha Mini Mart Pharmacy-Ragama', 'Siyapatha Mini Mart Pharmacy-Ragama', 'Wattala'),
('Sri Pharmacy-Negombo city', 'Sri Pharmacy-Negombo city', 'Negombo'),
('Sri Sathya-Wattala city', 'Sri Sathya-Wattala city', 'Wattala'),
('Srilak Pharmacy & Grocery-Seeduwa', 'Srilak Pharmacy & Grocery-Seeduwa', 'Ja - Ela'),
('St.Anthony\'s Pharmacy - Dankotuwa-Dankotuwa', 'St.Anthony\'s Pharmacy - Dankotuwa-Dankotuwa', 'Wennappuwa'),
('St.Anthony\'s Pharmacy-Mahawewa-Mahawewa', 'St.Anthony\'s Pharmacy-Mahawewa-Mahawewa', 'Marawila'),
('St.Ciciliya Pharmacy-Wennappuwa', 'St.Ciciliya Pharmacy-Wennappuwa', 'Wennappuwa'),
('St.Joseph Pharmacy-Wennappuwa', 'St.Joseph Pharmacy-Wennappuwa', 'Wennappuwa'),
('St.Joseph\'s Pharmacy-Bopitiya', 'St.Joseph\'s Pharmacy-Bopitiya', 'Ja - Ela'),
('St.Joseph\'s Pharmacy-Ja - Ela City', 'St.Joseph\'s Pharmacy-Ja - Ela City', 'Ja - Ela'),
('St.Jude Pharmacy-Katuneriya-Katuneriya', 'St.Jude Pharmacy-Katuneriya-Katuneriya', 'Wennappuwa'),
('St.Jude\'s Pharmacy - Ja-Ela-Ja - Ela City', 'St.Jude\'s Pharmacy - Ja-Ela-Ja - Ela City', 'Ja - Ela'),
('St.Jude\'s Pharmacy - Seeduwa-Seeduwa', 'St.Jude\'s Pharmacy - Seeduwa-Seeduwa', 'Ja - Ela'),
('St.Mary\'s Pharmacy - Katunayake-Katunayake', 'St.Mary\'s Pharmacy - Katunayake-Katunayake', 'Ja - Ela'),
('Suasi Pharmacy-Nattandiya', 'Suasi Pharmacy-Nattandiya', 'Marawila'),
('Subani Pharmacy-Negombo city', 'Subani Pharmacy-Negombo city', 'Negombo'),
('Sudish Pharmacy & Grocerry-Wattala city', 'Sudish Pharmacy & Grocerry-Wattala city', 'Wattala'),
('Suhada Pharmacy (Pvt) Ltd-Chilaw', 'Suhada Pharmacy (Pvt) Ltd-Chilaw', 'Chilaw'),
('Sujith Nonis Dr.-Minuwangoda', 'Sujith Nonis Dr.-Minuwangoda', 'Minuwangoda'),
('Super Medical-Negombo city', 'Super Medical-Negombo city', 'Negombo'),
('Supreme Pharmacy-Katana', 'Supreme Pharmacy-Katana', 'Negombo'),
('Suranga Pharmacy-Katana', 'Suranga Pharmacy-Katana', 'Negombo'),
('Suvini Pharmacy-Bingiriya', 'Suvini Pharmacy-Bingiriya', 'Chilaw'),
('Suwana Pharmacy-Chilaw', 'Suwana Pharmacy-Chilaw', 'Chilaw'),
('Suwaneth Pharmacy-Kuliyapitiya', 'Suwaneth Pharmacy-Kuliyapitiya', 'Kuliyapitiya'),
('Suwani Pharmacy-Hettipola', 'Suwani Pharmacy-Hettipola', 'Hettipola'),
('Suwasala Pharmacy-Kimbulapitiya', 'Suwasala Pharmacy-Kimbulapitiya', 'Negombo'),
('Suwasarana Osusala-Negombo city', 'Suwasarana Osusala-Negombo city', 'Negombo'),
('Suwasaviya medical center-Diulapitiya', 'Suwasaviya medical center-Diulapitiya', 'Minuwangoda'),
('Suwasetha Osu Sala-Diulapitiya', 'Suwasetha Osu Sala-Diulapitiya', 'Minuwangoda'),
('Thalahena Pharmacy-Thalahena', 'Thalahena Pharmacy-Thalahena', 'Negombo'),
('The Britise Stores-Nattandiya', 'The Britise Stores-Nattandiya', 'Marawila'),
('The British Pharmacy-Dankotuwa', 'The British Pharmacy-Dankotuwa', 'Wennappuwa'),
('The New Pharmacy - Galgamuwa-Galgamuwa', 'The New Pharmacy - Galgamuwa-Galgamuwa', 'Galgamuwa'),
('The New Pharmacy-Marandagahamula-Marndagahamula', 'The New Pharmacy-Marandagahamula-Marndagahamula', 'Minuwangoda'),
('The Pharma Co (Pvt) Ltd-Negombo city', 'The Pharma Co (Pvt) Ltd-Negombo city', 'Negombo'),
('The Pharmacy A.P.Y (Pvt) Ltd-Ja - Ela City', 'The Pharmacy A.P.Y (Pvt) Ltd-Ja - Ela City', 'Ja - Ela'),
('The Pharmacy-Negombo city', 'The Pharmacy-Negombo city', 'Negombo'),
('Thenuka Pharmacy-Negombo city', 'Thenuka Pharmacy-Negombo city', 'Negombo'),
('Thilina Pharmacy-Ekala', 'Thilina Pharmacy-Ekala', 'Ja - Ela'),
('Trust Chemist-Kochchikade', 'Trust Chemist-Kochchikade', 'Negombo'),
('Tudella Pharmacy-Ja - Ela City', 'Tudella Pharmacy-Ja - Ela City', 'Ja - Ela'),
('Union Chemist (pvt) Ltd-Wattala city', 'Union Chemist (pvt) Ltd-Wattala city', 'Wattala'),
('Union Pharmacy Negombo-Negombo city', 'Union Pharmacy Negombo-Negombo city', 'Negombo'),
('Union Pharmacy-Chilaw', 'Union Pharmacy-Chilaw', 'Chilaw'),
('Unique Pharmacy-Negombo city', 'Unique Pharmacy-Negombo city', 'Negombo'),
('V.M pharmacy-Negombo city', 'V.M pharmacy-Negombo city', 'Negombo'),
('W.Mendis Chemists-Lunuwila', 'W.Mendis Chemists-Lunuwila', 'Wennappuwa'),
('Welikala Chemist-Raddolugama', 'Welikala Chemist-Raddolugama', 'Ja - Ela'),
('Westan Pharmacy-Pannala', 'Westan Pharmacy-Pannala', 'Pannala'),
('Western Pharmaceuticals-Wennappuwa', 'Western Pharmaceuticals-Wennappuwa', 'Wennappuwa'),
('Western Pharmacy - Madurankuliya-Madurankuliya', 'Western Pharmacy - Madurankuliya-Madurankuliya', 'Puttalam'),
('Wijaya  Medical, Lunuwilla-Lunuwila', 'Wijaya  Medical, Lunuwilla-Lunuwila', 'Wennappuwa'),
('X-Lab Pharamacy-Negombo city', 'X-Lab Pharamacy-Negombo city', 'Negombo');

-- --------------------------------------------------------

--
-- Table structure for table `sanoutupload`
--

DROP TABLE IF EXISTS `sanoutupload`;
CREATE TABLE IF NOT EXISTS `sanoutupload` (
  `sID` varchar(50) NOT NULL,
  `sCustName` varchar(50) NOT NULL,
  `sTown` varchar(20) NOT NULL,
  `inv` varchar(20) NOT NULL,
  `date` date DEFAULT NULL,
  `age` int(11) DEFAULT NULL,
  `amount` float DEFAULT NULL,
  `balAmount` float DEFAULT NULL,
  PRIMARY KEY (`inv`),
  KEY `hID` (`sID`)
) ENGINE=InnoDB DEFAULT CHARSET=latin1;

--
-- Dumping data for table `sanoutupload`
--

INSERT INTO `sanoutupload` (`sID`, `sCustName`, `sTown`, `inv`, `date`, `age`, `amount`, `balAmount`) VALUES
('Harith Pharmacy-Kandana', 'Harith Pharmacy-Kandana', 'Kandana', 'IB-006853', '2016-10-22', 1046, NULL, 28683),
('Safayar Pharmacy-Kuliyapitiya', 'Safayar Pharmacy-Kuliyapitiya', 'Kuliyapitiya', 'IB-008810', '2017-02-28', 917, NULL, 2052.63),
('Safayar Pharmacy-Kuliyapitiya', 'Safayar Pharmacy-Kuliyapitiya', 'Kuliyapitiya', 'IB-009260', '2017-03-28', 889, NULL, 1315.8),
('Safayar Pharmacy-Kuliyapitiya', 'Safayar Pharmacy-Kuliyapitiya', 'Kuliyapitiya', 'IB-009347', '2017-04-03', 883, NULL, 13699.3),
('Sesatha Pharmacy-Kandana', 'Sesatha Pharmacy-Kandana', 'Kandana', 'IB-009387', '2017-04-05', 881, NULL, 10996.2),
('New Chris Pharmacy-Minuwangoda', 'New Chris Pharmacy-Minuwangoda', 'Minuwangoda', 'IB-012723', '2017-12-04', 638, NULL, 6794.15),
('New Chris Pharmacy-Minuwangoda', 'New Chris Pharmacy-Minuwangoda', 'Minuwangoda', 'IB-012994', '2017-12-21', 621, NULL, 7692.8),
('Sethma Pharmacy - Kandana-Kandana', 'Sethma Pharmacy - Kandana-Kandana', 'Kandana', 'IB-013221', '2018-05-31', 460, NULL, 25600.8),
('Welikala Chemist-Raddolugama', 'Welikala Chemist-Raddolugama', 'Ja - Ela', 'IB-013234', '2018-05-31', 460, NULL, 811.6),
('Super Medical-Negombo city', 'Super Medical-Negombo city', 'Negombo', 'IB-013296', '2018-06-08', 452, NULL, 17155.4),
('New Pharmacy-Ganemulla.-Ganemulla', 'New Pharmacy-Ganemulla.-Ganemulla', 'Gampaha', 'IB-013413', '2018-06-16', 444, NULL, 2334),
('Indra Pharmacy-Andiambalama-Diulapitiya', 'Indra Pharmacy-Andiambalama-Diulapitiya', 'Minuwangoda', 'IB-013446', '2018-06-18', 442, NULL, 18972.2),
('St.Jude\'s Pharmacy - Seeduwa-Seeduwa', 'St.Jude\'s Pharmacy - Seeduwa-Seeduwa', 'Ja - Ela', 'IB-013554', '2018-06-29', 431, NULL, 2377.2),
('St.Ciciliya Pharmacy-Wennappuwa', 'St.Ciciliya Pharmacy-Wennappuwa', 'Wennappuwa', 'IB-013593', '2018-06-29', 431, NULL, 6495),
('The Britise Stores-Nattandiya', 'The Britise Stores-Nattandiya', 'Marawila', 'IB-013738', '2018-07-12', 418, NULL, 1188.6),
('The New Pharmacy - Galgamuwa-Galgamuwa', 'The New Pharmacy - Galgamuwa-Galgamuwa', 'Galgamuwa', 'IB-013772', '2018-07-16', 414, NULL, 736.8),
('Roshani Pharmacy-Ja - Ela City', 'Roshani Pharmacy-Ja - Ela City', 'Ja - Ela', 'IB-013773', '2018-07-17', 413, NULL, 735.25),
('Sethma Pharmacy - Kandana-Kandana', 'Sethma Pharmacy - Kandana-Kandana', 'Kandana', 'IB-013878', '2018-07-25', 405, NULL, 40303.6),
('Suwani Pharmacy-Hettipola', 'Suwani Pharmacy-Hettipola', 'Hettipola', 'IB-013967', '2018-08-04', 395, NULL, 8532.85),
('Harith Pharmacy-Kandana', 'Harith Pharmacy-Kandana', 'Kandana', 'ID-006818', '2016-10-21', 1047, NULL, 16515.3),
('Safayar Pharmacy-Kuliyapitiya', 'Safayar Pharmacy-Kuliyapitiya', 'Kuliyapitiya', 'ID-008511', '2017-02-17', 928, NULL, 8941.75),
('New Chris Pharmacy-Minuwangoda', 'New Chris Pharmacy-Minuwangoda', 'Minuwangoda', 'ID-011821', '2017-09-25', 708, NULL, 5157.53),
('Selani Pharmacy-Madampe', 'Selani Pharmacy-Madampe', 'Marawila', 'ID-012318', '2017-10-25', 678, NULL, 1893),
('New Chris Pharmacy-Minuwangoda', 'New Chris Pharmacy-Minuwangoda', 'Minuwangoda', 'ID-012781', '2017-11-20', 652, NULL, 11001.6),
('New Chris Pharmacy-Minuwangoda', 'New Chris Pharmacy-Minuwangoda', 'Minuwangoda', 'ID-013054', '2017-12-05', 637, NULL, 5263.15),
('New Chris Pharmacy-Minuwangoda', 'New Chris Pharmacy-Minuwangoda', 'Minuwangoda', 'ID-013060', '2017-12-05', 637, NULL, 3325.8),
('Union Pharmacy Negombo-Negombo city', 'Union Pharmacy Negombo-Negombo city', 'Negombo', 'ID-013224', '2017-12-12', 630, NULL, 5263.15),
('W.Mendis Chemists-Lunuwila', 'W.Mendis Chemists-Lunuwila', 'Wennappuwa', 'ID-013240', '2017-12-13', 629, NULL, 5263.15),
('New Chris Pharmacy-Aweriwatta', 'New Chris Pharmacy-Aweriwatta', 'Ja - Ela', 'ID-013408', '2017-12-20', 622, NULL, 5294.72),
('New Chris Pharmacy-Minuwangoda', 'New Chris Pharmacy-Minuwangoda', 'Minuwangoda', 'ID-013410', '2017-12-20', 622, NULL, 10525),
('New Chrish Pharamacy-Minuwangoda', 'New Chrish Pharamacy-Minuwangoda', 'Minuwangoda', 'ID-013833', '2018-01-22', 589, NULL, 12707.1),
('X-Lab Pharamacy-Negombo city', 'X-Lab Pharamacy-Negombo city', 'Negombo', 'ID-013913', '2018-01-26', 585, NULL, 5263.15),
('C.N.S PHARMACY-Chilaw', 'C.N.S PHARMACY-Chilaw', 'Chilaw', 'ID-013980', '2018-01-30', 581, NULL, 11886),
('C.N.S PHARMACY-Chilaw', 'C.N.S PHARMACY-Chilaw', 'Chilaw', 'ID-014495', '2018-03-05', 547, NULL, 51400.8),
('J & S Pharamacy-Chilaw', 'J & S Pharamacy-Chilaw', 'Chilaw', 'ID-014599', '2018-03-14', 538, NULL, 5263),
('Home Needs Pharmacy-Wennappuwa', 'Home Needs Pharmacy-Wennappuwa', 'Wennappuwa', 'ID-014829', '2018-03-27', 525, NULL, 7669.35),
('Western Pharmaceuticals-Wennappuwa', 'Western Pharmaceuticals-Wennappuwa', 'Wennappuwa', 'ID-015060', '2018-04-11', 510, NULL, 23772),
('Anrita Pharmacy-Kochchikade', 'Anrita Pharmacy-Kochchikade', 'Negombo', 'ID-015083', '2018-04-18', 503, NULL, 5263.15),
('Anrita Pharmacy-Kochchikade', 'Anrita Pharmacy-Kochchikade', 'Negombo', 'ID-015085', '2018-04-18', 503, NULL, 2237),
('CC-Cash Payment-aaaa', 'CC-Cash Payment-aaaa', 'Chilaw', 'ID-015292', '2018-05-02', 489, NULL, 1104.83),
('Dunagaha Osusala-Dunagaha', 'Dunagaha Osusala-Dunagaha', 'Minuwangoda', 'ID-015386', '2018-05-09', 482, NULL, 5310.6),
('Dr. Prasanna Dissanayaka-Chilaw', 'Dr. Prasanna Dissanayaka-Chilaw', 'Chilaw', 'ID-015506', '2018-05-18', 473, NULL, 3757.5),
('New Medical Stores - Marawila-Marawila city', 'New Medical Stores - Marawila-Marawila city', 'Marawila', 'ID-015621', '2018-05-30', 461, NULL, 5943),
('St.Joseph Pharmacy-Wennappuwa', 'St.Joseph Pharmacy-Wennappuwa', 'Wennappuwa', 'ID-015624', '2018-05-30', 461, NULL, 3188),
('Nawa Osusala -Divlapitiya-Diulapitiya', 'Nawa Osusala -Divlapitiya-Diulapitiya', 'Minuwangoda', 'ID-015702', '2018-06-04', 456, NULL, 657.89),
('Hiru Pharmacy-Katana', 'Hiru Pharmacy-Katana', 'Negombo', 'ID-015717', '2018-06-05', 455, NULL, 22368.4),
('Dunagaha Osusala-Dunagaha', 'Dunagaha Osusala-Dunagaha', 'Minuwangoda', 'ID-015718', '2018-06-05', 455, NULL, 13375),
('Sithmina Pharmacy-Marndagahamula', 'Sithmina Pharmacy-Marndagahamula', 'Minuwangoda', 'ID-015719', '2018-06-05', 455, NULL, 22368.4),
('The New Pharmacy-Marandagahamula-Marndagahamula', 'The New Pharmacy-Marandagahamula-Marndagahamula', 'Minuwangoda', 'ID-015720', '2018-06-05', 455, NULL, 22368.4),
('S&S Medical-Negombo city', 'S&S Medical-Negombo city', 'Negombo', 'ID-015721', '2018-06-05', 455, NULL, 22368.4),
('Jayakodi Pharmacy-Negombo city', 'Jayakodi Pharmacy-Negombo city', 'Negombo', 'ID-015722', '2018-06-05', 455, NULL, 15789.5),
('Maduri Pharmacy-Diulapitiya', 'Maduri Pharmacy-Diulapitiya', 'Minuwangoda', 'ID-015746', '2018-06-06', 454, NULL, 22368.4),
('Thenuka Pharmacy-Negombo city', 'Thenuka Pharmacy-Negombo city', 'Negombo', 'ID-015748', '2018-06-06', 454, NULL, 22368.4),
('K&K Pharmacy-Minuwangoda', 'K&K Pharmacy-Minuwangoda', 'Minuwangoda', 'ID-015749', '2018-06-06', 454, NULL, 22068),
('New Chalani Pharmacy-Minuwangoda', 'New Chalani Pharmacy-Minuwangoda', 'Minuwangoda', 'ID-015750', '2018-06-06', 454, NULL, 22368.4),
('Mahajana Osusala - Negombo-Negombo city', 'Mahajana Osusala - Negombo-Negombo city', 'Negombo', 'ID-015751', '2018-06-06', 454, NULL, 15789.5),
('M.C Pharmacy-Minuwangoda', 'M.C Pharmacy-Minuwangoda', 'Minuwangoda', 'ID-015752', '2018-06-06', 454, NULL, 7456),
('Kalidson Pharmacy-Negombo city', 'Kalidson Pharmacy-Negombo city', 'Negombo', 'ID-015763', '2018-06-07', 453, NULL, 22368.4),
('Supreme Pharmacy-Katana', 'Supreme Pharmacy-Katana', 'Negombo', 'ID-015764', '2018-06-07', 453, NULL, 22368.4),
('Suranga Pharmacy-Katana', 'Suranga Pharmacy-Katana', 'Negombo', 'ID-015765', '2018-06-07', 453, NULL, 12688),
('Reliance Pharmacy(PVT).LTD-Negombo city', 'Reliance Pharmacy(PVT).LTD-Negombo city', 'Negombo', 'ID-015766', '2018-06-07', 453, NULL, 22368.4),
('Silveray Pharmacy-Negombo city', 'Silveray Pharmacy-Negombo city', 'Negombo', 'ID-015767', '2018-06-07', 453, NULL, 22368.4),
('Shanthi Pharmacy - Katana-Katana', 'Shanthi Pharmacy - Katana-Katana', 'Negombo', 'ID-015768', '2018-06-07', 453, NULL, 22368.4),
('K.S.A Medical-Negombo city', 'K.S.A Medical-Negombo city', 'Negombo', 'ID-015807', '2018-06-09', 451, NULL, 22368.4),
('Union Pharmacy Negombo-Negombo city', 'Union Pharmacy Negombo-Negombo city', 'Negombo', 'ID-015808', '2018-06-09', 451, NULL, 22368.4),
('Ajantha Medicals-Kochchikade', 'Ajantha Medicals-Kochchikade', 'Negombo', 'ID-015809', '2018-06-09', 451, NULL, 22368.4),
('The British Pharmacy-Dankotuwa', 'The British Pharmacy-Dankotuwa', 'Wennappuwa', 'ID-015810', '2018-06-09', 451, NULL, 22368.4),
('Royal Pharmacy - Makandura-Pannala', 'Royal Pharmacy - Makandura-Pannala', 'Pannala', 'ID-015811', '2018-06-09', 451, NULL, 26831),
('Oshidi Medical-Dankotuwa', 'Oshidi Medical-Dankotuwa', 'Wennappuwa', 'ID-015812', '2018-06-09', 451, NULL, 22368.4),
('Gayasha Pharmacy-Waikkala', 'Gayasha Pharmacy-Waikkala', 'Wennappuwa', 'ID-015813', '2018-06-09', 451, NULL, 3728),
('St.Anthony\'s Pharmacy - Dankotuwa-Dankotuwa', 'St.Anthony\'s Pharmacy - Dankotuwa-Dankotuwa', 'Wennappuwa', 'ID-015814', '2018-06-09', 451, NULL, 22368.4),
('New Western Pharmacy-Wennappuwa', 'New Western Pharmacy-Wennappuwa', 'Wennappuwa', 'ID-015815', '2018-06-09', 451, NULL, 22368.4),
('Rolek Pharmaceuticals-M', 'Rolek Pharmaceuticals-M', 'Kuliyapitiya', 'ID-015816', '2018-06-09', 451, NULL, 42105.2),
('Sithumina Pharmacy 1-Madampe', 'Sithumina Pharmacy 1-Madampe', 'Marawila', 'ID-015817', '2018-06-09', 451, NULL, 22368.4),
('J & S Pharamacy-Chilaw', 'J & S Pharamacy-Chilaw', 'Chilaw', 'ID-015818', '2018-06-09', 451, NULL, 10904),
('Sethsiri Pharmacy-Bingiriya', 'Sethsiri Pharmacy-Bingiriya', 'Chilaw', 'ID-015819', '2018-06-09', 451, NULL, 22368.4),
('Healthy Care Pharmacy-Chilaw', 'Healthy Care Pharmacy-Chilaw', 'Chilaw', 'ID-015820', '2018-06-09', 451, NULL, 3728),
('Union Pharmacy-Chilaw', 'Union Pharmacy-Chilaw', 'Chilaw', 'ID-015821', '2018-06-09', 451, NULL, 22368.4),
('Rajapaksha Pharmacy & Grocery-Madampe', 'Rajapaksha Pharmacy & Grocery-Madampe', 'Marawila', 'ID-015822', '2018-06-09', 451, NULL, 22368.4),
('New Pharmacy-Chilaw', 'New Pharmacy-Chilaw', 'Chilaw', 'ID-015823', '2018-06-09', 451, NULL, 22368.4),
('New Central Pharmacy - Chilaw-Chilaw', 'New Central Pharmacy - Chilaw-Chilaw', 'Chilaw', 'ID-015827', '2018-06-09', 451, NULL, 22368.4),
('Araliya Pharmacy-Marawila city', 'Araliya Pharmacy-Marawila city', 'Marawila', 'ID-015828', '2018-06-09', 451, NULL, 22368.4),
('Santhana Pharmacy-Marawila city', 'Santhana Pharmacy-Marawila city', 'Marawila', 'ID-015829', '2018-06-09', 451, NULL, 22368.4),
('New Medical Stores - Marawila-Marawila city', 'New Medical Stores - Marawila-Marawila city', 'Marawila', 'ID-015830', '2018-06-09', 451, NULL, 20293),
('The Britise Stores-Nattandiya', 'The Britise Stores-Nattandiya', 'Marawila', 'ID-015831', '2018-06-09', 451, NULL, 22368.4),
('Nalaka Pharmacy-Marawila city', 'Nalaka Pharmacy-Marawila city', 'Marawila', 'ID-015832', '2018-06-09', 451, NULL, 16562),
('C&D Pharmacy-Ja - Ela City', 'C&D Pharmacy-Ja - Ela City', 'Ja - Ela', 'ID-015836', '2018-06-11', 449, NULL, 22368.4),
('Digasiri Pharmacy-Ekala', 'Digasiri Pharmacy-Ekala', 'Ja - Ela', 'ID-015837', '2018-06-11', 449, NULL, 42105.2),
('Royal Pharmacy-Kandana', 'Royal Pharmacy-Kandana', 'Kandana', 'ID-015838', '2018-06-11', 449, NULL, 22368.4),
('New Lak Medical-Puttalam', 'New Lak Medical-Puttalam', 'Puttalam', 'ID-015841', '2018-06-11', 449, NULL, 22368.4),
('St.Joseph\'s Pharmacy-Ja - Ela City', 'St.Joseph\'s Pharmacy-Ja - Ela City', 'Ja - Ela', 'ID-015844', '2018-06-11', 449, NULL, 42105.2),
('St.Jude\'s Pharmacy - Seeduwa-Seeduwa', 'St.Jude\'s Pharmacy - Seeduwa-Seeduwa', 'Ja - Ela', 'ID-015845', '2018-06-11', 449, NULL, 3728),
('The Pharmacy A.P.Y (Pvt) Ltd-Ja - Ela City', 'The Pharmacy A.P.Y (Pvt) Ltd-Ja - Ela City', 'Ja - Ela', 'ID-015846', '2018-06-11', 449, NULL, 11184),
('Srilak Pharmacy & Grocery-Seeduwa', 'Srilak Pharmacy & Grocery-Seeduwa', 'Ja - Ela', 'ID-015847', '2018-06-11', 449, NULL, 22368.4),
('Seeduwa Medicals Stores-Seeduwa', 'Seeduwa Medicals Stores-Seeduwa', 'Ja - Ela', 'ID-015848', '2018-06-11', 449, NULL, 11968.4),
('Orient Pharmacy-Katunayaka-Aweriwatta', 'Orient Pharmacy-Katunayaka-Aweriwatta', 'Ja - Ela', 'ID-015849', '2018-06-11', 449, NULL, 22368.4),
('Shri Lanka Pharmacy-Katunayake', 'Shri Lanka Pharmacy-Katunayake', 'Ja - Ela', 'ID-015850', '2018-06-11', 449, NULL, 22368.4),
('St.Mary\'s Pharmacy - Katunayake-Katunayake', 'St.Mary\'s Pharmacy - Katunayake-Katunayake', 'Ja - Ela', 'ID-015851', '2018-06-11', 449, NULL, 22368.4),
('Suwasaviya medical center-Diulapitiya', 'Suwasaviya medical center-Diulapitiya', 'Minuwangoda', 'ID-015852', '2018-06-11', 449, NULL, 73690.4),
('Dr Eranga Indragith-Bowatta', 'Dr Eranga Indragith-Bowatta', 'Chilaw', 'ID-015853', '2018-06-11', 449, NULL, 44736.8),
('DR.M.R.M.Sedeek-Puttalam', 'DR.M.R.M.Sedeek-Puttalam', 'Puttalam', 'ID-015854', '2018-06-11', 449, NULL, 61855.4),
('Dr. Dhammika Abesinghe-Bopitiya', 'Dr. Dhammika Abesinghe-Bopitiya', 'Ja - Ela', 'ID-015856', '2018-06-11', 449, NULL, 34736.8),
('Dr Laksiri lokuliyanage-Ja - Ela City', 'Dr Laksiri lokuliyanage-Ja - Ela City', 'Ja - Ela', 'ID-015857', '2018-06-11', 449, NULL, 34736),
('Dr. Sasitha Thenuwara-Chilaw', 'Dr. Sasitha Thenuwara-Chilaw', 'Chilaw', 'ID-015858', '2018-06-11', 449, NULL, 30000),
('New Lanka Pharmacy-Negombo city', 'New Lanka Pharmacy-Negombo city', 'Negombo', 'ID-015862', '2018-06-11', 449, NULL, 126316),
('Madara Pharmacy-Kuliyapitiya', 'Madara Pharmacy-Kuliyapitiya', 'Kuliyapitiya', 'ID-015871', '2018-06-12', 448, NULL, 22368.4),
('Jayasiri Pharmacy-Nattandiya', 'Jayasiri Pharmacy-Nattandiya', 'Marawila', 'ID-015872', '2018-06-12', 448, NULL, 22368.4),
('Lolitha Pharmacy-Kuliyapitiya', 'Lolitha Pharmacy-Kuliyapitiya', 'Kuliyapitiya', 'ID-015873', '2018-06-12', 448, NULL, 22368.4),
('Suwaneth Pharmacy-Kuliyapitiya', 'Suwaneth Pharmacy-Kuliyapitiya', 'Kuliyapitiya', 'ID-015874', '2018-06-12', 448, NULL, 18640.4),
('Senarath Pharmacy-Ja - Ela City', 'Senarath Pharmacy-Ja - Ela City', 'Ja - Ela', 'ID-015902', '2018-06-13', 447, NULL, 22368.4),
('Pamunugama Pharmacy-Bopitiya', 'Pamunugama Pharmacy-Bopitiya', 'Ja - Ela', 'ID-015903', '2018-06-13', 447, NULL, 18640.4),
('St.Joseph\'s Pharmacy-Bopitiya', 'St.Joseph\'s Pharmacy-Bopitiya', 'Ja - Ela', 'ID-015904', '2018-06-13', 447, NULL, 18640),
('Thilina Pharmacy-Ekala', 'Thilina Pharmacy-Ekala', 'Ja - Ela', 'ID-015905', '2018-06-13', 447, NULL, 18640),
('Nawa Osusala 2-Ja - Ela City', 'Nawa Osusala 2-Ja - Ela City', 'Ja - Ela', 'ID-015906', '2018-06-13', 447, NULL, 22368.4),
('CC-Cash Payment-aaaa', 'CC-Cash Payment-aaaa', 'Chilaw', 'ID-015908', '2018-06-13', 447, NULL, 5972.1),
('Shri Lanka Pharmacy-Katunayake', 'Shri Lanka Pharmacy-Katunayake', 'Ja - Ela', 'ID-015922', '2018-06-14', 446, NULL, 22368.4),
('New Central Pharmacy - Negombo-Negombo city', 'New Central Pharmacy - Negombo-Negombo city', 'Negombo', 'ID-015923', '2018-06-14', 446, NULL, 22368.4),
('Better Health Pharmacy-Negombo city', 'Better Health Pharmacy-Negombo city', 'Negombo', 'ID-015924', '2018-06-14', 446, NULL, 22368.4),
('City Medicals - Negombo-Negombo city', 'City Medicals - Negombo-Negombo city', 'Negombo', 'ID-015925', '2018-06-14', 446, NULL, 22368.4),
('Raddolugama Pharmacy-Raddolugama', 'Raddolugama Pharmacy-Raddolugama', 'Ja - Ela', 'ID-015926', '2018-06-14', 446, NULL, 22368.4),
('X-Lab Pharamacy-Negombo city', 'X-Lab Pharamacy-Negombo city', 'Negombo', 'ID-015936', '2018-06-15', 445, NULL, 22368.4),
('New Crystal Pharmacy-Negombo city', 'New Crystal Pharmacy-Negombo city', 'Negombo', 'ID-015937', '2018-06-15', 445, NULL, 22368.4),
('Robert Medicals-Kimbulapitiya', 'Robert Medicals-Kimbulapitiya', 'Negombo', 'ID-015938', '2018-06-15', 445, NULL, 22368.4),
('Dr. Mahendra Devide-Katana', 'Dr. Mahendra Devide-Katana', 'Negombo', 'ID-015939', '2018-06-15', 445, NULL, 42105.2),
('Dr. Srimal Fernando-Negombo city', 'Dr. Srimal Fernando-Negombo city', 'Negombo', 'ID-015940', '2018-06-15', 445, NULL, 42105.2),
('New Pharmacy-Ganemulla.-Ganemulla', 'New Pharmacy-Ganemulla.-Ganemulla', 'Gampaha', 'ID-015952', '2018-06-16', 444, NULL, 14385.9),
('Dinura Pharmacy-Ja - Ela City', 'Dinura Pharmacy-Ja - Ela City', 'Ja - Ela', 'ID-015954', '2018-06-16', 444, NULL, 14049),
('New Pharmacy-Ganemulla.-Ganemulla', 'New Pharmacy-Ganemulla.-Ganemulla', 'Gampaha', 'ID-015955', '2018-06-16', 444, NULL, 20208.4),
('Asiri pharmacy-Ganemulla', 'Asiri pharmacy-Ganemulla', 'Gampaha', 'ID-015956', '2018-06-16', 444, NULL, 12368),
('Sethsiri Pharamacy-Ganemulla', 'Sethsiri Pharamacy-Ganemulla', 'Gampaha', 'ID-015957', '2018-06-16', 444, NULL, 22368.4),
('Sahanaya Drugs & Grocery-Mahawewa', 'Sahanaya Drugs & Grocery-Mahawewa', 'Marawila', 'ID-015968', '2018-06-18', 442, NULL, 22368.4),
('New Seth Pharmacy-Chilaw', 'New Seth Pharmacy-Chilaw', 'Chilaw', 'ID-015971', '2018-06-18', 442, NULL, 22368.4),
('Aman Pharmacy-Madampe', 'Aman Pharmacy-Madampe', 'Marawila', 'ID-015972', '2018-06-18', 442, NULL, 22368.4),
('Royal Pharmacy Lanka(Pvt)Ltd-Negombo city', 'Royal Pharmacy Lanka(Pvt)Ltd-Negombo city', 'Negombo', 'ID-015975', '2018-06-18', 442, NULL, 210526),
('Negombo Food & Drugs-Negombo city', 'Negombo Food & Drugs-Negombo city', 'Negombo', 'ID-015976', '2018-06-18', 442, NULL, 22368.4),
('Dr Laksiri lokuliyanage-Ja - Ela City', 'Dr Laksiri lokuliyanage-Ja - Ela City', 'Ja - Ela', 'ID-016007', '2018-06-20', 440, NULL, 84210.4),
('Balasooriya Pharmacy-Puttalam', 'Balasooriya Pharmacy-Puttalam', 'Puttalam', 'ID-016045', '2018-06-22', 438, NULL, 210526),
('Hanyu Pharmacy-Puttalam', 'Hanyu Pharmacy-Puttalam', 'Puttalam', 'ID-016046', '2018-06-22', 438, NULL, 101935),
('Dr Udara fernando Dr,-Puttalam', 'Dr Udara fernando Dr,-Puttalam', 'Puttalam', 'ID-016047', '2018-06-22', 438, NULL, 126316),
('Lakwin international (pvt) limited-Kuliyapitiya', 'Lakwin international (pvt) limited-Kuliyapitiya', 'Kuliyapitiya', 'ID-016049', '2018-06-22', 438, NULL, 252631),
('K.F.D.(Pte) Ltd.-Kandana', 'K.F.D.(Pte) Ltd.-Kandana', 'Kandana', 'ID-016067', '2018-06-26', 434, NULL, 421052),
('Dr Laksiri lokuliyanage-Ja - Ela City', 'Dr Laksiri lokuliyanage-Ja - Ela City', 'Ja - Ela', 'ID-016126', '2018-06-29', 431, NULL, 84210.4),
('Sethsiri Pharmacy-Bingiriya', 'Sethsiri Pharmacy-Bingiriya', 'Chilaw', 'ID-016134', '2018-06-29', 431, NULL, 42105.2),
('Unique Pharmacy-Negombo city', 'Unique Pharmacy-Negombo city', 'Negombo', 'ID-016140', '2018-06-29', 431, NULL, 56301.8),
('Suwana Pharmacy-Chilaw', 'Suwana Pharmacy-Chilaw', 'Chilaw', 'ID-016141', '2018-06-29', 431, NULL, 17961),
('G.L Pharmaceuticals-Ja - Ela City', 'G.L Pharmaceuticals-Ja - Ela City', 'Ja - Ela', 'ID-016142', '2018-06-29', 431, NULL, 200702),
('Santhana Pharmacy-Marawila city', 'Santhana Pharmacy-Marawila city', 'Marawila', 'ID-016162', '2018-06-29', 431, NULL, 8158),
('Dr. M.R.M.Sadeek-Puttalam', 'Dr. M.R.M.Sadeek-Puttalam', 'Puttalam', 'ID-016167', '2018-06-29', 431, NULL, 3508.8),
('Sisila Multy Shop & Pharmacy-Udubaddawa', 'Sisila Multy Shop & Pharmacy-Udubaddawa', 'Kuliyapitiya', 'ID-016208', '2018-07-06', 424, NULL, 6321.88),
('J & J Pharmacy-Negombo city', 'J & J Pharmacy-Negombo city', 'Negombo', 'ID-016244', '2018-07-11', 419, NULL, 2434),
('Peoples Pharmacy - Raddolugama-Raddolugama', 'Peoples Pharmacy - Raddolugama-Raddolugama', 'Ja - Ela', 'ID-016293', '2018-07-12', 418, NULL, 5263.15),
('Dr. Palitha Perera-Dankotuwa', 'Dr. Palitha Perera-Dankotuwa', 'Wennappuwa', 'ID-016514', '2018-07-26', 404, NULL, 5092),
('The British Pharmacy-Dankotuwa', 'The British Pharmacy-Dankotuwa', 'Wennappuwa', 'ID-016551', '2018-07-30', 400, NULL, 3530.7),
('Western Pharmacy - Madurankuliya-Madurankuliya', 'Western Pharmacy - Madurankuliya-Madurankuliya', 'Puttalam', 'ID-016596', '2018-07-31', 399, NULL, 16978),
('G.L Pharmaceuticals-Ja - Ela City', 'G.L Pharmaceuticals-Ja - Ela City', 'Ja - Ela', 'ID-016608', '2018-08-01', 398, NULL, 17219),
('Suvini Pharmacy-Bingiriya', 'Suvini Pharmacy-Bingiriya', 'Chilaw', 'ID-016625', '2018-08-04', 395, NULL, 2785),
('Sethsiri Pharmacy-Bingiriya', 'Sethsiri Pharmacy-Bingiriya', 'Chilaw', 'ID-016626', '2018-08-04', 395, NULL, 2237),
('Suwani Pharmacy-Hettipola', 'Suwani Pharmacy-Hettipola', 'Hettipola', 'ID-016633', '2018-08-04', 395, NULL, 2061),
('D&D Pharmacy-Negombo city', 'D&D Pharmacy-Negombo city', 'Negombo', 'IM-006873', '2018-02-27', 553, NULL, 34950),
('D.M.K Pharmacy-Thambuththegama', 'D.M.K Pharmacy-Thambuththegama', 'Thambuththegama', 'IM-006938', '2018-03-07', 545, NULL, 4880),
('Dr. Thilak N. Ranasinghe-Wennappuwa', 'Dr. Thilak N. Ranasinghe-Wennappuwa', 'Wennappuwa', 'IM-007020', '2018-03-21', 531, NULL, 2680),
('Ajantha Medicals-Kochchikade', 'Ajantha Medicals-Kochchikade', 'Negombo', 'IM-007080', '2018-03-29', 523, NULL, 14650),
('Harith Pharmacy-Kandana', 'Harith Pharmacy-Kandana', 'Kandana', 'IN-008587', '2016-10-18', 1050, NULL, 24018.4),
('Osada Pharamacy-Dunagaha', 'Osada Pharamacy-Dunagaha', 'Minuwangoda', 'IN-015271', '2017-11-09', 663, NULL, 15660),
('Sidet Medical Center - Negombo-Dalupotha', 'Sidet Medical Center - Negombo-Dalupotha', 'Negombo', 'IN-017587', '2018-04-01', 520, NULL, 33363.5),
('Mohomed Faik-Negombo city', 'Mohomed Faik-Negombo city', 'Negombo', 'IN-017629', '2018-04-04', 517, NULL, 12923.5),
('Mohomed Faik-Negombo city', 'Mohomed Faik-Negombo city', 'Negombo', 'IN-017908', '2018-04-23', 498, NULL, 7927.5),
('The British Pharmacy-Dankotuwa', 'The British Pharmacy-Dankotuwa', 'Wennappuwa', 'IN-018341', '2018-05-16', 475, NULL, 6727.75),
('J.S Pharmacy-Bingiriya', 'J.S Pharmacy-Bingiriya', 'Chilaw', 'IN-019030', '2018-06-20', 440, NULL, 3634),
('Dr. S.S.Jagodage-Seeduwa', 'Dr. S.S.Jagodage-Seeduwa', 'Ja - Ela', 'IN-019094', '2018-06-25', 435, NULL, 5120),
('New Medical Stores - Marawila-Marawila city', 'New Medical Stores - Marawila-Marawila city', 'Marawila', 'IN-019783', '2018-07-30', 400, NULL, 6282),
('New Medicare Pharmacy-Aweriwatta', 'New Medicare Pharmacy-Aweriwatta', 'Ja - Ela', 'IN-019973', '2018-08-10', 389, NULL, 1652),
('The Britise Stores-Nattandiya', 'The Britise Stores-Nattandiya', 'Marawila', 'IN-020139', '2018-08-20', 379, NULL, 894),
('Healing pharmacy-Negombo city', 'Healing pharmacy-Negombo city', 'Negombo', 'IN-020216', '2018-08-24', 375, NULL, 376.5),
('RAPHAEL CARE (PVT) LIMITED-Chilaw', 'RAPHAEL CARE (PVT) LIMITED-Chilaw', 'Chilaw', 'IN-020255', '2018-08-28', 371, NULL, 34052.3),
('Sidet Medical Center - Negombo-Dalupotha', 'Sidet Medical Center - Negombo-Dalupotha', 'Negombo', 'IN-020307', '2018-08-30', 369, NULL, 8755),
('Osu Sala - Wattala-Wattala city', 'Osu Sala - Wattala-Wattala city', 'Wattala', 'IN-020496', '2018-09-10', 358, NULL, 33089),
('Orient Pharmacy-Katunayaka-Aweriwatta', 'Orient Pharmacy-Katunayaka-Aweriwatta', 'Ja - Ela', 'IN-020964', '2018-10-04', 334, NULL, 1058.3),
('Dr. Deepal Fonseka-Ja - Ela City', 'Dr. Deepal Fonseka-Ja - Ela City', 'Ja - Ela', 'IN-021480', '2018-11-05', 302, NULL, 15717),
('Dr. Deepal Fonseka-Ja - Ela City', 'Dr. Deepal Fonseka-Ja - Ela City', 'Ja - Ela', 'IN-021615', '2018-11-12', 295, NULL, 15717),
('St.Anthony\'s Pharmacy-Mahawewa-Mahawewa', 'St.Anthony\'s Pharmacy-Mahawewa-Mahawewa', 'Marawila', 'IN-021723', '2018-11-17', 290, NULL, 1404),
('Pavithra Pharmacy & Grocery-Mahawewa', 'Pavithra Pharmacy & Grocery-Mahawewa', 'Marawila', 'IN-021801', '2018-11-23', 284, NULL, 8780),
('Dr. Saliya Bobuwala-Minuwangoda', 'Dr. Saliya Bobuwala-Minuwangoda', 'Minuwangoda', 'IN-021841', '2018-11-26', 281, NULL, 8350),
('Pavithra Pharmacy & Grocery-Mahawewa', 'Pavithra Pharmacy & Grocery-Mahawewa', 'Marawila', 'IN-021901', '2018-11-28', 279, NULL, 4820),
('Health Line Pharmacy-Kandana', 'Health Line Pharmacy-Kandana', 'Kandana', 'IN-021956', '2018-11-28', 279, NULL, 8675.55),
('CC-Cash Payment-aaaa', 'CC-Cash Payment-aaaa', 'Chilaw', 'IN-021964', '2018-11-29', 278, NULL, 8359),
('Mahajana Pharmacy - Paliyagoda-Paliyagoda', 'Mahajana Pharmacy - Paliyagoda-Paliyagoda', 'Wattala', 'IN-021978', '2018-11-29', 278, NULL, 5037.6),
('Sidet Medical Center - Negombo-Dalupotha', 'Sidet Medical Center - Negombo-Dalupotha', 'Negombo', 'IN-022057', '2018-12-03', 274, NULL, 16159.5),
('Royal Pharmacy - Makandura-Pannala', 'Royal Pharmacy - Makandura-Pannala', 'Pannala', 'IN-022145', '2018-12-07', 270, NULL, 12910.8),
('New Central Pharmacy - Negombo-Negombo city', 'New Central Pharmacy - Negombo-Negombo city', 'Negombo', 'IN-022315', '2018-12-18', 259, NULL, 5762),
('Siyapatha Mini Mart Pharmacy-Ragama', 'Siyapatha Mini Mart Pharmacy-Ragama', 'Wattala', 'IN-022464', '2018-12-28', 249, NULL, 1618.1),
('R.Mohamed Janan-Wattala city', 'R.Mohamed Janan-Wattala city', 'Wattala', 'IN-022465', '2018-12-28', 249, NULL, 11342),
('Asiri Pharmacy - Raddolugama-Raddolugama', 'Asiri Pharmacy - Raddolugama-Raddolugama', 'Ja - Ela', 'IN-022567', '2019-01-03', 243, NULL, 3261),
('New Crystal Pharmacy-Negombo city', 'New Crystal Pharmacy-Negombo city', 'Negombo', 'IN-022606', '2019-01-07', 239, NULL, 11320),
('Suhada Pharmacy (Pvt) Ltd-Chilaw', 'Suhada Pharmacy (Pvt) Ltd-Chilaw', 'Chilaw', 'IN-022674', '2019-01-10', 236, NULL, 1670),
('Leesons Pharmacy-Raga-Ragama', 'Leesons Pharmacy-Raga-Ragama', 'Wattala', 'IN-022710', '2019-01-11', 235, NULL, 115338),
('Dr. Saliya Bobuwala-Minuwangoda', 'Dr. Saliya Bobuwala-Minuwangoda', 'Minuwangoda', 'IN-022766', '2019-01-16', 230, NULL, 8350),
('CC-Cash Payment-aaaa', 'CC-Cash Payment-aaaa', 'Chilaw', 'IN-022899', '2019-01-24', 222, NULL, 1670),
('Reliance Pharmacy(PVT).LTD-Negombo city', 'Reliance Pharmacy(PVT).LTD-Negombo city', 'Negombo', 'IN-022900', '2019-01-24', 222, NULL, 4034),
('New Crystal Pharmacy-Negombo city', 'New Crystal Pharmacy-Negombo city', 'Negombo', 'IN-022933', '2019-01-25', 221, NULL, 22640),
('Jaya Lanka Pharmacy-Negombo city', 'Jaya Lanka Pharmacy-Negombo city', 'Negombo', 'IN-023031', '2019-01-31', 215, NULL, 8167),
('Rasul Pharmacy-Negombo city', 'Rasul Pharmacy-Negombo city', 'Negombo', 'IN-023143', '2019-02-07', 208, NULL, 1002),
('Mahajana Pharmacy - Negombo-Negombo city', 'Mahajana Pharmacy - Negombo-Negombo city', 'Negombo', 'IN-023226', '2019-02-11', 204, NULL, 18305.1),
('Amila Pharmacy-Ja - Ela City', 'Amila Pharmacy-Ja - Ela City', 'Ja - Ela', 'IN-023230', '2019-02-12', 203, NULL, 2457.5),
('Osu sala - Kandana-Kandana', 'Osu sala - Kandana-Kandana', 'Kandana', 'IN-023318', '2019-02-15', 200, NULL, 843.9),
('Samudura Pharmacy-Seeduwa', 'Samudura Pharmacy-Seeduwa', 'Ja - Ela', 'IN-023380', '2019-02-20', 195, NULL, 4684.75),
('New Lanka Pharmacy-Negombo city', 'New Lanka Pharmacy-Negombo city', 'Negombo', 'IN-023598', '2019-03-03', 184, NULL, 25361.6),
('Kapuwatta Pharmacy-Ja - Ela City', 'Kapuwatta Pharmacy-Ja - Ela City', 'Ja - Ela', 'IN-023619', '2019-03-03', 184, NULL, 7215.9),
('Sarani Pharmacy-Waikkala', 'Sarani Pharmacy-Waikkala', 'Wennappuwa', 'IN-023682', '2019-03-07', 180, NULL, 3732.6),
('Jayasiri Pharmacy-Ragama', 'Jayasiri Pharmacy-Ragama', 'Wattala', 'IN-023737', '2019-03-12', 175, NULL, 6572.5),
('New City Pharmacy - Ragama-Ragama', 'New City Pharmacy - Ragama-Ragama', 'Wattala', 'IN-023741', '2019-03-12', 175, NULL, 6597.5),
('Lakshan chemist-Wattala city', 'Lakshan chemist-Wattala city', 'Wattala', 'IN-023876', '2019-03-19', 168, NULL, 18549.8),
('Ragama Medical Centre Ja-ela-Ja - Ela City', 'Ragama Medical Centre Ja-ela-Ja - Ela City', 'Ja - Ela', 'IN-024048', '2019-03-30', 157, NULL, 36950),
('Jayakodi Pharmacy-Negombo city', 'Jayakodi Pharmacy-Negombo city', 'Negombo', 'IN-024066', '2019-04-01', 155, NULL, 3991),
('New Pharmacy - Negombo-Negombo city', 'New Pharmacy - Negombo-Negombo city', 'Negombo', 'IN-024209', '2019-04-09', 147, NULL, 5727.5),
('New Central Pharmacy - Negombo-Negombo city', 'New Central Pharmacy - Negombo-Negombo city', 'Negombo', 'IN-024267', '2019-04-11', 145, NULL, 14405),
('New Central Pharmacy - Negombo-Negombo city', 'New Central Pharmacy - Negombo-Negombo city', 'Negombo', 'IN-024285', '2019-04-18', 138, NULL, 14405),
('The Britise Stores-Nattandiya', 'The Britise Stores-Nattandiya', 'Marawila', 'IN-024290', '2019-04-20', 136, NULL, 5364),
('PJ Enterprises ( PVT ) LTD-Ja - Ela City', 'PJ Enterprises ( PVT ) LTD-Ja - Ela City', 'Ja - Ela', 'IN-024298', '2019-04-23', 133, NULL, 2635),
('New Central Pharmacy - Negombo-Negombo city', 'New Central Pharmacy - Negombo-Negombo city', 'Negombo', 'IN-024302', '2019-04-23', 133, NULL, 2881),
('Jayasiri Pharmacy-Ragama', 'Jayasiri Pharmacy-Ragama', 'Wattala', 'IN-024304', '2019-04-23', 133, NULL, 2391),
('Sithumina Pharmacy 1-Madampe', 'Sithumina Pharmacy 1-Madampe', 'Marawila', 'IN-024392', '2019-04-26', 130, NULL, 18004.5),
('New Central Pharmacy - Negombo-Negombo city', 'New Central Pharmacy - Negombo-Negombo city', 'Negombo', 'IN-024490', '2019-05-03', 123, NULL, 11524),
('Sea Street Osu Sala-Negombo city', 'Sea Street Osu Sala-Negombo city', 'Negombo', 'IN-024492', '2019-05-03', 123, NULL, 167),
('Isura Pharmacy-Ragama', 'Isura Pharmacy-Ragama', 'Wattala', 'IN-024496', '2019-05-03', 123, NULL, 739.1),
('Leesons Pharmacy-Raga-Ragama', 'Leesons Pharmacy-Raga-Ragama', 'Wattala', 'IN-024497', '2019-05-03', 123, NULL, 1561.1),
('Dr. Sujeewa Piyadigama-Negombo city', 'Dr. Sujeewa Piyadigama-Negombo city', 'Negombo', 'IN-024563', '2019-05-07', 119, NULL, 6520),
('Roshani Pharmacy-Ja - Ela City', 'Roshani Pharmacy-Ja - Ela City', 'Ja - Ela', 'IN-024568', '2019-05-07', 119, NULL, 1059),
('Dr. Sundaralingam-Negombo city', 'Dr. Sundaralingam-Negombo city', 'Negombo', 'IN-024578', '2019-05-07', 119, NULL, 2235),
('Relaulla Pharmacy-Kandana', 'Relaulla Pharmacy-Kandana', 'Kandana', 'IN-024609', '2019-05-09', 117, NULL, 2034),
('Hiru Pharmacy-Katana', 'Hiru Pharmacy-Katana', 'Negombo', 'IN-024631', '2019-05-10', 116, NULL, 3087),
('Browns healthcare pvt ltd-Ragama', 'Browns healthcare pvt ltd-Ragama', 'Wattala', 'IN-024638', '2019-05-13', 113, NULL, 304664),
('Health Care Medicals-Negombo city', 'Health Care Medicals-Negombo city', 'Negombo', 'IN-024675', '2019-05-15', 111, NULL, 1422),
('Asiri Pharmacy & Grocery-  Negombo-Negombo city', 'Asiri Pharmacy & Grocery-  Negombo-Negombo city', 'Negombo', 'IN-024676', '2019-05-15', 111, NULL, 201),
('Indra Pharmacy-Minuwangoda', 'Indra Pharmacy-Minuwangoda', 'Minuwangoda', 'IN-024682', '2019-05-15', 111, NULL, 7230),
('St.Jude\'s Pharmacy - Seeduwa-Seeduwa', 'St.Jude\'s Pharmacy - Seeduwa-Seeduwa', 'Ja - Ela', 'IN-024684', '2019-05-15', 111, NULL, 593),
('Jayasiri Pharmacy-Ragama', 'Jayasiri Pharmacy-Ragama', 'Wattala', 'IN-024703', '2019-05-16', 110, NULL, 542),
('St.Joseph\'s Pharmacy-Bopitiya', 'St.Joseph\'s Pharmacy-Bopitiya', 'Ja - Ela', 'IN-024739', '2019-05-17', 109, NULL, 973),
('Pamunugama Pharmacy-Bopitiya', 'Pamunugama Pharmacy-Bopitiya', 'Ja - Ela', 'IN-024740', '2019-05-17', 109, NULL, 1126),
('New Central Pharmacy - Chilaw-Chilaw', 'New Central Pharmacy - Chilaw-Chilaw', 'Chilaw', 'IN-024787', '2019-05-22', 104, NULL, 4753),
('The British Pharmacy-Dankotuwa', 'The British Pharmacy-Dankotuwa', 'Wennappuwa', 'IN-024796', '2019-05-22', 104, NULL, 913),
('St.Ciciliya Pharmacy-Wennappuwa', 'St.Ciciliya Pharmacy-Wennappuwa', 'Wennappuwa', 'IN-024801', '2019-05-22', 104, NULL, 1006),
('Pradipa Pharmacy-Negombo city', 'Pradipa Pharmacy-Negombo city', 'Negombo', 'IN-024814', '2019-05-23', 103, NULL, 190),
('Supreme Pharmacy-Katana', 'Supreme Pharmacy-Katana', 'Negombo', 'IN-024817', '2019-05-23', 103, NULL, 2300.8),
('New Central Pharmacy - Negombo-Negombo city', 'New Central Pharmacy - Negombo-Negombo city', 'Negombo', 'IN-024855', '2019-05-25', 101, NULL, 33608.1),
('Indra Pharmacy-Minuwangoda', 'Indra Pharmacy-Minuwangoda', 'Minuwangoda', 'IN-024916', '2019-05-29', 97, NULL, 24062.1),
('Jayakodi Pharmacy-Negombo city', 'Jayakodi Pharmacy-Negombo city', 'Negombo', 'IN-024930', '2019-05-30', 96, NULL, 26080),
('New Lanka Pharmacy-Negombo city', 'New Lanka Pharmacy-Negombo city', 'Negombo', 'IN-024951', '2019-05-30', 96, NULL, 2391),
('New Western Pharmacy-Wennappuwa', 'New Western Pharmacy-Wennappuwa', 'Wennappuwa', 'IN-024956', '2019-05-31', 95, NULL, 113074),
('Milan Pharmacy-Wattala city', 'Milan Pharmacy-Wattala city', 'Wattala', 'IN-025008', '2019-06-04', 91, NULL, 13712),
('New Western Pharmacy-Wennappuwa', 'New Western Pharmacy-Wennappuwa', 'Wennappuwa', 'IN-025018', '2019-06-04', 91, NULL, 10478),
('Home Needs Pharmacy-Wennappuwa', 'Home Needs Pharmacy-Wennappuwa', 'Wennappuwa', 'IN-025037', '2019-06-08', 87, NULL, 3348),
('New Western Pharmacy-Wennappuwa', 'New Western Pharmacy-Wennappuwa', 'Wennappuwa', 'IN-025038', '2019-06-08', 87, NULL, 3298),
('People\'s Pharmacy & Grocery-Wattala city', 'People\'s Pharmacy & Grocery-Wattala city', 'Wattala', 'IN-025072', '2019-06-10', 85, NULL, 6210),
('Browns healthcare pvt ltd-Ragama', 'Browns healthcare pvt ltd-Ragama', 'Wattala', 'IN-025073', '2019-06-10', 85, NULL, 28503),
('Roshani Pharmacy-Ja - Ela City', 'Roshani Pharmacy-Ja - Ela City', 'Ja - Ela', 'IN-025115', '2019-06-11', 84, NULL, 1496.5),
('New Western Pharmacy-Wennappuwa', 'New Western Pharmacy-Wennappuwa', 'Wennappuwa', 'IN-025119', '2019-06-11', 84, NULL, 6102),
('Osu Sala Mabola-Wattala city', 'Osu Sala Mabola-Wattala city', 'Wattala', 'IN-025120', '2019-06-11', 84, NULL, 420.5),
('Nawaloka Hospital-Negombo city', 'Nawaloka Hospital-Negombo city', 'Negombo', 'IN-025133', '2019-06-11', 84, NULL, 39414.7),
('Indra Pharmacy-Minuwangoda', 'Indra Pharmacy-Minuwangoda', 'Minuwangoda', 'IN-025141', '2019-06-12', 83, NULL, 7024.5),
('Shanthi Pharmacy-Negombo city', 'Shanthi Pharmacy-Negombo city', 'Negombo', 'IN-025147', '2019-06-12', 83, NULL, 17093.5),
('Ave Mariya Pharmacy-Negombo city', 'Ave Mariya Pharmacy-Negombo city', 'Negombo', 'IN-025159', '2019-06-12', 83, NULL, 5295),
('Arogya Pharmacy - Ja - Ela-Ja - Ela City', 'Arogya Pharmacy - Ja - Ela-Ja - Ela City', 'Ja - Ela', 'IN-025164', '2019-06-12', 83, NULL, 4985.75),
('New Crystal Pharmacy-Negombo city', 'New Crystal Pharmacy-Negombo city', 'Negombo', 'IN-025178', '2019-06-12', 83, NULL, 20993.8),
('New Rio Pharmacy-Wattala city', 'New Rio Pharmacy-Wattala city', 'Wattala', 'IN-025256', '2019-06-19', 76, NULL, 10395),
('Indra Pharmacy-Minuwangoda', 'Indra Pharmacy-Minuwangoda', 'Minuwangoda', 'IN-025262', '2019-06-20', 75, NULL, 5465),
('Lanka Pharmacy-Wattala city', 'Lanka Pharmacy-Wattala city', 'Wattala', 'IN-025263', '2019-06-20', 75, NULL, 1205),
('Dr. Deepal Fonseka-Ja - Ela City', 'Dr. Deepal Fonseka-Ja - Ela City', 'Ja - Ela', 'IN-025308', '2019-06-24', 71, NULL, 15717),
('New Central Pharmacy - Negombo-Negombo city', 'New Central Pharmacy - Negombo-Negombo city', 'Negombo', 'IN-025361', '2019-06-26', 69, NULL, 4175),
('Peoples Pharmacy - Raddolugama-Raddolugama', 'Peoples Pharmacy - Raddolugama-Raddolugama', 'Ja - Ela', 'IN-025369', '2019-06-26', 69, NULL, 1252.5),
('Dr. Deepal Fonseka-Ja - Ela City', 'Dr. Deepal Fonseka-Ja - Ela City', 'Ja - Ela', 'IN-025421', '2019-06-28', 67, NULL, 15717),
('The Pharmacy A.P.Y (Pvt) Ltd-Ja - Ela City', 'The Pharmacy A.P.Y (Pvt) Ltd-Ja - Ela City', 'Ja - Ela', 'IN-025425', '2019-06-28', 67, NULL, 409),
('New Western Pharmacy-Wennappuwa', 'New Western Pharmacy-Wennappuwa', 'Wennappuwa', 'IN-025444', '2019-06-29', 66, NULL, 58788.8),
('The Pharmacy-Negombo city', 'The Pharmacy-Negombo city', 'Negombo', 'IN-025452', '2019-06-29', 66, NULL, 16154.3),
('New Central Pharmacy - Negombo-Negombo city', 'New Central Pharmacy - Negombo-Negombo city', 'Negombo', 'IN-025454', '2019-07-01', 64, NULL, 27558.7),
('Roshani Pharmacy-Ja - Ela City', 'Roshani Pharmacy-Ja - Ela City', 'Ja - Ela', 'IN-025457', '2019-07-01', 64, NULL, 9610.8),
('Hiru Pharmacy-Katana', 'Hiru Pharmacy-Katana', 'Negombo', 'IN-025465', '2019-07-01', 64, NULL, 15040),
('Suwasala Pharmacy-Kimbulapitiya', 'Suwasala Pharmacy-Kimbulapitiya', 'Negombo', 'IN-025475', '2019-07-01', 64, NULL, 10794),
('Nawaloka Hospital-Negombo city', 'Nawaloka Hospital-Negombo city', 'Negombo', 'IN-025481', '2019-07-02', 63, NULL, 46766),
('Nawaloka Hospital-Negombo city', 'Nawaloka Hospital-Negombo city', 'Negombo', 'IN-025482', '2019-07-02', 63, NULL, 45140),
('W.Mendis Chemists-Lunuwila', 'W.Mendis Chemists-Lunuwila', 'Wennappuwa', 'IN-025487', '2019-07-02', 63, NULL, 13798.5),
('International Institute Of Health Sciences (PVT) L', 'International Institute Of Health Sciences (PVT) L', 'Wattala', 'IN-025510', '2019-07-03', 62, NULL, 8037),
('St.Ciciliya Pharmacy-Wennappuwa', 'St.Ciciliya Pharmacy-Wennappuwa', 'Wennappuwa', 'IN-025513', '2019-07-04', 61, NULL, 2629.59),
('International Institute Of Health Sciences (PVT) L', 'International Institute Of Health Sciences (PVT) L', 'Wattala', 'IN-025515', '2019-07-04', 61, NULL, 2532),
('Shanthi Pharmacy - Katana-Katana', 'Shanthi Pharmacy - Katana-Katana', 'Negombo', 'IN-025522', '2019-07-04', 61, NULL, 4068),
('Champika Medicals-Kochchikade', 'Champika Medicals-Kochchikade', 'Negombo', 'IN-025526', '2019-07-04', 61, NULL, 6791.61),
('New Western Pharmacy-Wennappuwa', 'New Western Pharmacy-Wennappuwa', 'Wennappuwa', 'IN-025554', '2019-07-05', 60, NULL, 19560),
('Silveray Pharmacy-Negombo city', 'Silveray Pharmacy-Negombo city', 'Negombo', 'IN-025564', '2019-07-08', 57, NULL, 17650.5),
('Dr. Deepal Fonseka-Ja - Ela City', 'Dr. Deepal Fonseka-Ja - Ela City', 'Ja - Ela', 'IN-025565', '2019-07-08', 57, NULL, 31434),
('New Central Pharmacy - Negombo-Negombo city', 'New Central Pharmacy - Negombo-Negombo city', 'Negombo', 'IN-025573', '2019-07-08', 57, NULL, 8629),
('Nawaloka Hospital-Negombo city', 'Nawaloka Hospital-Negombo city', 'Negombo', 'IN-025596', '2019-07-09', 56, NULL, 25725.1),
('City Medicals - Negombo-Negombo city', 'City Medicals - Negombo-Negombo city', 'Negombo', 'IN-025619', '2019-07-10', 55, NULL, 8572),
('Shanthi Pharmacy-Negombo city', 'Shanthi Pharmacy-Negombo city', 'Negombo', 'IN-025622', '2019-07-10', 55, NULL, 9879),
('New Crystal Pharmacy-Negombo city', 'New Crystal Pharmacy-Negombo city', 'Negombo', 'IN-025629', '2019-07-10', 55, NULL, 22058.4),
('New Central Pharmacy - Negombo-Negombo city', 'New Central Pharmacy - Negombo-Negombo city', 'Negombo', 'IN-025636', '2019-07-10', 55, NULL, 32776.5),
('New Crystal Pharmacy-Negombo city', 'New Crystal Pharmacy-Negombo city', 'Negombo', 'IN-025640', '2019-07-11', 54, NULL, 34835),
('Champika Medicals-Kochchikade', 'Champika Medicals-Kochchikade', 'Negombo', 'IN-025656', '2019-07-12', 53, NULL, 2978.25),
('New Crystal Pharmacy-Negombo city', 'New Crystal Pharmacy-Negombo city', 'Negombo', 'IN-025659', '2019-07-12', 53, NULL, 4382.65),
('Kalidson Pharmacy-Negombo city', 'Kalidson Pharmacy-Negombo city', 'Negombo', 'IN-025665', '2019-07-12', 53, NULL, 33264.2),
('Hiru Pharmacy-Katana', 'Hiru Pharmacy-Katana', 'Negombo', 'IN-025670', '2019-07-12', 53, NULL, 3688.59),
('Unique Pharmacy-Negombo city', 'Unique Pharmacy-Negombo city', 'Negombo', 'IN-025674', '2019-07-12', 53, NULL, 6099),
('Kalidson Pharmacy-Negombo city', 'Kalidson Pharmacy-Negombo city', 'Negombo', 'IN-025678', '2019-07-13', 52, NULL, 1463),
('Wijaya  Medical, Lunuwilla-Lunuwila', 'Wijaya  Medical, Lunuwilla-Lunuwila', 'Wennappuwa', 'IN-025682', '2019-07-15', 50, NULL, 20150),
('New Pharmacy - Wattala-Wattala city', 'New Pharmacy - Wattala-Wattala city', 'Wattala', 'IN-025700', '2019-07-15', 50, NULL, 19002.5),
('Nawaloka Hospital-Negombo city', 'Nawaloka Hospital-Negombo city', 'Negombo', 'IN-025706', '2019-07-17', 48, NULL, 91923.4),
('Unique Pharmacy-Negombo city', 'Unique Pharmacy-Negombo city', 'Negombo', 'IN-025707', '2019-07-17', 48, NULL, 52548),
('Handala Medical-Wattala city', 'Handala Medical-Wattala city', 'Wattala', 'IN-025709', '2019-07-17', 48, NULL, 3813.25),
('W.Mendis Chemists-Lunuwila', 'W.Mendis Chemists-Lunuwila', 'Wennappuwa', 'IN-025715', '2019-07-17', 48, NULL, 8445.8),
('Santhana Pharmacy-Marawila city', 'Santhana Pharmacy-Marawila city', 'Marawila', 'IN-025718', '2019-07-17', 48, NULL, 45763.5),
('Handala Medical-Wattala city', 'Handala Medical-Wattala city', 'Wattala', 'IN-025722', '2019-07-18', 47, NULL, 6059.5),
('Unique Pharmacy-Negombo city', 'Unique Pharmacy-Negombo city', 'Negombo', 'IN-025725', '2019-07-18', 47, NULL, 1200),
('W.Mendis Chemists-Lunuwila', 'W.Mendis Chemists-Lunuwila', 'Wennappuwa', 'IN-025727', '2019-07-18', 47, NULL, 2505),
('Santhana Pharmacy-Marawila city', 'Santhana Pharmacy-Marawila city', 'Marawila', 'IN-025729', '2019-07-18', 47, NULL, 1670),
('Champika Medicals-Kochchikade', 'Champika Medicals-Kochchikade', 'Negombo', 'IN-025735', '2019-07-18', 47, NULL, 29824.6),
('Unique Pharmacy-Negombo city', 'Unique Pharmacy-Negombo city', 'Negombo', 'IN-025743', '2019-07-19', 46, NULL, 10254.5),
('Wijaya  Medical, Lunuwilla-Lunuwila', 'Wijaya  Medical, Lunuwilla-Lunuwila', 'Wennappuwa', 'IN-025744', '2019-07-19', 46, NULL, 1266),
('New Crystal Pharmacy-Negombo city', 'New Crystal Pharmacy-Negombo city', 'Negombo', 'IN-025745', '2019-07-19', 46, NULL, 14568),
('Dr. Deepal Fonseka-Ja - Ela City', 'Dr. Deepal Fonseka-Ja - Ela City', 'Ja - Ela', 'IN-025746', '2019-07-19', 46, NULL, 31434),
('Union Chemist (pvt) Ltd-Wattala city', 'Union Chemist (pvt) Ltd-Wattala city', 'Wattala', 'IN-025749', '2019-07-19', 46, NULL, 25865),
('New Crystal Pharmacy-Negombo city', 'New Crystal Pharmacy-Negombo city', 'Negombo', 'IN-025752', '2019-07-19', 46, NULL, 31573),
('Thenuka Pharmacy-Negombo city', 'Thenuka Pharmacy-Negombo city', 'Negombo', 'IN-025755', '2019-07-19', 46, NULL, 15601.5),
('Niroga Pharmacy-Dankotuwa', 'Niroga Pharmacy-Dankotuwa', 'Wennappuwa', 'IN-025758', '2019-07-19', 46, NULL, 6211.9),
('The British Pharmacy-Dankotuwa', 'The British Pharmacy-Dankotuwa', 'Wennappuwa', 'IN-025761', '2019-07-19', 46, NULL, 13059.5),
('St.Joseph Pharmacy-Wennappuwa', 'St.Joseph Pharmacy-Wennappuwa', 'Wennappuwa', 'IN-025762', '2019-07-19', 46, NULL, 2915),
('Sarani Pharmacy-Waikkala', 'Sarani Pharmacy-Waikkala', 'Wennappuwa', 'IN-025763', '2019-07-19', 46, NULL, 17318.1),
('K.S.A Medical-Negombo city', 'K.S.A Medical-Negombo city', 'Negombo', 'IN-025765', '2019-07-19', 46, NULL, 13026.7),
('Lanka Pharmacy - Negombo-Negombo city', 'Lanka Pharmacy - Negombo-Negombo city', 'Negombo', 'IN-025768', '2019-07-19', 46, NULL, 4066),
('Unique Pharmacy-Negombo city', 'Unique Pharmacy-Negombo city', 'Negombo', 'IN-025780', '2019-07-20', 45, NULL, 19762.5),
('New Central Pharmacy - Negombo-Negombo city', 'New Central Pharmacy - Negombo-Negombo city', 'Negombo', 'IN-025784', '2019-07-22', 43, NULL, 6983.6),
('Dr. Udith Herath-Ragama', 'Dr. Udith Herath-Ragama', 'Wattala', 'IN-025786', '2019-07-22', 43, NULL, 13040),
('DR U.P.Daniel-Wattala city', 'DR U.P.Daniel-Wattala city', 'Wattala', 'IN-025788', '2019-07-22', 43, NULL, 8390),
('Ragama Pharmacy-Ragama', 'Ragama Pharmacy-Ragama', 'Wattala', 'IN-025795', '2019-07-22', 43, NULL, 89032.6),
('Hansi Pharmacy & Grocery.-Ja - Ela City', 'Hansi Pharmacy & Grocery.-Ja - Ela City', 'Ja - Ela', 'IN-025802', '2019-07-22', 43, NULL, 4622.8),
('Unique Pharmacy-Negombo city', 'Unique Pharmacy-Negombo city', 'Negombo', 'IN-025803', '2019-07-22', 43, NULL, 1200),
('Sithara Pharmacy-Wennappuwa', 'Sithara Pharmacy-Wennappuwa', 'Wennappuwa', 'IN-025805', '2019-07-23', 42, NULL, 2575.75),
('Alliance Pharmacy-Ragama', 'Alliance Pharmacy-Ragama', 'Wattala', 'IN-025809', '2019-07-23', 42, NULL, 1205),
('Pamunugama Pharmacy-Bopitiya', 'Pamunugama Pharmacy-Bopitiya', 'Ja - Ela', 'IN-025811', '2019-07-23', 42, NULL, 1478.2),
('N.S Medical-Seeduwa', 'N.S Medical-Seeduwa', 'Ja - Ela', 'IN-025815', '2019-07-23', 42, NULL, 7005),
('Gold Crest Pharmacy-Seeduwa', 'Gold Crest Pharmacy-Seeduwa', 'Ja - Ela', 'IN-025817', '2019-07-23', 42, NULL, 4162),
('Nawaloka Hospital-Negombo city', 'Nawaloka Hospital-Negombo city', 'Negombo', 'IN-025824', '2019-07-23', 42, NULL, 88537.8),
('Handala Medical-Wattala city', 'Handala Medical-Wattala city', 'Wattala', 'IN-025832', '2019-07-24', 41, NULL, 5064),
('Unique Pharmacy-Negombo city', 'Unique Pharmacy-Negombo city', 'Negombo', 'IN-025833', '2019-07-24', 41, NULL, 8765.3),
('Sarani Pharmacy-Waikkala', 'Sarani Pharmacy-Waikkala', 'Wennappuwa', 'IN-025836', '2019-07-24', 41, NULL, 5762),
('C&D Pharmacy-Ja - Ela City', 'C&D Pharmacy-Ja - Ela City', 'Ja - Ela', 'IN-025843', '2019-07-24', 41, NULL, 35349.8),
('Alliance Pharmacy-Ragama', 'Alliance Pharmacy-Ragama', 'Wattala', 'IN-025847', '2019-07-24', 41, NULL, 6520),
('Hemas Hospital-Wattala city', 'Hemas Hospital-Wattala city', 'Wattala', 'IN-025850', '2019-07-24', 41, NULL, 72989.5),
('Shanthi Pharmacy - Katana-Katana', 'Shanthi Pharmacy - Katana-Katana', 'Negombo', 'IN-025852', '2019-07-24', 41, NULL, 39865),
('Asoka Pharmacy-Negombo city', 'Asoka Pharmacy-Negombo city', 'Negombo', 'IN-025857', '2019-07-25', 40, NULL, 8537),
('Wijaya  Medical, Lunuwilla-Lunuwila', 'Wijaya  Medical, Lunuwilla-Lunuwila', 'Wennappuwa', 'IN-025859', '2019-07-25', 40, NULL, 2578.06),
('The Pharmacy-Negombo city', 'The Pharmacy-Negombo city', 'Negombo', 'IN-025861', '2019-07-25', 40, NULL, 13802.7),
('New Crystal Pharmacy-Negombo city', 'New Crystal Pharmacy-Negombo city', 'Negombo', 'IN-025862', '2019-07-25', 40, NULL, 30035.2),
('Shanthi Pharmacy-Negombo city', 'Shanthi Pharmacy-Negombo city', 'Negombo', 'IN-025864', '2019-07-25', 40, NULL, 22913.8),
('City Medicals - Negombo-Negombo city', 'City Medicals - Negombo-Negombo city', 'Negombo', 'IN-025867', '2019-07-25', 40, NULL, 8654.5),
('New Central Pharmacy - Negombo-Negombo city', 'New Central Pharmacy - Negombo-Negombo city', 'Negombo', 'IN-025868', '2019-07-25', 40, NULL, 24386.5),
('Sri Sathya-Wattala city', 'Sri Sathya-Wattala city', 'Wattala', 'IN-025876', '2019-07-26', 39, NULL, 14206.5),
('New Rio Pharmacy-Wattala city', 'New Rio Pharmacy-Wattala city', 'Wattala', 'IN-025877', '2019-07-26', 39, NULL, 4724.5),
('Chemie World-Wattala city', 'Chemie World-Wattala city', 'Wattala', 'IN-025880', '2019-07-26', 39, NULL, 8057.2),
('Lakshan chemist-Wattala city', 'Lakshan chemist-Wattala city', 'Wattala', 'IN-025885', '2019-07-26', 39, NULL, 12047.4),
('Handala Medical-Wattala city', 'Handala Medical-Wattala city', 'Wattala', 'IN-025889', '2019-07-27', 38, NULL, 9415.4),
('Unique Pharmacy-Negombo city', 'Unique Pharmacy-Negombo city', 'Negombo', 'IN-025893', '2019-07-27', 38, NULL, 15309),
('Oshidi Medical-Dankotuwa', 'Oshidi Medical-Dankotuwa', 'Wennappuwa', 'IN-025897', '2019-07-29', 36, NULL, 9300.64),
('Niroga Pharmacy-Dankotuwa', 'Niroga Pharmacy-Dankotuwa', 'Wennappuwa', 'IN-025898', '2019-07-29', 36, NULL, 9761),
('Sarani Pharmacy-Waikkala', 'Sarani Pharmacy-Waikkala', 'Wennappuwa', 'IN-025900', '2019-07-29', 36, NULL, 4473.5),
('St.Joseph Pharmacy-Wennappuwa', 'St.Joseph Pharmacy-Wennappuwa', 'Wennappuwa', 'IN-025901', '2019-07-29', 36, NULL, 4330.2),
('St.Ciciliya Pharmacy-Wennappuwa', 'St.Ciciliya Pharmacy-Wennappuwa', 'Wennappuwa', 'IN-025902', '2019-07-29', 36, NULL, 3053.25),
('Prasanna Pharmacy-Wennappuwa', 'Prasanna Pharmacy-Wennappuwa', 'Wennappuwa', 'IN-025903', '2019-07-29', 36, NULL, 7146.24),
('Ranmina Pharmacy-Katuneriya', 'Ranmina Pharmacy-Katuneriya', 'Wennappuwa', 'IN-025905', '2019-07-29', 36, NULL, 3225.5),
('St.Jude Pharmacy-Katuneriya-Katuneriya', 'St.Jude Pharmacy-Katuneriya-Katuneriya', 'Wennappuwa', 'IN-025906', '2019-07-29', 36, NULL, 10107.8),
('Roshani Pharmacy-Ja - Ela City', 'Roshani Pharmacy-Ja - Ela City', 'Ja - Ela', 'IN-025907', '2019-07-29', 36, NULL, 3053.3),
('Gayasha Pharmacy-Waikkala', 'Gayasha Pharmacy-Waikkala', 'Wennappuwa', 'IN-025908', '2019-07-29', 36, NULL, 7669.3),
('Unique Pharmacy-Negombo city', 'Unique Pharmacy-Negombo city', 'Negombo', 'IN-025910', '2019-07-29', 36, NULL, 4522),
('Unique Pharmacy-Negombo city', 'Unique Pharmacy-Negombo city', 'Negombo', 'IN-025915', '2019-07-29', 36, NULL, 117444),
('Champika Medicals-Kochchikade', 'Champika Medicals-Kochchikade', 'Negombo', 'IN-025920', '2019-07-29', 36, NULL, 13719.7),
('Trust Chemist-Kochchikade', 'Trust Chemist-Kochchikade', 'Negombo', 'IN-025921', '2019-07-29', 36, NULL, 5860.1),
('Asoka Pharmacy-Negombo city', 'Asoka Pharmacy-Negombo city', 'Negombo', 'IN-025922', '2019-07-29', 36, NULL, 2854.2),
('Best Way Pharmacy-Negombo city', 'Best Way Pharmacy-Negombo city', 'Negombo', 'IN-025923', '2019-07-29', 36, NULL, 4950.5),
('S&G Pharmacy-Kattuwa', 'S&G Pharmacy-Kattuwa', 'Negombo', 'IN-025924', '2019-07-29', 36, NULL, 6203.25),
('Health Care Medicals-Negombo city', 'Health Care Medicals-Negombo city', 'Negombo', 'IN-025926', '2019-07-29', 36, NULL, 24321.1),
('Unique Pharmacy-Negombo city', 'Unique Pharmacy-Negombo city', 'Negombo', 'IN-025927', '2019-07-29', 36, NULL, 36476),
('Mahajana Osusala - Negombo-Negombo city', 'Mahajana Osusala - Negombo-Negombo city', 'Negombo', 'IN-025928', '2019-07-29', 36, NULL, 40053.8),
('Union Chemist (pvt) Ltd-Wattala city', 'Union Chemist (pvt) Ltd-Wattala city', 'Wattala', 'IN-025930', '2019-07-29', 36, NULL, 253752),
('Arogya Pharmacy - Ja - Ela-Ja - Ela City', 'Arogya Pharmacy - Ja - Ela-Ja - Ela City', 'Ja - Ela', 'IN-025931', '2019-07-30', 35, NULL, 407),
('Osu Sala Mabola-Wattala city', 'Osu Sala Mabola-Wattala city', 'Wattala', 'IN-025933', '2019-07-30', 35, NULL, 3194.2),
('New Crystal Pharmacy-Negombo city', 'New Crystal Pharmacy-Negombo city', 'Negombo', 'IN-025934', '2019-07-30', 35, NULL, 82044.9),
('St.Joseph Pharmacy-Wennappuwa', 'St.Joseph Pharmacy-Wennappuwa', 'Wennappuwa', 'IN-025937', '2019-07-30', 35, NULL, 3683.22),
('Kapuwatta Pharmacy-Ja - Ela City', 'Kapuwatta Pharmacy-Ja - Ela City', 'Ja - Ela', 'IN-025939', '2019-07-30', 35, NULL, 4339),
('Supreme Pharmacy-Katana', 'Supreme Pharmacy-Katana', 'Negombo', 'IN-025942', '2019-07-30', 35, NULL, 9990.5),
('Ragama Pharmacy-Ragama', 'Ragama Pharmacy-Ragama', 'Wattala', 'IN-025943', '2019-07-30', 35, NULL, 82710.2),
('0 Niroga Pharmacy And Grocery-Katana', '0 Niroga Pharmacy And Grocery-Katana', 'Negombo', 'IN-025944', '2019-07-30', 35, NULL, 9858),
('Kalidson Pharmacy-Negombo city', 'Kalidson Pharmacy-Negombo city', 'Negombo', 'IN-025945', '2019-07-30', 35, NULL, 30675.8),
('Saduni Pharmcy-Dankotuwa', 'Saduni Pharmcy-Dankotuwa', 'Wennappuwa', 'IN-025947', '2019-07-30', 35, NULL, 4722.5),
('Sampath Pharmacy-Ragama', 'Sampath Pharmacy-Ragama', 'Wattala', 'IN-025949', '2019-07-30', 35, NULL, 11006.5),
('Sethma Pharmacy - Kandana-Kandana', 'Sethma Pharmacy - Kandana-Kandana', 'Kandana', 'IN-025952', '2019-07-30', 35, NULL, 66516.5),
('Health Line Pharmacy-Kandana', 'Health Line Pharmacy-Kandana', 'Kandana', 'IN-025955', '2019-07-30', 35, NULL, 12606.5),
('Reliable Pharmacy-Mahabage', 'Reliable Pharmacy-Mahabage', 'Wattala', 'IN-025957', '2019-07-30', 35, NULL, 20424.8);
INSERT INTO `sanoutupload` (`sID`, `sCustName`, `sTown`, `inv`, `date`, `age`, `amount`, `balAmount`) VALUES
('C&D Pharmacy-Ja - Ela City', 'C&D Pharmacy-Ja - Ela City', 'Ja - Ela', 'IN-025959', '2019-07-30', 35, NULL, 21784.8),
('International Institute Of Health Sciences (PVT) L', 'International Institute Of Health Sciences (PVT) L', 'Wattala', 'IN-025960', '2019-07-30', 35, NULL, 20831.8),
('Araliya Pharmacy-Marawila city', 'Araliya Pharmacy-Marawila city', 'Marawila', 'IN-025963', '2019-07-30', 35, NULL, 11109.5),
('The Britise Stores-Nattandiya', 'The Britise Stores-Nattandiya', 'Marawila', 'IN-025964', '2019-07-30', 35, NULL, 2978.25),
('Supreme Pharmacy-Katana', 'Supreme Pharmacy-Katana', 'Negombo', 'IN-025965', '2019-07-30', 35, NULL, 35448),
('Thenuka Pharmacy-Negombo city', 'Thenuka Pharmacy-Negombo city', 'Negombo', 'IN-025967', '2019-07-30', 35, NULL, 21208),
('Osu Sala - Wattala-Wattala city', 'Osu Sala - Wattala-Wattala city', 'Wattala', 'IN-025970', '2019-08-01', 33, NULL, 16387.5),
('Krishmo Pharmacy & Grocery-Wattala city', 'Krishmo Pharmacy & Grocery-Wattala city', 'Wattala', 'IN-025973', '2019-08-01', 33, NULL, 1221),
('Santhana Pharmacy-Marawila city', 'Santhana Pharmacy-Marawila city', 'Marawila', 'IN-025975', '2019-08-01', 33, NULL, 63208.5),
('Dr. Deepal Fonseka-Ja - Ela City', 'Dr. Deepal Fonseka-Ja - Ela City', 'Ja - Ela', 'IN-025977', '2019-08-01', 33, NULL, 31434),
('Unique Pharmacy-Negombo city', 'Unique Pharmacy-Negombo city', 'Negombo', 'IN-025978', '2019-08-01', 33, NULL, 7695),
('Pradipa Pharmacy-Negombo city', 'Pradipa Pharmacy-Negombo city', 'Negombo', 'IN-025980', '2019-08-01', 33, NULL, 2334.4),
('Supreme Pharmacy-Katana', 'Supreme Pharmacy-Katana', 'Negombo', 'IN-025981', '2019-08-01', 33, NULL, 14778.6),
('Kandawala Pharmacy & Grocery-Katana', 'Kandawala Pharmacy & Grocery-Katana', 'Negombo', 'IN-025982', '2019-08-01', 33, NULL, 3531.9),
('Isuru Pharmacy-Katana', 'Isuru Pharmacy-Katana', 'Negombo', 'IN-025983', '2019-08-01', 33, NULL, 3991),
('Shanthi Pharmacy - Katana-Katana', 'Shanthi Pharmacy - Katana-Katana', 'Negombo', 'IN-025985', '2019-08-01', 33, NULL, 4432.5),
('Shanthi Pharmacy - Katana-Katana', 'Shanthi Pharmacy - Katana-Katana', 'Negombo', 'IN-025986', '2019-08-01', 33, NULL, 13022.5),
('Hiru Pharmacy-Katana', 'Hiru Pharmacy-Katana', 'Negombo', 'IN-025987', '2019-08-01', 33, NULL, 10337.8),
('Suwasala Pharmacy-Kimbulapitiya', 'Suwasala Pharmacy-Kimbulapitiya', 'Negombo', 'IN-025989', '2019-08-01', 33, NULL, 13941.4),
('Thenuka Pharmacy-Negombo city', 'Thenuka Pharmacy-Negombo city', 'Negombo', 'IN-025990', '2019-08-01', 33, NULL, 14805.2),
('Robert Medicals-Kimbulapitiya', 'Robert Medicals-Kimbulapitiya', 'Negombo', 'IN-025992', '2019-08-01', 33, NULL, 13211.1),
('0 Niroga Pharmacy And Grocery-Katana', '0 Niroga Pharmacy And Grocery-Katana', 'Negombo', 'IN-025995', '2019-08-01', 33, NULL, 3644),
('V.M pharmacy-Negombo city', 'V.M pharmacy-Negombo city', 'Negombo', 'IN-025998', '2019-08-01', 33, NULL, 4779.5),
('Leesons Pharmacy-Raga-Ragama', 'Leesons Pharmacy-Raga-Ragama', 'Wattala', 'IN-025999', '2019-08-02', 32, NULL, 97120),
('PJ Enterprises ( PVT ) LTD-Ja - Ela City', 'PJ Enterprises ( PVT ) LTD-Ja - Ela City', 'Ja - Ela', 'IN-026000', '2019-08-02', 32, NULL, 39500),
('Ave Mariya Pharmacy-Negombo city', 'Ave Mariya Pharmacy-Negombo city', 'Negombo', 'IN-026001', '2019-08-02', 32, NULL, 3952.5),
('Dr. Channa Perera-Dankotuwa', 'Dr. Channa Perera-Dankotuwa', 'Wennappuwa', 'IN-026004', '2019-08-02', 32, NULL, 1649),
('Dr. Dhammika Abesinghe-Bopitiya', 'Dr. Dhammika Abesinghe-Bopitiya', 'Ja - Ela', 'IN-026005', '2019-08-02', 32, NULL, 1496.5),
('Unique Pharmacy-Negombo city', 'Unique Pharmacy-Negombo city', 'Negombo', 'IN-026006', '2019-08-02', 32, NULL, 7038),
('Suasi Pharmacy-Nattandiya', 'Suasi Pharmacy-Nattandiya', 'Marawila', 'IN-026007', '2019-08-02', 32, NULL, 2469.4),
('The Britise Stores-Nattandiya', 'The Britise Stores-Nattandiya', 'Marawila', 'IN-026012', '2019-08-02', 32, NULL, 29423.5),
('The Britise Stores-Nattandiya', 'The Britise Stores-Nattandiya', 'Marawila', 'IN-026013', '2019-08-02', 32, NULL, 447),
('Araliya Pharmacy-Marawila city', 'Araliya Pharmacy-Marawila city', 'Marawila', 'IN-026014', '2019-08-02', 32, NULL, 24005.8),
('Nalaka Pharmacy-Marawila city', 'Nalaka Pharmacy-Marawila city', 'Marawila', 'IN-026016', '2019-08-02', 32, NULL, 33711.8),
('Santhana Pharmacy-Marawila city', 'Santhana Pharmacy-Marawila city', 'Marawila', 'IN-026017', '2019-08-02', 32, NULL, 45729.5),
('Mahajana Osusala - Negombo-Negombo city', 'Mahajana Osusala - Negombo-Negombo city', 'Negombo', 'IN-026019', '2019-08-03', 31, NULL, 6105),
('Suwasarana Osusala-Negombo city', 'Suwasarana Osusala-Negombo city', 'Negombo', 'IN-026022', '2019-08-03', 31, NULL, 5762),
('Orient Pharmacy-Negombo city', 'Orient Pharmacy-Negombo city', 'Negombo', 'IN-026027', '2019-08-05', 29, NULL, 2543),
('Rose Villa Pharmacy-Wattala city', 'Rose Villa Pharmacy-Wattala city', 'Wattala', 'IN-026029', '2019-08-05', 29, NULL, 6227),
('Negombo Food & Drugs-Negombo city', 'Negombo Food & Drugs-Negombo city', 'Negombo', 'IN-026030', '2019-08-05', 29, NULL, 3577),
('Unique Pharmacy-Negombo city', 'Unique Pharmacy-Negombo city', 'Negombo', 'IN-026032', '2019-08-05', 29, NULL, 25200),
('St.Joseph\'s Pharmacy-Ja - Ela City', 'St.Joseph\'s Pharmacy-Ja - Ela City', 'Ja - Ela', 'IN-026033', '2019-08-05', 29, NULL, 4175),
('City Medicals - Negombo-Negombo city', 'City Medicals - Negombo-Negombo city', 'Negombo', 'IN-026036', '2019-08-05', 29, NULL, 8016.5),
('Suwasarana Osusala-Negombo city', 'Suwasarana Osusala-Negombo city', 'Negombo', 'IN-026037', '2019-08-05', 29, NULL, 10216.4),
('Hemas Hospital-Wattala city', 'Hemas Hospital-Wattala city', 'Wattala', 'IN-026039', '2019-08-05', 29, NULL, 159076),
('Araliya Pharmacy-Marawila city', 'Araliya Pharmacy-Marawila city', 'Marawila', 'IN-026040', '2019-08-05', 29, NULL, 5986),
('St.Joseph\'s Pharmacy-Ja - Ela City', 'St.Joseph\'s Pharmacy-Ja - Ela City', 'Ja - Ela', 'IN-026041', '2019-08-06', 28, NULL, 7578),
('Ajantha Medicals-Kochchikade', 'Ajantha Medicals-Kochchikade', 'Negombo', 'IN-026045', '2019-08-06', 28, NULL, 6673),
('Nawaloka Hospital-Negombo city', 'Nawaloka Hospital-Negombo city', 'Negombo', 'IN-026046', '2019-08-06', 28, NULL, 72440),
('Super Medical-Negombo city', 'Super Medical-Negombo city', 'Negombo', 'IN-026047', '2019-08-06', 28, NULL, 35322.8),
('Leesons Pharmacy-Raga-Ragama', 'Leesons Pharmacy-Raga-Ragama', 'Wattala', 'IN-026048', '2019-08-06', 28, NULL, 49969),
('St.Jude\'s Pharmacy - Seeduwa-Seeduwa', 'St.Jude\'s Pharmacy - Seeduwa-Seeduwa', 'Ja - Ela', 'IN-026049', '2019-08-06', 28, NULL, 23679.2),
('Srilak Pharmacy & Grocery-Seeduwa', 'Srilak Pharmacy & Grocery-Seeduwa', 'Ja - Ela', 'IN-026050', '2019-08-06', 28, NULL, 10174.5),
('Srilak Pharmacy & Grocery-Seeduwa', 'Srilak Pharmacy & Grocery-Seeduwa', 'Ja - Ela', 'IN-026051', '2019-08-06', 28, NULL, 7446.5),
('Thenuka Pharmacy-Negombo city', 'Thenuka Pharmacy-Negombo city', 'Negombo', 'IN-026052', '2019-08-06', 28, NULL, 11264),
('Health Care Pharmacy-Raddolugama', 'Health Care Pharmacy-Raddolugama', 'Ja - Ela', 'IN-026054', '2019-08-06', 28, NULL, 835),
('Asiri Pharmacy - Raddolugama-Raddolugama', 'Asiri Pharmacy - Raddolugama-Raddolugama', 'Ja - Ela', 'IN-026055', '2019-08-06', 28, NULL, 14928),
('Raddolugama Pharmacy-Raddolugama', 'Raddolugama Pharmacy-Raddolugama', 'Ja - Ela', 'IN-026056', '2019-08-06', 28, NULL, 22030.8),
('Laksiri Pharmacy-Aweriwatta', 'Laksiri Pharmacy-Aweriwatta', 'Ja - Ela', 'IN-026057', '2019-08-06', 28, NULL, 12957.3),
('Hemas Hospital-Wattala city', 'Hemas Hospital-Wattala city', 'Wattala', 'IN-026059', '2019-08-07', 27, NULL, 12348.6),
('Handala Medical-Wattala city', 'Handala Medical-Wattala city', 'Wattala', 'IN-026060', '2019-08-07', 27, NULL, 2710.4),
('New Central Pharmacy - Negombo-Negombo city', 'New Central Pharmacy - Negombo-Negombo city', 'Negombo', 'IN-026062', '2019-08-07', 27, NULL, 6859.5),
('Unique Pharmacy-Negombo city', 'Unique Pharmacy-Negombo city', 'Negombo', 'IN-026063', '2019-08-07', 27, NULL, 8068),
('New Ekala Pharmacy-Ekala', 'New Ekala Pharmacy-Ekala', 'Ja - Ela', 'IN-026065', '2019-08-07', 27, NULL, 2633.3),
('Thilina Pharmacy-Ekala', 'Thilina Pharmacy-Ekala', 'Ja - Ela', 'IN-026066', '2019-08-07', 27, NULL, 3516),
('St.Joseph\'s Pharmacy-Ja - Ela City', 'St.Joseph\'s Pharmacy-Ja - Ela City', 'Ja - Ela', 'IN-026067', '2019-08-07', 27, NULL, 5776),
('St.Jude\'s Pharmacy - Ja-Ela-Ja - Ela City', 'St.Jude\'s Pharmacy - Ja-Ela-Ja - Ela City', 'Ja - Ela', 'IN-026068', '2019-08-07', 27, NULL, 13978.5),
('Calvery Medical-Ja - Ela City', 'Calvery Medical-Ja - Ela City', 'Ja - Ela', 'IN-026069', '2019-08-07', 27, NULL, 3499),
('Ave Mariya Pharmacy-Negombo city', 'Ave Mariya Pharmacy-Negombo city', 'Negombo', 'IN-026070', '2019-08-02', 32, NULL, 3052.5),
('Darshana Pharmacy-Je -Ela-Ja - Ela City', 'Darshana Pharmacy-Je -Ela-Ja - Ela City', 'Ja - Ela', 'IN-026071', '2019-08-07', 27, NULL, 15818.4),
('C&D Pharmacy-Ja - Ela City', 'C&D Pharmacy-Ja - Ela City', 'Ja - Ela', 'IN-026072', '2019-08-07', 27, NULL, 5565.5),
('Hansi Pharmacy & Grocery.-Ja - Ela City', 'Hansi Pharmacy & Grocery.-Ja - Ela City', 'Ja - Ela', 'IN-026073', '2019-08-07', 27, NULL, 2151.6),
('Bopitiya Pharmacy-Bopitiya', 'Bopitiya Pharmacy-Bopitiya', 'Ja - Ela', 'IN-026074', '2019-08-07', 27, NULL, 14591.4),
('Pamunugama Pharmacy-Bopitiya', 'Pamunugama Pharmacy-Bopitiya', 'Ja - Ela', 'IN-026075', '2019-08-07', 27, NULL, 28662.1),
('Pamunugama Pharmacy-Bopitiya', 'Pamunugama Pharmacy-Bopitiya', 'Ja - Ela', 'IN-026076', '2019-08-07', 27, NULL, 3380),
('Nawa Osusala- Ja Ela-Ja - Ela City', 'Nawa Osusala- Ja Ela-Ja - Ela City', 'Ja - Ela', 'IN-026078', '2019-08-07', 27, NULL, 22833.8),
('Health and Glow Pharmacy-Wattala city', 'Health and Glow Pharmacy-Wattala city', 'Wattala', 'IN-026079', '2019-08-07', 27, NULL, 1556),
('Lakshan chemist-Wattala city', 'Lakshan chemist-Wattala city', 'Wattala', 'IN-026080', '2019-08-08', 26, NULL, 1404.3),
('Unique Pharmacy-Negombo city', 'Unique Pharmacy-Negombo city', 'Negombo', 'IN-026081', '2019-08-08', 26, NULL, 2661),
('New Crystal Pharmacy-Negombo city', 'New Crystal Pharmacy-Negombo city', 'Negombo', 'IN-026082', '2019-08-08', 26, NULL, 13900.3),
('People\'s Pharmacy & Grocery-Wattala city', 'People\'s Pharmacy & Grocery-Wattala city', 'Wattala', 'IN-026085', '2019-08-08', 26, NULL, 9048),
('Sri Sathya-Wattala city', 'Sri Sathya-Wattala city', 'Wattala', 'IN-026086', '2019-08-08', 26, NULL, 23746.8),
('Krishmo Pharmacy & Grocery-Wattala city', 'Krishmo Pharmacy & Grocery-Wattala city', 'Wattala', 'IN-026087', '2019-08-08', 26, NULL, 4935.6),
('Osu Sala - Wattala-Wattala city', 'Osu Sala - Wattala-Wattala city', 'Wattala', 'IN-026088', '2019-08-08', 26, NULL, 28794.5),
('Lakse Pharmacy-Paliyagoda', 'Lakse Pharmacy-Paliyagoda', 'Wattala', 'IN-026089', '2019-08-08', 26, NULL, 16000),
('Family Care Pharmacy-Wattala city', 'Family Care Pharmacy-Wattala city', 'Wattala', 'IN-026090', '2019-08-08', 26, NULL, 2484),
('Nawaloka Hospital-Negombo city', 'Nawaloka Hospital-Negombo city', 'Negombo', 'IN-026093', '2019-08-09', 25, NULL, 3912),
('St.Jude\'s Pharmacy - Seeduwa-Seeduwa', 'St.Jude\'s Pharmacy - Seeduwa-Seeduwa', 'Ja - Ela', 'IN-026095', '2019-08-09', 25, NULL, 5956.5),
('Srilak Pharmacy & Grocery-Seeduwa', 'Srilak Pharmacy & Grocery-Seeduwa', 'Ja - Ela', 'IN-026096', '2019-08-09', 25, NULL, 2978.25),
('Asiri Pharmacy - Raddolugama-Raddolugama', 'Asiri Pharmacy - Raddolugama-Raddolugama', 'Ja - Ela', 'IN-026098', '2019-08-09', 25, NULL, 7912.5),
('PJ Enterprises ( PVT ) LTD-Ja - Ela City', 'PJ Enterprises ( PVT ) LTD-Ja - Ela City', 'Ja - Ela', 'IN-026099', '2019-08-09', 25, NULL, 19750),
('Thilina Pharmacy-Ekala', 'Thilina Pharmacy-Ekala', 'Ja - Ela', 'IN-026100', '2019-08-09', 25, NULL, 2978.25),
('The Pharmacy A.P.Y (Pvt) Ltd-Ja - Ela City', 'The Pharmacy A.P.Y (Pvt) Ltd-Ja - Ela City', 'Ja - Ela', 'IN-026101', '2019-08-09', 25, NULL, 2978.25),
('Bopitiya Pharmacy-Bopitiya', 'Bopitiya Pharmacy-Bopitiya', 'Ja - Ela', 'IN-026102', '2019-08-09', 25, NULL, 6520),
('Pamunugama Pharmacy-Bopitiya', 'Pamunugama Pharmacy-Bopitiya', 'Ja - Ela', 'IN-026103', '2019-08-09', 25, NULL, 26080),
('Nawa Osusala- Ja Ela-Ja - Ela City', 'Nawa Osusala- Ja Ela-Ja - Ela City', 'Ja - Ela', 'IN-026105', '2019-08-09', 25, NULL, 25516.5),
('People\'s Pharmacy & Grocery-Wattala city', 'People\'s Pharmacy & Grocery-Wattala city', 'Wattala', 'IN-026107', '2019-08-09', 25, NULL, 1913.65),
('Handala Medical-Wattala city', 'Handala Medical-Wattala city', 'Wattala', 'IN-026109', '2019-08-09', 25, NULL, 13570.8),
('Health and Glow pharmacy Hunupitiya-Wattala city', 'Health and Glow pharmacy Hunupitiya-Wattala city', 'Wattala', 'IN-026110', '2019-08-09', 25, NULL, 5965.65),
('Rose Villa Pharmacy-Wattala city', 'Rose Villa Pharmacy-Wattala city', 'Wattala', 'IN-026111', '2019-08-09', 25, NULL, 10155.5),
('Lakshan chemist-Wattala city', 'Lakshan chemist-Wattala city', 'Wattala', 'IN-026113', '2019-08-09', 25, NULL, 10545),
('Reliable Pharmacy-Mahabage', 'Reliable Pharmacy-Mahabage', 'Wattala', 'IN-026114', '2019-08-09', 25, NULL, 8777.25),
('Health and Glow Pharmacy-Wattala city', 'Health and Glow Pharmacy-Wattala city', 'Wattala', 'IN-026115', '2019-08-09', 25, NULL, 31750.1),
('Lakshi Pharmacy-Negombo city', 'Lakshi Pharmacy-Negombo city', 'Negombo', 'IN-026116', '2019-08-09', 25, NULL, 3912),
('Hemas Hospital-Wattala city', 'Hemas Hospital-Wattala city', 'Wattala', 'IN-026117', '2019-08-09', 25, NULL, 59250),
('Asoka Pharmacy-Negombo city', 'Asoka Pharmacy-Negombo city', 'Negombo', 'IN-026118', '2019-08-09', 25, NULL, 1266),
('Browns healthcare pvt ltd-Ragama', 'Browns healthcare pvt ltd-Ragama', 'Wattala', 'IN-026120', '2019-08-09', 25, NULL, 117114),
('Browns healthcare pvt ltd-Ragama', 'Browns healthcare pvt ltd-Ragama', 'Wattala', 'IN-026121', '2019-08-09', 25, NULL, 64483),
('Chandrika Medical-Wennappuwa', 'Chandrika Medical-Wennappuwa', 'Wennappuwa', 'IN-026124', '2019-08-09', 25, NULL, 8132),
('Wijaya  Medical, Lunuwilla-Lunuwila', 'Wijaya  Medical, Lunuwilla-Lunuwila', 'Wennappuwa', 'IN-026125', '2019-08-09', 25, NULL, 7345),
('Niroga Pharmacy-Dankotuwa', 'Niroga Pharmacy-Dankotuwa', 'Wennappuwa', 'IN-026128', '2019-08-09', 25, NULL, 6239),
('Oshidi Medical-Dankotuwa', 'Oshidi Medical-Dankotuwa', 'Wennappuwa', 'IN-026129', '2019-08-09', 25, NULL, 10138.6),
('Dankotuwa Medical Stores-Dankotuwa', 'Dankotuwa Medical Stores-Dankotuwa', 'Wennappuwa', 'IN-026130', '2019-08-09', 25, NULL, 11690.8),
('The British Pharmacy-Dankotuwa', 'The British Pharmacy-Dankotuwa', 'Wennappuwa', 'IN-026131', '2019-08-09', 25, NULL, 29234),
('Sarani Pharmacy-Waikkala', 'Sarani Pharmacy-Waikkala', 'Wennappuwa', 'IN-026132', '2019-08-09', 25, NULL, 12672.3),
('Royal Pharmacy - Makandura-Pannala', 'Royal Pharmacy - Makandura-Pannala', 'Pannala', 'IN-026133', '2019-08-09', 25, NULL, 13283.6),
('St.Joseph Pharmacy-Wennappuwa', 'St.Joseph Pharmacy-Wennappuwa', 'Wennappuwa', 'IN-026134', '2019-08-09', 25, NULL, 2844.3),
('Ranmina Pharmacy-Wennappuwa', 'Ranmina Pharmacy-Wennappuwa', 'Wennappuwa', 'IN-026136', '2019-08-09', 25, NULL, 6390.8),
('Gayasha Pharmacy-Waikkala', 'Gayasha Pharmacy-Waikkala', 'Wennappuwa', 'IN-026138', '2019-08-09', 25, NULL, 9537.5),
('Browns healthcare pvt ltd-Ragama', 'Browns healthcare pvt ltd-Ragama', 'Wattala', 'IN-026140', '2019-08-09', 25, NULL, 7669.5),
('Family Care Pharmacy-Wattala city', 'Family Care Pharmacy-Wattala city', 'Wattala', 'IN-026142', '2019-08-10', 24, NULL, 1678),
('Suranga Pharmacy-Katana', 'Suranga Pharmacy-Katana', 'Negombo', 'IN-026143', '2019-08-10', 24, NULL, 11769),
('Hemas Hospital-Wattala city', 'Hemas Hospital-Wattala city', 'Wattala', 'IN-026144', '2019-08-10', 24, NULL, 5956.5),
('Isira Pharmacy-Dankotuwa', 'Isira Pharmacy-Dankotuwa', 'Wennappuwa', 'IN-026146', '2019-08-10', 24, NULL, 2978.25),
('Supreme Pharmacy-Katana', 'Supreme Pharmacy-Katana', 'Negombo', 'IN-026147', '2019-08-12', 22, NULL, 13040),
('Apeksha pharmacy-Wennappuwa', 'Apeksha pharmacy-Wennappuwa', 'Wennappuwa', 'IN-026148', '2019-08-12', 22, NULL, 15599.3),
('New Pharmacy - Wattala-Wattala city', 'New Pharmacy - Wattala-Wattala city', 'Wattala', 'IN-026149', '2019-08-12', 22, NULL, 6330),
('Champika Medicals-Kochchikade', 'Champika Medicals-Kochchikade', 'Negombo', 'IN-026150', '2019-08-12', 22, NULL, 27842.1),
('Wijaya  Medical, Lunuwilla-Lunuwila', 'Wijaya  Medical, Lunuwilla-Lunuwila', 'Wennappuwa', 'IN-026151', '2019-08-12', 22, NULL, 10472.5),
('Unique Pharmacy-Negombo city', 'Unique Pharmacy-Negombo city', 'Negombo', 'IN-026152', '2019-08-12', 22, NULL, 28921),
('Health and Glow Pharmacy-Wattala city', 'Health and Glow Pharmacy-Wattala city', 'Wattala', 'IN-026153', '2019-08-12', 22, NULL, 28304.8),
('Sahana Osusala-Ragama', 'Sahana Osusala-Ragama', 'Wattala', 'IN-026156', '2019-08-12', 22, NULL, 6330),
('Super Medical-Negombo city', 'Super Medical-Negombo city', 'Negombo', 'IN-026157', '2019-08-12', 22, NULL, 18996.5),
('Hemas Hospital-Wattala city', 'Hemas Hospital-Wattala city', 'Wattala', 'IN-026158', '2019-08-12', 22, NULL, 13815),
('S&G Pharmacy-Kattuwa', 'S&G Pharmacy-Kattuwa', 'Negombo', 'IN-026159', '2019-08-12', 22, NULL, 4530.3),
('Isira Pharmacy-Dankotuwa', 'Isira Pharmacy-Dankotuwa', 'Wennappuwa', 'IN-026160', '2019-08-12', 22, NULL, 20099.1),
('Nawaloka Hospital-Negombo city', 'Nawaloka Hospital-Negombo city', 'Negombo', 'IN-026162', '2019-08-12', 22, NULL, 77056.6),
('Royal Pharmacy-Lunuwila', 'Royal Pharmacy-Lunuwila', 'Wennappuwa', 'IN-026163', '2019-08-12', 22, NULL, 7020.4),
('Pradeep Pharmcy-Waikkala', 'Pradeep Pharmcy-Waikkala', 'Wennappuwa', 'IN-026165', '2019-08-12', 22, NULL, 1670),
('Jayasiri Pharmacy-Nattandiya', 'Jayasiri Pharmacy-Nattandiya', 'Marawila', 'IN-026167', '2019-08-12', 22, NULL, 7616.85),
('The Britise Stores-Nattandiya', 'The Britise Stores-Nattandiya', 'Marawila', 'IN-026168', '2019-08-12', 22, NULL, 13780.3),
('Nalaka Pharmacy-Marawila city', 'Nalaka Pharmacy-Marawila city', 'Marawila', 'IN-026169', '2019-08-12', 22, NULL, 15112.3),
('Hiran Pharmacy-Marawila city', 'Hiran Pharmacy-Marawila city', 'Marawila', 'IN-026171', '2019-08-12', 22, NULL, 7029.4),
('Leesons Pharmacy-Raga-Ragama', 'Leesons Pharmacy-Raga-Ragama', 'Wattala', 'IN-026172', '2019-08-12', 22, NULL, 49864.5),
('Ranmina Pharmacy-Katuneriya', 'Ranmina Pharmacy-Katuneriya', 'Wennappuwa', 'IN-026173', '2019-08-12', 22, NULL, 13012.5),
('PJ Enterprises ( PVT ) LTD-Ja - Ela City', 'PJ Enterprises ( PVT ) LTD-Ja - Ela City', 'Ja - Ela', 'IN-026175', '2019-08-13', 21, NULL, 65230.5),
('Union Pharmacy Negombo-Negombo city', 'Union Pharmacy Negombo-Negombo city', 'Negombo', 'IN-026176', '2019-08-13', 21, NULL, 5378.8),
('Health and Glow Pharmacy-Wattala city', 'Health and Glow Pharmacy-Wattala city', 'Wattala', 'IN-026177', '2019-08-13', 21, NULL, 1349),
('Prasanna Pharmacy-Wennappuwa', 'Prasanna Pharmacy-Wennappuwa', 'Wennappuwa', 'IN-026179', '2019-08-13', 21, NULL, 14402.6),
('Kandawala Pharmacy & Grocery-Katana', 'Kandawala Pharmacy & Grocery-Katana', 'Negombo', 'IN-026180', '2019-08-13', 21, NULL, 1581),
('New Central Pharmacy - Negombo-Negombo city', 'New Central Pharmacy - Negombo-Negombo city', 'Negombo', 'IN-026181', '2019-08-13', 21, NULL, 36394.5),
('City Medicals - Negombo-Negombo city', 'City Medicals - Negombo-Negombo city', 'Negombo', 'IN-026182', '2019-08-13', 21, NULL, 31626),
('Better Health Pharmacy-Negombo city', 'Better Health Pharmacy-Negombo city', 'Negombo', 'IN-026185', '2019-08-13', 21, NULL, 28976),
('Shanthi Pharmacy-Negombo city', 'Shanthi Pharmacy-Negombo city', 'Negombo', 'IN-026187', '2019-08-13', 21, NULL, 17815.9),
('Shanthi Pharmacy-Negombo city', 'Shanthi Pharmacy-Negombo city', 'Negombo', 'IN-026188', '2019-08-13', 21, NULL, 3982),
('Silveray Pharmacy-Negombo city', 'Silveray Pharmacy-Negombo city', 'Negombo', 'IN-026189', '2019-08-13', 21, NULL, 7764.63),
('Osu Sala Mabola-Wattala city', 'Osu Sala Mabola-Wattala city', 'Wattala', 'IN-026190', '2019-08-13', 21, NULL, 5727.85),
('New Crystal Pharmacy-Negombo city', 'New Crystal Pharmacy-Negombo city', 'Negombo', 'IN-026191', '2019-08-13', 21, NULL, 17500.6),
('Reliance Pharmacy(PVT).LTD-Negombo city', 'Reliance Pharmacy(PVT).LTD-Negombo city', 'Negombo', 'IN-026192', '2019-08-13', 21, NULL, 7120.26),
('New Lanka Pharmacy-Negombo city', 'New Lanka Pharmacy-Negombo city', 'Negombo', 'IN-026193', '2019-08-13', 21, NULL, 13178.6),
('New Lanka Pharmacy-Negombo city', 'New Lanka Pharmacy-Negombo city', 'Negombo', 'IN-026194', '2019-08-13', 21, NULL, 4524),
('Unique Pharmacy-Negombo city', 'Unique Pharmacy-Negombo city', 'Negombo', 'IN-026196', '2019-08-13', 21, NULL, 83929.3),
('Mahajana Osusala - Negombo-Negombo city', 'Mahajana Osusala - Negombo-Negombo city', 'Negombo', 'IN-026197', '2019-08-13', 21, NULL, 26712.7),
('Health Care Medicals-Negombo city', 'Health Care Medicals-Negombo city', 'Negombo', 'IN-026198', '2019-08-13', 21, NULL, 16151.7),
('Dr. Deepal Fonseka-Ja - Ela City', 'Dr. Deepal Fonseka-Ja - Ela City', 'Ja - Ela', 'IN-026200', '2019-08-15', 19, NULL, 31434),
('Sahana Osusala-Ragama', 'Sahana Osusala-Ragama', 'Wattala', 'IN-026201', '2019-08-15', 19, NULL, 1046.9),
('Thilina Pharmacy-Ekala', 'Thilina Pharmacy-Ekala', 'Ja - Ela', 'IN-026202', '2019-08-15', 19, NULL, 8721.25),
('K.S.A Medical-Negombo city', 'K.S.A Medical-Negombo city', 'Negombo', 'IN-026203', '2019-08-15', 19, NULL, 11318.7),
('International Institute Of Health Sciences (PVT) L', 'International Institute Of Health Sciences (PVT) L', 'Wattala', 'IN-026205', '2019-08-15', 19, NULL, 7600.25),
('St.Joseph\'s Pharmacy-Ja - Ela City', 'St.Joseph\'s Pharmacy-Ja - Ela City', 'Ja - Ela', 'IN-026207', '2019-08-15', 19, NULL, 13040),
('Unique Pharmacy-Negombo city', 'Unique Pharmacy-Negombo city', 'Negombo', 'IN-026208', '2019-08-15', 19, NULL, 12000),
('Best Way Pharmacy-Negombo city', 'Best Way Pharmacy-Negombo city', 'Negombo', 'IN-026209', '2019-08-15', 19, NULL, 2029.8),
('Asoka Pharmacy-Negombo city', 'Asoka Pharmacy-Negombo city', 'Negombo', 'IN-026210', '2019-08-15', 19, NULL, 12037.5),
('Asoka Pharmacy-Negombo city', 'Asoka Pharmacy-Negombo city', 'Negombo', 'IN-026211', '2019-08-15', 19, NULL, 2859),
('Angels Pharmacy-Kochchikade', 'Angels Pharmacy-Kochchikade', 'Negombo', 'IN-026212', '2019-08-15', 19, NULL, 5707.8),
('Anrita Pharmacy-Kochchikade', 'Anrita Pharmacy-Kochchikade', 'Negombo', 'IN-026213', '2019-08-15', 19, NULL, 2359.3),
('Hemas Hospital-Wattala city', 'Hemas Hospital-Wattala city', 'Wattala', 'IN-026214', '2019-08-15', 19, NULL, 10478),
('Champika Medicals-Kochchikade', 'Champika Medicals-Kochchikade', 'Negombo', 'IN-026216', '2019-08-15', 19, NULL, 5239),
('Trust Chemist-Kochchikade', 'Trust Chemist-Kochchikade', 'Negombo', 'IN-026217', '2019-08-15', 19, NULL, 3785.8),
('Orient Pharmacy-Negombo city', 'Orient Pharmacy-Negombo city', 'Negombo', 'IN-026219', '2019-08-15', 19, NULL, 1535.9),
('Healing pharmacy-Negombo city', 'Healing pharmacy-Negombo city', 'Negombo', 'IN-026222', '2019-08-15', 19, NULL, 5745.2),
('S&G Pharmacy-Kattuwa', 'S&G Pharmacy-Kattuwa', 'Negombo', 'IN-026223', '2019-08-15', 19, NULL, 11492.1),
('Royal Pharmacy-Kandana', 'Royal Pharmacy-Kandana', 'Kandana', 'IN-026224', '2019-08-16', 18, NULL, 7433.75),
('Health Care Pharmacy-Raddolugama', 'Health Care Pharmacy-Raddolugama', 'Ja - Ela', 'IN-026226', '2019-08-16', 18, NULL, 6520),
('Union Pharmacy Negombo-Negombo city', 'Union Pharmacy Negombo-Negombo city', 'Negombo', 'IN-026227', '2019-08-16', 18, NULL, 5956.5),
('Lanka Pharmacy - Negombo-Negombo city', 'Lanka Pharmacy - Negombo-Negombo city', 'Negombo', 'IN-026228', '2019-08-16', 18, NULL, 11085.5),
('International Institute Of Health Sciences (PVT) L', 'International Institute Of Health Sciences (PVT) L', 'Wattala', 'IN-026229', '2019-08-16', 18, NULL, 20945),
('Kandawala Pharmacy & Grocery-Katana', 'Kandawala Pharmacy & Grocery-Katana', 'Negombo', 'IN-026232', '2019-08-16', 18, NULL, 2311),
('Health and Glow Pharmacy-Wattala city', 'Health and Glow Pharmacy-Wattala city', 'Wattala', 'IN-026233', '2019-08-16', 18, NULL, 10757.6),
('Ajantha Medicals-Kochchikade', 'Ajantha Medicals-Kochchikade', 'Negombo', 'IN-026236', '2019-08-16', 18, NULL, 5259.18),
('Sethma Pharmacy - Kandana-Kandana', 'Sethma Pharmacy - Kandana-Kandana', 'Kandana', 'IN-026237', '2019-08-16', 18, NULL, 76546.6),
('Pradipa Pharmacy-Negombo city', 'Pradipa Pharmacy-Negombo city', 'Negombo', 'IN-026239', '2019-08-16', 18, NULL, 1796.5),
('Kandawala Pharmacy & Grocery-Katana', 'Kandawala Pharmacy & Grocery-Katana', 'Negombo', 'IN-026240', '2019-08-16', 18, NULL, 4657.5),
('Suranga Pharmacy-Katana', 'Suranga Pharmacy-Katana', 'Negombo', 'IN-026241', '2019-08-16', 18, NULL, 2531.5),
('Hiru Pharmacy-Katana', 'Hiru Pharmacy-Katana', 'Negombo', 'IN-026242', '2019-08-16', 18, NULL, 13654.3),
('Rasul Pharmacy-Negombo city', 'Rasul Pharmacy-Negombo city', 'Negombo', 'IN-026243', '2019-08-16', 18, NULL, 9660.8),
('Isuru Pharmacy-Katana', 'Isuru Pharmacy-Katana', 'Negombo', 'IN-026244', '2019-08-16', 18, NULL, 6742.3),
('Suwasala Pharmacy-Kimbulapitiya', 'Suwasala Pharmacy-Kimbulapitiya', 'Negombo', 'IN-026245', '2019-08-16', 18, NULL, 9023.8),
('Thenuka Pharmacy-Negombo city', 'Thenuka Pharmacy-Negombo city', 'Negombo', 'IN-026247', '2019-08-16', 18, NULL, 20946),
('Hemas Hospital-Wattala city', 'Hemas Hospital-Wattala city', 'Wattala', 'IN-026248', '2019-08-16', 18, NULL, 120994),
('Robert Medicals-Kimbulapitiya', 'Robert Medicals-Kimbulapitiya', 'Negombo', 'IN-026249', '2019-08-16', 18, NULL, 12515.9),
('V.M pharmacy-Negombo city', 'V.M pharmacy-Negombo city', 'Negombo', 'IN-026250', '2019-08-16', 18, NULL, 2442.2),
('New Central Pharmacy - Negombo-Negombo city', 'New Central Pharmacy - Negombo-Negombo city', 'Negombo', 'IN-026251', '2019-08-16', 18, NULL, 39050),
('Pamunugama Osusala-Raddolugama', 'Pamunugama Osusala-Raddolugama', 'Ja - Ela', 'IN-026253', '2019-08-17', 17, NULL, 9678),
('St.Ciciliya Pharmacy-Wennappuwa', 'St.Ciciliya Pharmacy-Wennappuwa', 'Wennappuwa', 'IN-026255', '2019-08-17', 17, NULL, 1670),
('Leesons Pharmacy-Raga-Ragama', 'Leesons Pharmacy-Raga-Ragama', 'Wattala', 'IN-026258', '2019-08-19', 15, NULL, 75333.4),
('Ragama Pharmacy-Ragama', 'Ragama Pharmacy-Ragama', 'Wattala', 'IN-026259', '2019-08-19', 15, NULL, 57994.6),
('New City Pharmacy - Ragama-Ragama', 'New City Pharmacy - Ragama-Ragama', 'Wattala', 'IN-026261', '2019-08-19', 15, NULL, 7784.5),
('Sahana Osusala-Ragama', 'Sahana Osusala-Ragama', 'Wattala', 'IN-026262', '2019-08-19', 15, NULL, 20018.7),
('Sampath Pharmacy-Ragama', 'Sampath Pharmacy-Ragama', 'Wattala', 'IN-026263', '2019-08-19', 15, NULL, 32404.2),
('Gimshani Pharmacy-Kandana', 'Gimshani Pharmacy-Kandana', 'Kandana', 'IN-026264', '2019-08-19', 15, NULL, 11040),
('Orient  Pharamacy -Kandana-Kandana', 'Orient  Pharamacy -Kandana-Kandana', 'Kandana', 'IN-026265', '2019-08-19', 15, NULL, 5777.25),
('Royal Pharmacy-Kandana', 'Royal Pharmacy-Kandana', 'Kandana', 'IN-026266', '2019-08-19', 15, NULL, 11786.8),
('Osu sala - Kandana-Kandana', 'Osu sala - Kandana-Kandana', 'Kandana', 'IN-026267', '2019-08-19', 15, NULL, 5781.55),
('Hansi Pharmacy & Grocery.-Ja - Ela City', 'Hansi Pharmacy & Grocery.-Ja - Ela City', 'Ja - Ela', 'IN-026268', '2019-08-19', 15, NULL, 3577),
('Wijaya  Medical, Lunuwilla-Lunuwila', 'Wijaya  Medical, Lunuwilla-Lunuwila', 'Wennappuwa', 'IN-026269', '2019-08-19', 15, NULL, 2993),
('International Institute Of Health Sciences (PVT) L', 'International Institute Of Health Sciences (PVT) L', 'Wattala', 'IN-026270', '2019-08-19', 15, NULL, 9339.5),
('Sethma Pharmacy - Kandana-Kandana', 'Sethma Pharmacy - Kandana-Kandana', 'Kandana', 'IN-026271', '2019-08-19', 15, NULL, 35448),
('Bopitiya Pharmacy-Bopitiya', 'Bopitiya Pharmacy-Bopitiya', 'Ja - Ela', 'IN-026272', '2019-08-19', 15, NULL, 10909.8),
('Tudella Pharmacy-Ja - Ela City', 'Tudella Pharmacy-Ja - Ela City', 'Ja - Ela', 'IN-026274', '2019-08-19', 15, NULL, 1205),
('Chrishantha\'s Pharmacy-Marawila city', 'Chrishantha\'s Pharmacy-Marawila city', 'Marawila', 'IN-026275', '2019-08-19', 15, NULL, 6969.05),
('New Ekala Pharmacy-Ekala', 'New Ekala Pharmacy-Ekala', 'Ja - Ela', 'IN-026276', '2019-08-19', 15, NULL, 2394.3),
('St.Joseph\'s Pharmacy-Ja - Ela City', 'St.Joseph\'s Pharmacy-Ja - Ela City', 'Ja - Ela', 'IN-026278', '2019-08-19', 15, NULL, 13875.8),
('St.Jude\'s Pharmacy - Ja-Ela-Ja - Ela City', 'St.Jude\'s Pharmacy - Ja-Ela-Ja - Ela City', 'Ja - Ela', 'IN-026279', '2019-08-19', 15, NULL, 3292.5),
('Darshana Pharmacy-Je -Ela-Ja - Ela City', 'Darshana Pharmacy-Je -Ela-Ja - Ela City', 'Ja - Ela', 'IN-026281', '2019-08-19', 15, NULL, 18872.7),
('C&D Pharmacy-Ja - Ela City', 'C&D Pharmacy-Ja - Ela City', 'Ja - Ela', 'IN-026282', '2019-08-19', 15, NULL, 51434.3),
('PJ Enterprises ( PVT ) LTD-Ja - Ela City', 'PJ Enterprises ( PVT ) LTD-Ja - Ela City', 'Ja - Ela', 'IN-026283', '2019-08-19', 15, NULL, 134855),
('Bopitiya Pharmacy-Bopitiya', 'Bopitiya Pharmacy-Bopitiya', 'Ja - Ela', 'IN-026284', '2019-08-19', 15, NULL, 2861),
('St.Joseph\'s Pharmacy-Bopitiya', 'St.Joseph\'s Pharmacy-Bopitiya', 'Ja - Ela', 'IN-026285', '2019-08-19', 15, NULL, 9032.66),
('Pamunugama Pharmacy-Bopitiya', 'Pamunugama Pharmacy-Bopitiya', 'Ja - Ela', 'IN-026286', '2019-08-19', 15, NULL, 35512.4),
('Pamunugama Osusala-Raddolugama', 'Pamunugama Osusala-Raddolugama', 'Ja - Ela', 'IN-026287', '2019-08-20', 14, NULL, 3052.5),
('Isura Pharmacy-Ragama', 'Isura Pharmacy-Ragama', 'Wattala', 'IN-026288', '2019-08-20', 14, NULL, 822),
('Unique Pharmacy-Negombo city', 'Unique Pharmacy-Negombo city', 'Negombo', 'IN-026289', '2019-08-20', 14, NULL, 10469),
('St.Jude\'s Pharmacy - Seeduwa-Seeduwa', 'St.Jude\'s Pharmacy - Seeduwa-Seeduwa', 'Ja - Ela', 'IN-026290', '2019-08-20', 14, NULL, 18196.2),
('Ave Mariya Pharmacy-Negombo city', 'Ave Mariya Pharmacy-Negombo city', 'Negombo', 'IN-026291', '2019-08-20', 14, NULL, 2311),
('Nawaloka Hospital-Negombo city', 'Nawaloka Hospital-Negombo city', 'Negombo', 'IN-026292', '2019-08-20', 14, NULL, 75805.8),
('Ajantha Medicals-Kochchikade', 'Ajantha Medicals-Kochchikade', 'Negombo', 'IN-026294', '2019-08-20', 14, NULL, 15800),
('St.Jude\'s Pharmacy - Seeduwa-Seeduwa', 'St.Jude\'s Pharmacy - Seeduwa-Seeduwa', 'Ja - Ela', 'IN-026295', '2019-08-20', 14, NULL, 23317.2),
('Gold Crest Pharmacy-Seeduwa', 'Gold Crest Pharmacy-Seeduwa', 'Ja - Ela', 'IN-026296', '2019-08-20', 14, NULL, 2217.4),
('Laksiri Pharmacy-Aweriwatta', 'Laksiri Pharmacy-Aweriwatta', 'Ja - Ela', 'IN-026297', '2019-08-20', 14, NULL, 16292.4),
('Shri Lanka Pharmacy-Katunayake', 'Shri Lanka Pharmacy-Katunayake', 'Ja - Ela', 'IN-026300', '2019-08-19', 15, NULL, 9255.3),
('Asiri Pharmacy - Raddolugama-Raddolugama', 'Asiri Pharmacy - Raddolugama-Raddolugama', 'Ja - Ela', 'IN-026301', '2019-08-20', 14, NULL, 15520.5),
('Peoples Pharmacy - Raddolugama-Raddolugama', 'Peoples Pharmacy - Raddolugama-Raddolugama', 'Ja - Ela', 'IN-026302', '2019-08-20', 14, NULL, 2562.25),
('Raddolugama Pharmacy-Raddolugama', 'Raddolugama Pharmacy-Raddolugama', 'Ja - Ela', 'IN-026303', '2019-08-20', 14, NULL, 20561.5),
('Health Care Pharmacy-Raddolugama', 'Health Care Pharmacy-Raddolugama', 'Ja - Ela', 'IN-026304', '2019-08-20', 14, NULL, 2609.3),
('Pamunugama Osusala-Raddolugama', 'Pamunugama Osusala-Raddolugama', 'Ja - Ela', 'IN-026305', '2019-08-20', 14, NULL, 12021.9),
('Srilak Pharmacy & Grocery-Seeduwa', 'Srilak Pharmacy & Grocery-Seeduwa', 'Ja - Ela', 'IN-026306', '2019-08-20', 14, NULL, 16166.8),
('Santhana Pharmacy-Marawila city', 'Santhana Pharmacy-Marawila city', 'Marawila', 'IN-026308', '2019-08-20', 14, NULL, 19750),
('N.S Medical-Seeduwa', 'N.S Medical-Seeduwa', 'Ja - Ela', 'IN-026309', '2019-08-20', 14, NULL, 8788),
('Lakmi pharmacy-Negombo city', 'Lakmi pharmacy-Negombo city', 'Negombo', 'IN-026310', '2019-08-20', 14, NULL, 9237.4),
('Shanthi Pharmacy - Katana-Katana', 'Shanthi Pharmacy - Katana-Katana', 'Negombo', 'IN-026311', '2019-08-20', 14, NULL, 33434.2),
('Kalidson Pharmacy-Negombo city', 'Kalidson Pharmacy-Negombo city', 'Negombo', 'IN-026312', '2019-08-21', 13, NULL, 29036.1),
('Hemas Hospital-Wattala city', 'Hemas Hospital-Wattala city', 'Wattala', 'IN-026313', '2019-08-21', 13, NULL, 4668),
('Wijaya  Medical, Lunuwilla-Lunuwila', 'Wijaya  Medical, Lunuwilla-Lunuwila', 'Wennappuwa', 'IN-026315', '2019-08-21', 13, NULL, 8854),
('Lanka Pharmacy - Negombo-Negombo city', 'Lanka Pharmacy - Negombo-Negombo city', 'Negombo', 'IN-026316', '2019-08-21', 13, NULL, 95898.4),
('Sasithma Pharmacy-Ja - Ela City', 'Sasithma Pharmacy-Ja - Ela City', 'Ja - Ela', 'IN-026317', '2019-08-21', 13, NULL, 8879.4),
('Pharma Chemie-Wattala city', 'Pharma Chemie-Wattala city', 'Wattala', 'IN-026318', '2019-08-21', 13, NULL, 2469.4),
('Krishmo Pharmacy & Grocery-Wattala city', 'Krishmo Pharmacy & Grocery-Wattala city', 'Wattala', 'IN-026319', '2019-08-21', 13, NULL, 1838),
('Isuri Pharmacy - Wattala-Wattala city', 'Isuri Pharmacy - Wattala-Wattala city', 'Wattala', 'IN-026320', '2019-08-21', 13, NULL, 7025.5),
('Osu Sala - Wattala-Wattala city', 'Osu Sala - Wattala-Wattala city', 'Wattala', 'IN-026321', '2019-08-21', 13, NULL, 33960.5),
('Health and Glow pharmacy Hunupitiya-Wattala city', 'Health and Glow pharmacy Hunupitiya-Wattala city', 'Wattala', 'IN-026322', '2019-08-21', 13, NULL, 11777.8),
('New Pharmacy - Wattala-Wattala city', 'New Pharmacy - Wattala-Wattala city', 'Wattala', 'IN-026323', '2019-08-21', 13, NULL, 4332.2),
('Health and Glow Pharmacy-Wattala city', 'Health and Glow Pharmacy-Wattala city', 'Wattala', 'IN-026324', '2019-08-21', 13, NULL, 24590.6),
('Lakshan chemist-Wattala city', 'Lakshan chemist-Wattala city', 'Wattala', 'IN-026325', '2019-08-21', 13, NULL, 18289.2),
('Gold Crest Pharmacy-Seeduwa', 'Gold Crest Pharmacy-Seeduwa', 'Ja - Ela', 'IN-026326', '2019-08-21', 13, NULL, 2017),
('New ST. Joseph pharmacy& Grocery--Seeduwa', 'New ST. Joseph pharmacy& Grocery--Seeduwa', 'Ja - Ela', 'IN-026327', '2019-08-22', 12, NULL, 6707),
('Family Care Pharmacy-Wattala city', 'Family Care Pharmacy-Wattala city', 'Wattala', 'IN-026328', '2019-08-22', 12, NULL, 8535.5),
('Browns healthcare pvt ltd-Ragama', 'Browns healthcare pvt ltd-Ragama', 'Wattala', 'IN-026329', '2019-08-22', 12, NULL, 104690),
('Handala Medical-Wattala city', 'Handala Medical-Wattala city', 'Wattala', 'IN-026330', '2019-08-22', 12, NULL, 8505.5),
('Negombo Drugs-Negombo city', 'Negombo Drugs-Negombo city', 'Negombo', 'IN-026332', '2019-08-22', 12, NULL, 2410),
('Hemas Hospital-Wattala city', 'Hemas Hospital-Wattala city', 'Wattala', 'IN-026333', '2019-08-22', 12, NULL, 91820),
('Osu Sala Mabola-Wattala city', 'Osu Sala Mabola-Wattala city', 'Wattala', 'IN-026334', '2019-08-22', 12, NULL, 8130),
('Shanthi Pharmacy - Katana-Katana', 'Shanthi Pharmacy - Katana-Katana', 'Negombo', 'IN-026335', '2019-08-22', 12, NULL, 22821),
('Oshidi Medical-Dankotuwa', 'Oshidi Medical-Dankotuwa', 'Wennappuwa', 'IN-026336', '2019-08-22', 12, NULL, 4278.4),
('Niroga Pharmacy-Dankotuwa', 'Niroga Pharmacy-Dankotuwa', 'Wennappuwa', 'IN-026337', '2019-08-22', 12, NULL, 9552.7),
('Dankotuwa Medical Stores-Dankotuwa', 'Dankotuwa Medical Stores-Dankotuwa', 'Wennappuwa', 'IN-026338', '2019-08-22', 12, NULL, 8677.75),
('Sarani Pharmacy-Waikkala', 'Sarani Pharmacy-Waikkala', 'Wennappuwa', 'IN-026339', '2019-08-22', 12, NULL, 4744.43),
('Ranmina Pharmacy-Wennappuwa', 'Ranmina Pharmacy-Wennappuwa', 'Wennappuwa', 'IN-026340', '2019-08-22', 12, NULL, 3830.5),
('Saduni Pharmcy-Dankotuwa', 'Saduni Pharmcy-Dankotuwa', 'Wennappuwa', 'IN-026341', '2019-08-22', 12, NULL, 5956.5),
('Wijaya  Medical, Lunuwilla-Lunuwila', 'Wijaya  Medical, Lunuwilla-Lunuwila', 'Wennappuwa', 'IN-026342', '2019-08-22', 12, NULL, 6751.33),
('Prasanna Pharmacy-Wennappuwa', 'Prasanna Pharmacy-Wennappuwa', 'Wennappuwa', 'IN-026343', '2019-08-22', 12, NULL, 11356.5),
('Iresha Pharmaceuticals-Wennappuwa', 'Iresha Pharmaceuticals-Wennappuwa', 'Wennappuwa', 'IN-026345', '2019-08-22', 12, NULL, 37640.1),
('Leesons Pharmacy-Raga-Ragama', 'Leesons Pharmacy-Raga-Ragama', 'Wattala', 'IN-026346', '2019-08-22', 12, NULL, 15703.5),
('Royal Pharmacy - Makandura-Pannala', 'Royal Pharmacy - Makandura-Pannala', 'Pannala', 'IN-026348', '2019-08-22', 12, NULL, 11931.5),
('Araliya Pharmacy-Marawila city', 'Araliya Pharmacy-Marawila city', 'Marawila', 'IN-026349', '2019-08-23', 11, NULL, 12678),
('Iresha Pharmaceuticals-Wennappuwa', 'Iresha Pharmaceuticals-Wennappuwa', 'Wennappuwa', 'IN-026350', '2019-08-23', 11, NULL, 3600),
('St.Jude Pharmacy-Katuneriya-Katuneriya', 'St.Jude Pharmacy-Katuneriya-Katuneriya', 'Wennappuwa', 'IN-026351', '2019-08-23', 11, NULL, 5956.5),
('Asoka Pharmacy-Negombo city', 'Asoka Pharmacy-Negombo city', 'Negombo', 'IN-026352', '2019-08-23', 11, NULL, 1956),
('Ajantha Medicals-Kochchikade', 'Ajantha Medicals-Kochchikade', 'Negombo', 'IN-026353', '2019-08-23', 11, NULL, 12098),
('New Central Pharmacy - Negombo-Negombo city', 'New Central Pharmacy - Negombo-Negombo city', 'Negombo', 'IN-026354', '2019-08-23', 11, NULL, 4236),
('Reliable Pharmacy-Mahabage', 'Reliable Pharmacy-Mahabage', 'Wattala', 'IN-026355', '2019-08-23', 11, NULL, 15350.6),
('Better Health Pharmacy-Negombo city', 'Better Health Pharmacy-Negombo city', 'Negombo', 'IN-026356', '2019-08-23', 11, NULL, 13441),
('Negombo Drugs-Negombo city', 'Negombo Drugs-Negombo city', 'Negombo', 'IN-026357', '2019-08-23', 11, NULL, 11050.2),
('Shanthi Pharmacy-Negombo city', 'Shanthi Pharmacy-Negombo city', 'Negombo', 'IN-026358', '2019-08-23', 11, NULL, 16005.5),
('Silveray Pharmacy-Negombo city', 'Silveray Pharmacy-Negombo city', 'Negombo', 'IN-026359', '2019-08-23', 11, NULL, 21347.5),
('Thalahena Pharmacy-Thalahena', 'Thalahena Pharmacy-Thalahena', 'Negombo', 'IN-026360', '2019-08-23', 11, NULL, 5036.25),
('City Medicals - Negombo-Negombo city', 'City Medicals - Negombo-Negombo city', 'Negombo', 'IN-026361', '2019-08-23', 11, NULL, 24843.5),
('Rose Villa Pharmacy-Wattala city', 'Rose Villa Pharmacy-Wattala city', 'Wattala', 'IN-026362', '2019-08-24', 10, NULL, 3563.5),
('Araliya Pharmacy-Marawila city', 'Araliya Pharmacy-Marawila city', 'Marawila', 'IN-026363', '2019-08-24', 10, NULL, 2532),
('Unique Pharmacy-Negombo city', 'Unique Pharmacy-Negombo city', 'Negombo', 'IN-026364', '2019-08-24', 10, NULL, 3518.4),
('Hemas Hospital-Wattala city', 'Hemas Hospital-Wattala city', 'Wattala', 'IN-026365', '2019-08-26', 8, NULL, 5113),
('Thilina Pharmacy-Ekala', 'Thilina Pharmacy-Ekala', 'Ja - Ela', 'IN-026366', '2019-08-26', 8, NULL, 8853),
('Dr. Channa Perera-Dankotuwa', 'Dr. Channa Perera-Dankotuwa', 'Wennappuwa', 'IN-026367', '2019-08-26', 8, NULL, 10477.5),
('Royal Pharmacy-Lunuwila', 'Royal Pharmacy-Lunuwila', 'Wennappuwa', 'IN-026368', '2019-08-26', 8, NULL, 4165),
('W.Mendis Chemists-Lunuwila', 'W.Mendis Chemists-Lunuwila', 'Wennappuwa', 'IN-026369', '2019-08-26', 8, NULL, 24033.5),
('Indra Pharmacy-Minuwangoda', 'Indra Pharmacy-Minuwangoda', 'Minuwangoda', 'IN-026370', '2019-08-26', 8, NULL, 25941.8),
('Jayasiri Pharmacy-Nattandiya', 'Jayasiri Pharmacy-Nattandiya', 'Marawila', 'IN-026372', '2019-08-26', 8, NULL, 6202),
('The Britise Stores-Nattandiya', 'The Britise Stores-Nattandiya', 'Marawila', 'IN-026373', '2019-08-26', 8, NULL, 12344.2),
('Araliya Pharmacy-Marawila city', 'Araliya Pharmacy-Marawila city', 'Marawila', 'IN-026374', '2019-08-26', 8, NULL, 27355.8),
('St.Jude Pharmacy-Katuneriya-Katuneriya', 'St.Jude Pharmacy-Katuneriya-Katuneriya', 'Wennappuwa', 'IN-026376', '2019-08-26', 8, NULL, 1711.53),
('St.Joseph\'s Pharmacy-Ja - Ela City', 'St.Joseph\'s Pharmacy-Ja - Ela City', 'Ja - Ela', 'IN-026377', '2019-08-26', 8, NULL, 6691),
('Unique Pharmacy-Negombo city', 'Unique Pharmacy-Negombo city', 'Negombo', 'IN-026378', '2019-08-26', 8, NULL, 18075),
('Krishmo Pharmacy & Grocery-Wattala city', 'Krishmo Pharmacy & Grocery-Wattala city', 'Wattala', 'IN-026379', '2019-08-26', 8, NULL, 1928),
('Union Chemist (pvt) Ltd-Wattala city', 'Union Chemist (pvt) Ltd-Wattala city', 'Wattala', 'IN-026380', '2019-08-26', 8, NULL, 11817),
('Darani Pharmacy-Bolawatta', 'Darani Pharmacy-Bolawatta', 'Wennappuwa', 'IN-026382', '2019-08-26', 8, NULL, 14476.4),
('Union Pharmacy Negombo-Negombo city', 'Union Pharmacy Negombo-Negombo city', 'Negombo', 'IN-026383', '2019-08-26', 8, NULL, 5634.35),
('Krishmo Pharmacy & Grocery-Wattala city', 'Krishmo Pharmacy & Grocery-Wattala city', 'Wattala', 'IN-026384', '2019-08-26', 8, NULL, 2045.2),
('Union Chemist (pvt) Ltd-Wattala city', 'Union Chemist (pvt) Ltd-Wattala city', 'Wattala', 'IN-026385', '2019-08-26', 8, NULL, 5113),
('Nawa Osusala- Ja Ela-Ja - Ela City', 'Nawa Osusala- Ja Ela-Ja - Ela City', 'Ja - Ela', 'IN-026386', '2019-08-26', 8, NULL, 94013.6),
('Lanka Pharmacy - Negombo-Negombo city', 'Lanka Pharmacy - Negombo-Negombo city', 'Negombo', 'IN-026387', '2019-08-26', 8, NULL, 17405.5),
('J & J Pharmacy-Negombo city', 'J & J Pharmacy-Negombo city', 'Negombo', 'IN-026388', '2019-08-26', 8, NULL, 3026.25),
('Pradipa Pharmacy-Negombo city', 'Pradipa Pharmacy-Negombo city', 'Negombo', 'IN-026389', '2019-08-26', 8, NULL, 373),
('Supreme Pharmacy-Katana', 'Supreme Pharmacy-Katana', 'Negombo', 'IN-026390', '2019-08-26', 8, NULL, 21850.5),
('Kandawala Pharmacy & Grocery-Katana', 'Kandawala Pharmacy & Grocery-Katana', 'Negombo', 'IN-026391', '2019-08-26', 8, NULL, 2329.65),
('Suranga Pharmacy-Katana', 'Suranga Pharmacy-Katana', 'Negombo', 'IN-026392', '2019-08-26', 8, NULL, 15620.5),
('Thenuka Pharmacy-Negombo city', 'Thenuka Pharmacy-Negombo city', 'Negombo', 'IN-026393', '2019-08-26', 8, NULL, 4001),
('Shanthi Pharmacy - Katana-Katana', 'Shanthi Pharmacy - Katana-Katana', 'Negombo', 'IN-026394', '2019-08-26', 8, NULL, 3026.25),
('Shanthi Pharmacy - Katana-Katana', 'Shanthi Pharmacy - Katana-Katana', 'Negombo', 'IN-026395', '2019-08-26', 8, NULL, 5718),
('Robert Medicals-Kimbulapitiya', 'Robert Medicals-Kimbulapitiya', 'Negombo', 'IN-026396', '2019-08-26', 8, NULL, 8098.5),
('Kalidson Pharmacy-Negombo city', 'Kalidson Pharmacy-Negombo city', 'Negombo', 'IN-026397', '2019-08-26', 8, NULL, 3698.25),
('Nawaloka Hospital-Negombo city', 'Nawaloka Hospital-Negombo city', 'Negombo', 'IN-026398', '2019-08-26', 8, NULL, 107000),
('Lasith Pharmacy-Kimbulapitiya', 'Lasith Pharmacy-Kimbulapitiya', 'Negombo', 'IN-026399', '2019-08-26', 8, NULL, 2619.5),
('Lakshan chemist-Wattala city', 'Lakshan chemist-Wattala city', 'Wattala', 'IN-026400', '2019-08-26', 8, NULL, 2978.25),
('New Rio Pharmacy-Wattala city', 'New Rio Pharmacy-Wattala city', 'Wattala', 'IN-026401', '2019-08-26', 8, NULL, 3090.5),
('CC-Cash Payment-aaaa', 'CC-Cash Payment-aaaa', 'Chilaw', 'IN-026402', '2019-08-26', 8, NULL, 2421),
('Leesons Pharmacy-Raga-Ragama', 'Leesons Pharmacy-Raga-Ragama', 'Wattala', 'IN-026403', '2019-08-27', 7, NULL, 20938),
('St.Jude\'s Pharmacy - Seeduwa-Seeduwa', 'St.Jude\'s Pharmacy - Seeduwa-Seeduwa', 'Ja - Ela', 'IN-026405', '2019-08-27', 7, NULL, 6520),
('Ajantha Medicals-Kochchikade', 'Ajantha Medicals-Kochchikade', 'Negombo', 'IN-026406', '2019-08-27', 7, NULL, 66120),
('Unique Pharmacy-Negombo city', 'Unique Pharmacy-Negombo city', 'Negombo', 'IN-026407', '2019-08-27', 7, NULL, 66120),
('Central Devine Phrmacy-Minuwangoda', 'Central Devine Phrmacy-Minuwangoda', 'Minuwangoda', 'IN-026408', '2019-08-27', 7, NULL, 15339),
('Unique Pharmacy-Negombo city', 'Unique Pharmacy-Negombo city', 'Negombo', 'IN-026409', '2019-08-27', 7, NULL, 15339),
('Lakshan chemist-Wattala city', 'Lakshan chemist-Wattala city', 'Wattala', 'IN-026410', '2019-08-27', 7, NULL, 2471),
('Imedra Pharmacy-peralanda-Ragama', 'Imedra Pharmacy-peralanda-Ragama', 'Wattala', 'IN-026411', '2019-08-27', 7, NULL, 2292),
('Leesons Pharmacy-Raga-Ragama', 'Leesons Pharmacy-Raga-Ragama', 'Wattala', 'IN-026413', '2019-08-27', 7, NULL, 42396.1),
('New City Pharmacy - Ragama-Ragama', 'New City Pharmacy - Ragama-Ragama', 'Wattala', 'IN-026414', '2019-08-27', 7, NULL, 2732.5),
('Ragama Pharmacy-Ragama', 'Ragama Pharmacy-Ragama', 'Wattala', 'IN-026415', '2019-08-27', 7, NULL, 178112),
('Sahana Osusala-Ragama', 'Sahana Osusala-Ragama', 'Wattala', 'IN-026416', '2019-08-27', 7, NULL, 15264.8),
('Sampath Pharmacy-Ragama', 'Sampath Pharmacy-Ragama', 'Wattala', 'IN-026417', '2019-08-27', 7, NULL, 15797.2),
('Gimshani Pharmacy-Kandana', 'Gimshani Pharmacy-Kandana', 'Kandana', 'IN-026418', '2019-08-27', 7, NULL, 7131.25),
('Royal Pharmacy-Kandana', 'Royal Pharmacy-Kandana', 'Kandana', 'IN-026419', '2019-08-27', 7, NULL, 12977),
('Osu sala - Kandana-Kandana', 'Osu sala - Kandana-Kandana', 'Kandana', 'IN-026420', '2019-08-27', 7, NULL, 2415.6),
('Relaulla Pharmacy-Kandana', 'Relaulla Pharmacy-Kandana', 'Kandana', 'IN-026421', '2019-08-27', 7, NULL, 23166.5),
('Health Line Pharmacy-Kandana', 'Health Line Pharmacy-Kandana', 'Kandana', 'IN-026422', '2019-08-27', 7, NULL, 11131.5),
('PJ Enterprises ( PVT ) LTD-Ja - Ela City', 'PJ Enterprises ( PVT ) LTD-Ja - Ela City', 'Ja - Ela', 'IN-026423', '2019-08-27', 7, NULL, 134482),
('Reliance Pharmacy(PVT).LTD-Negombo city', 'Reliance Pharmacy(PVT).LTD-Negombo city', 'Negombo', 'IN-026424', '2019-08-28', 6, NULL, 6959),
('Alliance Pharmacy-Ragama', 'Alliance Pharmacy-Ragama', 'Wattala', 'IN-026425', '2019-08-28', 6, NULL, 4370),
('Handala Medical-Wattala city', 'Handala Medical-Wattala city', 'Wattala', 'IN-026426', '2019-08-28', 6, NULL, 2457.5),
('Silveray Pharmacy-Negombo city', 'Silveray Pharmacy-Negombo city', 'Negombo', 'IN-026427', '2019-08-28', 6, NULL, 5239),
('Ave Mariya Pharmacy-Negombo city', 'Ave Mariya Pharmacy-Negombo city', 'Negombo', 'IN-026428', '2019-08-28', 6, NULL, 6052.5),
('St.Jude\'s Pharmacy - Seeduwa-Seeduwa', 'St.Jude\'s Pharmacy - Seeduwa-Seeduwa', 'Ja - Ela', 'IN-026429', '2019-08-28', 6, NULL, 6025),
('Pamunugama Osusala-Raddolugama', 'Pamunugama Osusala-Raddolugama', 'Ja - Ela', 'IN-026431', '2019-08-28', 6, NULL, 6205.05),
('Dr. Rizvi Hashan-Kandana', 'Dr. Rizvi Hashan-Kandana', 'Kandana', 'IN-026432', '2019-08-28', 6, NULL, 6330),
('Ave Maria Hospital-Negombo city', 'Ave Maria Hospital-Negombo city', 'Negombo', 'IN-026433', '2019-08-28', 6, NULL, 22640),
('Niwasipura Pharmacy-Ja - Ela City', 'Niwasipura Pharmacy-Ja - Ela City', 'Ja - Ela', 'IN-026435', '2019-08-28', 6, NULL, 3756.6),
('St.Joseph\'s Pharmacy-Ja - Ela City', 'St.Joseph\'s Pharmacy-Ja - Ela City', 'Ja - Ela', 'IN-026436', '2019-08-28', 6, NULL, 7454.9),
('St.Jude\'s Pharmacy - Seeduwa-Seeduwa', 'St.Jude\'s Pharmacy - Seeduwa-Seeduwa', 'Ja - Ela', 'IN-026437', '2019-08-28', 6, NULL, 4696),
('Nawa Osusala- Ja Ela-Ja - Ela City', 'Nawa Osusala- Ja Ela-Ja - Ela City', 'Ja - Ela', 'IN-026438', '2019-08-28', 6, NULL, 6052.5),
('Calvery Medical-Ja - Ela City', 'Calvery Medical-Ja - Ela City', 'Ja - Ela', 'IN-026439', '2019-08-28', 6, NULL, 5126.05),
('Arogya Pharmacy - Ja - Ela-Ja - Ela City', 'Arogya Pharmacy - Ja - Ela-Ja - Ela City', 'Ja - Ela', 'IN-026440', '2019-08-28', 6, NULL, 2259.3),
('Darshana Pharmacy-Je -Ela-Ja - Ela City', 'Darshana Pharmacy-Je -Ela-Ja - Ela City', 'Ja - Ela', 'IN-026441', '2019-08-28', 6, NULL, 20073),
('C&D Pharmacy-Ja - Ela City', 'C&D Pharmacy-Ja - Ela City', 'Ja - Ela', 'IN-026442', '2019-08-28', 6, NULL, 9579.94),
('PJ Enterprises ( PVT ) LTD-Ja - Ela City', 'PJ Enterprises ( PVT ) LTD-Ja - Ela City', 'Ja - Ela', 'IN-026443', '2019-08-28', 6, NULL, 30388),
('Dr. Deepal Fonseka-Ja - Ela City', 'Dr. Deepal Fonseka-Ja - Ela City', 'Ja - Ela', 'IN-026444', '2019-08-28', 6, NULL, 104780),
('New Central Pharmacy - Negombo-Negombo city', 'New Central Pharmacy - Negombo-Negombo city', 'Negombo', 'IN-026445', '2019-08-28', 6, NULL, 10478),
('St.Joseph\'s Pharmacy-Bopitiya', 'St.Joseph\'s Pharmacy-Bopitiya', 'Ja - Ela', 'IN-026446', '2019-08-28', 6, NULL, 22056.7),
('Bopitiya Pharmacy-Bopitiya', 'Bopitiya Pharmacy-Bopitiya', 'Ja - Ela', 'IN-026447', '2019-08-28', 6, NULL, 9098.55),
('Laksiri Pharmacy-Aweriwatta', 'Laksiri Pharmacy-Aweriwatta', 'Ja - Ela', 'IN-026448', '2019-08-29', 5, NULL, 5041.6),
('Pharma Chemie-Wattala city', 'Pharma Chemie-Wattala city', 'Wattala', 'IN-026449', '2019-08-29', 5, NULL, 1899),
('St.Joseph\'s Pharmacy-Ja - Ela City', 'St.Joseph\'s Pharmacy-Ja - Ela City', 'Ja - Ela', 'IN-026450', '2019-08-29', 5, NULL, 13040),
('Raddolugama Pharmacy-Raddolugama', 'Raddolugama Pharmacy-Raddolugama', 'Ja - Ela', 'IN-026451', '2019-08-29', 5, NULL, 3644),
('Ajantha Medicals-Kochchikade', 'Ajantha Medicals-Kochchikade', 'Negombo', 'IN-026452', '2019-08-29', 5, NULL, 81950.5),
('Health Care Medicals-Negombo city', 'Health Care Medicals-Negombo city', 'Negombo', 'IN-026453', '2019-08-29', 5, NULL, 3715.3),
('Srilak Pharmacy & Grocery-Seeduwa', 'Srilak Pharmacy & Grocery-Seeduwa', 'Ja - Ela', 'IN-026454', '2019-08-29', 5, NULL, 3067.8),
('Hemas Hospital-Wattala city', 'Hemas Hospital-Wattala city', 'Wattala', 'IN-026455', '2019-08-29', 5, NULL, 10128),
('Hemas Hospital-Wattala city', 'Hemas Hospital-Wattala city', 'Wattala', 'IN-026456', '2019-08-29', 5, NULL, 126999),
('Unique Pharmacy-Negombo city', 'Unique Pharmacy-Negombo city', 'Negombo', 'IN-026457', '2019-08-29', 5, NULL, 141670),
('New Pharmacy - Wattala-Wattala city', 'New Pharmacy - Wattala-Wattala city', 'Wattala', 'IN-026458', '2019-08-29', 5, NULL, 16657.6),
('Pharma Chemie-Wattala city', 'Pharma Chemie-Wattala city', 'Wattala', 'IN-026459', '2019-08-29', 5, NULL, 2948.6),
('Health and Glow pharmacy Hunupitiya-Wattala city', 'Health and Glow pharmacy Hunupitiya-Wattala city', 'Wattala', 'IN-026460', '2019-08-29', 5, NULL, 9042.25),
('People\'s Pharmacy & Grocery-Wattala city', 'People\'s Pharmacy & Grocery-Wattala city', 'Wattala', 'IN-026461', '2019-08-29', 5, NULL, 126523),
('Milan Pharmacy-Wattala city', 'Milan Pharmacy-Wattala city', 'Wattala', 'IN-026462', '2019-08-29', 5, NULL, 9651.3),
('Isuri Pharmacy - Wattala-Wattala city', 'Isuri Pharmacy - Wattala-Wattala city', 'Wattala', 'IN-026463', '2019-08-29', 5, NULL, 7540.5),
('Trust Chemist-Kochchikade', 'Trust Chemist-Kochchikade', 'Negombo', 'IN-026464', '2019-08-29', 5, NULL, 4135.5),
('Osu Sala - Wattala-Wattala city', 'Osu Sala - Wattala-Wattala city', 'Wattala', 'IN-026465', '2019-08-29', 5, NULL, 34009.2),
('Golden Chemist-Nagoda', 'Golden Chemist-Nagoda', 'Kandana', 'IN-026466', '2019-08-29', 5, NULL, 13059.9),
('Reliable Pharmacy-Mahabage', 'Reliable Pharmacy-Mahabage', 'Wattala', 'IN-026467', '2019-08-29', 5, NULL, 39540.9),
('Lakshan chemist-Wattala city', 'Lakshan chemist-Wattala city', 'Wattala', 'IN-026468', '2019-08-29', 5, NULL, 5421.5);
INSERT INTO `sanoutupload` (`sID`, `sCustName`, `sTown`, `inv`, `date`, `age`, `amount`, `balAmount`) VALUES
('Health and Glow Pharmacy-Wattala city', 'Health and Glow Pharmacy-Wattala city', 'Wattala', 'IN-026469', '2019-08-29', 5, NULL, 30736.7),
('Santhana Pharmacy-Marawila city', 'Santhana Pharmacy-Marawila city', 'Marawila', 'IN-026470', '2019-08-30', 4, NULL, 19750),
('The Pharmacy-Negombo city', 'The Pharmacy-Negombo city', 'Negombo', 'IN-026471', '2019-08-30', 4, NULL, 4622),
('Hemas Hospital-Wattala city', 'Hemas Hospital-Wattala city', 'Wattala', 'IN-026472', '2019-08-30', 4, NULL, 605.25),
('Hansi Pharmacy & Grocery.-Ja - Ela City', 'Hansi Pharmacy & Grocery.-Ja - Ela City', 'Ja - Ela', 'IN-026473', '2019-08-30', 4, NULL, 2619.5),
('Golden Chemist-Nagoda', 'Golden Chemist-Nagoda', 'Kandana', 'IN-026474', '2019-08-30', 4, NULL, 2625),
('People\'s Pharmacy & Grocery-Wattala city', 'People\'s Pharmacy & Grocery-Wattala city', 'Wattala', 'IN-026475', '2019-08-30', 4, NULL, 2625),
('Kapuwatta Pharmacy-Ja - Ela City', 'Kapuwatta Pharmacy-Ja - Ela City', 'Ja - Ela', 'IN-026476', '2019-08-30', 4, NULL, 10287.8),
('Negombo Drugs-Negombo city', 'Negombo Drugs-Negombo city', 'Negombo', 'IN-026477', '2019-08-30', 4, NULL, 2808.6),
('Angels Pharmacy-Kochchikade', 'Angels Pharmacy-Kochchikade', 'Negombo', 'IN-026478', '2019-08-30', 4, NULL, 3824.5),
('Champika Medicals-Kochchikade', 'Champika Medicals-Kochchikade', 'Negombo', 'IN-026479', '2019-08-30', 4, NULL, 25568.5),
('Ajantha Medicals-Kochchikade', 'Ajantha Medicals-Kochchikade', 'Negombo', 'IN-026480', '2019-08-30', 4, NULL, 30780.2),
('K.S.A Medical-Negombo city', 'K.S.A Medical-Negombo city', 'Negombo', 'IN-026482', '2019-08-30', 4, NULL, 2179.35),
('International Institute Of Health Sciences (PVT) L', 'International Institute Of Health Sciences (PVT) L', 'Wattala', 'IN-026483', '2019-08-30', 4, NULL, 19343.3),
('Best Way Pharmacy-Negombo city', 'Best Way Pharmacy-Negombo city', 'Negombo', 'IN-026484', '2019-08-30', 4, NULL, 746),
('Asoka Pharmacy-Negombo city', 'Asoka Pharmacy-Negombo city', 'Negombo', 'IN-026485', '2019-08-30', 4, NULL, 6416.55),
('S&G Pharmacy-Kattuwa', 'S&G Pharmacy-Kattuwa', 'Negombo', 'IN-026486', '2019-08-30', 4, NULL, 10457.3),
('X-Lab Pharamacy-Negombo city', 'X-Lab Pharamacy-Negombo city', 'Negombo', 'IN-026487', '2019-08-30', 4, NULL, 6955.3),
('The Pharmacy-Negombo city', 'The Pharmacy-Negombo city', 'Negombo', 'IN-026488', '2019-08-30', 4, NULL, 23931.6),
('Nawaloka Hospital-Negombo city', 'Nawaloka Hospital-Negombo city', 'Negombo', 'IN-026489', '2019-08-30', 4, NULL, 134042),
('Suwasarana Osusala-Negombo city', 'Suwasarana Osusala-Negombo city', 'Negombo', 'IN-026490', '2019-08-30', 4, NULL, 7304),
('New Crystal Pharmacy-Negombo city', 'New Crystal Pharmacy-Negombo city', 'Negombo', 'IN-026491', '2019-08-30', 4, NULL, 39150.8),
('Health and Glow Pharmacy-Wattala city', 'Health and Glow Pharmacy-Wattala city', 'Wattala', 'IN-026492', '2019-08-30', 4, NULL, 34270),
('Ave Mariya Pharmacy-Negombo city', 'Ave Mariya Pharmacy-Negombo city', 'Negombo', 'IN-026493', '2019-08-30', 4, NULL, 23480),
('Isuri Pharmacy - Wattala-Wattala city', 'Isuri Pharmacy - Wattala-Wattala city', 'Wattala', 'IN-026494', '2019-08-30', 4, NULL, 2174),
('The Pharmacy-Negombo city', 'The Pharmacy-Negombo city', 'Negombo', 'IN-026495', '2019-08-31', 3, NULL, 15928),
('Sethma Pharmacy - Kandana-Kandana', 'Sethma Pharmacy - Kandana-Kandana', 'Kandana', 'IN-026496', '2019-08-31', 3, NULL, 134911),
('Union Chemist (pvt) Ltd-Wattala city', 'Union Chemist (pvt) Ltd-Wattala city', 'Wattala', 'IN-026497', '2019-08-31', 3, NULL, 162632),
('Health and Glow Pharmacy-Wattala city', 'Health and Glow Pharmacy-Wattala city', 'Wattala', 'IN-026498', '2019-08-31', 3, NULL, 5239),
('Iresha Pharmaceuticals-Wennappuwa', 'Iresha Pharmaceuticals-Wennappuwa', 'Wennappuwa', 'IN-026499', '2019-08-31', 3, NULL, 4947),
('Handala Medical-Wattala city', 'Handala Medical-Wattala city', 'Wattala', 'IN-026500', '2019-08-31', 3, NULL, 11000.2),
('Ranmina Pharmacy-Katuneriya', 'Ranmina Pharmacy-Katuneriya', 'Wennappuwa', 'IN-026501', '2019-08-31', 3, NULL, 2978.25),
('City Medicals - Negombo-Negombo city', 'City Medicals - Negombo-Negombo city', 'Negombo', 'IN-026502', '2019-08-31', 3, NULL, 17243.4),
('Better Health Pharmacy-Negombo city', 'Better Health Pharmacy-Negombo city', 'Negombo', 'IN-026503', '2019-08-31', 3, NULL, 9416),
('Lanka Pharmacy - Negombo-Negombo city', 'Lanka Pharmacy - Negombo-Negombo city', 'Negombo', 'IN-026504', '2019-08-31', 3, NULL, 122443),
('Mahajana Osusala - Negombo-Negombo city', 'Mahajana Osusala - Negombo-Negombo city', 'Negombo', 'IN-026505', '2019-08-31', 3, NULL, 16820.5),
('Health Care Medicals-Negombo city', 'Health Care Medicals-Negombo city', 'Negombo', 'IN-026506', '2019-08-31', 3, NULL, 13387.2),
('Hemas Hospital-Wattala city', 'Hemas Hospital-Wattala city', 'Wattala', 'IN-026507', '2019-08-31', 3, NULL, 9498.25),
('Union Chemist (pvt) Ltd-Wattala city', 'Union Chemist (pvt) Ltd-Wattala city', 'Wattala', 'IN-026508', '2019-08-31', 3, NULL, 35192.2),
('Isura Pharmacy-Ragama', 'Isura Pharmacy-Ragama', 'Wattala', 'IN-026509', '2019-08-31', 3, NULL, 19869.2),
('Sethma Pharmacy - Kandana-Kandana', 'Sethma Pharmacy - Kandana-Kandana', 'Kandana', 'IN-026510', '2019-09-01', 2, NULL, 7263),
('Reliable Pharmacy-Mahabage', 'Reliable Pharmacy-Mahabage', 'Wattala', 'IN-026511', '2019-09-01', 2, NULL, 3631.5),
('Union Chemist (pvt) Ltd-Wattala city', 'Union Chemist (pvt) Ltd-Wattala city', 'Wattala', 'IN-026512', '2019-09-01', 2, NULL, 6052.5),
('City Medicals - Negombo-Negombo city', 'City Medicals - Negombo-Negombo city', 'Negombo', 'IN-026513', '2019-09-01', 2, NULL, 2421),
('Better Health Pharmacy-Negombo city', 'Better Health Pharmacy-Negombo city', 'Negombo', 'IN-026514', '2019-09-01', 2, NULL, 2421),
('Lanka Pharmacy - Negombo-Negombo city', 'Lanka Pharmacy - Negombo-Negombo city', 'Negombo', 'IN-026515', '2019-09-01', 2, NULL, 12105),
('Sampath Pharmacy-Ragama', 'Sampath Pharmacy-Ragama', 'Wattala', 'IN-026516', '2019-09-01', 2, NULL, 10500),
('Sampath Pharmacy-Ragama', 'Sampath Pharmacy-Ragama', 'Wattala', 'IN-026517', '2019-09-01', 2, NULL, 1130),
('Thilina Pharmacy-Ekala', 'Thilina Pharmacy-Ekala', 'Ja - Ela', 'IN-026518', '2019-09-01', 2, NULL, 3553),
('Jasmine Pharmacy-Kandana', 'Jasmine Pharmacy-Kandana', 'Kandana', 'IN-026519', '2019-09-01', 2, NULL, 18212.5),
('Rose Villa Pharmacy-Wattala city', 'Rose Villa Pharmacy-Wattala city', 'Wattala', 'IN-026520', '2019-09-01', 2, NULL, 10413.7),
('PJ Enterprises ( PVT ) LTD-Ja - Ela City', 'PJ Enterprises ( PVT ) LTD-Ja - Ela City', 'Ja - Ela', 'IN-026521', '2019-09-01', 2, NULL, 6052.5),
('Unique Pharmacy-Negombo city', 'Unique Pharmacy-Negombo city', 'Negombo', 'IN-026522', '2019-09-01', 2, NULL, 4560),
('St.Jude\'s Pharmacy - Seeduwa-Seeduwa', 'St.Jude\'s Pharmacy - Seeduwa-Seeduwa', 'Ja - Ela', 'IN-026523', '2019-09-01', 2, NULL, 7085),
('Sethma Pharmacy - Kandana-Kandana', 'Sethma Pharmacy - Kandana-Kandana', 'Kandana', 'IN-026524', '2019-09-01', 2, NULL, 1678),
('St.Jude\'s Pharmacy - Seeduwa-Seeduwa', 'St.Jude\'s Pharmacy - Seeduwa-Seeduwa', 'Ja - Ela', 'IN-026525', '2019-09-02', 1, NULL, 34018.9),
('Srilak Pharmacy & Grocery-Seeduwa', 'Srilak Pharmacy & Grocery-Seeduwa', 'Ja - Ela', 'IN-026526', '2019-09-02', 1, NULL, 15313),
('Srilak Pharmacy & Grocery-Seeduwa', 'Srilak Pharmacy & Grocery-Seeduwa', 'Ja - Ela', 'IN-026527', '2019-09-02', 1, NULL, 4524),
('New ST. Joseph pharmacy& Grocery--Seeduwa', 'New ST. Joseph pharmacy& Grocery--Seeduwa', 'Ja - Ela', 'IN-026528', '2019-09-02', 1, NULL, 15966),
('New ST. Joseph pharmacy& Grocery--Seeduwa', 'New ST. Joseph pharmacy& Grocery--Seeduwa', 'Ja - Ela', 'IN-026529', '2019-09-02', 1, NULL, 3459),
('St.Mary\'s Pharmacy - Katunayake-Katunayake', 'St.Mary\'s Pharmacy - Katunayake-Katunayake', 'Ja - Ela', 'IN-026530', '2019-09-02', 1, NULL, 22897.8),
('Peoples Pharmacy - Raddolugama-Raddolugama', 'Peoples Pharmacy - Raddolugama-Raddolugama', 'Ja - Ela', 'IN-026531', '2019-09-02', 1, NULL, 1006.8),
('Pamunugama Osusala-Raddolugama', 'Pamunugama Osusala-Raddolugama', 'Ja - Ela', 'IN-026532', '2019-09-02', 1, NULL, 31444),
('Raddolugama Pharmacy-Raddolugama', 'Raddolugama Pharmacy-Raddolugama', 'Ja - Ela', 'IN-026533', '2019-09-02', 1, NULL, 23721.3),
('Asiri Pharmacy - Raddolugama-Raddolugama', 'Asiri Pharmacy - Raddolugama-Raddolugama', 'Ja - Ela', 'IN-026534', '2019-09-02', 1, NULL, 17360.8),
('Seeduwa Medicals Stores-Seeduwa', 'Seeduwa Medicals Stores-Seeduwa', 'Ja - Ela', 'IN-026535', '2019-09-02', 1, NULL, 38938),
('Hemas Hospital-Wattala city', 'Hemas Hospital-Wattala city', 'Wattala', 'IN-026536', '2019-09-02', 1, NULL, 91820),
('New Chris Pharmacy-Minuwangoda', 'New Chris Pharmacy-Minuwangoda', 'Minuwangoda', 'IO-000666', '2017-09-25', 708, NULL, 10631),
('Dr. Wasantha Dissanayeka-Katunayake', 'Dr. Wasantha Dissanayeka-Katunayake', 'Ja - Ela', 'IO-001084', '2017-10-17', 686, NULL, 34485),
('New Chris Pharmacy-Minuwangoda', 'New Chris Pharmacy-Minuwangoda', 'Minuwangoda', 'IO-001481', '2017-11-20', 652, NULL, 23334.7),
('Dr. Sanath fenando-Marawila city', 'Dr. Sanath fenando-Marawila city', 'Marawila', 'IO-001572', '2017-11-23', 649, NULL, 4166.7),
('New Chris Pharmacy-Minuwangoda', 'New Chris Pharmacy-Minuwangoda', 'Minuwangoda', 'IO-001753', '2017-12-05', 637, NULL, 9693.8),
('New Chris Pharmacy-Minuwangoda', 'New Chris Pharmacy-Minuwangoda', 'Minuwangoda', 'IO-001998', '2017-12-21', 621, NULL, 25356.1),
('New Chris Pharmacy-Aweriwatta', 'New Chris Pharmacy-Aweriwatta', 'Ja - Ela', 'IO-002422', '2018-01-22', 589, NULL, 23006.8),
('Dr. Chaminda Suriyarachchi-Negombo city', 'Dr. Chaminda Suriyarachchi-Negombo city', 'Negombo', 'IO-002581', '2018-02-03', 577, NULL, 156943),
('Lanka Pharmacy - Negombo-Negombo city', 'Lanka Pharmacy - Negombo-Negombo city', 'Negombo', 'IO-002697', '2018-02-13', 567, NULL, 10090),
('Westan Pharmacy-Pannala', 'Westan Pharmacy-Pannala', 'Pannala', 'IO-002750', '2018-02-16', 564, NULL, 6085.5),
('C.N.S PHARMACY-Chilaw', 'C.N.S PHARMACY-Chilaw', 'Chilaw', 'IO-002974', '2018-03-05', 547, NULL, 16289),
('New ST. Joseph pharmacy& Grocery--Seeduwa', 'New ST. Joseph pharmacy& Grocery--Seeduwa', 'Ja - Ela', 'IO-003075', '2018-03-14', 538, NULL, 5264),
('St.Jude\'s Pharmacy - Seeduwa-Seeduwa', 'St.Jude\'s Pharmacy - Seeduwa-Seeduwa', 'Ja - Ela', 'IO-003470', '2018-04-10', 511, NULL, 1755),
('CC-Cash Payment-aaaa', 'CC-Cash Payment-aaaa', 'Chilaw', 'IO-003503', '2018-04-13', 508, NULL, 5786.2),
('Anrita Pharmacy-Kochchikade', 'Anrita Pharmacy-Kochchikade', 'Negombo', 'IO-003514', '2018-04-18', 503, NULL, 548.25),
('Asiri Pharmacy - Chilaw-Chilaw', 'Asiri Pharmacy - Chilaw-Chilaw', 'Chilaw', 'IO-003780', '2018-05-04', 487, NULL, 1260),
('Jasmine Pharmacy-Kandana', 'Jasmine Pharmacy-Kandana', 'Kandana', 'IO-003801', '2018-05-08', 483, NULL, 1053),
('CC-Cash Payment-aaaa', 'CC-Cash Payment-aaaa', 'Chilaw', 'IO-003829', '2018-05-09', 482, NULL, 1897.4),
('Dunagaha Osusala-Dunagaha', 'Dunagaha Osusala-Dunagaha', 'Minuwangoda', 'IO-003833', '2018-05-09', 482, NULL, 4827.8),
('Suwana Pharmacy-Chilaw', 'Suwana Pharmacy-Chilaw', 'Chilaw', 'IO-003934', '2018-05-16', 475, NULL, 2553),
('Dr. Prasanna Dissanayaka-Chilaw', 'Dr. Prasanna Dissanayaka-Chilaw', 'Chilaw', 'IO-003988', '2018-05-22', 469, NULL, 8330),
('Dr. Prasanna Dissanayaka-Chilaw', 'Dr. Prasanna Dissanayaka-Chilaw', 'Chilaw', 'IO-004021', '2018-05-25', 466, NULL, 8072),
('Subani Pharmacy-Negombo city', 'Subani Pharmacy-Negombo city', 'Negombo', 'IO-004137', '2018-06-04', 456, NULL, 4540.3),
('CC-Cash Payment-aaaa', 'CC-Cash Payment-aaaa', 'Chilaw', 'IO-004141', '2018-06-04', 456, NULL, 1897.4),
('Lakshi Pharmacy-Negombo city', 'Lakshi Pharmacy-Negombo city', 'Negombo', 'IO-004307', '2018-06-18', 442, NULL, 923),
('Dr. Prasanna Dissanayaka-Chilaw', 'Dr. Prasanna Dissanayaka-Chilaw', 'Chilaw', 'IO-004416', '2018-06-28', 432, NULL, 26670),
('Sachee Jayalingam-Negombo city', 'Sachee Jayalingam-Negombo city', 'Negombo', 'IO-004455', '2018-06-30', 430, NULL, 6550.5),
('Central Devine Phrmacy-Minuwangoda', 'Central Devine Phrmacy-Minuwangoda', 'Minuwangoda', 'IO-004556', '2018-07-11', 419, NULL, 24387.1),
('Dr. Sarath Gamage-Chilaw', 'Dr. Sarath Gamage-Chilaw', 'Chilaw', 'IO-004612', '2018-07-13', 417, NULL, 8072),
('Santhana Pharmacy-Marawila city', 'Santhana Pharmacy-Marawila city', 'Marawila', 'IO-004687', '2018-07-18', 412, NULL, 2785.2),
('Central Devine Phrmacy-Minuwangoda', 'Central Devine Phrmacy-Minuwangoda', 'Minuwangoda', 'IO-004726', '2018-07-21', 409, NULL, 659.6),
('Osu sala - Kandana-Kandana', 'Osu sala - Kandana-Kandana', 'Kandana', 'IO-004738', '2018-07-23', 407, NULL, 1306.65),
('Dr. Palitha Perera-Dankotuwa', 'Dr. Palitha Perera-Dankotuwa', 'Wennappuwa', 'IO-004822', '2018-07-28', 402, NULL, 3000),
('Ranmina Pharmacy-Wennappuwa', 'Ranmina Pharmacy-Wennappuwa', 'Wennappuwa', 'IO-004832', '2018-07-30', 400, NULL, 11924.1),
('The Britise Stores-Nattandiya', 'The Britise Stores-Nattandiya', 'Marawila', 'IO-004849', '2018-07-31', 399, NULL, 18149.8),
('Sujith Nonis Dr.-Minuwangoda', 'Sujith Nonis Dr.-Minuwangoda', 'Minuwangoda', 'IO-004871', '2018-07-31', 399, NULL, 4830),
('Darani Pharmacy-Bolawatta', 'Darani Pharmacy-Bolawatta', 'Wennappuwa', 'IQ-000163', '2018-06-12', 448, NULL, 6482.5),
('Health Line Pharmacy-Kandana', 'Health Line Pharmacy-Kandana', 'Kandana', 'IQ-000222', '2018-06-15', 445, NULL, 2487),
('Indra Pharmacy-Andiambalama-Diulapitiya', 'Indra Pharmacy-Andiambalama-Diulapitiya', 'Minuwangoda', 'IQ-000248', '2018-06-18', 442, NULL, 2947.6),
('PJ Enterprises ( PVT ) LTD-Ja - Ela City', 'PJ Enterprises ( PVT ) LTD-Ja - Ela City', 'Ja - Ela', 'IQ-000363', '2018-07-07', 423, NULL, 13070),
('The Britise Stores-Nattandiya', 'The Britise Stores-Nattandiya', 'Marawila', 'IQ-000401', '2018-07-11', 419, NULL, 7844.96),
('Dr.S.A.Pradeep kumara-Pannala', 'Dr.S.A.Pradeep kumara-Pannala', 'Pannala', 'IQ-000412', '2018-07-12', 418, NULL, 17285.6),
('K&K Pharmacy-Minuwangoda', 'K&K Pharmacy-Minuwangoda', 'Minuwangoda', 'IQ-000415', '2018-07-12', 418, NULL, 27650),
('Dr. Sanath fenando-Marawila city', 'Dr. Sanath fenando-Marawila city', 'Marawila', 'IQ-000427', '2018-07-13', 417, NULL, 16895.1),
('New City Pharmacy - Chilaw-Chilaw', 'New City Pharmacy - Chilaw-Chilaw', 'Chilaw', 'IQ-000431', '2018-07-14', 416, NULL, 6587.5),
('Dr. Prasanna Dissanayaka-Chilaw', 'Dr. Prasanna Dissanayaka-Chilaw', 'Chilaw', 'IQ-000449', '2018-07-16', 414, NULL, 24870),
('Roshani Pharmacy-Ja - Ela City', 'Roshani Pharmacy-Ja - Ela City', 'Ja - Ela', 'IQ-000453', '2018-07-17', 413, NULL, 2519.72),
('Suwasarana Osusala-Negombo city', 'Suwasarana Osusala-Negombo city', 'Negombo', 'IQ-000521', '2018-07-23', 407, NULL, 1645.1),
('Roshani Pharmacy-Ja - Ela City', 'Roshani Pharmacy-Ja - Ela City', 'Ja - Ela', 'IQ-000526', '2018-07-23', 407, NULL, 2354.3),
('Suwani Pharmacy-Hettipola', 'Suwani Pharmacy-Hettipola', 'Hettipola', 'IQ-000618', '2018-08-04', 395, NULL, 1751.7),
('Manthri Nursing Home-Negombo city', 'Manthri Nursing Home-Negombo city', 'Negombo', 'IS-000001', '2017-10-20', 683, NULL, 824),
('Ave Mariya Pharmacy-Negombo city', 'Ave Mariya Pharmacy-Negombo city', 'Negombo', 'IS-000002', '2017-10-20', 683, NULL, 2010),
('Leesons Pharmacy-Raga-Ragama', 'Leesons Pharmacy-Raga-Ragama', 'Wattala', 'IS-000004', '2017-10-20', 683, NULL, 34920),
('Unique Pharmacy-Negombo city', 'Unique Pharmacy-Negombo city', 'Negombo', 'IS-000006', '2017-10-20', 683, NULL, 27020),
('Leesons Pharmacy-Raga-Ragama', 'Leesons Pharmacy-Raga-Ragama', 'Wattala', 'IT-005813', '2018-04-23', 498, NULL, 38100),
('CC-Cash Payment-aaaa', 'CC-Cash Payment-aaaa', 'Chilaw', 'IT-006075', '2018-05-28', 463, NULL, 6200),
('Orient Pharmacy-Negombo city', 'Orient Pharmacy-Negombo city', 'Negombo', 'IT-006299', '2018-07-02', 428, NULL, 23605.8),
('Siyapatha Mini Mart Pharmacy-Ragama', 'Siyapatha Mini Mart Pharmacy-Ragama', 'Wattala', 'IT-006578', '2018-08-08', 391, NULL, 1515),
('Asiri Pharmacy - Ja-Ela-Ja - Ela City', 'Asiri Pharmacy - Ja-Ela-Ja - Ela City', 'Ja - Ela', 'IT-006700', '2018-08-27', 372, NULL, 4075.13),
('X-Lab Pharamacy-Negombo city', 'X-Lab Pharamacy-Negombo city', 'Negombo', 'IT-007216', '2018-10-31', 307, NULL, 6800),
('Health Line Pharmacy-Kandana', 'Health Line Pharmacy-Kandana', 'Kandana', 'IT-007305', '2018-11-12', 295, NULL, 1400),
('Thenuka Pharmacy-Negombo city', 'Thenuka Pharmacy-Negombo city', 'Negombo', 'IT-007309', '2018-11-13', 294, NULL, 2177),
('New Crystal Pharmacy-Negombo city', 'New Crystal Pharmacy-Negombo city', 'Negombo', 'IT-007316', '2018-11-13', 294, NULL, 22465.9),
('Suwasala Pharmacy-Kimbulapitiya', 'Suwasala Pharmacy-Kimbulapitiya', 'Negombo', 'IT-007417', '2018-11-27', 280, NULL, 5890),
('St.Jude\'s Pharmacy - Seeduwa-Seeduwa', 'St.Jude\'s Pharmacy - Seeduwa-Seeduwa', 'Ja - Ela', 'IT-007457', '2018-11-30', 277, NULL, 11842),
('Super Medical-Negombo city', 'Super Medical-Negombo city', 'Negombo', 'IT-007460', '2018-11-30', 277, NULL, 5594.78),
('Sri Pharmacy-Negombo city', 'Sri Pharmacy-Negombo city', 'Negombo', 'IT-007472', '2018-11-30', 277, NULL, 24057),
('Nawa Osusala- Ja Ela-Ja - Ela City', 'Nawa Osusala- Ja Ela-Ja - Ela City', 'Ja - Ela', 'IT-007482', '2018-11-30', 277, NULL, 14000),
('Unique Pharmacy-Negombo city', 'Unique Pharmacy-Negombo city', 'Negombo', 'IT-007614', '2018-12-24', 253, NULL, 7472.4),
('Sri Sathya-Wattala city', 'Sri Sathya-Wattala city', 'Wattala', 'IT-007638', '2018-12-29', 248, NULL, 3810),
('Nimroth Pharmacy 2-Wattala city', 'Nimroth Pharmacy 2-Wattala city', 'Wattala', 'IT-007668', '2019-01-04', 242, NULL, 3506.09),
('Endaramulla Medicals-Wattala city', 'Endaramulla Medicals-Wattala city', 'Wattala', 'IT-007670', '2019-01-04', 242, NULL, 3070),
('New Chemist Pharmacy-Mahabage', 'New Chemist Pharmacy-Mahabage', 'Wattala', 'IT-007699', '2019-01-09', 237, NULL, 3214.35),
('Bopitiya Pharmacy-Bopitiya', 'Bopitiya Pharmacy-Bopitiya', 'Ja - Ela', 'IT-007720', '2019-01-10', 236, NULL, 1305),
('Negombo Food & Drugs-Negombo city', 'Negombo Food & Drugs-Negombo city', 'Negombo', 'IT-007721', '2019-01-11', 235, NULL, 10495.7),
('Handala Medical-Wattala city', 'Handala Medical-Wattala city', 'Wattala', 'IT-007745', '2019-03-22', 165, NULL, 3214.35),
('S&S Medical-Negombo city', 'S&S Medical-Negombo city', 'Negombo', 'IT-007753', '2019-03-22', 165, NULL, 3600),
('X-Lab Pharamacy-Negombo city', 'X-Lab Pharamacy-Negombo city', 'Negombo', 'IT-007786', '2019-03-27', 160, NULL, 4110),
('Relaulla Pharmacy-Kandana', 'Relaulla Pharmacy-Kandana', 'Kandana', 'IT-007789', '2019-03-28', 159, NULL, 1844.35),
('N.S Medical-Seeduwa', 'N.S Medical-Seeduwa', 'Ja - Ela', 'IT-007857', '2019-04-06', 150, NULL, 6038),
('Browns healthcare pvt ltd-Ragama', 'Browns healthcare pvt ltd-Ragama', 'Wattala', 'IT-007872', '2019-04-08', 148, NULL, 4476),
('Darshana Pharmacy-Je -Ela-Ja - Ela City', 'Darshana Pharmacy-Je -Ela-Ja - Ela City', 'Ja - Ela', 'IT-007875', '2019-04-08', 148, NULL, 3080.35),
('Milan Pharmacy-Wattala city', 'Milan Pharmacy-Wattala city', 'Wattala', 'IT-007910', '2019-04-20', 136, NULL, 3787),
('Orient  Pharamacy -Kandana-Kandana', 'Orient  Pharamacy -Kandana-Kandana', 'Kandana', 'IT-007924', '2019-04-24', 132, NULL, 6),
('Leesons Pharmacy-Raga-Ragama', 'Leesons Pharmacy-Raga-Ragama', 'Wattala', 'IT-007935', '2019-04-25', 131, NULL, 20411.3),
('S&S Medical-Negombo city', 'S&S Medical-Negombo city', 'Negombo', 'IT-007950', '2019-04-30', 126, NULL, 6600),
('Super Medical-Negombo city', 'Super Medical-Negombo city', 'Negombo', 'IT-008073', '2019-05-21', 105, NULL, 15389.1),
('Ragama Pharmacy-Ragama', 'Ragama Pharmacy-Ragama', 'Wattala', 'IT-008138', '2019-05-29', 97, NULL, 24082.4),
('Leesons Pharmacy-Raga-Ragama', 'Leesons Pharmacy-Raga-Ragama', 'Wattala', 'IT-008140', '2019-05-30', 96, NULL, 2556.52),
('Handala Medical-Wattala city', 'Handala Medical-Wattala city', 'Wattala', 'IT-008144', '2019-05-30', 96, NULL, 863),
('R&G Pharmacy-Negombo city', 'R&G Pharmacy-Negombo city', 'Negombo', 'IT-008158', '2019-05-31', 95, NULL, 5091.3),
('Reliable Pharmacy-Mahabage', 'Reliable Pharmacy-Mahabage', 'Wattala', 'IT-008159', '2019-05-31', 95, NULL, 171987),
('S&S Medical-Negombo city', 'S&S Medical-Negombo city', 'Negombo', 'IT-008174', '2019-06-04', 91, NULL, 21400),
('N.S Medical-Seeduwa', 'N.S Medical-Seeduwa', 'Ja - Ela', 'IT-008196', '2019-06-07', 88, NULL, 3447),
('N.S Medical-Seeduwa', 'N.S Medical-Seeduwa', 'Ja - Ela', 'IT-008235', '2019-06-15', 80, NULL, 3926.52),
('Gimshani Pharmacy-Kandana', 'Gimshani Pharmacy-Kandana', 'Kandana', 'IT-008253', '2019-06-17', 78, NULL, 3454.35),
('S&S Medical-Negombo city', 'S&S Medical-Negombo city', 'Negombo', 'IT-008283', '2019-06-20', 75, NULL, 21400),
('The Pharma Co (Pvt) Ltd-Negombo city', 'The Pharma Co (Pvt) Ltd-Negombo city', 'Negombo', 'IT-008284', '2019-06-20', 75, NULL, 42800),
('CC-Cash Payment-aaaa', 'CC-Cash Payment-aaaa', 'Chilaw', 'IT-008286', '2019-06-20', 75, NULL, 171),
('PJ Enterprises ( PVT ) LTD-Ja - Ela City', 'PJ Enterprises ( PVT ) LTD-Ja - Ela City', 'Ja - Ela', 'IT-008287', '2019-06-20', 75, NULL, 135160),
('St.Jude\'s Pharmacy - Seeduwa-Seeduwa', 'St.Jude\'s Pharmacy - Seeduwa-Seeduwa', 'Ja - Ela', 'IT-008288', '2019-06-20', 75, NULL, 176885),
('Lak Osu Sala-Seeduwa', 'Lak Osu Sala-Seeduwa', 'Ja - Ela', 'IT-008290', '2019-06-21', 74, NULL, 3430),
('Lanka Pharmacy - Negombo-Negombo city', 'Lanka Pharmacy - Negombo-Negombo city', 'Negombo', 'IT-008292', '2019-06-21', 74, NULL, 44346.9),
('Royal Pharmacy Lanka(Pvt)Ltd-Negombo city', 'Royal Pharmacy Lanka(Pvt)Ltd-Negombo city', 'Negombo', 'IT-008298', '2019-06-22', 73, NULL, 61800),
('New Central Pharmacy - Negombo-Negombo city', 'New Central Pharmacy - Negombo-Negombo city', 'Negombo', 'IT-008301', '2019-06-25', 70, NULL, 10341),
('Asoka Pharmacy-Negombo city', 'Asoka Pharmacy-Negombo city', 'Negombo', 'IT-008317', '2019-06-25', 70, NULL, 6860),
('New Central Pharmacy - Negombo-Negombo city', 'New Central Pharmacy - Negombo-Negombo city', 'Negombo', 'IT-008320', '2019-06-25', 70, NULL, 16080),
('The Pharmacy-Negombo city', 'The Pharmacy-Negombo city', 'Negombo', 'IT-008324', '2019-06-25', 70, NULL, 4280),
('Leesons Pharmacy-Raga-Ragama', 'Leesons Pharmacy-Raga-Ragama', 'Wattala', 'IT-008330', '2019-06-26', 69, NULL, 10148),
('Unique Pharmacy-Negombo city', 'Unique Pharmacy-Negombo city', 'Negombo', 'IT-008337', '2019-06-26', 69, NULL, 34470),
('Nawaloka Hospital-Negombo city', 'Nawaloka Hospital-Negombo city', 'Negombo', 'IT-008341', '2019-06-28', 67, NULL, 3810),
('Unique Pharmacy-Negombo city', 'Unique Pharmacy-Negombo city', 'Negombo', 'IT-008352', '2019-06-29', 66, NULL, 119452),
('Royal Pharmacy Lanka(Pvt)Ltd-Negombo city', 'Royal Pharmacy Lanka(Pvt)Ltd-Negombo city', 'Negombo', 'IT-008353', '2019-06-29', 66, NULL, 120878),
('New Central Pharmacy - Negombo-Negombo city', 'New Central Pharmacy - Negombo-Negombo city', 'Negombo', 'IT-008360', '2019-06-29', 66, NULL, 18359.9),
('Unique Pharmacy-Negombo city', 'Unique Pharmacy-Negombo city', 'Negombo', 'IT-008362', '2019-06-29', 66, NULL, 12880),
('Hansi Pharmacy & Grocery.-Ja - Ela City', 'Hansi Pharmacy & Grocery.-Ja - Ela City', 'Ja - Ela', 'IT-008379', '2019-07-03', 62, NULL, 900),
('Leesons Pharmacy-Raga-Ragama', 'Leesons Pharmacy-Raga-Ragama', 'Wattala', 'IT-008384', '2019-07-03', 62, NULL, 6174.52),
('S&S Medical-Negombo city', 'S&S Medical-Negombo city', 'Negombo', 'IT-008387', '2019-07-04', 61, NULL, 38500),
('Royal Pharmacy Lanka(Pvt)Ltd-Negombo city', 'Royal Pharmacy Lanka(Pvt)Ltd-Negombo city', 'Negombo', 'IT-008391', '2019-07-05', 60, NULL, 2900),
('Nawaloka Hospital-Negombo city', 'Nawaloka Hospital-Negombo city', 'Negombo', 'IT-008396', '2019-07-06', 59, NULL, 211769),
('Rose Villa Pharmacy-Wattala city', 'Rose Villa Pharmacy-Wattala city', 'Wattala', 'IT-008401', '2019-07-06', 59, NULL, 7122.96),
('S&S Medical-Negombo city', 'S&S Medical-Negombo city', 'Negombo', 'IT-008409', '2019-07-06', 59, NULL, 38500),
('Orient Pharmacy-Katunayaka-Aweriwatta', 'Orient Pharmacy-Katunayaka-Aweriwatta', 'Ja - Ela', 'IT-008415', '2019-07-08', 57, NULL, 12789),
('New Central Pharmacy - Negombo-Negombo city', 'New Central Pharmacy - Negombo-Negombo city', 'Negombo', 'IT-008417', '2019-07-08', 57, NULL, 10000),
('New Central Pharmacy - Negombo-Negombo city', 'New Central Pharmacy - Negombo-Negombo city', 'Negombo', 'IT-008428', '2019-07-10', 55, NULL, 8415),
('Shanthi Pharmacy-Negombo city', 'Shanthi Pharmacy-Negombo city', 'Negombo', 'IT-008430', '2019-07-10', 55, NULL, 21472.5),
('Nawaloka Hospital-Negombo city', 'Nawaloka Hospital-Negombo city', 'Negombo', 'IT-008438', '2019-07-11', 54, NULL, 63461.6),
('Lak Osu Sala-Seeduwa', 'Lak Osu Sala-Seeduwa', 'Ja - Ela', 'IT-008447', '2019-07-12', 53, NULL, 3565),
('Ragama Pharmacy-Ragama', 'Ragama Pharmacy-Ragama', 'Wattala', 'IT-008452', '2019-07-12', 53, NULL, 49356.4),
('Osu Sala - Wattala-Wattala city', 'Osu Sala - Wattala-Wattala city', 'Wattala', 'IT-008454', '2019-07-13', 52, NULL, 10655),
('Health Care Pharmacy-Raddolugama', 'Health Care Pharmacy-Raddolugama', 'Ja - Ela', 'IT-008458', '2019-07-17', 48, NULL, 1630),
('New Central Pharmacy - Negombo-Negombo city', 'New Central Pharmacy - Negombo-Negombo city', 'Negombo', 'IT-008477', '2019-07-17', 48, NULL, 8700),
('Ragama Pharmacy-Ragama', 'Ragama Pharmacy-Ragama', 'Wattala', 'IT-008481', '2019-07-17', 48, NULL, 28122.9),
('Isura Pharmacy-Ragama', 'Isura Pharmacy-Ragama', 'Wattala', 'IT-008484', '2019-07-17', 48, NULL, 2744),
('Alliance Pharmacy-Ragama', 'Alliance Pharmacy-Ragama', 'Wattala', 'IT-008486', '2019-07-18', 47, NULL, 4040),
('Nawaloka Hospital-Negombo city', 'Nawaloka Hospital-Negombo city', 'Negombo', 'IT-008487', '2019-07-18', 47, NULL, 4307),
('Handala Medical-Wattala city', 'Handala Medical-Wattala city', 'Wattala', 'IT-008488', '2019-07-18', 47, NULL, 9942),
('Ragama Pharmacy-Ragama', 'Ragama Pharmacy-Ragama', 'Wattala', 'IT-008498', '2019-07-19', 46, NULL, 7472.4),
('City Medicals - Negombo-Negombo city', 'City Medicals - Negombo-Negombo city', 'Negombo', 'IT-008505', '2019-07-22', 43, NULL, 4483.44),
('Mahajana Osusala - Negombo-Negombo city', 'Mahajana Osusala - Negombo-Negombo city', 'Negombo', 'IT-008514', '2019-07-24', 41, NULL, 40755.4),
('Robert Medicals-Kimbulapitiya', 'Robert Medicals-Kimbulapitiya', 'Negombo', 'IT-008516', '2019-07-24', 41, NULL, 30382.9),
('Thenuka Pharmacy-Negombo city', 'Thenuka Pharmacy-Negombo city', 'Negombo', 'IT-008517', '2019-07-24', 41, NULL, 7968.41),
('The Pharmacy-Negombo city', 'The Pharmacy-Negombo city', 'Negombo', 'IT-008521', '2019-07-24', 41, NULL, 7893.48),
('Suwasarana Osusala-Negombo city', 'Suwasarana Osusala-Negombo city', 'Negombo', 'IT-008522', '2019-07-24', 41, NULL, 10891),
('Kalidson Pharmacy-Negombo city', 'Kalidson Pharmacy-Negombo city', 'Negombo', 'IT-008523', '2019-07-24', 41, NULL, 13018),
('New Crystal Pharmacy-Negombo city', 'New Crystal Pharmacy-Negombo city', 'Negombo', 'IT-008527', '2019-07-24', 41, NULL, 28934.9),
('New Lanka Pharmacy-Negombo city', 'New Lanka Pharmacy-Negombo city', 'Negombo', 'IT-008529', '2019-07-24', 41, NULL, 39712.1),
('New ST. Joseph pharmacy& Grocery--Seeduwa', 'New ST. Joseph pharmacy& Grocery--Seeduwa', 'Ja - Ela', 'IT-008531', '2019-07-24', 41, NULL, 24150),
('Unique Pharmacy-Negombo city', 'Unique Pharmacy-Negombo city', 'Negombo', 'IT-008533', '2019-07-24', 41, NULL, 61199.6),
('Reliable Pharmacy-Mahabage', 'Reliable Pharmacy-Mahabage', 'Wattala', 'IT-008536', '2019-07-25', 40, NULL, 11460),
('Ragama Pharmacy-Ragama', 'Ragama Pharmacy-Ragama', 'Wattala', 'IT-008539', '2019-07-25', 40, NULL, 50869.6),
('Reliable Pharmacy-Mahabage', 'Reliable Pharmacy-Mahabage', 'Wattala', 'IT-008540', '2019-07-25', 40, NULL, 2109),
('K.S.A Medical-Negombo city', 'K.S.A Medical-Negombo city', 'Negombo', 'IT-008541', '2019-07-25', 40, NULL, 13150.5),
('Nawaloka Hospital-Negombo city', 'Nawaloka Hospital-Negombo city', 'Negombo', 'IT-008543', '2019-07-25', 40, NULL, 112349),
('Rose Villa Pharmacy-Wattala city', 'Rose Villa Pharmacy-Wattala city', 'Wattala', 'IT-008545', '2019-07-25', 40, NULL, 1962),
('Raddolugama Pharmacy-Raddolugama', 'Raddolugama Pharmacy-Raddolugama', 'Ja - Ela', 'IT-008551', '2019-07-27', 38, NULL, 3801.52),
('Asiri Pharmacy - Raddolugama-Raddolugama', 'Asiri Pharmacy - Raddolugama-Raddolugama', 'Ja - Ela', 'IT-008552', '2019-07-27', 38, NULL, 20174),
('N.S Medical-Seeduwa', 'N.S Medical-Seeduwa', 'Ja - Ela', 'IT-008557', '2019-07-27', 38, NULL, 1450),
('Central Devine Phrmacy-Minuwangoda', 'Central Devine Phrmacy-Minuwangoda', 'Minuwangoda', 'IT-008561', '2019-07-29', 36, NULL, 41150),
('Union Pharmacy Negombo-Negombo city', 'Union Pharmacy Negombo-Negombo city', 'Negombo', 'IT-008565', '2019-07-30', 35, NULL, 5387),
('City Medicals - Negombo-Negombo city', 'City Medicals - Negombo-Negombo city', 'Negombo', 'IT-008568', '2019-07-30', 35, NULL, 17629.4),
('Super Medical-Negombo city', 'Super Medical-Negombo city', 'Negombo', 'IT-008569', '2019-07-30', 35, NULL, 37442.3),
('C&D Pharmacy-Ja - Ela City', 'C&D Pharmacy-Ja - Ela City', 'Ja - Ela', 'IT-008574', '2019-07-30', 35, NULL, 11227),
('Hansi Pharmacy & Grocery.-Ja - Ela City', 'Hansi Pharmacy & Grocery.-Ja - Ela City', 'Ja - Ela', 'IT-008577', '2019-07-30', 35, NULL, 6076),
('Nawa Osusala- Ja Ela-Ja - Ela City', 'Nawa Osusala- Ja Ela-Ja - Ela City', 'Ja - Ela', 'IT-008578', '2019-07-30', 35, NULL, 652),
('The Pharma Co (Pvt) Ltd-Negombo city', 'The Pharma Co (Pvt) Ltd-Negombo city', 'Negombo', 'IT-008579', '2019-07-30', 35, NULL, 19800),
('Unique Pharmacy-Negombo city', 'Unique Pharmacy-Negombo city', 'Negombo', 'IT-008584', '2019-07-30', 35, NULL, 61199.6),
('Sethma Pharmacy - Kandana-Kandana', 'Sethma Pharmacy - Kandana-Kandana', 'Kandana', 'IT-008585', '2019-07-30', 35, NULL, 10700),
('Unique Pharmacy-Negombo city', 'Unique Pharmacy-Negombo city', 'Negombo', 'IT-008588', '2019-07-31', 34, NULL, 67130.2),
('Osu Sala (Co-op) 1 - Negombo-Negombo city', 'Osu Sala (Co-op) 1 - Negombo-Negombo city', 'Negombo', 'IT-008590', '2019-07-31', 34, NULL, 3390),
('Unique Pharmacy-Negombo city', 'Unique Pharmacy-Negombo city', 'Negombo', 'IT-008591', '2019-07-31', 34, NULL, 18050),
('New Lanka Pharmacy-Negombo city', 'New Lanka Pharmacy-Negombo city', 'Negombo', 'IT-008592', '2019-07-31', 34, NULL, 190020),
('Royal Pharmacy Lanka(Pvt)Ltd-Negombo city', 'Royal Pharmacy Lanka(Pvt)Ltd-Negombo city', 'Negombo', 'IT-008597', '2019-07-31', 34, NULL, 135140),
('New Central Pharmacy - Negombo-Negombo city', 'New Central Pharmacy - Negombo-Negombo city', 'Negombo', 'IT-008600', '2019-07-31', 34, NULL, 11452),
('Royal Pharmacy Lanka(Pvt)Ltd-Negombo city', 'Royal Pharmacy Lanka(Pvt)Ltd-Negombo city', 'Negombo', 'IT-008601', '2019-07-31', 34, NULL, 103152),
('New Lanka Pharmacy-Negombo city', 'New Lanka Pharmacy-Negombo city', 'Negombo', 'IT-008603', '2019-07-31', 34, NULL, 48300),
('Leesons Pharmacy-Raga-Ragama', 'Leesons Pharmacy-Raga-Ragama', 'Wattala', 'IT-008606', '2019-07-31', 34, NULL, 118880),
('New Central Pharmacy - Negombo-Negombo city', 'New Central Pharmacy - Negombo-Negombo city', 'Negombo', 'IT-008607', '2019-07-31', 34, NULL, 12073.9),
('Handala Medical-Wattala city', 'Handala Medical-Wattala city', 'Wattala', 'IT-008615', '2019-07-31', 34, NULL, 6119.96),
('Raddolugama Pharmacy-Raddolugama', 'Raddolugama Pharmacy-Raddolugama', 'Ja - Ela', 'IT-008619', '2019-07-31', 34, NULL, 9551.41),
('Ave Mariya Pharmacy-Negombo city', 'Ave Mariya Pharmacy-Negombo city', 'Negombo', 'IT-008620', '2019-07-31', 34, NULL, 3145.52),
('Bopitiya Pharmacy-Bopitiya', 'Bopitiya Pharmacy-Bopitiya', 'Ja - Ela', 'IT-008623', '2019-08-06', 28, NULL, 2109),
('Pamunugama Pharmacy-Bopitiya', 'Pamunugama Pharmacy-Bopitiya', 'Ja - Ela', 'IT-008624', '2019-08-06', 28, NULL, 12051.4),
('Health Line Pharmacy-Kandana', 'Health Line Pharmacy-Kandana', 'Kandana', 'IT-008626', '2019-08-06', 28, NULL, 8201.96),
('Unique Pharmacy-Negombo city', 'Unique Pharmacy-Negombo city', 'Negombo', 'IT-008627', '2019-08-06', 28, NULL, 3960),
('Mahajana Osusala - Negombo-Negombo city', 'Mahajana Osusala - Negombo-Negombo city', 'Negombo', 'IT-008629', '2019-08-07', 27, NULL, 27860.9),
('Jayakodi Pharmacy-Negombo city', 'Jayakodi Pharmacy-Negombo city', 'Negombo', 'IT-008630', '2019-08-07', 27, NULL, 9650),
('Reliance Pharmacy(PVT).LTD-Negombo city', 'Reliance Pharmacy(PVT).LTD-Negombo city', 'Negombo', 'IT-008631', '2019-08-07', 27, NULL, 3458),
('New Lanka Pharmacy-Negombo city', 'New Lanka Pharmacy-Negombo city', 'Negombo', 'IT-008632', '2019-08-07', 27, NULL, 19831.4),
('Robert Medicals-Kimbulapitiya', 'Robert Medicals-Kimbulapitiya', 'Negombo', 'IT-008633', '2019-08-07', 27, NULL, 4050),
('X-Lab Pharamacy-Negombo city', 'X-Lab Pharamacy-Negombo city', 'Negombo', 'IT-008634', '2019-08-07', 27, NULL, 34790),
('X-Lab Pharamacy-Negombo city', 'X-Lab Pharamacy-Negombo city', 'Negombo', 'IT-008635', '2019-08-07', 27, NULL, 47575.6),
('The Pharmacy-Negombo city', 'The Pharmacy-Negombo city', 'Negombo', 'IT-008636', '2019-08-07', 27, NULL, 6850),
('Kalidson Pharmacy-Negombo city', 'Kalidson Pharmacy-Negombo city', 'Negombo', 'IT-008637', '2019-08-07', 27, NULL, 3605),
('Orient Pharmacy-Negombo city', 'Orient Pharmacy-Negombo city', 'Negombo', 'IT-008638', '2019-08-07', 27, NULL, 8739.96),
('Asoka Pharmacy-Negombo city', 'Asoka Pharmacy-Negombo city', 'Negombo', 'IT-008640', '2019-08-07', 27, NULL, 25854),
('Gimshani Pharmacy-Kandana', 'Gimshani Pharmacy-Kandana', 'Kandana', 'IT-008643', '2019-08-08', 26, NULL, 5813.96),
('S&G Pharmacy-Kattuwa', 'S&G Pharmacy-Kattuwa', 'Negombo', 'IT-008644', '2019-08-08', 26, NULL, 8586.52),
('International Institute Of Health Sciences (PVT) L', 'International Institute Of Health Sciences (PVT) L', 'Wattala', 'IT-008645', '2019-08-08', 26, NULL, 12968),
('Sahana Osusala-Ragama', 'Sahana Osusala-Ragama', 'Wattala', 'IT-008646', '2019-08-08', 26, NULL, 2109),
('Sahana Osusala-Ragama', 'Sahana Osusala-Ragama', 'Wattala', 'IT-008647', '2019-08-08', 26, NULL, 4797),
('Ragama Pharmacy-Ragama', 'Ragama Pharmacy-Ragama', 'Wattala', 'IT-008648', '2019-08-08', 26, NULL, 47292.4),
('Leesons Pharmacy-Raga-Ragama', 'Leesons Pharmacy-Raga-Ragama', 'Wattala', 'IT-008649', '2019-08-08', 26, NULL, 22503),
('New City Pharmacy - Ragama-Ragama', 'New City Pharmacy - Ragama-Ragama', 'Wattala', 'IT-008651', '2019-08-08', 26, NULL, 6047),
('Nawaloka Hospital-Negombo city', 'Nawaloka Hospital-Negombo city', 'Negombo', 'IT-008652', '2019-08-08', 26, NULL, 37704.7),
('Health and Glow Pharmacy-Wattala city', 'Health and Glow Pharmacy-Wattala city', 'Wattala', 'IT-008655', '2019-08-08', 26, NULL, 13747.1),
('Health and Glow pharmacy Hunupitiya-Wattala city', 'Health and Glow pharmacy Hunupitiya-Wattala city', 'Wattala', 'IT-008656', '2019-08-08', 26, NULL, 4260.5),
('Family Care Pharmacy-Wattala city', 'Family Care Pharmacy-Wattala city', 'Wattala', 'IT-008657', '2019-08-08', 26, NULL, 10297.9),
('Ave Mariya Pharmacy-Negombo city', 'Ave Mariya Pharmacy-Negombo city', 'Negombo', 'IT-008659', '2019-08-09', 25, NULL, 1372),
('Srilak Pharmacy & Grocery-Seeduwa', 'Srilak Pharmacy & Grocery-Seeduwa', 'Ja - Ela', 'IT-008661', '2019-08-09', 25, NULL, 6705.5),
('N.S Medical-Seeduwa', 'N.S Medical-Seeduwa', 'Ja - Ela', 'IT-008662', '2019-08-09', 25, NULL, 6318),
('Browns healthcare pvt ltd-Ragama', 'Browns healthcare pvt ltd-Ragama', 'Wattala', 'IT-008663', '2019-08-09', 25, NULL, 355227),
('Srilak Pharmacy & Grocery-Seeduwa', 'Srilak Pharmacy & Grocery-Seeduwa', 'Ja - Ela', 'IT-008664', '2019-08-09', 25, NULL, 6420),
('St.Jude\'s Pharmacy - Seeduwa-Seeduwa', 'St.Jude\'s Pharmacy - Seeduwa-Seeduwa', 'Ja - Ela', 'IT-008666', '2019-08-09', 25, NULL, 6403.66),
('Handala Medical-Wattala city', 'Handala Medical-Wattala city', 'Wattala', 'IT-008667', '2019-08-09', 25, NULL, 4192),
('Leesons Pharmacy-Raga-Ragama', 'Leesons Pharmacy-Raga-Ragama', 'Wattala', 'IT-008669', '2019-08-10', 24, NULL, 74899.6),
('Raddolugama Pharmacy-Raddolugama', 'Raddolugama Pharmacy-Raddolugama', 'Ja - Ela', 'IT-008670', '2019-08-12', 22, NULL, 3462),
('Peoples Pharmacy - Raddolugama-Raddolugama', 'Peoples Pharmacy - Raddolugama-Raddolugama', 'Ja - Ela', 'IT-008671', '2019-08-12', 22, NULL, 1178),
('Asiri Pharmacy - Raddolugama-Raddolugama', 'Asiri Pharmacy - Raddolugama-Raddolugama', 'Ja - Ela', 'IT-008672', '2019-08-12', 22, NULL, 1767),
('X-Lab Pharamacy-Negombo city', 'X-Lab Pharamacy-Negombo city', 'Negombo', 'IT-008675', '2019-08-12', 22, NULL, 6956),
('New Lanka Pharmacy-Negombo city', 'New Lanka Pharmacy-Negombo city', 'Negombo', 'IT-008676', '2019-08-12', 22, NULL, 1739),
('Nawa Osusala- Ja Ela-Ja - Ela City', 'Nawa Osusala- Ja Ela-Ja - Ela City', 'Ja - Ela', 'IT-008677', '2019-08-12', 22, NULL, 34038),
('Reliable Pharmacy-Mahabage', 'Reliable Pharmacy-Mahabage', 'Wattala', 'IT-008678', '2019-08-12', 22, NULL, 708),
('Reliable Pharmacy-Mahabage', 'Reliable Pharmacy-Mahabage', 'Wattala', 'IT-008679', '2019-08-12', 22, NULL, 3173.91),
('Reliable Pharmacy-Mahabage', 'Reliable Pharmacy-Mahabage', 'Wattala', 'IT-008680', '2019-08-12', 22, NULL, 1828.41),
('St.Joseph\'s Pharmacy-Ja - Ela City', 'St.Joseph\'s Pharmacy-Ja - Ela City', 'Ja - Ela', 'IT-008681', '2019-08-12', 22, NULL, 708),
('Darshana Pharmacy-Je -Ela-Ja - Ela City', 'Darshana Pharmacy-Je -Ela-Ja - Ela City', 'Ja - Ela', 'IT-008682', '2019-08-12', 22, NULL, 16436),
('Hansi Pharmacy & Grocery.-Ja - Ela City', 'Hansi Pharmacy & Grocery.-Ja - Ela City', 'Ja - Ela', 'IT-008683', '2019-08-12', 22, NULL, 4010.96),
('PJ Enterprises ( PVT ) LTD-Ja - Ela City', 'PJ Enterprises ( PVT ) LTD-Ja - Ela City', 'Ja - Ela', 'IT-008684', '2019-08-12', 22, NULL, 83923.6),
('Thilina Pharmacy-Ekala', 'Thilina Pharmacy-Ekala', 'Ja - Ela', 'IT-008685', '2019-08-12', 22, NULL, 6119.96),
('Bopitiya Pharmacy-Bopitiya', 'Bopitiya Pharmacy-Bopitiya', 'Ja - Ela', 'IT-008686', '2019-08-12', 22, NULL, 2109),
('Royal Pharmacy-Kandana', 'Royal Pharmacy-Kandana', 'Kandana', 'IT-008687', '2019-08-12', 22, NULL, 4758),
('Health Line Pharmacy-Kandana', 'Health Line Pharmacy-Kandana', 'Kandana', 'IT-008688', '2019-08-12', 22, NULL, 7569.96),
('Bopitiya Pharmacy-Bopitiya', 'Bopitiya Pharmacy-Bopitiya', 'Ja - Ela', 'IT-008689', '2019-08-12', 22, NULL, 12830),
('Sri Pharmacy-Negombo city', 'Sri Pharmacy-Negombo city', 'Negombo', 'IT-008691', '2019-08-20', 14, NULL, 27407.5),
('New Central Pharmacy - Negombo-Negombo city', 'New Central Pharmacy - Negombo-Negombo city', 'Negombo', 'IT-008693', '2019-08-15', 19, NULL, 6916.82),
('City Medicals - Negombo-Negombo city', 'City Medicals - Negombo-Negombo city', 'Negombo', 'IT-008694', '2019-08-15', 19, NULL, 13126.3),
('Negombo Drugs-Negombo city', 'Negombo Drugs-Negombo city', 'Negombo', 'IT-008695', '2019-08-15', 19, NULL, 3067.38),
('Thalahena Pharmacy-Thalahena', 'Thalahena Pharmacy-Thalahena', 'Negombo', 'IT-008697', '2019-08-15', 19, NULL, 6475.96),
('New Pharmacy - Wattala-Wattala city', 'New Pharmacy - Wattala-Wattala city', 'Wattala', 'IT-008698', '2019-08-15', 19, NULL, 14633.9),
('Handala Medical-Wattala city', 'Handala Medical-Wattala city', 'Wattala', 'IT-008699', '2019-08-15', 19, NULL, 8136.96),
('Shanthi Pharmacy-Negombo city', 'Shanthi Pharmacy-Negombo city', 'Negombo', 'IT-008700', '2019-08-15', 19, NULL, 25327.1),
('Pamunugama Pharmacy-Bopitiya', 'Pamunugama Pharmacy-Bopitiya', 'Ja - Ela', 'IT-008701', '2019-08-15', 19, NULL, 11819.4),
('Reliable Pharmacy-Mahabage', 'Reliable Pharmacy-Mahabage', 'Wattala', 'IT-008702', '2019-08-15', 19, NULL, 2691),
('Royal Pharmacy Lanka(Pvt)Ltd-Negombo city', 'Royal Pharmacy Lanka(Pvt)Ltd-Negombo city', 'Negombo', 'IT-008704', '2019-08-16', 18, NULL, 234474),
('New Lanka Pharmacy-Negombo city', 'New Lanka Pharmacy-Negombo city', 'Negombo', 'IT-008705', '2019-08-16', 18, NULL, 65310),
('Raddolugama Pharmacy-Raddolugama', 'Raddolugama Pharmacy-Raddolugama', 'Ja - Ela', 'IT-008707', '2019-08-16', 18, NULL, 2206.7),
('Unique Pharmacy-Negombo city', 'Unique Pharmacy-Negombo city', 'Negombo', 'IT-008709', '2019-08-16', 18, NULL, 44790),
('Leesons Pharmacy-Raga-Ragama', 'Leesons Pharmacy-Raga-Ragama', 'Wattala', 'IT-008710', '2019-08-16', 18, NULL, 24194),
('Health and Glow pharmacy Hunupitiya-Wattala city', 'Health and Glow pharmacy Hunupitiya-Wattala city', 'Wattala', 'IT-008711', '2019-08-17', 17, NULL, 7590),
('Health and Glow Pharmacy-Wattala city', 'Health and Glow Pharmacy-Wattala city', 'Wattala', 'IT-008712', '2019-08-17', 17, NULL, 9492.96),
('Osu Sala - Wattala-Wattala city', 'Osu Sala - Wattala-Wattala city', 'Wattala', 'IT-008713', '2019-08-17', 17, NULL, 26832.4),
('Sri Sathya-Wattala city', 'Sri Sathya-Wattala city', 'Wattala', 'IT-008714', '2019-08-17', 17, NULL, 25063.5),
('Lakshan chemist-Wattala city', 'Lakshan chemist-Wattala city', 'Wattala', 'IT-008717', '2019-08-17', 17, NULL, 2109),
('Bopitiya Pharmacy-Bopitiya', 'Bopitiya Pharmacy-Bopitiya', 'Ja - Ela', 'IT-008719', '2019-08-17', 17, NULL, 1345.5),
('Laksiri Pharmacy-Aweriwatta', 'Laksiri Pharmacy-Aweriwatta', 'Ja - Ela', 'IT-008721', '2019-08-19', 15, NULL, 1178),
('Leesons Pharmacy-Raga-Ragama', 'Leesons Pharmacy-Raga-Ragama', 'Wattala', 'IT-008722', '2019-08-20', 14, NULL, 52185),
('Sethma Pharmacy - Kandana-Kandana', 'Sethma Pharmacy - Kandana-Kandana', 'Kandana', 'IT-008723', '2019-08-20', 14, NULL, 152486),
('Royal Pharmacy-Kandana', 'Royal Pharmacy-Kandana', 'Kandana', 'IT-008725', '2019-08-20', 14, NULL, 1859),
('Mahajana Osusala - Negombo-Negombo city', 'Mahajana Osusala - Negombo-Negombo city', 'Negombo', 'IT-008726', '2019-08-20', 14, NULL, 20071.4),
('New Crystal Pharmacy-Negombo city', 'New Crystal Pharmacy-Negombo city', 'Negombo', 'IT-008727', '2019-08-20', 14, NULL, 18161.2),
('Orient Pharmacy-Negombo city', 'Orient Pharmacy-Negombo city', 'Negombo', 'IT-008728', '2019-08-20', 14, NULL, 2001),
('S&G Pharmacy-Kattuwa', 'S&G Pharmacy-Kattuwa', 'Negombo', 'IT-008729', '2019-08-20', 14, NULL, 10024.5),
('K.S.A Medical-Negombo city', 'K.S.A Medical-Negombo city', 'Negombo', 'IT-008730', '2019-08-20', 14, NULL, 14193.5),
('Kalidson Pharmacy-Negombo city', 'Kalidson Pharmacy-Negombo city', 'Negombo', 'IT-008731', '2019-08-20', 14, NULL, 9993.96),
('Robert Medicals-Kimbulapitiya', 'Robert Medicals-Kimbulapitiya', 'Negombo', 'IT-008732', '2019-08-20', 14, NULL, 10837),
('New Lanka Pharmacy-Negombo city', 'New Lanka Pharmacy-Negombo city', 'Negombo', 'IT-008733', '2019-08-20', 14, NULL, 24356.9),
('Reliance Pharmacy(PVT).LTD-Negombo city', 'Reliance Pharmacy(PVT).LTD-Negombo city', 'Negombo', 'IT-008734', '2019-08-20', 14, NULL, 7805.96),
('Royal Pharmacy-Negombo city', 'Royal Pharmacy-Negombo city', 'Negombo', 'IT-008738', '2019-08-21', 13, NULL, 7317),
('Unique Pharmacy-Negombo city', 'Unique Pharmacy-Negombo city', 'Negombo', 'IT-008739', '2019-08-21', 13, NULL, 72979.6),
('Leesons Pharmacy-Raga-Ragama', 'Leesons Pharmacy-Raga-Ragama', 'Wattala', 'IT-008740', '2019-08-22', 12, NULL, 62023.4),
('Nawaloka Hospital-Negombo city', 'Nawaloka Hospital-Negombo city', 'Negombo', 'IT-008741', '2019-08-22', 12, NULL, 114011),
('Sudish Pharmacy & Grocerry-Wattala city', 'Sudish Pharmacy & Grocerry-Wattala city', 'Wattala', 'IT-008742', '2019-08-22', 12, NULL, 4116.5),
('Osu Sala - Wattala-Wattala city', 'Osu Sala - Wattala-Wattala city', 'Wattala', 'IT-008743', '2019-08-22', 12, NULL, 4720),
('Pharma Chemie-Wattala city', 'Pharma Chemie-Wattala city', 'Wattala', 'IT-008744', '2019-08-22', 12, NULL, 3029),
('Gimshani Pharmacy-Kandana', 'Gimshani Pharmacy-Kandana', 'Kandana', 'IT-008745', '2019-08-22', 12, NULL, 7614),
('Alliance Pharmacy-Ragama', 'Alliance Pharmacy-Ragama', 'Wattala', 'IT-008746', '2019-08-22', 12, NULL, 3430),
('Isuri Pharmacy - Wattala-Wattala city', 'Isuri Pharmacy - Wattala-Wattala city', 'Wattala', 'IT-008748', '2019-08-22', 12, NULL, 1345.5),
('St.Jude\'s Pharmacy - Seeduwa-Seeduwa', 'St.Jude\'s Pharmacy - Seeduwa-Seeduwa', 'Ja - Ela', 'IT-008749', '2019-08-23', 11, NULL, 6750.96),
('Seeduwa Medicals Stores-Seeduwa', 'Seeduwa Medicals Stores-Seeduwa', 'Ja - Ela', 'IT-008750', '2019-08-23', 11, NULL, 4218),
('Pamunugama Osusala-Raddolugama', 'Pamunugama Osusala-Raddolugama', 'Ja - Ela', 'IT-008751', '2019-08-23', 11, NULL, 25615.2),
('Bopitiya Pharmacy-Bopitiya', 'Bopitiya Pharmacy-Bopitiya', 'Ja - Ela', 'IT-008753', '2019-08-27', 7, NULL, 5749.96),
('St.Joseph\'s Pharmacy-Bopitiya', 'St.Joseph\'s Pharmacy-Bopitiya', 'Ja - Ela', 'IT-008754', '2019-08-27', 7, NULL, 1767),
('Pamunugama Pharmacy-Bopitiya', 'Pamunugama Pharmacy-Bopitiya', 'Ja - Ela', 'IT-008755', '2019-08-27', 7, NULL, 9634),
('Relaulla Pharmacy-Kandana', 'Relaulla Pharmacy-Kandana', 'Kandana', 'IT-008756', '2019-08-27', 7, NULL, 2740),
('Orient  Pharamacy -Kandana-Kandana', 'Orient  Pharamacy -Kandana-Kandana', 'Kandana', 'IT-008757', '2019-08-27', 7, NULL, 6119.96),
('Royal Pharmacy-Kandana', 'Royal Pharmacy-Kandana', 'Kandana', 'IT-008758', '2019-08-27', 7, NULL, 3559),
('Raddolugama Pharmacy-Raddolugama', 'Raddolugama Pharmacy-Raddolugama', 'Ja - Ela', 'IT-008760', '2019-08-27', 7, NULL, 4879),
('Sasithma Pharmacy-Ja - Ela City', 'Sasithma Pharmacy-Ja - Ela City', 'Ja - Ela', 'IT-008763', '2019-08-27', 7, NULL, 11242.8),
('Nawa Osusala- Ja Ela-Ja - Ela City', 'Nawa Osusala- Ja Ela-Ja - Ela City', 'Ja - Ela', 'IT-008764', '2019-08-27', 7, NULL, 6930),
('PJ Enterprises ( PVT ) LTD-Ja - Ela City', 'PJ Enterprises ( PVT ) LTD-Ja - Ela City', 'Ja - Ela', 'IT-008765', '2019-08-27', 7, NULL, 46853.4),
('Nawa Osusala- Ja Ela-Ja - Ela City', 'Nawa Osusala- Ja Ela-Ja - Ela City', 'Ja - Ela', 'IT-008766', '2019-08-27', 7, NULL, 13978.9),
('C&D Pharmacy-Ja - Ela City', 'C&D Pharmacy-Ja - Ela City', 'Ja - Ela', 'IT-008767', '2019-08-27', 7, NULL, 11569),
('St.Jude\'s Pharmacy - Ja-Ela-Ja - Ela City', 'St.Jude\'s Pharmacy - Ja-Ela-Ja - Ela City', 'Ja - Ela', 'IT-008768', '2019-08-27', 7, NULL, 16209),
('Niwasipura Pharmacy-Ja - Ela City', 'Niwasipura Pharmacy-Ja - Ela City', 'Ja - Ela', 'IT-008769', '2019-08-27', 7, NULL, 1178),
('Union Pharmacy Negombo-Negombo city', 'Union Pharmacy Negombo-Negombo city', 'Negombo', 'IT-008770', '2019-08-28', 6, NULL, 4010.96),
('Thalahena Pharmacy-Thalahena', 'Thalahena Pharmacy-Thalahena', 'Negombo', 'IT-008771', '2019-08-28', 6, NULL, 6119.96),
('Silveray Pharmacy-Negombo city', 'Silveray Pharmacy-Negombo city', 'Negombo', 'IT-008772', '2019-08-28', 6, NULL, 5033.66),
('Shanthi Pharmacy-Negombo city', 'Shanthi Pharmacy-Negombo city', 'Negombo', 'IT-008773', '2019-08-28', 6, NULL, 4441),
('Better Health Pharmacy-Negombo city', 'Better Health Pharmacy-Negombo city', 'Negombo', 'IT-008774', '2019-08-28', 6, NULL, 10794),
('New Central Pharmacy - Negombo-Negombo city', 'New Central Pharmacy - Negombo-Negombo city', 'Negombo', 'IT-008775', '2019-08-28', 6, NULL, 12233.4),
('City Medicals - Negombo-Negombo city', 'City Medicals - Negombo-Negombo city', 'Negombo', 'IT-008776', '2019-08-28', 6, NULL, 10109.9),
('Lanka Pharmacy - Negombo-Negombo city', 'Lanka Pharmacy - Negombo-Negombo city', 'Negombo', 'IT-008777', '2019-08-28', 6, NULL, 53124),
('Osu Sala (Co-op) 1 - Negombo-Negombo city', 'Osu Sala (Co-op) 1 - Negombo-Negombo city', 'Negombo', 'IT-008778', '2019-08-28', 6, NULL, 8483.37),
('Super Medical-Negombo city', 'Super Medical-Negombo city', 'Negombo', 'IT-008779', '2019-08-28', 6, NULL, 33384.3),
('Sri Pharmacy-Negombo city', 'Sri Pharmacy-Negombo city', 'Negombo', 'IT-008780', '2019-08-28', 6, NULL, 23047),
('Laksiri Pharmacy-Aweriwatta', 'Laksiri Pharmacy-Aweriwatta', 'Ja - Ela', 'IT-008781', '2019-08-28', 6, NULL, 6860),
('Sampath Pharmacy-Ragama', 'Sampath Pharmacy-Ragama', 'Wattala', 'IT-008782', '2019-08-29', 5, NULL, 19593),
('New City Pharmacy - Ragama-Ragama', 'New City Pharmacy - Ragama-Ragama', 'Wattala', 'IT-008783', '2019-08-29', 5, NULL, 5584),
('Leesons Pharmacy-Raga-Ragama', 'Leesons Pharmacy-Raga-Ragama', 'Wattala', 'IT-008784', '2019-08-29', 5, NULL, 19554.1),
('Sahana Osusala-Ragama', 'Sahana Osusala-Ragama', 'Wattala', 'IT-008786', '2019-08-29', 5, NULL, 13534),
('Samarashingeha Pharmacy-Ragama', 'Samarashingeha Pharmacy-Ragama', 'Wattala', 'IT-008787', '2019-08-29', 5, NULL, 3916),
('Reliable Pharmacy-Mahabage', 'Reliable Pharmacy-Mahabage', 'Wattala', 'IT-008788', '2019-08-29', 5, NULL, 5488),
('Nawaloka Hospital-Negombo city', 'Nawaloka Hospital-Negombo city', 'Negombo', 'IT-008789', '2019-08-29', 5, NULL, 89339),
('New Lanka Pharmacy-Negombo city', 'New Lanka Pharmacy-Negombo city', 'Negombo', 'IT-008790', '2019-08-29', 5, NULL, 1400),
('People\'s Pharmacy & Grocery-Wattala city', 'People\'s Pharmacy & Grocery-Wattala city', 'Wattala', 'IT-008792', '2019-08-29', 5, NULL, 40686.5),
('Unique Pharmacy-Negombo city', 'Unique Pharmacy-Negombo city', 'Negombo', 'IT-008794', '2019-08-31', 3, NULL, 40890),
('New Leo Pharmacy-Negombo city', 'New Leo Pharmacy-Negombo city', 'Negombo', 'IT-008795', '2019-08-31', 3, NULL, 199100),
('Royal Pharmacy Lanka(Pvt)Ltd-Negombo city', 'Royal Pharmacy Lanka(Pvt)Ltd-Negombo city', 'Negombo', 'IT-008796', '2019-08-31', 3, NULL, 199100),
('Health and Glow Pharmacy-Wattala city', 'Health and Glow Pharmacy-Wattala city', 'Wattala', 'IT-008797', '2019-08-31', 3, NULL, 15661),
('Pamunugama Osusala-Raddolugama', 'Pamunugama Osusala-Raddolugama', 'Ja - Ela', 'IT-008798', '2019-08-31', 3, NULL, 9062.96),
('St.Jude\'s Pharmacy - Seeduwa-Seeduwa', 'St.Jude\'s Pharmacy - Seeduwa-Seeduwa', 'Ja - Ela', 'IT-008799', '2019-08-31', 3, NULL, 5442),
('St.Mary\'s Pharmacy - Katunayake-Katunayake', 'St.Mary\'s Pharmacy - Katunayake-Katunayake', 'Ja - Ela', 'IT-008800', '2019-08-31', 3, NULL, 4549),
('PJ Enterprises ( PVT ) LTD-Ja - Ela City', 'PJ Enterprises ( PVT ) LTD-Ja - Ela City', 'Ja - Ela', 'IT-008801', '2019-08-31', 3, NULL, 14944.8),
('Seeduwa Osu sala-Seeduwa', 'Seeduwa Osu sala-Seeduwa', 'Ja - Ela', 'IT-008802', '2019-08-31', 3, NULL, 35244.8),
('New ST. Joseph pharmacy& Grocery--Seeduwa', 'New ST. Joseph pharmacy& Grocery--Seeduwa', 'Ja - Ela', 'IT-008803', '2019-08-31', 3, NULL, 5877),
('New Lanka Pharmacy-Negombo city', 'New Lanka Pharmacy-Negombo city', 'Negombo', 'IT-008804', '2019-08-31', 3, NULL, 130160),
('Royal Pharmacy-Negombo city', 'Royal Pharmacy-Negombo city', 'Negombo', 'IT-008805', '2019-08-31', 3, NULL, 38100),
('Seeduwa Medicals Stores-Seeduwa', 'Seeduwa Medicals Stores-Seeduwa', 'Ja - Ela', 'IT-008806', '2019-08-31', 3, NULL, 13059),
('Jayanthi Pharmacy - Katunayake-Aweriwatta', 'Jayanthi Pharmacy - Katunayake-Aweriwatta', 'Ja - Ela', 'IT-008807', '2019-08-31', 3, NULL, 3848);
INSERT INTO `sanoutupload` (`sID`, `sCustName`, `sTown`, `inv`, `date`, `age`, `amount`, `balAmount`) VALUES
('PJ Enterprises ( PVT ) LTD-Ja - Ela City', 'PJ Enterprises ( PVT ) LTD-Ja - Ela City', 'Ja - Ela', 'IT-008808', '2019-08-31', 3, NULL, 42495),
('Bopitiya Pharmacy-Bopitiya', 'Bopitiya Pharmacy-Bopitiya', 'Ja - Ela', 'IT-008809', '2019-08-31', 3, NULL, 2109),
('Health Line Pharmacy-Kandana', 'Health Line Pharmacy-Kandana', 'Kandana', 'IT-008810', '2019-08-31', 3, NULL, 3479),
('Thilina Pharmacy-Ekala', 'Thilina Pharmacy-Ekala', 'Ja - Ela', 'IT-008811', '2019-08-31', 3, NULL, 1372),
('Gimshani Pharmacy-Kandana', 'Gimshani Pharmacy-Kandana', 'Kandana', 'IT-008812', '2019-08-31', 3, NULL, 3694),
('Royal Pharmacy-Kandana', 'Royal Pharmacy-Kandana', 'Kandana', 'IT-008813', '2019-08-31', 3, NULL, 6235.37),
('Osu sala - Kandana-Kandana', 'Osu sala - Kandana-Kandana', 'Kandana', 'IT-008814', '2019-08-31', 3, NULL, 6792.71),
('Pamunugama Pharmacy-Bopitiya', 'Pamunugama Pharmacy-Bopitiya', 'Ja - Ela', 'IT-008815', '2019-08-31', 3, NULL, 2955.5),
('St.Joseph\'s Pharmacy-Bopitiya', 'St.Joseph\'s Pharmacy-Bopitiya', 'Ja - Ela', 'IT-008816', '2019-08-31', 3, NULL, 3810),
('Leesons Pharmacy-Raga-Ragama', 'Leesons Pharmacy-Raga-Ragama', 'Wattala', 'IT-008817', '2019-08-31', 3, NULL, 112349),
('New Lanka Pharmacy-Negombo city', 'New Lanka Pharmacy-Negombo city', 'Negombo', 'IT-008818', '2019-08-31', 3, NULL, 34780),
('Harith Pharmacy-Kandana', 'Harith Pharmacy-Kandana', 'Kandana', 'IV-009200', '2016-10-22', 1046, NULL, 13783.2),
('Sea Street Osu Sala-Negombo city', 'Sea Street Osu Sala-Negombo city', 'Negombo', 'IV-009776', '2016-11-28', 1009, NULL, 7947),
('Dr. S.S.Dayarathna-Negombo city', 'Dr. S.S.Dayarathna-Negombo city', 'Negombo', 'IV-010062', '2016-12-16', 991, NULL, 22100),
('Dr. S.S.Dayarathna-Negombo city', 'Dr. S.S.Dayarathna-Negombo city', 'Negombo', 'IV-010638', '2017-01-31', 945, NULL, 14020),
('Safayar Pharmacy-Kuliyapitiya', 'Safayar Pharmacy-Kuliyapitiya', 'Kuliyapitiya', 'IV-011358', '2017-03-21', 896, NULL, 9607.5),
('Safayar Pharmacy-Kuliyapitiya', 'Safayar Pharmacy-Kuliyapitiya', 'Kuliyapitiya', 'IV-011462', '2017-03-29', 888, NULL, 10925.1),
('Suwasetha Osu Sala-Diulapitiya', 'Suwasetha Osu Sala-Diulapitiya', 'Minuwangoda', 'IV-011828', '2017-04-27', 859, NULL, 5201.45),
('Suwasetha Osu Sala-Diulapitiya', 'Suwasetha Osu Sala-Diulapitiya', 'Minuwangoda', 'IV-012272', '2017-05-30', 826, NULL, 9647.6),
('Suwasetha Osu Sala-Diulapitiya', 'Suwasetha Osu Sala-Diulapitiya', 'Minuwangoda', 'IV-012388', '2017-06-05', 820, NULL, 4843),
('Darshana Pharmacy-Je -Ela-Ja - Ela City', 'Darshana Pharmacy-Je -Ela-Ja - Ela City', 'Ja - Ela', 'IV-012901', '2017-07-06', 789, NULL, 26777),
('K.F.D.(Pte) Ltd.-Kandana', 'K.F.D.(Pte) Ltd.-Kandana', 'Kandana', 'IV-012902', '2017-07-06', 789, NULL, 45770.2),
('Dr. Sanath fenando-Marawila city', 'Dr. Sanath fenando-Marawila city', 'Marawila', 'IV-014468', '2017-10-17', 686, NULL, 4956.5);
COMMIT;

/*!40101 SET CHARACTER_SET_CLIENT=@OLD_CHARACTER_SET_CLIENT */;
/*!40101 SET CHARACTER_SET_RESULTS=@OLD_CHARACTER_SET_RESULTS */;
/*!40101 SET COLLATION_CONNECTION=@OLD_COLLATION_CONNECTION */;
